Second;RAM_KB
0;13200.00000000000000000000000000000000000000000000000000
1;324612.00000000000000000000000000000000000000000000000000
2;374956.00000000000000000000000000000000000000000000000000
3;693568.00000000000000000000000000000000000000000000000000
4;747392.00000000000000000000000000000000000000000000000000
5;803300.00000000000000000000000000000000000000000000000000
6;898292.00000000000000000000000000000000000000000000000000
7;930060.00000000000000000000000000000000000000000000000000
8;935084.00000000000000000000000000000000000000000000000000
9;975904.00000000000000000000000000000000000000000000000000
10;979872.00000000000000000000000000000000000000000000000000
11;986072.00000000000000000000000000000000000000000000000000
12;988924.00000000000000000000000000000000000000000000000000
13;994420.00000000000000000000000000000000000000000000000000
14;1000336.00000000000000000000000000000000000000000000000000
15;1004272.00000000000000000000000000000000000000000000000000
16;1008984.00000000000000000000000000000000000000000000000000
17;1013364.00000000000000000000000000000000000000000000000000
18;1018152.00000000000000000000000000000000000000000000000000
19;1021860.00000000000000000000000000000000000000000000000000
20;1027724.00000000000000000000000000000000000000000000000000
21;1030776.00000000000000000000000000000000000000000000000000
22;1035620.00000000000000000000000000000000000000000000000000
23;1040692.00000000000000000000000000000000000000000000000000
24;1046872.00000000000000000000000000000000000000000000000000
25;1051392.00000000000000000000000000000000000000000000000000
26;1055224.00000000000000000000000000000000000000000000000000
27;1061168.00000000000000000000000000000000000000000000000000
28;1064924.00000000000000000000000000000000000000000000000000
29;1068644.00000000000000000000000000000000000000000000000000
30;1071568.00000000000000000000000000000000000000000000000000
31;1077648.00000000000000000000000000000000000000000000000000
32;1314240.00000000000000000000000000000000000000000000000000
33;1314548.00000000000000000000000000000000000000000000000000
34;1314584.00000000000000000000000000000000000000000000000000
35;1314468.00000000000000000000000000000000000000000000000000
36;1314560.00000000000000000000000000000000000000000000000000
37;1314688.00000000000000000000000000000000000000000000000000
38;1314468.00000000000000000000000000000000000000000000000000
39;1314432.00000000000000000000000000000000000000000000000000
40;1314536.00000000000000000000000000000000000000000000000000
41;1314584.00000000000000000000000000000000000000000000000000
42;1314464.00000000000000000000000000000000000000000000000000
43;1314432.00000000000000000000000000000000000000000000000000
44;1314464.00000000000000000000000000000000000000000000000000
45;1314432.00000000000000000000000000000000000000000000000000
46;1314432.00000000000000000000000000000000000000000000000000
47;1314500.00000000000000000000000000000000000000000000000000
48;1314556.00000000000000000000000000000000000000000000000000
49;1314548.00000000000000000000000000000000000000000000000000
50;1266388.00000000000000000000000000000000000000000000000000
51;1267556.00000000000000000000000000000000000000000000000000
52;1269112.00000000000000000000000000000000000000000000000000
53;1271704.00000000000000000000000000000000000000000000000000
54;1272816.00000000000000000000000000000000000000000000000000
55;1275020.00000000000000000000000000000000000000000000000000
56;1276484.00000000000000000000000000000000000000000000000000
57;1278720.00000000000000000000000000000000000000000000000000
58;1280820.00000000000000000000000000000000000000000000000000
59;1282988.00000000000000000000000000000000000000000000000000
60;1284280.00000000000000000000000000000000000000000000000000
61;1286248.00000000000000000000000000000000000000000000000000
62;1288148.00000000000000000000000000000000000000000000000000
63;1289684.00000000000000000000000000000000000000000000000000
64;1293128.00000000000000000000000000000000000000000000000000
65;1294936.00000000000000000000000000000000000000000000000000
66;1297240.00000000000000000000000000000000000000000000000000
67;1299848.00000000000000000000000000000000000000000000000000
68;1304548.00000000000000000000000000000000000000000000000000
69;1306508.00000000000000000000000000000000000000000000000000
70;1309572.00000000000000000000000000000000000000000000000000
71;1311216.00000000000000000000000000000000000000000000000000
72;1312432.00000000000000000000000000000000000000000000000000
73;1316728.00000000000000000000000000000000000000000000000000
74;1317280.00000000000000000000000000000000000000000000000000
75;1317192.00000000000000000000000000000000000000000000000000
76;1317244.00000000000000000000000000000000000000000000000000
77;1317128.00000000000000000000000000000000000000000000000000
78;1317124.00000000000000000000000000000000000000000000000000
79;1317128.00000000000000000000000000000000000000000000000000
80;1317384.00000000000000000000000000000000000000000000000000
81;1317124.00000000000000000000000000000000000000000000000000
82;1317188.00000000000000000000000000000000000000000000000000
83;1317188.00000000000000000000000000000000000000000000000000
84;1317124.00000000000000000000000000000000000000000000000000
85;1317124.00000000000000000000000000000000000000000000000000
86;1317188.00000000000000000000000000000000000000000000000000
87;1317248.00000000000000000000000000000000000000000000000000
88;1317380.00000000000000000000000000000000000000000000000000
89;1317188.00000000000000000000000000000000000000000000000000
90;1317188.00000000000000000000000000000000000000000000000000
91;1317188.00000000000000000000000000000000000000000000000000
92;1317188.00000000000000000000000000000000000000000000000000
93;1268548.00000000000000000000000000000000000000000000000000
94;1269536.00000000000000000000000000000000000000000000000000
95;1271892.00000000000000000000000000000000000000000000000000
96;1273104.00000000000000000000000000000000000000000000000000
97;1275324.00000000000000000000000000000000000000000000000000
98;1276992.00000000000000000000000000000000000000000000000000
99;1279044.00000000000000000000000000000000000000000000000000
100;1280688.00000000000000000000000000000000000000000000000000
101;1282212.00000000000000000000000000000000000000000000000000
102;1284736.00000000000000000000000000000000000000000000000000
103;1286804.00000000000000000000000000000000000000000000000000
104;1289656.00000000000000000000000000000000000000000000000000
105;1290732.00000000000000000000000000000000000000000000000000
106;1293216.00000000000000000000000000000000000000000000000000
107;1295488.00000000000000000000000000000000000000000000000000
108;1297100.00000000000000000000000000000000000000000000000000
109;1298428.00000000000000000000000000000000000000000000000000
110;1301088.00000000000000000000000000000000000000000000000000
111;1303120.00000000000000000000000000000000000000000000000000
112;1307848.00000000000000000000000000000000000000000000000000
113;1309580.00000000000000000000000000000000000000000000000000
114;1312016.00000000000000000000000000000000000000000000000000
115;1313912.00000000000000000000000000000000000000000000000000
116;1315484.00000000000000000000000000000000000000000000000000
117;1318572.00000000000000000000000000000000000000000000000000
118;1319248.00000000000000000000000000000000000000000000000000
119;1319436.00000000000000000000000000000000000000000000000000
120;1319180.00000000000000000000000000000000000000000000000000
121;1319180.00000000000000000000000000000000000000000000000000
122;1319248.00000000000000000000000000000000000000000000000000
123;1319176.00000000000000000000000000000000000000000000000000
124;1319436.00000000000000000000000000000000000000000000000000
125;1319180.00000000000000000000000000000000000000000000000000
126;1319248.00000000000000000000000000000000000000000000000000
127;1319248.00000000000000000000000000000000000000000000000000
128;1319304.00000000000000000000000000000000000000000000000000
129;1319436.00000000000000000000000000000000000000000000000000
130;1319436.00000000000000000000000000000000000000000000000000
131;1319220.00000000000000000000000000000000000000000000000000
132;1319276.00000000000000000000000000000000000000000000000000
133;1319120.00000000000000000000000000000000000000000000000000
134;1319308.00000000000000000000000000000000000000000000000000
135;1319240.00000000000000000000000000000000000000000000000000
136;1319124.00000000000000000000000000000000000000000000000000
137;1269412.00000000000000000000000000000000000000000000000000
138;1269884.00000000000000000000000000000000000000000000000000
139;1271520.00000000000000000000000000000000000000000000000000
140;1273104.00000000000000000000000000000000000000000000000000
141;1275016.00000000000000000000000000000000000000000000000000
142;1277540.00000000000000000000000000000000000000000000000000
143;1279396.00000000000000000000000000000000000000000000000000
144;1281104.00000000000000000000000000000000000000000000000000
145;1282936.00000000000000000000000000000000000000000000000000
146;1284672.00000000000000000000000000000000000000000000000000
147;1286596.00000000000000000000000000000000000000000000000000
148;1289204.00000000000000000000000000000000000000000000000000
149;1291708.00000000000000000000000000000000000000000000000000
150;1293516.00000000000000000000000000000000000000000000000000
151;1295152.00000000000000000000000000000000000000000000000000
152;1297584.00000000000000000000000000000000000000000000000000
153;1299196.00000000000000000000000000000000000000000000000000
154;1302364.00000000000000000000000000000000000000000000000000
155;1304040.00000000000000000000000000000000000000000000000000
156;1308284.00000000000000000000000000000000000000000000000000
157;1310624.00000000000000000000000000000000000000000000000000
158;1311980.00000000000000000000000000000000000000000000000000
159;1315248.00000000000000000000000000000000000000000000000000
160;1317040.00000000000000000000000000000000000000000000000000
161;1318736.00000000000000000000000000000000000000000000000000
162;1318812.00000000000000000000000000000000000000000000000000
163;1319052.00000000000000000000000000000000000000000000000000
164;1319236.00000000000000000000000000000000000000000000000000
165;1319116.00000000000000000000000000000000000000000000000000
166;1319052.00000000000000000000000000000000000000000000000000
167;1319116.00000000000000000000000000000000000000000000000000
168;1319496.00000000000000000000000000000000000000000000000000
169;1319368.00000000000000000000000000000000000000000000000000
170;1319320.00000000000000000000000000000000000000000000000000
171;1319304.00000000000000000000000000000000000000000000000000
172;1319304.00000000000000000000000000000000000000000000000000
173;1319304.00000000000000000000000000000000000000000000000000
174;1319496.00000000000000000000000000000000000000000000000000
175;1319304.00000000000000000000000000000000000000000000000000
176;1319240.00000000000000000000000000000000000000000000000000
177;1319240.00000000000000000000000000000000000000000000000000
178;1319240.00000000000000000000000000000000000000000000000000
179;1319240.00000000000000000000000000000000000000000000000000
180;1319304.00000000000000000000000000000000000000000000000000
181;1278500.00000000000000000000000000000000000000000000000000
182;1278580.00000000000000000000000000000000000000000000000000
183;1279124.00000000000000000000000000000000000000000000000000
184;1279212.00000000000000000000000000000000000000000000000000
185;1279188.00000000000000000000000000000000000000000000000000
186;1280652.00000000000000000000000000000000000000000000000000
187;1281996.00000000000000000000000000000000000000000000000000
188;1283412.00000000000000000000000000000000000000000000000000
189;1285416.00000000000000000000000000000000000000000000000000
190;1287196.00000000000000000000000000000000000000000000000000
191;1288736.00000000000000000000000000000000000000000000000000
192;1290456.00000000000000000000000000000000000000000000000000
193;1292156.00000000000000000000000000000000000000000000000000
194;1293172.00000000000000000000000000000000000000000000000000
195;1296268.00000000000000000000000000000000000000000000000000
196;1297620.00000000000000000000000000000000000000000000000000
197;1299780.00000000000000000000000000000000000000000000000000
198;1302536.00000000000000000000000000000000000000000000000000
199;1304088.00000000000000000000000000000000000000000000000000
200;1307416.00000000000000000000000000000000000000000000000000
201;1308276.00000000000000000000000000000000000000000000000000
202;1311388.00000000000000000000000000000000000000000000000000
203;1313576.00000000000000000000000000000000000000000000000000
204;1314572.00000000000000000000000000000000000000000000000000
205;1317748.00000000000000000000000000000000000000000000000000
206;1319220.00000000000000000000000000000000000000000000000000
207;1321228.00000000000000000000000000000000000000000000000000
208;1321496.00000000000000000000000000000000000000000000000000
209;1321604.00000000000000000000000000000000000000000000000000
210;1321604.00000000000000000000000000000000000000000000000000
211;1321508.00000000000000000000000000000000000000000000000000
212;1321448.00000000000000000000000000000000000000000000000000
213;1321524.00000000000000000000000000000000000000000000000000
214;1321504.00000000000000000000000000000000000000000000000000
215;1321380.00000000000000000000000000000000000000000000000000
216;1321412.00000000000000000000000000000000000000000000000000
217;1321416.00000000000000000000000000000000000000000000000000
218;1321416.00000000000000000000000000000000000000000000000000
219;1321380.00000000000000000000000000000000000000000000000000
220;1321636.00000000000000000000000000000000000000000000000000
221;1321376.00000000000000000000000000000000000000000000000000
222;1321412.00000000000000000000000000000000000000000000000000
223;1321416.00000000000000000000000000000000000000000000000000
224;1321412.00000000000000000000000000000000000000000000000000
225;1321604.00000000000000000000000000000000000000000000000000
226;1321604.00000000000000000000000000000000000000000000000000
227;1280848.00000000000000000000000000000000000000000000000000
228;1280976.00000000000000000000000000000000000000000000000000
229;1281488.00000000000000000000000000000000000000000000000000
230;1281724.00000000000000000000000000000000000000000000000000
231;1282096.00000000000000000000000000000000000000000000000000
232;1283752.00000000000000000000000000000000000000000000000000
233;1285104.00000000000000000000000000000000000000000000000000
234;1286748.00000000000000000000000000000000000000000000000000
235;1288244.00000000000000000000000000000000000000000000000000
236;1291080.00000000000000000000000000000000000000000000000000
237;1292540.00000000000000000000000000000000000000000000000000
238;1295272.00000000000000000000000000000000000000000000000000
239;1296688.00000000000000000000000000000000000000000000000000
240;1298136.00000000000000000000000000000000000000000000000000
241;1300012.00000000000000000000000000000000000000000000000000
242;1301456.00000000000000000000000000000000000000000000000000
243;1304080.00000000000000000000000000000000000000000000000000
244;1305888.00000000000000000000000000000000000000000000000000
245;1307484.00000000000000000000000000000000000000000000000000
246;1312128.00000000000000000000000000000000000000000000000000
247;1313052.00000000000000000000000000000000000000000000000000
248;1315704.00000000000000000000000000000000000000000000000000
249;1317196.00000000000000000000000000000000000000000000000000
250;1318468.00000000000000000000000000000000000000000000000000
251;1321832.00000000000000000000000000000000000000000000000000
252;1322588.00000000000000000000000000000000000000000000000000
253;1322312.00000000000000000000000000000000000000000000000000
254;1322372.00000000000000000000000000000000000000000000000000
255;1322312.00000000000000000000000000000000000000000000000000
256;1322244.00000000000000000000000000000000000000000000000000
257;1322248.00000000000000000000000000000000000000000000000000
258;1322636.00000000000000000000000000000000000000000000000000
259;1322444.00000000000000000000000000000000000000000000000000
260;1322444.00000000000000000000000000000000000000000000000000
261;1322508.00000000000000000000000000000000000000000000000000
262;1322636.00000000000000000000000000000000000000000000000000
263;1322636.00000000000000000000000000000000000000000000000000
264;1322636.00000000000000000000000000000000000000000000000000
265;1322636.00000000000000000000000000000000000000000000000000
266;1322444.00000000000000000000000000000000000000000000000000
267;1322636.00000000000000000000000000000000000000000000000000
268;1322444.00000000000000000000000000000000000000000000000000
269;1322636.00000000000000000000000000000000000000000000000000
270;1322636.00000000000000000000000000000000000000000000000000
271;1279700.00000000000000000000000000000000000000000000000000
272;1280172.00000000000000000000000000000000000000000000000000
273;1280476.00000000000000000000000000000000000000000000000000
274;1280528.00000000000000000000000000000000000000000000000000
275;1280676.00000000000000000000000000000000000000000000000000
276;1282144.00000000000000000000000000000000000000000000000000
277;1283880.00000000000000000000000000000000000000000000000000
278;1285788.00000000000000000000000000000000000000000000000000
279;1287772.00000000000000000000000000000000000000000000000000
280;1288916.00000000000000000000000000000000000000000000000000
281;1290564.00000000000000000000000000000000000000000000000000
282;1292216.00000000000000000000000000000000000000000000000000
283;1294220.00000000000000000000000000000000000000000000000000
284;1296540.00000000000000000000000000000000000000000000000000
285;1297956.00000000000000000000000000000000000000000000000000
286;1301808.00000000000000000000000000000000000000000000000000
287;1303460.00000000000000000000000000000000000000000000000000
288;1307236.00000000000000000000000000000000000000000000000000
289;1309448.00000000000000000000000000000000000000000000000000
290;1312708.00000000000000000000000000000000000000000000000000
291;1314308.00000000000000000000000000000000000000000000000000
292;1316320.00000000000000000000000000000000000000000000000000
293;1318896.00000000000000000000000000000000000000000000000000
294;1320272.00000000000000000000000000000000000000000000000000
295;1321356.00000000000000000000000000000000000000000000000000
296;1322548.00000000000000000000000000000000000000000000000000
297;1322740.00000000000000000000000000000000000000000000000000
298;1322552.00000000000000000000000000000000000000000000000000
299;1322484.00000000000000000000000000000000000000000000000000
300;1322740.00000000000000000000000000000000000000000000000000
301;1322552.00000000000000000000000000000000000000000000000000
302;1322740.00000000000000000000000000000000000000000000000000
303;1322612.00000000000000000000000000000000000000000000000000
304;1322552.00000000000000000000000000000000000000000000000000
305;1322480.00000000000000000000000000000000000000000000000000
306;1322552.00000000000000000000000000000000000000000000000000
307;1322484.00000000000000000000000000000000000000000000000000
308;1322740.00000000000000000000000000000000000000000000000000
309;1322484.00000000000000000000000000000000000000000000000000
310;1322740.00000000000000000000000000000000000000000000000000
311;1322484.00000000000000000000000000000000000000000000000000
312;1322548.00000000000000000000000000000000000000000000000000
313;1322548.00000000000000000000000000000000000000000000000000
314;1322484.00000000000000000000000000000000000000000000000000
315;1279932.00000000000000000000000000000000000000000000000000
316;1280388.00000000000000000000000000000000000000000000000000
317;1280928.00000000000000000000000000000000000000000000000000
318;1281208.00000000000000000000000000000000000000000000000000
319;1282040.00000000000000000000000000000000000000000000000000
320;1284124.00000000000000000000000000000000000000000000000000
321;1285532.00000000000000000000000000000000000000000000000000
322;1287112.00000000000000000000000000000000000000000000000000
323;1288704.00000000000000000000000000000000000000000000000000
324;1290880.00000000000000000000000000000000000000000000000000
325;1291800.00000000000000000000000000000000000000000000000000
326;1293208.00000000000000000000000000000000000000000000000000
327;1295512.00000000000000000000000000000000000000000000000000
328;1297536.00000000000000000000000000000000000000000000000000
329;1299136.00000000000000000000000000000000000000000000000000
330;1301072.00000000000000000000000000000000000000000000000000
331;1302612.00000000000000000000000000000000000000000000000000
332;1304776.00000000000000000000000000000000000000000000000000
333;1306536.00000000000000000000000000000000000000000000000000
334;1310296.00000000000000000000000000000000000000000000000000
335;1311860.00000000000000000000000000000000000000000000000000
336;1313456.00000000000000000000000000000000000000000000000000
337;1317328.00000000000000000000000000000000000000000000000000
338;1319088.00000000000000000000000000000000000000000000000000
339;1321952.00000000000000000000000000000000000000000000000000
340;1323624.00000000000000000000000000000000000000000000000000
341;1324480.00000000000000000000000000000000000000000000000000
342;1324596.00000000000000000000000000000000000000000000000000
343;1324596.00000000000000000000000000000000000000000000000000
344;1324596.00000000000000000000000000000000000000000000000000
345;1324468.00000000000000000000000000000000000000000000000000
346;1324340.00000000000000000000000000000000000000000000000000
347;1324596.00000000000000000000000000000000000000000000000000
348;1324596.00000000000000000000000000000000000000000000000000
349;1324468.00000000000000000000000000000000000000000000000000
350;1324596.00000000000000000000000000000000000000000000000000
351;1324404.00000000000000000000000000000000000000000000000000
352;1324596.00000000000000000000000000000000000000000000000000
353;1324468.00000000000000000000000000000000000000000000000000
354;1324404.00000000000000000000000000000000000000000000000000
355;1324596.00000000000000000000000000000000000000000000000000
356;1324404.00000000000000000000000000000000000000000000000000
357;1324340.00000000000000000000000000000000000000000000000000
358;1324404.00000000000000000000000000000000000000000000000000
359;1324340.00000000000000000000000000000000000000000000000000
360;1281396.00000000000000000000000000000000000000000000000000
361;1281932.00000000000000000000000000000000000000000000000000
362;1282344.00000000000000000000000000000000000000000000000000
363;1283020.00000000000000000000000000000000000000000000000000
364;1283488.00000000000000000000000000000000000000000000000000
365;1284804.00000000000000000000000000000000000000000000000000
366;1286620.00000000000000000000000000000000000000000000000000
367;1288668.00000000000000000000000000000000000000000000000000
368;1289976.00000000000000000000000000000000000000000000000000
369;1291820.00000000000000000000000000000000000000000000000000
370;1293752.00000000000000000000000000000000000000000000000000
371;1294772.00000000000000000000000000000000000000000000000000
372;1297144.00000000000000000000000000000000000000000000000000
373;1298572.00000000000000000000000000000000000000000000000000
374;1300972.00000000000000000000000000000000000000000000000000
375;1304060.00000000000000000000000000000000000000000000000000
376;1305288.00000000000000000000000000000000000000000000000000
377;1306604.00000000000000000000000000000000000000000000000000
378;1310124.00000000000000000000000000000000000000000000000000
379;1311700.00000000000000000000000000000000000000000000000000
380;1315052.00000000000000000000000000000000000000000000000000
381;1316536.00000000000000000000000000000000000000000000000000
382;1319796.00000000000000000000000000000000000000000000000000
383;1320952.00000000000000000000000000000000000000000000000000
384;1322576.00000000000000000000000000000000000000000000000000
385;1323500.00000000000000000000000000000000000000000000000000
386;1323620.00000000000000000000000000000000000000000000000000
387;1323648.00000000000000000000000000000000000000000000000000
388;1323652.00000000000000000000000000000000000000000000000000
389;1323556.00000000000000000000000000000000000000000000000000
390;1323552.00000000000000000000000000000000000000000000000000
391;1323976.00000000000000000000000000000000000000000000000000
392;1323784.00000000000000000000000000000000000000000000000000
393;1323848.00000000000000000000000000000000000000000000000000
394;1323848.00000000000000000000000000000000000000000000000000
395;1323752.00000000000000000000000000000000000000000000000000
396;1323720.00000000000000000000000000000000000000000000000000
397;1323976.00000000000000000000000000000000000000000000000000
398;1323976.00000000000000000000000000000000000000000000000000
399;1323716.00000000000000000000000000000000000000000000000000
400;1323720.00000000000000000000000000000000000000000000000000
401;1323796.00000000000000000000000000000000000000000000000000
402;1323840.00000000000000000000000000000000000000000000000000
403;1323716.00000000000000000000000000000000000000000000000000
404;1281648.00000000000000000000000000000000000000000000000000
405;1282172.00000000000000000000000000000000000000000000000000
406;1282568.00000000000000000000000000000000000000000000000000
407;1282860.00000000000000000000000000000000000000000000000000
408;1283800.00000000000000000000000000000000000000000000000000
409;1285872.00000000000000000000000000000000000000000000000000
410;1287604.00000000000000000000000000000000000000000000000000
411;1289260.00000000000000000000000000000000000000000000000000
412;1290224.00000000000000000000000000000000000000000000000000
413;1292512.00000000000000000000000000000000000000000000000000
414;1293916.00000000000000000000000000000000000000000000000000
415;1296236.00000000000000000000000000000000000000000000000000
416;1298132.00000000000000000000000000000000000000000000000000
417;1300032.00000000000000000000000000000000000000000000000000
418;1301736.00000000000000000000000000000000000000000000000000
419;1304400.00000000000000000000000000000000000000000000000000
420;1305896.00000000000000000000000000000000000000000000000000
421;1307392.00000000000000000000000000000000000000000000000000
422;1311028.00000000000000000000000000000000000000000000000000
423;1312024.00000000000000000000000000000000000000000000000000
424;1315580.00000000000000000000000000000000000000000000000000
425;1317184.00000000000000000000000000000000000000000000000000
426;1318704.00000000000000000000000000000000000000000000000000
427;1321924.00000000000000000000000000000000000000000000000000
428;1323520.00000000000000000000000000000000000000000000000000
429;1325452.00000000000000000000000000000000000000000000000000
430;1325232.00000000000000000000000000000000000000000000000000
431;1325368.00000000000000000000000000000000000000000000000000
432;1325496.00000000000000000000000000000000000000000000000000
433;1325304.00000000000000000000000000000000000000000000000000
434;1325308.00000000000000000000000000000000000000000000000000
435;1325304.00000000000000000000000000000000000000000000000000
436;1325364.00000000000000000000000000000000000000000000000000
437;1325556.00000000000000000000000000000000000000000000000000
438;1325556.00000000000000000000000000000000000000000000000000
439;1325556.00000000000000000000000000000000000000000000000000
440;1325328.00000000000000000000000000000000000000000000000000
441;1325396.00000000000000000000000000000000000000000000000000
442;1325588.00000000000000000000000000000000000000000000000000
443;1325396.00000000000000000000000000000000000000000000000000
444;1325328.00000000000000000000000000000000000000000000000000
445;1325556.00000000000000000000000000000000000000000000000000
446;1325328.00000000000000000000000000000000000000000000000000
447;1325484.00000000000000000000000000000000000000000000000000
448;1325364.00000000000000000000000000000000000000000000000000
449;1283300.00000000000000000000000000000000000000000000000000
450;1283848.00000000000000000000000000000000000000000000000000
451;1284460.00000000000000000000000000000000000000000000000000
452;1284644.00000000000000000000000000000000000000000000000000
453;1285228.00000000000000000000000000000000000000000000000000
454;1286820.00000000000000000000000000000000000000000000000000
455;1288672.00000000000000000000000000000000000000000000000000
456;1290268.00000000000000000000000000000000000000000000000000
457;1292060.00000000000000000000000000000000000000000000000000
458;1293824.00000000000000000000000000000000000000000000000000
459;1295416.00000000000000000000000000000000000000000000000000
460;1297544.00000000000000000000000000000000000000000000000000
461;1299276.00000000000000000000000000000000000000000000000000
462;1302028.00000000000000000000000000000000000000000000000000
463;1304004.00000000000000000000000000000000000000000000000000
464;1306156.00000000000000000000000000000000000000000000000000
465;1307928.00000000000000000000000000000000000000000000000000
466;1309580.00000000000000000000000000000000000000000000000000
467;1312024.00000000000000000000000000000000000000000000000000
468;1314280.00000000000000000000000000000000000000000000000000
469;1315852.00000000000000000000000000000000000000000000000000
470;1318604.00000000000000000000000000000000000000000000000000
471;1320352.00000000000000000000000000000000000000000000000000
472;1322852.00000000000000000000000000000000000000000000000000
473;1322372.00000000000000000000000000000000000000000000000000
474;1323312.00000000000000000000000000000000000000000000000000
475;1323568.00000000000000000000000000000000000000000000000000
476;1323308.00000000000000000000000000000000000000000000000000
477;1323568.00000000000000000000000000000000000000000000000000
478;1323376.00000000000000000000000000000000000000000000000000
479;1323560.00000000000000000000000000000000000000000000000000
480;1323384.00000000000000000000000000000000000000000000000000
481;1323316.00000000000000000000000000000000000000000000000000
482;1323384.00000000000000000000000000000000000000000000000000
483;1323320.00000000000000000000000000000000000000000000000000
484;1323320.00000000000000000000000000000000000000000000000000
485;1323576.00000000000000000000000000000000000000000000000000
486;1323576.00000000000000000000000000000000000000000000000000
487;1323576.00000000000000000000000000000000000000000000000000
488;1323384.00000000000000000000000000000000000000000000000000
489;1323320.00000000000000000000000000000000000000000000000000
490;1323320.00000000000000000000000000000000000000000000000000
491;1323448.00000000000000000000000000000000000000000000000000
492;1280072.00000000000000000000000000000000000000000000000000
493;1280676.00000000000000000000000000000000000000000000000000
494;1280924.00000000000000000000000000000000000000000000000000
495;1281780.00000000000000000000000000000000000000000000000000
496;1282228.00000000000000000000000000000000000000000000000000
497;1284340.00000000000000000000000000000000000000000000000000
498;1286068.00000000000000000000000000000000000000000000000000
499;1287848.00000000000000000000000000000000000000000000000000
500;1290044.00000000000000000000000000000000000000000000000000
501;1292632.00000000000000000000000000000000000000000000000000
502;1294296.00000000000000000000000000000000000000000000000000
503;1295460.00000000000000000000000000000000000000000000000000
504;1297144.00000000000000000000000000000000000000000000000000
505;1299408.00000000000000000000000000000000000000000000000000
506;1301444.00000000000000000000000000000000000000000000000000
507;1303732.00000000000000000000000000000000000000000000000000
508;1305216.00000000000000000000000000000000000000000000000000
509;1306776.00000000000000000000000000000000000000000000000000
510;1310808.00000000000000000000000000000000000000000000000000
511;1314520.00000000000000000000000000000000000000000000000000
512;1316132.00000000000000000000000000000000000000000000000000
513;1317616.00000000000000000000000000000000000000000000000000
514;1320120.00000000000000000000000000000000000000000000000000
515;1321904.00000000000000000000000000000000000000000000000000
516;1323096.00000000000000000000000000000000000000000000000000
517;1324728.00000000000000000000000000000000000000000000000000
518;1324920.00000000000000000000000000000000000000000000000000
519;1325048.00000000000000000000000000000000000000000000000000
520;1324984.00000000000000000000000000000000000000000000000000
521;1325040.00000000000000000000000000000000000000000000000000
522;1324920.00000000000000000000000000000000000000000000000000
523;1325196.00000000000000000000000000000000000000000000000000
524;1325004.00000000000000000000000000000000000000000000000000
525;1324940.00000000000000000000000000000000000000000000000000
526;1324940.00000000000000000000000000000000000000000000000000
527;1324940.00000000000000000000000000000000000000000000000000
528;1325004.00000000000000000000000000000000000000000000000000
529;1325008.00000000000000000000000000000000000000000000000000
530;1325008.00000000000000000000000000000000000000000000000000
531;1325124.00000000000000000000000000000000000000000000000000
532;1325056.00000000000000000000000000000000000000000000000000
533;1325004.00000000000000000000000000000000000000000000000000
534;1325004.00000000000000000000000000000000000000000000000000
535;1324940.00000000000000000000000000000000000000000000000000
536;1282632.00000000000000000000000000000000000000000000000000
537;1282996.00000000000000000000000000000000000000000000000000
538;1283456.00000000000000000000000000000000000000000000000000
539;1283824.00000000000000000000000000000000000000000000000000
540;1284468.00000000000000000000000000000000000000000000000000
541;1286032.00000000000000000000000000000000000000000000000000
542;1287612.00000000000000000000000000000000000000000000000000
543;1289320.00000000000000000000000000000000000000000000000000
544;1291124.00000000000000000000000000000000000000000000000000
545;1293404.00000000000000000000000000000000000000000000000000
546;1294652.00000000000000000000000000000000000000000000000000
547;1296120.00000000000000000000000000000000000000000000000000
548;1298304.00000000000000000000000000000000000000000000000000
549;1299712.00000000000000000000000000000000000000000000000000
550;1301696.00000000000000000000000000000000000000000000000000
551;1303812.00000000000000000000000000000000000000000000000000
552;1305836.00000000000000000000000000000000000000000000000000
553;1308644.00000000000000000000000000000000000000000000000000
554;1310028.00000000000000000000000000000000000000000000000000
555;1311824.00000000000000000000000000000000000000000000000000
556;1315580.00000000000000000000000000000000000000000000000000
557;1316932.00000000000000000000000000000000000000000000000000
558;1319996.00000000000000000000000000000000000000000000000000
559;1320960.00000000000000000000000000000000000000000000000000
560;1323048.00000000000000000000000000000000000000000000000000
561;1324100.00000000000000000000000000000000000000000000000000
562;1323904.00000000000000000000000000000000000000000000000000
563;1324028.00000000000000000000000000000000000000000000000000
564;1324160.00000000000000000000000000000000000000000000000000
565;1323968.00000000000000000000000000000000000000000000000000
566;1323904.00000000000000000000000000000000000000000000000000
567;1324160.00000000000000000000000000000000000000000000000000
568;1324028.00000000000000000000000000000000000000000000000000
569;1323968.00000000000000000000000000000000000000000000000000
570;1324028.00000000000000000000000000000000000000000000000000
571;1323968.00000000000000000000000000000000000000000000000000
572;1323972.00000000000000000000000000000000000000000000000000
573;1324272.00000000000000000000000000000000000000000000000000
574;1324016.00000000000000000000000000000000000000000000000000
575;1324036.00000000000000000000000000000000000000000000000000
576;1324040.00000000000000000000000000000000000000000000000000
577;1324164.00000000000000000000000000000000000000000000000000
578;1324228.00000000000000000000000000000000000000000000000000
579;1324096.00000000000000000000000000000000000000000000000000
580;1281012.00000000000000000000000000000000000000000000000000
581;1281332.00000000000000000000000000000000000000000000000000
582;1281784.00000000000000000000000000000000000000000000000000
583;1282908.00000000000000000000000000000000000000000000000000
584;1283008.00000000000000000000000000000000000000000000000000
585;1284508.00000000000000000000000000000000000000000000000000
586;1285444.00000000000000000000000000000000000000000000000000
587;1287820.00000000000000000000000000000000000000000000000000
588;1289844.00000000000000000000000000000000000000000000000000
589;1291036.00000000000000000000000000000000000000000000000000
590;1293688.00000000000000000000000000000000000000000000000000
591;1295632.00000000000000000000000000000000000000000000000000
592;1296764.00000000000000000000000000000000000000000000000000
593;1298860.00000000000000000000000000000000000000000000000000
594;1301392.00000000000000000000000000000000000000000000000000
595;1302712.00000000000000000000000000000000000000000000000000
596;1305292.00000000000000000000000000000000000000000000000000
597;1306784.00000000000000000000000000000000000000000000000000
598;1309528.00000000000000000000000000000000000000000000000000
599;1310912.00000000000000000000000000000000000000000000000000
600;1315532.00000000000000000000000000000000000000000000000000
601;1316608.00000000000000000000000000000000000000000000000000
602;1318000.00000000000000000000000000000000000000000000000000
603;1320696.00000000000000000000000000000000000000000000000000
604;1322140.00000000000000000000000000000000000000000000000000
605;1324456.00000000000000000000000000000000000000000000000000
606;1324664.00000000000000000000000000000000000000000000000000
607;1324728.00000000000000000000000000000000000000000000000000
608;1324664.00000000000000000000000000000000000000000000000000
609;1324816.00000000000000000000000000000000000000000000000000
610;1324696.00000000000000000000000000000000000000000000000000
611;1324920.00000000000000000000000000000000000000000000000000
612;1324792.00000000000000000000000000000000000000000000000000
613;1324756.00000000000000000000000000000000000000000000000000
614;1324756.00000000000000000000000000000000000000000000000000
615;1325012.00000000000000000000000000000000000000000000000000
616;1324820.00000000000000000000000000000000000000000000000000
617;1324820.00000000000000000000000000000000000000000000000000
618;1325012.00000000000000000000000000000000000000000000000000
619;1324820.00000000000000000000000000000000000000000000000000
620;1324820.00000000000000000000000000000000000000000000000000
621;1324884.00000000000000000000000000000000000000000000000000
622;1324876.00000000000000000000000000000000000000000000000000
623;1324980.00000000000000000000000000000000000000000000000000
624;1282168.00000000000000000000000000000000000000000000000000
625;1282892.00000000000000000000000000000000000000000000000000
626;1283552.00000000000000000000000000000000000000000000000000
627;1284176.00000000000000000000000000000000000000000000000000
628;1284368.00000000000000000000000000000000000000000000000000
629;1285488.00000000000000000000000000000000000000000000000000
630;1287396.00000000000000000000000000000000000000000000000000
631;1288944.00000000000000000000000000000000000000000000000000
632;1290536.00000000000000000000000000000000000000000000000000
633;1293064.00000000000000000000000000000000000000000000000000
634;1295476.00000000000000000000000000000000000000000000000000
635;1296688.00000000000000000000000000000000000000000000000000
636;1298944.00000000000000000000000000000000000000000000000000
637;1301404.00000000000000000000000000000000000000000000000000
638;1303016.00000000000000000000000000000000000000000000000000
639;1305256.00000000000000000000000000000000000000000000000000
640;1305764.00000000000000000000000000000000000000000000000000
641;1308784.00000000000000000000000000000000000000000000000000
642;1311520.00000000000000000000000000000000000000000000000000
643;1314912.00000000000000000000000000000000000000000000000000
644;1315960.00000000000000000000000000000000000000000000000000
645;1317652.00000000000000000000000000000000000000000000000000
646;1320180.00000000000000000000000000000000000000000000000000
647;1321488.00000000000000000000000000000000000000000000000000
648;1324688.00000000000000000000000000000000000000000000000000
649;1326724.00000000000000000000000000000000000000000000000000
650;1327064.00000000000000000000000000000000000000000000000000
651;1327132.00000000000000000000000000000000000000000000000000
652;1327128.00000000000000000000000000000000000000000000000000
653;1327132.00000000000000000000000000000000000000000000000000
654;1327192.00000000000000000000000000000000000000000000000000
655;1327484.00000000000000000000000000000000000000000000000000
656;1327484.00000000000000000000000000000000000000000000000000
657;1327340.00000000000000000000000000000000000000000000000000
658;1327292.00000000000000000000000000000000000000000000000000
659;1327224.00000000000000000000000000000000000000000000000000
660;1327448.00000000000000000000000000000000000000000000000000
661;1327260.00000000000000000000000000000000000000000000000000
662;1327260.00000000000000000000000000000000000000000000000000
663;1327224.00000000000000000000000000000000000000000000000000
664;1327292.00000000000000000000000000000000000000000000000000
665;1327288.00000000000000000000000000000000000000000000000000
666;1327224.00000000000000000000000000000000000000000000000000
667;1327224.00000000000000000000000000000000000000000000000000
668;1282128.00000000000000000000000000000000000000000000000000
669;1283536.00000000000000000000000000000000000000000000000000
670;1283672.00000000000000000000000000000000000000000000000000
671;1284272.00000000000000000000000000000000000000000000000000
672;1284612.00000000000000000000000000000000000000000000000000
673;1286192.00000000000000000000000000000000000000000000000000
674;1288268.00000000000000000000000000000000000000000000000000
675;1289952.00000000000000000000000000000000000000000000000000
676;1291388.00000000000000000000000000000000000000000000000000
677;1293340.00000000000000000000000000000000000000000000000000
678;1296316.00000000000000000000000000000000000000000000000000
679;1297436.00000000000000000000000000000000000000000000000000
680;1299860.00000000000000000000000000000000000000000000000000
681;1301924.00000000000000000000000000000000000000000000000000
682;1304020.00000000000000000000000000000000000000000000000000
683;1306620.00000000000000000000000000000000000000000000000000
684;1307640.00000000000000000000000000000000000000000000000000
685;1310216.00000000000000000000000000000000000000000000000000
686;1311420.00000000000000000000000000000000000000000000000000
687;1316412.00000000000000000000000000000000000000000000000000
688;1318500.00000000000000000000000000000000000000000000000000
689;1321412.00000000000000000000000000000000000000000000000000
690;1322500.00000000000000000000000000000000000000000000000000
691;1323784.00000000000000000000000000000000000000000000000000
692;1326512.00000000000000000000000000000000000000000000000000
693;1327232.00000000000000000000000000000000000000000000000000
694;1327116.00000000000000000000000000000000000000000000000000
695;1327112.00000000000000000000000000000000000000000000000000
696;1327372.00000000000000000000000000000000000000000000000000
697;1327184.00000000000000000000000000000000000000000000000000
698;1327180.00000000000000000000000000000000000000000000000000
699;1327372.00000000000000000000000000000000000000000000000000
700;1327116.00000000000000000000000000000000000000000000000000
701;1327232.00000000000000000000000000000000000000000000000000
702;1327148.00000000000000000000000000000000000000000000000000
703;1327152.00000000000000000000000000000000000000000000000000
704;1327152.00000000000000000000000000000000000000000000000000
705;1327372.00000000000000000000000000000000000000000000000000
706;1327184.00000000000000000000000000000000000000000000000000
707;1327116.00000000000000000000000000000000000000000000000000
708;1327240.00000000000000000000000000000000000000000000000000
709;1327116.00000000000000000000000000000000000000000000000000
710;1327340.00000000000000000000000000000000000000000000000000
711;1327148.00000000000000000000000000000000000000000000000000
712;1281800.00000000000000000000000000000000000000000000000000
713;1282012.00000000000000000000000000000000000000000000000000
714;1282760.00000000000000000000000000000000000000000000000000
715;1282852.00000000000000000000000000000000000000000000000000
716;1283748.00000000000000000000000000000000000000000000000000
717;1285112.00000000000000000000000000000000000000000000000000
718;1287576.00000000000000000000000000000000000000000000000000
719;1289488.00000000000000000000000000000000000000000000000000
720;1290920.00000000000000000000000000000000000000000000000000
721;1293392.00000000000000000000000000000000000000000000000000
722;1295104.00000000000000000000000000000000000000000000000000
723;1297340.00000000000000000000000000000000000000000000000000
724;1299896.00000000000000000000000000000000000000000000000000
725;1301252.00000000000000000000000000000000000000000000000000
726;1303164.00000000000000000000000000000000000000000000000000
727;1304580.00000000000000000000000000000000000000000000000000
728;1307652.00000000000000000000000000000000000000000000000000
729;1309388.00000000000000000000000000000000000000000000000000
730;1311092.00000000000000000000000000000000000000000000000000
731;1315180.00000000000000000000000000000000000000000000000000
732;1316776.00000000000000000000000000000000000000000000000000
733;1319396.00000000000000000000000000000000000000000000000000
734;1320664.00000000000000000000000000000000000000000000000000
735;1322052.00000000000000000000000000000000000000000000000000
736;1324940.00000000000000000000000000000000000000000000000000
737;1326324.00000000000000000000000000000000000000000000000000
738;1326116.00000000000000000000000000000000000000000000000000
739;1326372.00000000000000000000000000000000000000000000000000
740;1326180.00000000000000000000000000000000000000000000000000
741;1326116.00000000000000000000000000000000000000000000000000
742;1326340.00000000000000000000000000000000000000000000000000
743;1326380.00000000000000000000000000000000000000000000000000
744;1326124.00000000000000000000000000000000000000000000000000
745;1326204.00000000000000000000000000000000000000000000000000
746;1326348.00000000000000000000000000000000000000000000000000
747;1326124.00000000000000000000000000000000000000000000000000
748;1326252.00000000000000000000000000000000000000000000000000
749;1326380.00000000000000000000000000000000000000000000000000
750;1326124.00000000000000000000000000000000000000000000000000
751;1326160.00000000000000000000000000000000000000000000000000
752;1326160.00000000000000000000000000000000000000000000000000
753;1326188.00000000000000000000000000000000000000000000000000
754;1326124.00000000000000000000000000000000000000000000000000
755;1326156.00000000000000000000000000000000000000000000000000
756;1282680.00000000000000000000000000000000000000000000000000
757;1283140.00000000000000000000000000000000000000000000000000
758;1283244.00000000000000000000000000000000000000000000000000
759;1284364.00000000000000000000000000000000000000000000000000
760;1284580.00000000000000000000000000000000000000000000000000
761;1286332.00000000000000000000000000000000000000000000000000
762;1288140.00000000000000000000000000000000000000000000000000
763;1289772.00000000000000000000000000000000000000000000000000
764;1291544.00000000000000000000000000000000000000000000000000
765;1293044.00000000000000000000000000000000000000000000000000
766;1295672.00000000000000000000000000000000000000000000000000
767;1297852.00000000000000000000000000000000000000000000000000
768;1299436.00000000000000000000000000000000000000000000000000
769;1301316.00000000000000000000000000000000000000000000000000
770;1303012.00000000000000000000000000000000000000000000000000
771;1304912.00000000000000000000000000000000000000000000000000
772;1306668.00000000000000000000000000000000000000000000000000
773;1308952.00000000000000000000000000000000000000000000000000
774;1310736.00000000000000000000000000000000000000000000000000
775;1314368.00000000000000000000000000000000000000000000000000
776;1316252.00000000000000000000000000000000000000000000000000
777;1318016.00000000000000000000000000000000000000000000000000
778;1321144.00000000000000000000000000000000000000000000000000
779;1322480.00000000000000000000000000000000000000000000000000
780;1323804.00000000000000000000000000000000000000000000000000
781;1326252.00000000000000000000000000000000000000000000000000
782;1326172.00000000000000000000000000000000000000000000000000
783;1326172.00000000000000000000000000000000000000000000000000
784;1326216.00000000000000000000000000000000000000000000000000
785;1326140.00000000000000000000000000000000000000000000000000
786;1326256.00000000000000000000000000000000000000000000000000
787;1326396.00000000000000000000000000000000000000000000000000
788;1326396.00000000000000000000000000000000000000000000000000
789;1326268.00000000000000000000000000000000000000000000000000
790;1326204.00000000000000000000000000000000000000000000000000
791;1326396.00000000000000000000000000000000000000000000000000
792;1326140.00000000000000000000000000000000000000000000000000
793;1326140.00000000000000000000000000000000000000000000000000
794;1326140.00000000000000000000000000000000000000000000000000
795;1326268.00000000000000000000000000000000000000000000000000
796;1326396.00000000000000000000000000000000000000000000000000
797;1326396.00000000000000000000000000000000000000000000000000
798;1326140.00000000000000000000000000000000000000000000000000
799;1326140.00000000000000000000000000000000000000000000000000
800;1279404.00000000000000000000000000000000000000000000000000
801;1279812.00000000000000000000000000000000000000000000000000
802;1280980.00000000000000000000000000000000000000000000000000
803;1281460.00000000000000000000000000000000000000000000000000
804;1282448.00000000000000000000000000000000000000000000000000
805;1284108.00000000000000000000000000000000000000000000000000
806;1285188.00000000000000000000000000000000000000000000000000
807;1288076.00000000000000000000000000000000000000000000000000
808;1289712.00000000000000000000000000000000000000000000000000
809;1291508.00000000000000000000000000000000000000000000000000
810;1293668.00000000000000000000000000000000000000000000000000
811;1295368.00000000000000000000000000000000000000000000000000
812;1296532.00000000000000000000000000000000000000000000000000
813;1298560.00000000000000000000000000000000000000000000000000
814;1301268.00000000000000000000000000000000000000000000000000
815;1303036.00000000000000000000000000000000000000000000000000
816;1305180.00000000000000000000000000000000000000000000000000
817;1307020.00000000000000000000000000000000000000000000000000
818;1308840.00000000000000000000000000000000000000000000000000
819;1312140.00000000000000000000000000000000000000000000000000
820;1313332.00000000000000000000000000000000000000000000000000
821;1317456.00000000000000000000000000000000000000000000000000
822;1319020.00000000000000000000000000000000000000000000000000
823;1320468.00000000000000000000000000000000000000000000000000
824;1323684.00000000000000000000000000000000000000000000000000
825;1325764.00000000000000000000000000000000000000000000000000
826;1326164.00000000000000000000000000000000000000000000000000
827;1326396.00000000000000000000000000000000000000000000000000
828;1326208.00000000000000000000000000000000000000000000000000
829;1326176.00000000000000000000000000000000000000000000000000
830;1326204.00000000000000000000000000000000000000000000000000
831;1326396.00000000000000000000000000000000000000000000000000
832;1326208.00000000000000000000000000000000000000000000000000
833;1326172.00000000000000000000000000000000000000000000000000
834;1326204.00000000000000000000000000000000000000000000000000
835;1326120.00000000000000000000000000000000000000000000000000
836;1326168.00000000000000000000000000000000000000000000000000
837;1326392.00000000000000000000000000000000000000000000000000
838;1326296.00000000000000000000000000000000000000000000000000
839;1326264.00000000000000000000000000000000000000000000000000
840;1326264.00000000000000000000000000000000000000000000000000
841;1326168.00000000000000000000000000000000000000000000000000
842;1326172.00000000000000000000000000000000000000000000000000
843;1326392.00000000000000000000000000000000000000000000000000
844;1281896.00000000000000000000000000000000000000000000000000
845;1281936.00000000000000000000000000000000000000000000000000
846;1282476.00000000000000000000000000000000000000000000000000
847;1282628.00000000000000000000000000000000000000000000000000
848;1283048.00000000000000000000000000000000000000000000000000
849;1285624.00000000000000000000000000000000000000000000000000
850;1286648.00000000000000000000000000000000000000000000000000
851;1288760.00000000000000000000000000000000000000000000000000
852;1290912.00000000000000000000000000000000000000000000000000
853;1292068.00000000000000000000000000000000000000000000000000
854;1295116.00000000000000000000000000000000000000000000000000
855;1296244.00000000000000000000000000000000000000000000000000
856;1298076.00000000000000000000000000000000000000000000000000
857;1300124.00000000000000000000000000000000000000000000000000
858;1301168.00000000000000000000000000000000000000000000000000
859;1303352.00000000000000000000000000000000000000000000000000
860;1306256.00000000000000000000000000000000000000000000000000
861;1308448.00000000000000000000000000000000000000000000000000
862;1309524.00000000000000000000000000000000000000000000000000
863;1312680.00000000000000000000000000000000000000000000000000
864;1314732.00000000000000000000000000000000000000000000000000
865;1317712.00000000000000000000000000000000000000000000000000
866;1319296.00000000000000000000000000000000000000000000000000
867;1320748.00000000000000000000000000000000000000000000000000
868;1325448.00000000000000000000000000000000000000000000000000
869;1326252.00000000000000000000000000000000000000000000000000
870;1326060.00000000000000000000000000000000000000000000000000
871;1326060.00000000000000000000000000000000000000000000000000
872;1326124.00000000000000000000000000000000000000000000000000
873;1326252.00000000000000000000000000000000000000000000000000
874;1325996.00000000000000000000000000000000000000000000000000
875;1326252.00000000000000000000000000000000000000000000000000
876;1325996.00000000000000000000000000000000000000000000000000
877;1325996.00000000000000000000000000000000000000000000000000
878;1326180.00000000000000000000000000000000000000000000000000
879;1326180.00000000000000000000000000000000000000000000000000
880;1326124.00000000000000000000000000000000000000000000000000
881;1326252.00000000000000000000000000000000000000000000000000
882;1326124.00000000000000000000000000000000000000000000000000
883;1325996.00000000000000000000000000000000000000000000000000
884;1326180.00000000000000000000000000000000000000000000000000
885;1326180.00000000000000000000000000000000000000000000000000
886;1326180.00000000000000000000000000000000000000000000000000
887;1319692.00000000000000000000000000000000000000000000000000
888;1319644.00000000000000000000000000000000000000000000000000
889;1319888.00000000000000000000000000000000000000000000000000
890;1320112.00000000000000000000000000000000000000000000000000
891;1319808.00000000000000000000000000000000000000000000000000
892;1320072.00000000000000000000000000000000000000000000000000
893;1320344.00000000000000000000000000000000000000000000000000
894;1320648.00000000000000000000000000000000000000000000000000
895;1320712.00000000000000000000000000000000000000000000000000
896;1320840.00000000000000000000000000000000000000000000000000
897;1320848.00000000000000000000000000000000000000000000000000
898;1320944.00000000000000000000000000000000000000000000000000
899;1320984.00000000000000000000000000000000000000000000000000
900;1321108.00000000000000000000000000000000000000000000000000
901;1321112.00000000000000000000000000000000000000000000000000
902;1321128.00000000000000000000000000000000000000000000000000
903;1321324.00000000000000000000000000000000000000000000000000
904;1321312.00000000000000000000000000000000000000000000000000
905;1321576.00000000000000000000000000000000000000000000000000
906;1321672.00000000000000000000000000000000000000000000000000
907;1321872.00000000000000000000000000000000000000000000000000
908;1321700.00000000000000000000000000000000000000000000000000
909;1322048.00000000000000000000000000000000000000000000000000
910;1322684.00000000000000000000000000000000000000000000000000
911;1324436.00000000000000000000000000000000000000000000000000
912;1326512.00000000000000000000000000000000000000000000000000
913;1327364.00000000000000000000000000000000000000000000000000
914;1327448.00000000000000000000000000000000000000000000000000
915;1327332.00000000000000000000000000000000000000000000000000
916;1327296.00000000000000000000000000000000000000000000000000
917;1327296.00000000000000000000000000000000000000000000000000
918;1327552.00000000000000000000000000000000000000000000000000
919;1327332.00000000000000000000000000000000000000000000000000
920;1327328.00000000000000000000000000000000000000000000000000
921;1327328.00000000000000000000000000000000000000000000000000
922;1327296.00000000000000000000000000000000000000000000000000
923;1327364.00000000000000000000000000000000000000000000000000
924;1327520.00000000000000000000000000000000000000000000000000
925;1327552.00000000000000000000000000000000000000000000000000
926;1327420.00000000000000000000000000000000000000000000000000
927;1327448.00000000000000000000000000000000000000000000000000
928;1327328.00000000000000000000000000000000000000000000000000
929;1327412.00000000000000000000000000000000000000000000000000
930;1327520.00000000000000000000000000000000000000000000000000
931;1323676.00000000000000000000000000000000000000000000000000
932;1323908.00000000000000000000000000000000000000000000000000
933;1323992.00000000000000000000000000000000000000000000000000
934;1323920.00000000000000000000000000000000000000000000000000
935;1323964.00000000000000000000000000000000000000000000000000
936;1323848.00000000000000000000000000000000000000000000000000
937;1324088.00000000000000000000000000000000000000000000000000
938;1324064.00000000000000000000000000000000000000000000000000
939;1323920.00000000000000000000000000000000000000000000000000
940;1323108.00000000000000000000000000000000000000000000000000
941;1323860.00000000000000000000000000000000000000000000000000
942;1323464.00000000000000000000000000000000000000000000000000
943;1324116.00000000000000000000000000000000000000000000000000
944;1323976.00000000000000000000000000000000000000000000000000
945;1324148.00000000000000000000000000000000000000000000000000
946;1324104.00000000000000000000000000000000000000000000000000
947;1324128.00000000000000000000000000000000000000000000000000
948;1324180.00000000000000000000000000000000000000000000000000
949;1324344.00000000000000000000000000000000000000000000000000
950;1324484.00000000000000000000000000000000000000000000000000
951;1324404.00000000000000000000000000000000000000000000000000
952;1324516.00000000000000000000000000000000000000000000000000
953;1324276.00000000000000000000000000000000000000000000000000
954;1325656.00000000000000000000000000000000000000000000000000
955;1326460.00000000000000000000000000000000000000000000000000
956;1326564.00000000000000000000000000000000000000000000000000
957;1327552.00000000000000000000000000000000000000000000000000
958;1327584.00000000000000000000000000000000000000000000000000
959;1327808.00000000000000000000000000000000000000000000000000
960;1327616.00000000000000000000000000000000000000000000000000
961;1327552.00000000000000000000000000000000000000000000000000
962;1327808.00000000000000000000000000000000000000000000000000
963;1327552.00000000000000000000000000000000000000000000000000
964;1327552.00000000000000000000000000000000000000000000000000
965;1327552.00000000000000000000000000000000000000000000000000
966;1327552.00000000000000000000000000000000000000000000000000
967;1327552.00000000000000000000000000000000000000000000000000
968;1327808.00000000000000000000000000000000000000000000000000
969;1327552.00000000000000000000000000000000000000000000000000
970;1327704.00000000000000000000000000000000000000000000000000
971;1327584.00000000000000000000000000000000000000000000000000
972;1327588.00000000000000000000000000000000000000000000000000
973;1327808.00000000000000000000000000000000000000000000000000
974;1327616.00000000000000000000000000000000000000000000000000
975;1279696.00000000000000000000000000000000000000000000000000
976;1279800.00000000000000000000000000000000000000000000000000
977;1279872.00000000000000000000000000000000000000000000000000
978;1281112.00000000000000000000000000000000000000000000000000
979;1281208.00000000000000000000000000000000000000000000000000
980;1283748.00000000000000000000000000000000000000000000000000
981;1285988.00000000000000000000000000000000000000000000000000
982;1287956.00000000000000000000000000000000000000000000000000
983;1290076.00000000000000000000000000000000000000000000000000
984;1291660.00000000000000000000000000000000000000000000000000
985;1293404.00000000000000000000000000000000000000000000000000
986;1295012.00000000000000000000000000000000000000000000000000
987;1297408.00000000000000000000000000000000000000000000000000
988;1299080.00000000000000000000000000000000000000000000000000
989;1301544.00000000000000000000000000000000000000000000000000
990;1302572.00000000000000000000000000000000000000000000000000
991;1305044.00000000000000000000000000000000000000000000000000
992;1307220.00000000000000000000000000000000000000000000000000
993;1310820.00000000000000000000000000000000000000000000000000
994;1312804.00000000000000000000000000000000000000000000000000
995;1314844.00000000000000000000000000000000000000000000000000
996;1316260.00000000000000000000000000000000000000000000000000
997;1317928.00000000000000000000000000000000000000000000000000
998;1321372.00000000000000000000000000000000000000000000000000
999;1323444.00000000000000000000000000000000000000000000000000
1000;1325556.00000000000000000000000000000000000000000000000000
1001;1326352.00000000000000000000000000000000000000000000000000
1002;1326284.00000000000000000000000000000000000000000000000000
1003;1326316.00000000000000000000000000000000000000000000000000
1004;1326436.00000000000000000000000000000000000000000000000000
1005;1326352.00000000000000000000000000000000000000000000000000
1006;1326352.00000000000000000000000000000000000000000000000000
1007;1326540.00000000000000000000000000000000000000000000000000
1008;1326408.00000000000000000000000000000000000000000000000000
1009;1326408.00000000000000000000000000000000000000000000000000
1010;1326508.00000000000000000000000000000000000000000000000000
1011;1326352.00000000000000000000000000000000000000000000000000
1012;1326280.00000000000000000000000000000000000000000000000000
1013;1326316.00000000000000000000000000000000000000000000000000
1014;1326284.00000000000000000000000000000000000000000000000000
1015;1326284.00000000000000000000000000000000000000000000000000
1016;1326320.00000000000000000000000000000000000000000000000000
1017;1326352.00000000000000000000000000000000000000000000000000
1018;1326352.00000000000000000000000000000000000000000000000000
1019;1326540.00000000000000000000000000000000000000000000000000
1020;1325280.00000000000000000000000000000000000000000000000000
1021;1325088.00000000000000000000000000000000000000000000000000
1022;1325412.00000000000000000000000000000000000000000000000000
1023;1325348.00000000000000000000000000000000000000000000000000
1024;1325656.00000000000000000000000000000000000000000000000000
1025;1325484.00000000000000000000000000000000000000000000000000
1026;1325512.00000000000000000000000000000000000000000000000000
1027;1325328.00000000000000000000000000000000000000000000000000
1028;1325628.00000000000000000000000000000000000000000000000000
1029;1325620.00000000000000000000000000000000000000000000000000
1030;1325884.00000000000000000000000000000000000000000000000000
1031;1325880.00000000000000000000000000000000000000000000000000
1032;1325912.00000000000000000000000000000000000000000000000000
1033;1325300.00000000000000000000000000000000000000000000000000
1034;1325988.00000000000000000000000000000000000000000000000000
1035;1325936.00000000000000000000000000000000000000000000000000
1036;1326104.00000000000000000000000000000000000000000000000000
1037;1325888.00000000000000000000000000000000000000000000000000
1038;1326156.00000000000000000000000000000000000000000000000000
1039;1326224.00000000000000000000000000000000000000000000000000
1040;1326336.00000000000000000000000000000000000000000000000000
1041;1326424.00000000000000000000000000000000000000000000000000
1042;1326436.00000000000000000000000000000000000000000000000000
1043;1326664.00000000000000000000000000000000000000000000000000
1044;1326376.00000000000000000000000000000000000000000000000000
1045;1328108.00000000000000000000000000000000000000000000000000
1046;1329352.00000000000000000000000000000000000000000000000000
1047;1329256.00000000000000000000000000000000000000000000000000
1048;1329480.00000000000000000000000000000000000000000000000000
1049;1329352.00000000000000000000000000000000000000000000000000
1050;1329384.00000000000000000000000000000000000000000000000000
1051;1329264.00000000000000000000000000000000000000000000000000
1052;1329488.00000000000000000000000000000000000000000000000000
1053;1329300.00000000000000000000000000000000000000000000000000
1054;1329264.00000000000000000000000000000000000000000000000000
1055;1329488.00000000000000000000000000000000000000000000000000
1056;1329356.00000000000000000000000000000000000000000000000000
1057;1329232.00000000000000000000000000000000000000000000000000
1058;1329488.00000000000000000000000000000000000000000000000000
1059;1329300.00000000000000000000000000000000000000000000000000
1060;1329456.00000000000000000000000000000000000000000000000000
1061;1329268.00000000000000000000000000000000000000000000000000
1062;1329300.00000000000000000000000000000000000000000000000000
1063;1329456.00000000000000000000000000000000000000000000000000
1064;1283952.00000000000000000000000000000000000000000000000000
1065;1284824.00000000000000000000000000000000000000000000000000
1066;1284784.00000000000000000000000000000000000000000000000000
1067;1286160.00000000000000000000000000000000000000000000000000
1068;1286504.00000000000000000000000000000000000000000000000000
1069;1287936.00000000000000000000000000000000000000000000000000
1070;1290460.00000000000000000000000000000000000000000000000000
1071;1301648.00000000000000000000000000000000000000000000000000
1072;1302940.00000000000000000000000000000000000000000000000000
1073;1304156.00000000000000000000000000000000000000000000000000
1074;1305780.00000000000000000000000000000000000000000000000000
1075;1308664.00000000000000000000000000000000000000000000000000
1076;1310488.00000000000000000000000000000000000000000000000000
1077;1313704.00000000000000000000000000000000000000000000000000
1078;1315128.00000000000000000000000000000000000000000000000000
1079;1318216.00000000000000000000000000000000000000000000000000
1080;1321492.00000000000000000000000000000000000000000000000000
1081;1323232.00000000000000000000000000000000000000000000000000
1082;1326520.00000000000000000000000000000000000000000000000000
1083;1328192.00000000000000000000000000000000000000000000000000
1084;1330756.00000000000000000000000000000000000000000000000000
1085;1333520.00000000000000000000000000000000000000000000000000
1086;1336248.00000000000000000000000000000000000000000000000000
1087;1337696.00000000000000000000000000000000000000000000000000
1088;1342520.00000000000000000000000000000000000000000000000000
1089;1343344.00000000000000000000000000000000000000000000000000
1090;1343460.00000000000000000000000000000000000000000000000000
1091;1343532.00000000000000000000000000000000000000000000000000
1092;1343340.00000000000000000000000000000000000000000000000000
1093;1343532.00000000000000000000000000000000000000000000000000
1094;1343276.00000000000000000000000000000000000000000000000000
1095;1343348.00000000000000000000000000000000000000000000000000
1096;1343348.00000000000000000000000000000000000000000000000000
1097;1343348.00000000000000000000000000000000000000000000000000
1098;1343348.00000000000000000000000000000000000000000000000000
1099;1343348.00000000000000000000000000000000000000000000000000
1100;1343348.00000000000000000000000000000000000000000000000000
1101;1343540.00000000000000000000000000000000000000000000000000
1102;1343540.00000000000000000000000000000000000000000000000000
1103;1343540.00000000000000000000000000000000000000000000000000
1104;1343412.00000000000000000000000000000000000000000000000000
1105;1343284.00000000000000000000000000000000000000000000000000
1106;1343540.00000000000000000000000000000000000000000000000000
1107;1341540.00000000000000000000000000000000000000000000000000
1108;1336440.00000000000000000000000000000000000000000000000000
1109;1336504.00000000000000000000000000000000000000000000000000
1110;1336784.00000000000000000000000000000000000000000000000000
1111;1336732.00000000000000000000000000000000000000000000000000
1112;1336748.00000000000000000000000000000000000000000000000000
1113;1336500.00000000000000000000000000000000000000000000000000
1114;1336760.00000000000000000000000000000000000000000000000000
1115;1336784.00000000000000000000000000000000000000000000000000
1116;1336724.00000000000000000000000000000000000000000000000000
1117;1336876.00000000000000000000000000000000000000000000000000
1118;1336768.00000000000000000000000000000000000000000000000000
1119;1336972.00000000000000000000000000000000000000000000000000
1120;1337152.00000000000000000000000000000000000000000000000000
1121;1337076.00000000000000000000000000000000000000000000000000
1122;1337136.00000000000000000000000000000000000000000000000000
1123;1337208.00000000000000000000000000000000000000000000000000
1124;1337024.00000000000000000000000000000000000000000000000000
1125;1337212.00000000000000000000000000000000000000000000000000
1126;1337200.00000000000000000000000000000000000000000000000000
1127;1337236.00000000000000000000000000000000000000000000000000
1128;1337364.00000000000000000000000000000000000000000000000000
1129;1337480.00000000000000000000000000000000000000000000000000
1130;1338704.00000000000000000000000000000000000000000000000000
1131;1343140.00000000000000000000000000000000000000000000000000
1132;1343844.00000000000000000000000000000000000000000000000000
1133;1343848.00000000000000000000000000000000000000000000000000
1134;1344040.00000000000000000000000000000000000000000000000000
1135;1343848.00000000000000000000000000000000000000000000000000
1136;1343784.00000000000000000000000000000000000000000000000000
1137;1343784.00000000000000000000000000000000000000000000000000
1138;1344052.00000000000000000000000000000000000000000000000000
1139;1343796.00000000000000000000000000000000000000000000000000
1140;1343860.00000000000000000000000000000000000000000000000000
1141;1343860.00000000000000000000000000000000000000000000000000
1142;1343796.00000000000000000000000000000000000000000000000000
1143;1343860.00000000000000000000000000000000000000000000000000
1144;1344052.00000000000000000000000000000000000000000000000000
1145;1343860.00000000000000000000000000000000000000000000000000
1146;1343924.00000000000000000000000000000000000000000000000000
1147;1344052.00000000000000000000000000000000000000000000000000
1148;1343860.00000000000000000000000000000000000000000000000000
1149;1343860.00000000000000000000000000000000000000000000000000
1150;1343860.00000000000000000000000000000000000000000000000000
1151;1303220.00000000000000000000000000000000000000000000000000
1152;1304132.00000000000000000000000000000000000000000000000000
1153;1304764.00000000000000000000000000000000000000000000000000
1154;1304748.00000000000000000000000000000000000000000000000000
1155;1305340.00000000000000000000000000000000000000000000000000
1156;1305876.00000000000000000000000000000000000000000000000000
1157;1307968.00000000000000000000000000000000000000000000000000
1158;1309180.00000000000000000000000000000000000000000000000000
1159;1310480.00000000000000000000000000000000000000000000000000
1160;1311976.00000000000000000000000000000000000000000000000000
1161;1313528.00000000000000000000000000000000000000000000000000
1162;1315560.00000000000000000000000000000000000000000000000000
1163;1316920.00000000000000000000000000000000000000000000000000
1164;1318844.00000000000000000000000000000000000000000000000000
1165;1319808.00000000000000000000000000000000000000000000000000
1166;1321988.00000000000000000000000000000000000000000000000000
1167;1322820.00000000000000000000000000000000000000000000000000
1168;1324168.00000000000000000000000000000000000000000000000000
1169;1327500.00000000000000000000000000000000000000000000000000
1170;1328480.00000000000000000000000000000000000000000000000000
1171;1332484.00000000000000000000000000000000000000000000000000
1172;1334392.00000000000000000000000000000000000000000000000000
1173;1337120.00000000000000000000000000000000000000000000000000
1174;1338964.00000000000000000000000000000000000000000000000000
1175;1340692.00000000000000000000000000000000000000000000000000
1176;1344244.00000000000000000000000000000000000000000000000000
1177;1344780.00000000000000000000000000000000000000000000000000
1178;1344648.00000000000000000000000000000000000000000000000000
1179;1344652.00000000000000000000000000000000000000000000000000
1180;1344648.00000000000000000000000000000000000000000000000000
1181;1344716.00000000000000000000000000000000000000000000000000
1182;1344652.00000000000000000000000000000000000000000000000000
1183;1344796.00000000000000000000000000000000000000000000000000
1184;1344864.00000000000000000000000000000000000000000000000000
1185;1345056.00000000000000000000000000000000000000000000000000
1186;1345056.00000000000000000000000000000000000000000000000000
1187;1344928.00000000000000000000000000000000000000000000000000
1188;1344916.00000000000000000000000000000000000000000000000000
1189;1345056.00000000000000000000000000000000000000000000000000
1190;1345056.00000000000000000000000000000000000000000000000000
1191;1344872.00000000000000000000000000000000000000000000000000
1192;1344932.00000000000000000000000000000000000000000000000000
1193;1344988.00000000000000000000000000000000000000000000000000
1194;1344868.00000000000000000000000000000000000000000000000000
1195;1339916.00000000000000000000000000000000000000000000000000
1196;1339604.00000000000000000000000000000000000000000000000000
1197;1339944.00000000000000000000000000000000000000000000000000
1198;1339960.00000000000000000000000000000000000000000000000000
1199;1339928.00000000000000000000000000000000000000000000000000
1200;1340192.00000000000000000000000000000000000000000000000000
1201;1340384.00000000000000000000000000000000000000000000000000
1202;1340216.00000000000000000000000000000000000000000000000000
1203;1340152.00000000000000000000000000000000000000000000000000
1204;1340264.00000000000000000000000000000000000000000000000000
1205;1340176.00000000000000000000000000000000000000000000000000
1206;1340196.00000000000000000000000000000000000000000000000000
1207;1340196.00000000000000000000000000000000000000000000000000
1208;1340196.00000000000000000000000000000000000000000000000000
1209;1340148.00000000000000000000000000000000000000000000000000
1210;1340424.00000000000000000000000000000000000000000000000000
1211;1340392.00000000000000000000000000000000000000000000000000
1212;1340412.00000000000000000000000000000000000000000000000000
1213;1340672.00000000000000000000000000000000000000000000000000
1214;1340504.00000000000000000000000000000000000000000000000000
1215;1340528.00000000000000000000000000000000000000000000000000
1216;1340744.00000000000000000000000000000000000000000000000000
1217;1341040.00000000000000000000000000000000000000000000000000
1218;1342100.00000000000000000000000000000000000000000000000000
1219;1345292.00000000000000000000000000000000000000000000000000
1220;1345420.00000000000000000000000000000000000000000000000000
1221;1345228.00000000000000000000000000000000000000000000000000
1222;1345228.00000000000000000000000000000000000000000000000000
1223;1345228.00000000000000000000000000000000000000000000000000
1224;1345192.00000000000000000000000000000000000000000000000000
1225;1345264.00000000000000000000000000000000000000000000000000
1226;1345256.00000000000000000000000000000000000000000000000000
1227;1345256.00000000000000000000000000000000000000000000000000
1228;1345324.00000000000000000000000000000000000000000000000000
1229;1345288.00000000000000000000000000000000000000000000000000
1230;1345480.00000000000000000000000000000000000000000000000000
1231;1345252.00000000000000000000000000000000000000000000000000
1232;1345512.00000000000000000000000000000000000000000000000000
1233;1345256.00000000000000000000000000000000000000000000000000
1234;1345256.00000000000000000000000000000000000000000000000000
1235;1345256.00000000000000000000000000000000000000000000000000
1236;1345256.00000000000000000000000000000000000000000000000000
1237;1345292.00000000000000000000000000000000000000000000000000
1238;1345480.00000000000000000000000000000000000000000000000000
1239;1294928.00000000000000000000000000000000000000000000000000
1240;1295324.00000000000000000000000000000000000000000000000000
1241;1296008.00000000000000000000000000000000000000000000000000
1242;1296328.00000000000000000000000000000000000000000000000000
1243;1297296.00000000000000000000000000000000000000000000000000
1244;1299132.00000000000000000000000000000000000000000000000000
1245;1300908.00000000000000000000000000000000000000000000000000
1246;1302648.00000000000000000000000000000000000000000000000000
1247;1303920.00000000000000000000000000000000000000000000000000
1248;1306500.00000000000000000000000000000000000000000000000000
1249;1308344.00000000000000000000000000000000000000000000000000
1250;1310280.00000000000000000000000000000000000000000000000000
1251;1312596.00000000000000000000000000000000000000000000000000
1252;1314460.00000000000000000000000000000000000000000000000000
1253;1316340.00000000000000000000000000000000000000000000000000
1254;1319376.00000000000000000000000000000000000000000000000000
1255;1321644.00000000000000000000000000000000000000000000000000
1256;1324452.00000000000000000000000000000000000000000000000000
1257;1325952.00000000000000000000000000000000000000000000000000
1258;1327768.00000000000000000000000000000000000000000000000000
1259;1331544.00000000000000000000000000000000000000000000000000
1260;1333080.00000000000000000000000000000000000000000000000000
1261;1335136.00000000000000000000000000000000000000000000000000
1262;1338448.00000000000000000000000000000000000000000000000000
1263;1340288.00000000000000000000000000000000000000000000000000
1264;1342252.00000000000000000000000000000000000000000000000000
1265;1343040.00000000000000000000000000000000000000000000000000
1266;1343732.00000000000000000000000000000000000000000000000000
1267;1343888.00000000000000000000000000000000000000000000000000
1268;1343960.00000000000000000000000000000000000000000000000000
1269;1343768.00000000000000000000000000000000000000000000000000
1270;1343800.00000000000000000000000000000000000000000000000000
1271;1343864.00000000000000000000000000000000000000000000000000
1272;1344084.00000000000000000000000000000000000000000000000000
1273;1344052.00000000000000000000000000000000000000000000000000
1274;1343828.00000000000000000000000000000000000000000000000000
1275;1343828.00000000000000000000000000000000000000000000000000
1276;1343828.00000000000000000000000000000000000000000000000000
1277;1343952.00000000000000000000000000000000000000000000000000
1278;1343896.00000000000000000000000000000000000000000000000000
1279;1344192.00000000000000000000000000000000000000000000000000
1280;1343968.00000000000000000000000000000000000000000000000000
1281;1343936.00000000000000000000000000000000000000000000000000
1282;1344004.00000000000000000000000000000000000000000000000000
1283;1343932.00000000000000000000000000000000000000000000000000
1284;1343968.00000000000000000000000000000000000000000000000000
1285;1343936.00000000000000000000000000000000000000000000000000
1286;1344004.00000000000000000000000000000000000000000000000000
1287;1338476.00000000000000000000000000000000000000000000000000
1288;1338308.00000000000000000000000000000000000000000000000000
1289;1338600.00000000000000000000000000000000000000000000000000
1290;1338652.00000000000000000000000000000000000000000000000000
1291;1338748.00000000000000000000000000000000000000000000000000
1292;1338780.00000000000000000000000000000000000000000000000000
1293;1338796.00000000000000000000000000000000000000000000000000
1294;1339028.00000000000000000000000000000000000000000000000000
1295;1338820.00000000000000000000000000000000000000000000000000
1296;1338912.00000000000000000000000000000000000000000000000000
1297;1338984.00000000000000000000000000000000000000000000000000
1298;1339088.00000000000000000000000000000000000000000000000000
1299;1339012.00000000000000000000000000000000000000000000000000
1300;1339160.00000000000000000000000000000000000000000000000000
1301;1339136.00000000000000000000000000000000000000000000000000
1302;1339196.00000000000000000000000000000000000000000000000000
1303;1339224.00000000000000000000000000000000000000000000000000
1304;1339124.00000000000000000000000000000000000000000000000000
1305;1338880.00000000000000000000000000000000000000000000000000
1306;1339340.00000000000000000000000000000000000000000000000000
1307;1339328.00000000000000000000000000000000000000000000000000
1308;1339232.00000000000000000000000000000000000000000000000000
1309;1339288.00000000000000000000000000000000000000000000000000
1310;1339620.00000000000000000000000000000000000000000000000000
1311;1339388.00000000000000000000000000000000000000000000000000
1312;1339708.00000000000000000000000000000000000000000000000000
1313;1339812.00000000000000000000000000000000000000000000000000
1314;1341256.00000000000000000000000000000000000000000000000000
1315;1342984.00000000000000000000000000000000000000000000000000
1316;1343608.00000000000000000000000000000000000000000000000000
1317;1345008.00000000000000000000000000000000000000000000000000
1318;1345152.00000000000000000000000000000000000000000000000000
1319;1345344.00000000000000000000000000000000000000000000000000
1320;1345376.00000000000000000000000000000000000000000000000000
1321;1345116.00000000000000000000000000000000000000000000000000
1322;1345120.00000000000000000000000000000000000000000000000000
1323;1345272.00000000000000000000000000000000000000000000000000
1324;1345272.00000000000000000000000000000000000000000000000000
1325;1345172.00000000000000000000000000000000000000000000000000
1326;1345204.00000000000000000000000000000000000000000000000000
1327;1345132.00000000000000000000000000000000000000000000000000
1328;1345392.00000000000000000000000000000000000000000000000000
1329;1345132.00000000000000000000000000000000000000000000000000
1330;1345136.00000000000000000000000000000000000000000000000000
1331;1345260.00000000000000000000000000000000000000000000000000
1332;1345392.00000000000000000000000000000000000000000000000000
1333;1345204.00000000000000000000000000000000000000000000000000
1334;1345204.00000000000000000000000000000000000000000000000000
1335;1345360.00000000000000000000000000000000000000000000000000
1336;1345136.00000000000000000000000000000000000000000000000000
1337;1345136.00000000000000000000000000000000000000000000000000
1338;1345168.00000000000000000000000000000000000000000000000000
1339;1340872.00000000000000000000000000000000000000000000000000
1340;1341028.00000000000000000000000000000000000000000000000000
1341;1341020.00000000000000000000000000000000000000000000000000
1342;1340964.00000000000000000000000000000000000000000000000000
1343;1341012.00000000000000000000000000000000000000000000000000
1344;1340988.00000000000000000000000000000000000000000000000000
1345;1341000.00000000000000000000000000000000000000000000000000
1346;1341092.00000000000000000000000000000000000000000000000000
1347;1341112.00000000000000000000000000000000000000000000000000
1348;1341192.00000000000000000000000000000000000000000000000000
1349;1341068.00000000000000000000000000000000000000000000000000
1350;1341248.00000000000000000000000000000000000000000000000000
1351;1340992.00000000000000000000000000000000000000000000000000
1352;1341220.00000000000000000000000000000000000000000000000000
1353;1341176.00000000000000000000000000000000000000000000000000
1354;1340976.00000000000000000000000000000000000000000000000000
1355;1341052.00000000000000000000000000000000000000000000000000
1356;1341216.00000000000000000000000000000000000000000000000000
1357;1341116.00000000000000000000000000000000000000000000000000
1358;1341172.00000000000000000000000000000000000000000000000000
1359;1341180.00000000000000000000000000000000000000000000000000
1360;1341256.00000000000000000000000000000000000000000000000000
1361;1341464.00000000000000000000000000000000000000000000000000
1362;1341200.00000000000000000000000000000000000000000000000000
1363;1341260.00000000000000000000000000000000000000000000000000
1364;1341248.00000000000000000000000000000000000000000000000000
1365;1341288.00000000000000000000000000000000000000000000000000
1366;1342192.00000000000000000000000000000000000000000000000000
1367;1343616.00000000000000000000000000000000000000000000000000
1368;1344660.00000000000000000000000000000000000000000000000000
1369;1344912.00000000000000000000000000000000000000000000000000
1370;1344948.00000000000000000000000000000000000000000000000000
1371;1344912.00000000000000000000000000000000000000000000000000
1372;1344944.00000000000000000000000000000000000000000000000000
1373;1344912.00000000000000000000000000000000000000000000000000
1374;1345168.00000000000000000000000000000000000000000000000000
1375;1345028.00000000000000000000000000000000000000000000000000
1376;1344952.00000000000000000000000000000000000000000000000000
1377;1344952.00000000000000000000000000000000000000000000000000
1378;1345176.00000000000000000000000000000000000000000000000000
1379;1344956.00000000000000000000000000000000000000000000000000
1380;1344916.00000000000000000000000000000000000000000000000000
1381;1344988.00000000000000000000000000000000000000000000000000
1382;1344920.00000000000000000000000000000000000000000000000000
1383;1345176.00000000000000000000000000000000000000000000000000
1384;1344920.00000000000000000000000000000000000000000000000000
1385;1344952.00000000000000000000000000000000000000000000000000
1386;1344988.00000000000000000000000000000000000000000000000000
1387;1345144.00000000000000000000000000000000000000000000000000
1388;1344920.00000000000000000000000000000000000000000000000000
1389;1345144.00000000000000000000000000000000000000000000000000
1390;1297944.00000000000000000000000000000000000000000000000000
1391;1298640.00000000000000000000000000000000000000000000000000
1392;1299140.00000000000000000000000000000000000000000000000000
1393;1299436.00000000000000000000000000000000000000000000000000
1394;1299896.00000000000000000000000000000000000000000000000000
1395;1300128.00000000000000000000000000000000000000000000000000
1396;1300752.00000000000000000000000000000000000000000000000000
1397;1302208.00000000000000000000000000000000000000000000000000
1398;1303552.00000000000000000000000000000000000000000000000000
1399;1305004.00000000000000000000000000000000000000000000000000
1400;1306408.00000000000000000000000000000000000000000000000000
1401;1307584.00000000000000000000000000000000000000000000000000
1402;1309920.00000000000000000000000000000000000000000000000000
1403;1311540.00000000000000000000000000000000000000000000000000
1404;1313428.00000000000000000000000000000000000000000000000000
1405;1314528.00000000000000000000000000000000000000000000000000
1406;1316784.00000000000000000000000000000000000000000000000000
1407;1318504.00000000000000000000000000000000000000000000000000
1408;1321524.00000000000000000000000000000000000000000000000000
1409;1322660.00000000000000000000000000000000000000000000000000
1410;1323788.00000000000000000000000000000000000000000000000000
1411;1326708.00000000000000000000000000000000000000000000000000
1412;1328020.00000000000000000000000000000000000000000000000000
1413;1330776.00000000000000000000000000000000000000000000000000
1414;1332624.00000000000000000000000000000000000000000000000000
1415;1334216.00000000000000000000000000000000000000000000000000
1416;1337032.00000000000000000000000000000000000000000000000000
1417;1338668.00000000000000000000000000000000000000000000000000
1418;1339960.00000000000000000000000000000000000000000000000000
1419;1341812.00000000000000000000000000000000000000000000000000
1420;1343020.00000000000000000000000000000000000000000000000000
1421;1343428.00000000000000000000000000000000000000000000000000
1422;1343428.00000000000000000000000000000000000000000000000000
1423;1343496.00000000000000000000000000000000000000000000000000
1424;1343460.00000000000000000000000000000000000000000000000000
1425;1343460.00000000000000000000000000000000000000000000000000
1426;1343428.00000000000000000000000000000000000000000000000000
1427;1343724.00000000000000000000000000000000000000000000000000
1428;1343484.00000000000000000000000000000000000000000000000000
1429;1343484.00000000000000000000000000000000000000000000000000
1430;1343484.00000000000000000000000000000000000000000000000000
1431;1343520.00000000000000000000000000000000000000000000000000
1432;1343552.00000000000000000000000000000000000000000000000000
1433;1343740.00000000000000000000000000000000000000000000000000
1434;1343752.00000000000000000000000000000000000000000000000000
1435;1343752.00000000000000000000000000000000000000000000000000
1436;1343620.00000000000000000000000000000000000000000000000000
1437;1343528.00000000000000000000000000000000000000000000000000
1438;1343528.00000000000000000000000000000000000000000000000000
1439;1343624.00000000000000000000000000000000000000000000000000
1440;1343496.00000000000000000000000000000000000000000000000000
1441;1343496.00000000000000000000000000000000000000000000000000
1442;1340088.00000000000000000000000000000000000000000000000000
1443;1340092.00000000000000000000000000000000000000000000000000
1444;1340280.00000000000000000000000000000000000000000000000000
1445;1340380.00000000000000000000000000000000000000000000000000
1446;1340392.00000000000000000000000000000000000000000000000000
1447;1340396.00000000000000000000000000000000000000000000000000
1448;1340504.00000000000000000000000000000000000000000000000000
1449;1340536.00000000000000000000000000000000000000000000000000
1450;1340560.00000000000000000000000000000000000000000000000000
1451;1340536.00000000000000000000000000000000000000000000000000
1452;1340656.00000000000000000000000000000000000000000000000000
1453;1340668.00000000000000000000000000000000000000000000000000
1454;1340676.00000000000000000000000000000000000000000000000000
1455;1340736.00000000000000000000000000000000000000000000000000
1456;1340972.00000000000000000000000000000000000000000000000000
1457;1340720.00000000000000000000000000000000000000000000000000
1458;1340840.00000000000000000000000000000000000000000000000000
1459;1340792.00000000000000000000000000000000000000000000000000
1460;1340864.00000000000000000000000000000000000000000000000000
1461;1340816.00000000000000000000000000000000000000000000000000
1462;1341120.00000000000000000000000000000000000000000000000000
1463;1341200.00000000000000000000000000000000000000000000000000
1464;1341152.00000000000000000000000000000000000000000000000000
1465;1341228.00000000000000000000000000000000000000000000000000
1466;1341324.00000000000000000000000000000000000000000000000000
1467;1341376.00000000000000000000000000000000000000000000000000
1468;1341560.00000000000000000000000000000000000000000000000000
1469;1343108.00000000000000000000000000000000000000000000000000
1470;1344424.00000000000000000000000000000000000000000000000000
1471;1345548.00000000000000000000000000000000000000000000000000
1472;1345404.00000000000000000000000000000000000000000000000000
1473;1345532.00000000000000000000000000000000000000000000000000
1474;1345404.00000000000000000000000000000000000000000000000000
1475;1345660.00000000000000000000000000000000000000000000000000
1476;1345440.00000000000000000000000000000000000000000000000000
1477;1345468.00000000000000000000000000000000000000000000000000
1478;1345672.00000000000000000000000000000000000000000000000000
1479;1345416.00000000000000000000000000000000000000000000000000
1480;1345416.00000000000000000000000000000000000000000000000000
1481;1345452.00000000000000000000000000000000000000000000000000
1482;1345568.00000000000000000000000000000000000000000000000000
1483;1345416.00000000000000000000000000000000000000000000000000
1484;1345448.00000000000000000000000000000000000000000000000000
1485;1345416.00000000000000000000000000000000000000000000000000
1486;1345672.00000000000000000000000000000000000000000000000000
1487;1345544.00000000000000000000000000000000000000000000000000
1488;1345416.00000000000000000000000000000000000000000000000000
1489;1345416.00000000000000000000000000000000000000000000000000
1490;1345416.00000000000000000000000000000000000000000000000000
1491;1345480.00000000000000000000000000000000000000000000000000
1492;1345416.00000000000000000000000000000000000000000000000000
1493;1342608.00000000000000000000000000000000000000000000000000
1494;1342624.00000000000000000000000000000000000000000000000000
1495;1342696.00000000000000000000000000000000000000000000000000
1496;1342712.00000000000000000000000000000000000000000000000000
1497;1342760.00000000000000000000000000000000000000000000000000
1498;1342720.00000000000000000000000000000000000000000000000000
1499;1342760.00000000000000000000000000000000000000000000000000
1500;1342840.00000000000000000000000000000000000000000000000000
1501;1342860.00000000000000000000000000000000000000000000000000
1502;1342812.00000000000000000000000000000000000000000000000000
1503;1342888.00000000000000000000000000000000000000000000000000
1504;1342996.00000000000000000000000000000000000000000000000000
1505;1342852.00000000000000000000000000000000000000000000000000
1506;1342924.00000000000000000000000000000000000000000000000000
1507;1342888.00000000000000000000000000000000000000000000000000
1508;1342960.00000000000000000000000000000000000000000000000000
1509;1343024.00000000000000000000000000000000000000000000000000
1510;1342968.00000000000000000000000000000000000000000000000000
1511;1342976.00000000000000000000000000000000000000000000000000
1512;1343032.00000000000000000000000000000000000000000000000000
1513;1343156.00000000000000000000000000000000000000000000000000
1514;1343248.00000000000000000000000000000000000000000000000000
1515;1342884.00000000000000000000000000000000000000000000000000
1516;1343268.00000000000000000000000000000000000000000000000000
1517;1343300.00000000000000000000000000000000000000000000000000
1518;1343368.00000000000000000000000000000000000000000000000000
1519;1343536.00000000000000000000000000000000000000000000000000
1520;1343328.00000000000000000000000000000000000000000000000000
1521;1343796.00000000000000000000000000000000000000000000000000
1522;1345036.00000000000000000000000000000000000000000000000000
1523;1345932.00000000000000000000000000000000000000000000000000
1524;1345832.00000000000000000000000000000000000000000000000000
1525;1345960.00000000000000000000000000000000000000000000000000
1526;1345828.00000000000000000000000000000000000000000000000000
1527;1345948.00000000000000000000000000000000000000000000000000
1528;1345832.00000000000000000000000000000000000000000000000000
1529;1345900.00000000000000000000000000000000000000000000000000
1530;1346144.00000000000000000000000000000000000000000000000000
1531;1346012.00000000000000000000000000000000000000000000000000
1532;1346112.00000000000000000000000000000000000000000000000000
1533;1346040.00000000000000000000000000000000000000000000000000
1534;1345920.00000000000000000000000000000000000000000000000000
1535;1345924.00000000000000000000000000000000000000000000000000
1536;1346144.00000000000000000000000000000000000000000000000000
1537;1346144.00000000000000000000000000000000000000000000000000
1538;1345924.00000000000000000000000000000000000000000000000000
1539;1346012.00000000000000000000000000000000000000000000000000
1540;1345888.00000000000000000000000000000000000000000000000000
1541;1346016.00000000000000000000000000000000000000000000000000
1542;1345884.00000000000000000000000000000000000000000000000000
1543;1345884.00000000000000000000000000000000000000000000000000
1544;1345920.00000000000000000000000000000000000000000000000000
1545;1341796.00000000000000000000000000000000000000000000000000
1546;1341812.00000000000000000000000000000000000000000000000000
1547;1342020.00000000000000000000000000000000000000000000000000
1548;1341920.00000000000000000000000000000000000000000000000000
1549;1341416.00000000000000000000000000000000000000000000000000
1550;1341876.00000000000000000000000000000000000000000000000000
1551;1341660.00000000000000000000000000000000000000000000000000
1552;1341932.00000000000000000000000000000000000000000000000000
1553;1341960.00000000000000000000000000000000000000000000000000
1554;1341816.00000000000000000000000000000000000000000000000000
1555;1341828.00000000000000000000000000000000000000000000000000
1556;1341836.00000000000000000000000000000000000000000000000000
1557;1341996.00000000000000000000000000000000000000000000000000
1558;1341904.00000000000000000000000000000000000000000000000000
1559;1341876.00000000000000000000000000000000000000000000000000
1560;1341620.00000000000000000000000000000000000000000000000000
1561;1342060.00000000000000000000000000000000000000000000000000
1562;1342064.00000000000000000000000000000000000000000000000000
1563;1342080.00000000000000000000000000000000000000000000000000
1564;1342248.00000000000000000000000000000000000000000000000000
1565;1342108.00000000000000000000000000000000000000000000000000
1566;1342120.00000000000000000000000000000000000000000000000000
1567;1342136.00000000000000000000000000000000000000000000000000
1568;1342500.00000000000000000000000000000000000000000000000000
1569;1342508.00000000000000000000000000000000000000000000000000
1570;1342544.00000000000000000000000000000000000000000000000000
1571;1342576.00000000000000000000000000000000000000000000000000
1572;1342584.00000000000000000000000000000000000000000000000000
1573;1342640.00000000000000000000000000000000000000000000000000
1574;1342628.00000000000000000000000000000000000000000000000000
1575;1342612.00000000000000000000000000000000000000000000000000
1576;1342608.00000000000000000000000000000000000000000000000000
1577;1345452.00000000000000000000000000000000000000000000000000
1578;1346088.00000000000000000000000000000000000000000000000000
1579;1346084.00000000000000000000000000000000000000000000000000
1580;1346276.00000000000000000000000000000000000000000000000000
1581;1346016.00000000000000000000000000000000000000000000000000
1582;1346020.00000000000000000000000000000000000000000000000000
1583;1346016.00000000000000000000000000000000000000000000000000
1584;1346084.00000000000000000000000000000000000000000000000000
1585;1346204.00000000000000000000000000000000000000000000000000
1586;1346148.00000000000000000000000000000000000000000000000000
1587;1346280.00000000000000000000000000000000000000000000000000
1588;1346024.00000000000000000000000000000000000000000000000000
1589;1346092.00000000000000000000000000000000000000000000000000
1590;1346024.00000000000000000000000000000000000000000000000000
1591;1346088.00000000000000000000000000000000000000000000000000
1592;1346280.00000000000000000000000000000000000000000000000000
1593;1346024.00000000000000000000000000000000000000000000000000
1594;1346280.00000000000000000000000000000000000000000000000000
1595;1346024.00000000000000000000000000000000000000000000000000
1596;1346088.00000000000000000000000000000000000000000000000000
1597;1346024.00000000000000000000000000000000000000000000000000
1598;1346088.00000000000000000000000000000000000000000000000000
1599;1346024.00000000000000000000000000000000000000000000000000
1600;1346024.00000000000000000000000000000000000000000000000000
1601;1346140.00000000000000000000000000000000000000000000000000
1602;1346088.00000000000000000000000000000000000000000000000000
1603;1342860.00000000000000000000000000000000000000000000000000
1604;1342996.00000000000000000000000000000000000000000000000000
1605;1342924.00000000000000000000000000000000000000000000000000
1606;1343072.00000000000000000000000000000000000000000000000000
1607;1342924.00000000000000000000000000000000000000000000000000
1608;1342876.00000000000000000000000000000000000000000000000000
1609;1342976.00000000000000000000000000000000000000000000000000
1610;1343040.00000000000000000000000000000000000000000000000000
1611;1343040.00000000000000000000000000000000000000000000000000
1612;1342784.00000000000000000000000000000000000000000000000000
1613;1343168.00000000000000000000000000000000000000000000000000
1614;1343176.00000000000000000000000000000000000000000000000000
1615;1342912.00000000000000000000000000000000000000000000000000
1616;1343196.00000000000000000000000000000000000000000000000000
1617;1343220.00000000000000000000000000000000000000000000000000
1618;1343228.00000000000000000000000000000000000000000000000000
1619;1343184.00000000000000000000000000000000000000000000000000
1620;1343360.00000000000000000000000000000000000000000000000000
1621;1343296.00000000000000000000000000000000000000000000000000
1622;1343308.00000000000000000000000000000000000000000000000000
1623;1343104.00000000000000000000000000000000000000000000000000
1624;1343052.00000000000000000000000000000000000000000000000000
1625;1343504.00000000000000000000000000000000000000000000000000
1626;1343504.00000000000000000000000000000000000000000000000000
1627;1343332.00000000000000000000000000000000000000000000000000
1628;1343468.00000000000000000000000000000000000000000000000000
1629;1343552.00000000000000000000000000000000000000000000000000
1630;1343728.00000000000000000000000000000000000000000000000000
1631;1343600.00000000000000000000000000000000000000000000000000
1632;1343612.00000000000000000000000000000000000000000000000000
1633;1344740.00000000000000000000000000000000000000000000000000
1634;1345372.00000000000000000000000000000000000000000000000000
1635;1345396.00000000000000000000000000000000000000000000000000
1636;1345204.00000000000000000000000000000000000000000000000000
1637;1345324.00000000000000000000000000000000000000000000000000
1638;1345240.00000000000000000000000000000000000000000000000000
1639;1345172.00000000000000000000000000000000000000000000000000
1640;1345208.00000000000000000000000000000000000000000000000000
1641;1345428.00000000000000000000000000000000000000000000000000
1642;1345172.00000000000000000000000000000000000000000000000000
1643;1345172.00000000000000000000000000000000000000000000000000
1644;1345172.00000000000000000000000000000000000000000000000000
1645;1345172.00000000000000000000000000000000000000000000000000
1646;1345172.00000000000000000000000000000000000000000000000000
1647;1345428.00000000000000000000000000000000000000000000000000
1648;1345240.00000000000000000000000000000000000000000000000000
1649;1345296.00000000000000000000000000000000000000000000000000
1650;1345428.00000000000000000000000000000000000000000000000000
1651;1345428.00000000000000000000000000000000000000000000000000
1652;1345296.00000000000000000000000000000000000000000000000000
1653;1345332.00000000000000000000000000000000000000000000000000
1654;1345204.00000000000000000000000000000000000000000000000000
1655;1345172.00000000000000000000000000000000000000000000000000
1656;1295652.00000000000000000000000000000000000000000000000000
1657;1295768.00000000000000000000000000000000000000000000000000
1658;1296272.00000000000000000000000000000000000000000000000000
1659;1296772.00000000000000000000000000000000000000000000000000
1660;1297024.00000000000000000000000000000000000000000000000000
1661;1298116.00000000000000000000000000000000000000000000000000
1662;1299444.00000000000000000000000000000000000000000000000000
1663;1301360.00000000000000000000000000000000000000000000000000
1664;1302884.00000000000000000000000000000000000000000000000000
1665;1304712.00000000000000000000000000000000000000000000000000
1666;1307312.00000000000000000000000000000000000000000000000000
1667;1308784.00000000000000000000000000000000000000000000000000
1668;1310716.00000000000000000000000000000000000000000000000000
1669;1313044.00000000000000000000000000000000000000000000000000
1670;1314424.00000000000000000000000000000000000000000000000000
1671;1316868.00000000000000000000000000000000000000000000000000
1672;1319040.00000000000000000000000000000000000000000000000000
1673;1321400.00000000000000000000000000000000000000000000000000
1674;1323340.00000000000000000000000000000000000000000000000000
1675;1325980.00000000000000000000000000000000000000000000000000
1676;1327460.00000000000000000000000000000000000000000000000000
1677;1331268.00000000000000000000000000000000000000000000000000
1678;1334020.00000000000000000000000000000000000000000000000000
1679;1336576.00000000000000000000000000000000000000000000000000
1680;1338760.00000000000000000000000000000000000000000000000000
1681;1340088.00000000000000000000000000000000000000000000000000
1682;1343584.00000000000000000000000000000000000000000000000000
1683;1345312.00000000000000000000000000000000000000000000000000
1684;1345332.00000000000000000000000000000000000000000000000000
1685;1345368.00000000000000000000000000000000000000000000000000
1686;1345364.00000000000000000000000000000000000000000000000000
1687;1345328.00000000000000000000000000000000000000000000000000
1688;1345456.00000000000000000000000000000000000000000000000000
1689;1345328.00000000000000000000000000000000000000000000000000
1690;1345508.00000000000000000000000000000000000000000000000000
1691;1345472.00000000000000000000000000000000000000000000000000
1692;1345728.00000000000000000000000000000000000000000000000000
1693;1345472.00000000000000000000000000000000000000000000000000
1694;1345540.00000000000000000000000000000000000000000000000000
1695;1345540.00000000000000000000000000000000000000000000000000
1696;1345728.00000000000000000000000000000000000000000000000000
1697;1345696.00000000000000000000000000000000000000000000000000
1698;1345504.00000000000000000000000000000000000000000000000000
1699;1345504.00000000000000000000000000000000000000000000000000
1700;1345696.00000000000000000000000000000000000000000000000000
1701;1345540.00000000000000000000000000000000000000000000000000
1702;1345600.00000000000000000000000000000000000000000000000000
1703;1343576.00000000000000000000000000000000000000000000000000
1704;1343576.00000000000000000000000000000000000000000000000000
1705;1343380.00000000000000000000000000000000000000000000000000
1706;1343680.00000000000000000000000000000000000000000000000000
1707;1343696.00000000000000000000000000000000000000000000000000
1708;1343816.00000000000000000000000000000000000000000000000000
1709;1343992.00000000000000000000000000000000000000000000000000
1710;1343952.00000000000000000000000000000000000000000000000000
1711;1343948.00000000000000000000000000000000000000000000000000
1712;1343672.00000000000000000000000000000000000000000000000000
1713;1343880.00000000000000000000000000000000000000000000000000
1714;1343984.00000000000000000000000000000000000000000000000000
1715;1344124.00000000000000000000000000000000000000000000000000
1716;1344096.00000000000000000000000000000000000000000000000000
1717;1343888.00000000000000000000000000000000000000000000000000
1718;1344268.00000000000000000000000000000000000000000000000000
1719;1344244.00000000000000000000000000000000000000000000000000
1720;1344308.00000000000000000000000000000000000000000000000000
1721;1344252.00000000000000000000000000000000000000000000000000
1722;1344404.00000000000000000000000000000000000000000000000000
1723;1344076.00000000000000000000000000000000000000000000000000
1724;1344540.00000000000000000000000000000000000000000000000000
1725;1344716.00000000000000000000000000000000000000000000000000
1726;1344836.00000000000000000000000000000000000000000000000000
1727;1344788.00000000000000000000000000000000000000000000000000
1728;1344680.00000000000000000000000000000000000000000000000000
1729;1345256.00000000000000000000000000000000000000000000000000
1730;1345220.00000000000000000000000000000000000000000000000000
1731;1345348.00000000000000000000000000000000000000000000000000
1732;1345220.00000000000000000000000000000000000000000000000000
1733;1345252.00000000000000000000000000000000000000000000000000
1734;1345488.00000000000000000000000000000000000000000000000000
1735;1345360.00000000000000000000000000000000000000000000000000
1736;1345264.00000000000000000000000000000000000000000000000000
1737;1345232.00000000000000000000000000000000000000000000000000
1738;1345232.00000000000000000000000000000000000000000000000000
1739;1345300.00000000000000000000000000000000000000000000000000
1740;1345488.00000000000000000000000000000000000000000000000000
1741;1345268.00000000000000000000000000000000000000000000000000
1742;1345360.00000000000000000000000000000000000000000000000000
1743;1345296.00000000000000000000000000000000000000000000000000
1744;1345376.00000000000000000000000000000000000000000000000000
1745;1345232.00000000000000000000000000000000000000000000000000
1746;1345360.00000000000000000000000000000000000000000000000000
1747;1342824.00000000000000000000000000000000000000000000000000
1748;1342824.00000000000000000000000000000000000000000000000000
1749;1342748.00000000000000000000000000000000000000000000000000
1750;1342824.00000000000000000000000000000000000000000000000000
1751;1342844.00000000000000000000000000000000000000000000000000
1752;1342880.00000000000000000000000000000000000000000000000000
1753;1342456.00000000000000000000000000000000000000000000000000
1754;1342808.00000000000000000000000000000000000000000000000000
1755;1342728.00000000000000000000000000000000000000000000000000
1756;1342784.00000000000000000000000000000000000000000000000000
1757;1342804.00000000000000000000000000000000000000000000000000
1758;1342804.00000000000000000000000000000000000000000000000000
1759;1342856.00000000000000000000000000000000000000000000000000
1760;1342684.00000000000000000000000000000000000000000000000000
1761;1342892.00000000000000000000000000000000000000000000000000
1762;1342880.00000000000000000000000000000000000000000000000000
1763;1343068.00000000000000000000000000000000000000000000000000
1764;1343072.00000000000000000000000000000000000000000000000000
1765;1342696.00000000000000000000000000000000000000000000000000
1766;1342932.00000000000000000000000000000000000000000000000000
1767;1343000.00000000000000000000000000000000000000000000000000
1768;1343000.00000000000000000000000000000000000000000000000000
1769;1343024.00000000000000000000000000000000000000000000000000
1770;1342916.00000000000000000000000000000000000000000000000000
1771;1345544.00000000000000000000000000000000000000000000000000
1772;1345876.00000000000000000000000000000000000000000000000000
1773;1345976.00000000000000000000000000000000000000000000000000
1774;1345788.00000000000000000000000000000000000000000000000000
1775;1345820.00000000000000000000000000000000000000000000000000
1776;1345976.00000000000000000000000000000000000000000000000000
1777;1346128.00000000000000000000000000000000000000000000000000
1778;1345904.00000000000000000000000000000000000000000000000000
1779;1345940.00000000000000000000000000000000000000000000000000
1780;1345904.00000000000000000000000000000000000000000000000000
1781;1345872.00000000000000000000000000000000000000000000000000
1782;1345924.00000000000000000000000000000000000000000000000000
1783;1345936.00000000000000000000000000000000000000000000000000
1784;1345936.00000000000000000000000000000000000000000000000000
1785;1345992.00000000000000000000000000000000000000000000000000
1786;1345868.00000000000000000000000000000000000000000000000000
1787;1345864.00000000000000000000000000000000000000000000000000
1788;1345868.00000000000000000000000000000000000000000000000000
1789;1345900.00000000000000000000000000000000000000000000000000
1790;1345260.00000000000000000000000000000000000000000000000000
1791;1345524.00000000000000000000000000000000000000000000000000
1792;1345416.00000000000000000000000000000000000000000000000000
1793;1345684.00000000000000000000000000000000000000000000000000
1794;1345700.00000000000000000000000000000000000000000000000000
1795;1345812.00000000000000000000000000000000000000000000000000
1796;1345900.00000000000000000000000000000000000000000000000000
1797;1345976.00000000000000000000000000000000000000000000000000
1798;1346044.00000000000000000000000000000000000000000000000000
1799;1345948.00000000000000000000000000000000000000000000000000
1800;1345968.00000000000000000000000000000000000000000000000000
1801;1346032.00000000000000000000000000000000000000000000000000
1802;1345908.00000000000000000000000000000000000000000000000000
1803;1345956.00000000000000000000000000000000000000000000000000
1804;1345808.00000000000000000000000000000000000000000000000000
1805;1345944.00000000000000000000000000000000000000000000000000
1806;1346108.00000000000000000000000000000000000000000000000000
1807;1346028.00000000000000000000000000000000000000000000000000
1808;1346096.00000000000000000000000000000000000000000000000000
1809;1346128.00000000000000000000000000000000000000000000000000
1810;1346084.00000000000000000000000000000000000000000000000000
1811;1346088.00000000000000000000000000000000000000000000000000
1812;1345912.00000000000000000000000000000000000000000000000000
1813;1346196.00000000000000000000000000000000000000000000000000
1814;1345976.00000000000000000000000000000000000000000000000000
1815;1346064.00000000000000000000000000000000000000000000000000
1816;1346264.00000000000000000000000000000000000000000000000000
1817;1346288.00000000000000000000000000000000000000000000000000
1818;1346296.00000000000000000000000000000000000000000000000000
1819;1346360.00000000000000000000000000000000000000000000000000
1820;1346916.00000000000000000000000000000000000000000000000000
1821;1347960.00000000000000000000000000000000000000000000000000
1822;1347900.00000000000000000000000000000000000000000000000000
1823;1347872.00000000000000000000000000000000000000000000000000
1824;1347912.00000000000000000000000000000000000000000000000000
1825;1347876.00000000000000000000000000000000000000000000000000
1826;1347876.00000000000000000000000000000000000000000000000000
1827;1348100.00000000000000000000000000000000000000000000000000
1828;1347908.00000000000000000000000000000000000000000000000000
1829;1348132.00000000000000000000000000000000000000000000000000
1830;1347908.00000000000000000000000000000000000000000000000000
1831;1348004.00000000000000000000000000000000000000000000000000
1832;1347876.00000000000000000000000000000000000000000000000000
1833;1347876.00000000000000000000000000000000000000000000000000
1834;1348132.00000000000000000000000000000000000000000000000000
1835;1347876.00000000000000000000000000000000000000000000000000
1836;1347908.00000000000000000000000000000000000000000000000000
1837;1347876.00000000000000000000000000000000000000000000000000
1838;1348132.00000000000000000000000000000000000000000000000000
1839;1348132.00000000000000000000000000000000000000000000000000
1840;1348132.00000000000000000000000000000000000000000000000000
1841;1343312.00000000000000000000000000000000000000000000000000
1842;1343336.00000000000000000000000000000000000000000000000000
1843;1343384.00000000000000000000000000000000000000000000000000
1844;1343400.00000000000000000000000000000000000000000000000000
1845;1343420.00000000000000000000000000000000000000000000000000
1846;1343332.00000000000000000000000000000000000000000000000000
1847;1343436.00000000000000000000000000000000000000000000000000
1848;1343456.00000000000000000000000000000000000000000000000000
1849;1343672.00000000000000000000000000000000000000000000000000
1850;1343532.00000000000000000000000000000000000000000000000000
1851;1343620.00000000000000000000000000000000000000000000000000
1852;1343632.00000000000000000000000000000000000000000000000000
1853;1343856.00000000000000000000000000000000000000000000000000
1854;1343680.00000000000000000000000000000000000000000000000000
1855;1343760.00000000000000000000000000000000000000000000000000
1856;1343760.00000000000000000000000000000000000000000000000000
1857;1343760.00000000000000000000000000000000000000000000000000
1858;1343760.00000000000000000000000000000000000000000000000000
1859;1343784.00000000000000000000000000000000000000000000000000
1860;1343772.00000000000000000000000000000000000000000000000000
1861;1344052.00000000000000000000000000000000000000000000000000
1862;1343888.00000000000000000000000000000000000000000000000000
1863;1343896.00000000000000000000000000000000000000000000000000
1864;1343904.00000000000000000000000000000000000000000000000000
1865;1344252.00000000000000000000000000000000000000000000000000
1866;1347776.00000000000000000000000000000000000000000000000000
1867;1347892.00000000000000000000000000000000000000000000000000
1868;1347900.00000000000000000000000000000000000000000000000000
1869;1347836.00000000000000000000000000000000000000000000000000
1870;1348092.00000000000000000000000000000000000000000000000000
1871;1347960.00000000000000000000000000000000000000000000000000
1872;1347904.00000000000000000000000000000000000000000000000000
1873;1348096.00000000000000000000000000000000000000000000000000
1874;1348096.00000000000000000000000000000000000000000000000000
1875;1347908.00000000000000000000000000000000000000000000000000
1876;1348024.00000000000000000000000000000000000000000000000000
1877;1347904.00000000000000000000000000000000000000000000000000
1878;1347840.00000000000000000000000000000000000000000000000000
1879;1348096.00000000000000000000000000000000000000000000000000
1880;1347904.00000000000000000000000000000000000000000000000000
1881;1347840.00000000000000000000000000000000000000000000000000
1882;1347908.00000000000000000000000000000000000000000000000000
1883;1347840.00000000000000000000000000000000000000000000000000
1884;1347840.00000000000000000000000000000000000000000000000000
1885;1347904.00000000000000000000000000000000000000000000000000
1886;1347096.00000000000000000000000000000000000000000000000000
1887;1347196.00000000000000000000000000000000000000000000000000
1888;1347452.00000000000000000000000000000000000000000000000000
1889;1347264.00000000000000000000000000000000000000000000000000
1890;1347148.00000000000000000000000000000000000000000000000000
1891;1347196.00000000000000000000000000000000000000000000000000
1892;1347120.00000000000000000000000000000000000000000000000000
1893;1346940.00000000000000000000000000000000000000000000000000
1894;1347240.00000000000000000000000000000000000000000000000000
1895;1347252.00000000000000000000000000000000000000000000000000
1896;1347268.00000000000000000000000000000000000000000000000000
1897;1347280.00000000000000000000000000000000000000000000000000
1898;1347296.00000000000000000000000000000000000000000000000000
1899;1347312.00000000000000000000000000000000000000000000000000
1900;1347388.00000000000000000000000000000000000000000000000000
1901;1347440.00000000000000000000000000000000000000000000000000
1902;1347456.00000000000000000000000000000000000000000000000000
1903;1347380.00000000000000000000000000000000000000000000000000
1904;1347452.00000000000000000000000000000000000000000000000000
1905;1347296.00000000000000000000000000000000000000000000000000
1906;1347764.00000000000000000000000000000000000000000000000000
1907;1347776.00000000000000000000000000000000000000000000000000
1908;1347844.00000000000000000000000000000000000000000000000000
1909;1347844.00000000000000000000000000000000000000000000000000
1910;1347868.00000000000000000000000000000000000000000000000000
1911;1347644.00000000000000000000000000000000000000000000000000
1912;1347576.00000000000000000000000000000000000000000000000000
1913;1347576.00000000000000000000000000000000000000000000000000
1914;1347576.00000000000000000000000000000000000000000000000000
1915;1347428.00000000000000000000000000000000000000000000000000
1916;1347348.00000000000000000000000000000000000000000000000000
1917;1347384.00000000000000000000000000000000000000000000000000
1918;1347420.00000000000000000000000000000000000000000000000000
1919;1347476.00000000000000000000000000000000000000000000000000
1920;1347348.00000000000000000000000000000000000000000000000000
1921;1347348.00000000000000000000000000000000000000000000000000
1922;1347496.00000000000000000000000000000000000000000000000000
1923;1347576.00000000000000000000000000000000000000000000000000
1924;1347608.00000000000000000000000000000000000000000000000000
1925;1347576.00000000000000000000000000000000000000000000000000
1926;1347576.00000000000000000000000000000000000000000000000000
1927;1347384.00000000000000000000000000000000000000000000000000
1928;1347608.00000000000000000000000000000000000000000000000000
1929;1347504.00000000000000000000000000000000000000000000000000
1930;1343704.00000000000000000000000000000000000000000000000000
1931;1343708.00000000000000000000000000000000000000000000000000
1932;1343708.00000000000000000000000000000000000000000000000000
1933;1343776.00000000000000000000000000000000000000000000000000
1934;1343828.00000000000000000000000000000000000000000000000000
1935;1343744.00000000000000000000000000000000000000000000000000
1936;1343552.00000000000000000000000000000000000000000000000000
1937;1343844.00000000000000000000000000000000000000000000000000
1938;1343716.00000000000000000000000000000000000000000000000000
1939;1344072.00000000000000000000000000000000000000000000000000
1940;1343976.00000000000000000000000000000000000000000000000000
1941;1343988.00000000000000000000000000000000000000000000000000
1942;1344000.00000000000000000000000000000000000000000000000000
1943;1344232.00000000000000000000000000000000000000000000000000
1944;1344160.00000000000000000000000000000000000000000000000000
1945;1344220.00000000000000000000000000000000000000000000000000
1946;1343972.00000000000000000000000000000000000000000000000000
1947;1344140.00000000000000000000000000000000000000000000000000
1948;1343984.00000000000000000000000000000000000000000000000000
1949;1344048.00000000000000000000000000000000000000000000000000
1950;1344236.00000000000000000000000000000000000000000000000000
1951;1343776.00000000000000000000000000000000000000000000000000
1952;1344084.00000000000000000000000000000000000000000000000000
1953;1344096.00000000000000000000000000000000000000000000000000
1954;1344224.00000000000000000000000000000000000000000000000000
1955;1345748.00000000000000000000000000000000000000000000000000
1956;1346380.00000000000000000000000000000000000000000000000000
1957;1346936.00000000000000000000000000000000000000000000000000
1958;1347156.00000000000000000000000000000000000000000000000000
1959;1346968.00000000000000000000000000000000000000000000000000
1960;1346932.00000000000000000000000000000000000000000000000000
1961;1346900.00000000000000000000000000000000000000000000000000
1962;1347156.00000000000000000000000000000000000000000000000000
1963;1346932.00000000000000000000000000000000000000000000000000
1964;1347156.00000000000000000000000000000000000000000000000000
1965;1346896.00000000000000000000000000000000000000000000000000
1966;1346932.00000000000000000000000000000000000000000000000000
1967;1346900.00000000000000000000000000000000000000000000000000
1968;1347156.00000000000000000000000000000000000000000000000000
1969;1346968.00000000000000000000000000000000000000000000000000
1970;1347124.00000000000000000000000000000000000000000000000000
1971;1347156.00000000000000000000000000000000000000000000000000
1972;1346896.00000000000000000000000000000000000000000000000000
1973;1346896.00000000000000000000000000000000000000000000000000
1974;1346932.00000000000000000000000000000000000000000000000000
1975;1347036.00000000000000000000000000000000000000000000000000
1976;1347040.00000000000000000000000000000000000000000000000000
1977;1347096.00000000000000000000000000000000000000000000000000
1978;1347128.00000000000000000000000000000000000000000000000000
1979;1347156.00000000000000000000000000000000000000000000000000
1980;1347168.00000000000000000000000000000000000000000000000000
1981;1347320.00000000000000000000000000000000000000000000000000
1982;1347580.00000000000000000000000000000000000000000000000000
1983;1347376.00000000000000000000000000000000000000000000000000
1984;1347512.00000000000000000000000000000000000000000000000000
1985;1347528.00000000000000000000000000000000000000000000000000
1986;1347544.00000000000000000000000000000000000000000000000000
1987;1347564.00000000000000000000000000000000000000000000000000
1988;1347576.00000000000000000000000000000000000000000000000000
1989;1347596.00000000000000000000000000000000000000000000000000
1990;1347616.00000000000000000000000000000000000000000000000000
1991;1347632.00000000000000000000000000000000000000000000000000
1992;1347664.00000000000000000000000000000000000000000000000000
1993;1347944.00000000000000000000000000000000000000000000000000
1994;1348124.00000000000000000000000000000000000000000000000000
1995;1348276.00000000000000000000000000000000000000000000000000
1996;1347936.00000000000000000000000000000000000000000000000000
1997;1348128.00000000000000000000000000000000000000000000000000
1998;1348116.00000000000000000000000000000000000000000000000000
1999;1349388.00000000000000000000000000000000000000000000000000
2000;1349164.00000000000000000000000000000000000000000000000000
2001;1349164.00000000000000000000000000000000000000000000000000
2002;1349196.00000000000000000000000000000000000000000000000000
2003;1349228.00000000000000000000000000000000000000000000000000
2004;1349420.00000000000000000000000000000000000000000000000000
2005;1349292.00000000000000000000000000000000000000000000000000
2006;1349196.00000000000000000000000000000000000000000000000000
2007;1349388.00000000000000000000000000000000000000000000000000
2008;1349200.00000000000000000000000000000000000000000000000000
2009;1349228.00000000000000000000000000000000000000000000000000
2010;1349196.00000000000000000000000000000000000000000000000000
2011;1349420.00000000000000000000000000000000000000000000000000
2012;1349228.00000000000000000000000000000000000000000000000000
2013;1349292.00000000000000000000000000000000000000000000000000
2014;1349164.00000000000000000000000000000000000000000000000000
2015;1349388.00000000000000000000000000000000000000000000000000
2016;1349200.00000000000000000000000000000000000000000000000000
2017;1349452.00000000000000000000000000000000000000000000000000
2018;1347556.00000000000000000000000000000000000000000000000000
2019;1347552.00000000000000000000000000000000000000000000000000
2020;1347524.00000000000000000000000000000000000000000000000000
2021;1347544.00000000000000000000000000000000000000000000000000
2022;1347612.00000000000000000000000000000000000000000000000000
2023;1347684.00000000000000000000000000000000000000000000000000
2024;1347380.00000000000000000000000000000000000000000000000000
2025;1347780.00000000000000000000000000000000000000000000000000
2026;1347792.00000000000000000000000000000000000000000000000000
2027;1347948.00000000000000000000000000000000000000000000000000
2028;1347848.00000000000000000000000000000000000000000000000000
2029;1347848.00000000000000000000000000000000000000000000000000
2030;1347860.00000000000000000000000000000000000000000000000000
2031;1347976.00000000000000000000000000000000000000000000000000
2032;1347896.00000000000000000000000000000000000000000000000000
2033;1347508.00000000000000000000000000000000000000000000000000
2034;1347672.00000000000000000000000000000000000000000000000000
2035;1347940.00000000000000000000000000000000000000000000000000
2036;1347840.00000000000000000000000000000000000000000000000000
2037;1347956.00000000000000000000000000000000000000000000000000
2038;1347712.00000000000000000000000000000000000000000000000000
2039;1348252.00000000000000000000000000000000000000000000000000
2040;1348228.00000000000000000000000000000000000000000000000000
2041;1348116.00000000000000000000000000000000000000000000000000
2042;1348808.00000000000000000000000000000000000000000000000000
2043;1348808.00000000000000000000000000000000000000000000000000
2044;1348588.00000000000000000000000000000000000000000000000000
2045;1348584.00000000000000000000000000000000000000000000000000
2046;1348776.00000000000000000000000000000000000000000000000000
2047;1348672.00000000000000000000000000000000000000000000000000
2048;1348812.00000000000000000000000000000000000000000000000000
2049;1348588.00000000000000000000000000000000000000000000000000
2050;1348588.00000000000000000000000000000000000000000000000000
2051;1348780.00000000000000000000000000000000000000000000000000
2052;1348708.00000000000000000000000000000000000000000000000000
2053;1348700.00000000000000000000000000000000000000000000000000
2054;1348812.00000000000000000000000000000000000000000000000000
2055;1348780.00000000000000000000000000000000000000000000000000
2056;1348588.00000000000000000000000000000000000000000000000000
2057;1348588.00000000000000000000000000000000000000000000000000
2058;1348588.00000000000000000000000000000000000000000000000000
2059;1348588.00000000000000000000000000000000000000000000000000
2060;1348588.00000000000000000000000000000000000000000000000000
2061;1305672.00000000000000000000000000000000000000000000000000
2062;1305692.00000000000000000000000000000000000000000000000000
2063;1306336.00000000000000000000000000000000000000000000000000
2064;1306576.00000000000000000000000000000000000000000000000000
2065;1307416.00000000000000000000000000000000000000000000000000
2066;1307924.00000000000000000000000000000000000000000000000000
2067;1309916.00000000000000000000000000000000000000000000000000
2068;1312428.00000000000000000000000000000000000000000000000000
2069;1313904.00000000000000000000000000000000000000000000000000
2070;1315184.00000000000000000000000000000000000000000000000000
2071;1316636.00000000000000000000000000000000000000000000000000
2072;1318948.00000000000000000000000000000000000000000000000000
2073;1320384.00000000000000000000000000000000000000000000000000
2074;1321668.00000000000000000000000000000000000000000000000000
2075;1323112.00000000000000000000000000000000000000000000000000
2076;1324656.00000000000000000000000000000000000000000000000000
2077;1326220.00000000000000000000000000000000000000000000000000
2078;1328472.00000000000000000000000000000000000000000000000000
2079;1330428.00000000000000000000000000000000000000000000000000
2080;1334104.00000000000000000000000000000000000000000000000000
2081;1336304.00000000000000000000000000000000000000000000000000
2082;1339084.00000000000000000000000000000000000000000000000000
2083;1340352.00000000000000000000000000000000000000000000000000
2084;1342348.00000000000000000000000000000000000000000000000000
2085;1346888.00000000000000000000000000000000000000000000000000
2086;1347960.00000000000000000000000000000000000000000000000000
2087;1348344.00000000000000000000000000000000000000000000000000
2088;1348344.00000000000000000000000000000000000000000000000000
2089;1348568.00000000000000000000000000000000000000000000000000
2090;1348380.00000000000000000000000000000000000000000000000000
2091;1348472.00000000000000000000000000000000000000000000000000
2092;1348740.00000000000000000000000000000000000000000000000000
2093;1348548.00000000000000000000000000000000000000000000000000
2094;1348708.00000000000000000000000000000000000000000000000000
2095;1348484.00000000000000000000000000000000000000000000000000
2096;1348548.00000000000000000000000000000000000000000000000000
2097;1348484.00000000000000000000000000000000000000000000000000
2098;1348516.00000000000000000000000000000000000000000000000000
2099;1348516.00000000000000000000000000000000000000000000000000
2100;1348740.00000000000000000000000000000000000000000000000000
2101;1348548.00000000000000000000000000000000000000000000000000
2102;1348548.00000000000000000000000000000000000000000000000000
2103;1348708.00000000000000000000000000000000000000000000000000
2104;1348516.00000000000000000000000000000000000000000000000000
2105;1345980.00000000000000000000000000000000000000000000000000
2106;1345784.00000000000000000000000000000000000000000000000000
2107;1346104.00000000000000000000000000000000000000000000000000
2108;1346120.00000000000000000000000000000000000000000000000000
2109;1346080.00000000000000000000000000000000000000000000000000
2110;1346180.00000000000000000000000000000000000000000000000000
2111;1346220.00000000000000000000000000000000000000000000000000
2112;1346372.00000000000000000000000000000000000000000000000000
2113;1346380.00000000000000000000000000000000000000000000000000
2114;1346416.00000000000000000000000000000000000000000000000000
2115;1346356.00000000000000000000000000000000000000000000000000
2116;1346136.00000000000000000000000000000000000000000000000000
2117;1346412.00000000000000000000000000000000000000000000000000
2118;1346432.00000000000000000000000000000000000000000000000000
2119;1346212.00000000000000000000000000000000000000000000000000
2120;1346524.00000000000000000000000000000000000000000000000000
2121;1346620.00000000000000000000000000000000000000000000000000
2122;1346656.00000000000000000000000000000000000000000000000000
2123;1346708.00000000000000000000000000000000000000000000000000
2124;1346740.00000000000000000000000000000000000000000000000000
2125;1346996.00000000000000000000000000000000000000000000000000
2126;1346844.00000000000000000000000000000000000000000000000000
2127;1347368.00000000000000000000000000000000000000000000000000
2128;1348132.00000000000000000000000000000000000000000000000000
2129;1348124.00000000000000000000000000000000000000000000000000
2130;1348384.00000000000000000000000000000000000000000000000000
2131;1348164.00000000000000000000000000000000000000000000000000
2132;1348164.00000000000000000000000000000000000000000000000000
2133;1348160.00000000000000000000000000000000000000000000000000
2134;1348396.00000000000000000000000000000000000000000000000000
2135;1348140.00000000000000000000000000000000000000000000000000
2136;1348140.00000000000000000000000000000000000000000000000000
2137;1348396.00000000000000000000000000000000000000000000000000
2138;1348396.00000000000000000000000000000000000000000000000000
2139;1348396.00000000000000000000000000000000000000000000000000
2140;1348140.00000000000000000000000000000000000000000000000000
2141;1348264.00000000000000000000000000000000000000000000000000
2142;1348204.00000000000000000000000000000000000000000000000000
2143;1348264.00000000000000000000000000000000000000000000000000
2144;1348268.00000000000000000000000000000000000000000000000000
2145;1348136.00000000000000000000000000000000000000000000000000
2146;1348220.00000000000000000000000000000000000000000000000000
2147;1347108.00000000000000000000000000000000000000000000000000
2148;1347120.00000000000000000000000000000000000000000000000000
2149;1347284.00000000000000000000000000000000000000000000000000
2150;1347260.00000000000000000000000000000000000000000000000000
2151;1347260.00000000000000000000000000000000000000000000000000
2152;1347204.00000000000000000000000000000000000000000000000000
2153;1347220.00000000000000000000000000000000000000000000000000
2154;1347240.00000000000000000000000000000000000000000000000000
2155;1347252.00000000000000000000000000000000000000000000000000
2156;1347164.00000000000000000000000000000000000000000000000000
2157;1347420.00000000000000000000000000000000000000000000000000
2158;1347352.00000000000000000000000000000000000000000000000000
2159;1347412.00000000000000000000000000000000000000000000000000
2160;1347392.00000000000000000000000000000000000000000000000000
2161;1347116.00000000000000000000000000000000000000000000000000
2162;1347452.00000000000000000000000000000000000000000000000000
2163;1347468.00000000000000000000000000000000000000000000000000
2164;1347232.00000000000000000000000000000000000000000000000000
2165;1347540.00000000000000000000000000000000000000000000000000
2166;1347564.00000000000000000000000000000000000000000000000000
2167;1347540.00000000000000000000000000000000000000000000000000
2168;1347304.00000000000000000000000000000000000000000000000000
2169;1347348.00000000000000000000000000000000000000000000000000
2170;1347572.00000000000000000000000000000000000000000000000000
2171;1348680.00000000000000000000000000000000000000000000000000
2172;1349748.00000000000000000000000000000000000000000000000000
2173;1349752.00000000000000000000000000000000000000000000000000
2174;1349624.00000000000000000000000000000000000000000000000000
2175;1349624.00000000000000000000000000000000000000000000000000
2176;1349624.00000000000000000000000000000000000000000000000000
2177;1349624.00000000000000000000000000000000000000000000000000
2178;1349884.00000000000000000000000000000000000000000000000000
2179;1349884.00000000000000000000000000000000000000000000000000
2180;1349696.00000000000000000000000000000000000000000000000000
2181;1349752.00000000000000000000000000000000000000000000000000
2182;1349696.00000000000000000000000000000000000000000000000000
2183;1349696.00000000000000000000000000000000000000000000000000
2184;1349660.00000000000000000000000000000000000000000000000000
2185;1349756.00000000000000000000000000000000000000000000000000
2186;1349708.00000000000000000000000000000000000000000000000000
2187;1349664.00000000000000000000000000000000000000000000000000
2188;1349736.00000000000000000000000000000000000000000000000000
2189;1349752.00000000000000000000000000000000000000000000000000
2190;1349660.00000000000000000000000000000000000000000000000000
2191;1346896.00000000000000000000000000000000000000000000000000
2192;1346884.00000000000000000000000000000000000000000000000000
2193;1346868.00000000000000000000000000000000000000000000000000
2194;1346944.00000000000000000000000000000000000000000000000000
2195;1346980.00000000000000000000000000000000000000000000000000
2196;1347004.00000000000000000000000000000000000000000000000000
2197;1346920.00000000000000000000000000000000000000000000000000
2198;1346936.00000000000000000000000000000000000000000000000000
2199;1346944.00000000000000000000000000000000000000000000000000
2200;1346956.00000000000000000000000000000000000000000000000000
2201;1346924.00000000000000000000000000000000000000000000000000
2202;1346924.00000000000000000000000000000000000000000000000000
2203;1346924.00000000000000000000000000000000000000000000000000
2204;773956.00000000000000000000000000000000000000000000000000
