Second;RAM_KB
0;8048.00000000000000000000000000000000000000000000000000
1;321480.00000000000000000000000000000000000000000000000000
2;375468.00000000000000000000000000000000000000000000000000
3;692364.00000000000000000000000000000000000000000000000000
4;747752.00000000000000000000000000000000000000000000000000
5;776640.00000000000000000000000000000000000000000000000000
6;819612.00000000000000000000000000000000000000000000000000
7;822748.00000000000000000000000000000000000000000000000000
8;823256.00000000000000000000000000000000000000000000000000
9;824360.00000000000000000000000000000000000000000000000000
10;826464.00000000000000000000000000000000000000000000000000
11;829084.00000000000000000000000000000000000000000000000000
12;869216.00000000000000000000000000000000000000000000000000
13;916492.00000000000000000000000000000000000000000000000000
14;916496.00000000000000000000000000000000000000000000000000
15;931148.00000000000000000000000000000000000000000000000000
16;937340.00000000000000000000000000000000000000000000000000
17;979128.00000000000000000000000000000000000000000000000000
18;985780.00000000000000000000000000000000000000000000000000
19;990508.00000000000000000000000000000000000000000000000000
20;997548.00000000000000000000000000000000000000000000000000
21;1002484.00000000000000000000000000000000000000000000000000
22;1009016.00000000000000000000000000000000000000000000000000
23;1015428.00000000000000000000000000000000000000000000000000
24;1021768.00000000000000000000000000000000000000000000000000
25;1028472.00000000000000000000000000000000000000000000000000
26;1033324.00000000000000000000000000000000000000000000000000
27;1039588.00000000000000000000000000000000000000000000000000
28;1044776.00000000000000000000000000000000000000000000000000
29;1048928.00000000000000000000000000000000000000000000000000
30;1054752.00000000000000000000000000000000000000000000000000
31;1059076.00000000000000000000000000000000000000000000000000
32;1065436.00000000000000000000000000000000000000000000000000
33;1070500.00000000000000000000000000000000000000000000000000
34;1076872.00000000000000000000000000000000000000000000000000
35;1083728.00000000000000000000000000000000000000000000000000
36;1088436.00000000000000000000000000000000000000000000000000
37;1095712.00000000000000000000000000000000000000000000000000
38;1100360.00000000000000000000000000000000000000000000000000
39;1104608.00000000000000000000000000000000000000000000000000
40;1110948.00000000000000000000000000000000000000000000000000
41;1115500.00000000000000000000000000000000000000000000000000
42;1119660.00000000000000000000000000000000000000000000000000
43;1126288.00000000000000000000000000000000000000000000000000
44;1130504.00000000000000000000000000000000000000000000000000
45;1135132.00000000000000000000000000000000000000000000000000
46;1139804.00000000000000000000000000000000000000000000000000
47;1146132.00000000000000000000000000000000000000000000000000
48;1151056.00000000000000000000000000000000000000000000000000
49;1156836.00000000000000000000000000000000000000000000000000
50;1162016.00000000000000000000000000000000000000000000000000
51;1167708.00000000000000000000000000000000000000000000000000
52;1172952.00000000000000000000000000000000000000000000000000
53;1177900.00000000000000000000000000000000000000000000000000
54;1177900.00000000000000000000000000000000000000000000000000
55;1769096.00000000000000000000000000000000000000000000000000
56;1877368.00000000000000000000000000000000000000000000000000
57;1877932.00000000000000000000000000000000000000000000000000
58;1877352.00000000000000000000000000000000000000000000000000
59;1877580.00000000000000000000000000000000000000000000000000
60;1877800.00000000000000000000000000000000000000000000000000
61;1877232.00000000000000000000000000000000000000000000000000
62;1877760.00000000000000000000000000000000000000000000000000
63;1877252.00000000000000000000000000000000000000000000000000
64;1877260.00000000000000000000000000000000000000000000000000
65;1877796.00000000000000000000000000000000000000000000000000
66;1875372.00000000000000000000000000000000000000000000000000
67;1875372.00000000000000000000000000000000000000000000000000
68;1878072.00000000000000000000000000000000000000000000000000
69;1878672.00000000000000000000000000000000000000000000000000
70;1878576.00000000000000000000000000000000000000000000000000
71;1878516.00000000000000000000000000000000000000000000000000
72;1878160.00000000000000000000000000000000000000000000000000
73;1878200.00000000000000000000000000000000000000000000000000
74;1878704.00000000000000000000000000000000000000000000000000
75;1878104.00000000000000000000000000000000000000000000000000
76;1878644.00000000000000000000000000000000000000000000000000
77;1878160.00000000000000000000000000000000000000000000000000
78;1878200.00000000000000000000000000000000000000000000000000
79;1875404.00000000000000000000000000000000000000000000000000
80;1875404.00000000000000000000000000000000000000000000000000
81;1878668.00000000000000000000000000000000000000000000000000
82;1878608.00000000000000000000000000000000000000000000000000
83;1878512.00000000000000000000000000000000000000000000000000
84;1878168.00000000000000000000000000000000000000000000000000
85;1878200.00000000000000000000000000000000000000000000000000
86;1878668.00000000000000000000000000000000000000000000000000
87;1878608.00000000000000000000000000000000000000000000000000
88;1878200.00000000000000000000000000000000000000000000000000
89;1878704.00000000000000000000000000000000000000000000000000
90;1878608.00000000000000000000000000000000000000000000000000
91;1878200.00000000000000000000000000000000000000000000000000
92;1776012.00000000000000000000000000000000000000000000000000
93;1775996.00000000000000000000000000000000000000000000000000
94;1777192.00000000000000000000000000000000000000000000000000
95;1779548.00000000000000000000000000000000000000000000000000
96;1781696.00000000000000000000000000000000000000000000000000
97;1784604.00000000000000000000000000000000000000000000000000
98;1786772.00000000000000000000000000000000000000000000000000
99;1788168.00000000000000000000000000000000000000000000000000
100;1790792.00000000000000000000000000000000000000000000000000
101;1791868.00000000000000000000000000000000000000000000000000
102;1794664.00000000000000000000000000000000000000000000000000
103;1796792.00000000000000000000000000000000000000000000000000
104;1800552.00000000000000000000000000000000000000000000000000
105;1802688.00000000000000000000000000000000000000000000000000
106;1805068.00000000000000000000000000000000000000000000000000
107;1807068.00000000000000000000000000000000000000000000000000
108;1810548.00000000000000000000000000000000000000000000000000
109;1812580.00000000000000000000000000000000000000000000000000
110;1816740.00000000000000000000000000000000000000000000000000
111;1818168.00000000000000000000000000000000000000000000000000
112;1819948.00000000000000000000000000000000000000000000000000
113;1824672.00000000000000000000000000000000000000000000000000
114;1827040.00000000000000000000000000000000000000000000000000
115;1831596.00000000000000000000000000000000000000000000000000
116;1833380.00000000000000000000000000000000000000000000000000
117;1836024.00000000000000000000000000000000000000000000000000
118;1841292.00000000000000000000000000000000000000000000000000
119;1842960.00000000000000000000000000000000000000000000000000
120;1845396.00000000000000000000000000000000000000000000000000
121;1850004.00000000000000000000000000000000000000000000000000
122;1851820.00000000000000000000000000000000000000000000000000
123;1853368.00000000000000000000000000000000000000000000000000
124;1856556.00000000000000000000000000000000000000000000000000
125;1860876.00000000000000000000000000000000000000000000000000
126;1862740.00000000000000000000000000000000000000000000000000
127;1864932.00000000000000000000000000000000000000000000000000
128;1867148.00000000000000000000000000000000000000000000000000
129;1869556.00000000000000000000000000000000000000000000000000
130;1874588.00000000000000000000000000000000000000000000000000
131;1876828.00000000000000000000000000000000000000000000000000
132;1880112.00000000000000000000000000000000000000000000000000
133;1880112.00000000000000000000000000000000000000000000000000
134;1883824.00000000000000000000000000000000000000000000000000
135;1884508.00000000000000000000000000000000000000000000000000
136;1884412.00000000000000000000000000000000000000000000000000
137;1884316.00000000000000000000000000000000000000000000000000
138;1883964.00000000000000000000000000000000000000000000000000
139;1883908.00000000000000000000000000000000000000000000000000
140;1884508.00000000000000000000000000000000000000000000000000
141;1884412.00000000000000000000000000000000000000000000000000
142;1884316.00000000000000000000000000000000000000000000000000
143;1883964.00000000000000000000000000000000000000000000000000
144;1881208.00000000000000000000000000000000000000000000000000
145;1881756.00000000000000000000000000000000000000000000000000
146;1884456.00000000000000000000000000000000000000000000000000
147;1885056.00000000000000000000000000000000000000000000000000
148;1884960.00000000000000000000000000000000000000000000000000
149;1884488.00000000000000000000000000000000000000000000000000
150;1885056.00000000000000000000000000000000000000000000000000
151;1884960.00000000000000000000000000000000000000000000000000
152;1884552.00000000000000000000000000000000000000000000000000
153;1885056.00000000000000000000000000000000000000000000000000
154;1884960.00000000000000000000000000000000000000000000000000
155;1884552.00000000000000000000000000000000000000000000000000
156;1885056.00000000000000000000000000000000000000000000000000
157;1881756.00000000000000000000000000000000000000000000000000
158;1881756.00000000000000000000000000000000000000000000000000
159;1884512.00000000000000000000000000000000000000000000000000
160;1884736.00000000000000000000000000000000000000000000000000
161;1885024.00000000000000000000000000000000000000000000000000
162;1884456.00000000000000000000000000000000000000000000000000
163;1884864.00000000000000000000000000000000000000000000000000
164;1884512.00000000000000000000000000000000000000000000000000
165;1884456.00000000000000000000000000000000000000000000000000
166;1885056.00000000000000000000000000000000000000000000000000
167;1884960.00000000000000000000000000000000000000000000000000
168;1884552.00000000000000000000000000000000000000000000000000
169;1885056.00000000000000000000000000000000000000000000000000
170;1779776.00000000000000000000000000000000000000000000000000
171;1782048.00000000000000000000000000000000000000000000000000
172;1784200.00000000000000000000000000000000000000000000000000
173;1787024.00000000000000000000000000000000000000000000000000
174;1789048.00000000000000000000000000000000000000000000000000
175;1790484.00000000000000000000000000000000000000000000000000
176;1792780.00000000000000000000000000000000000000000000000000
177;1795188.00000000000000000000000000000000000000000000000000
178;1796908.00000000000000000000000000000000000000000000000000
179;1799068.00000000000000000000000000000000000000000000000000
180;1801428.00000000000000000000000000000000000000000000000000
181;1803768.00000000000000000000000000000000000000000000000000
182;1805504.00000000000000000000000000000000000000000000000000
183;1807796.00000000000000000000000000000000000000000000000000
184;1809360.00000000000000000000000000000000000000000000000000
185;1812536.00000000000000000000000000000000000000000000000000
186;1816420.00000000000000000000000000000000000000000000000000
187;1818680.00000000000000000000000000000000000000000000000000
188;1821524.00000000000000000000000000000000000000000000000000
189;1823660.00000000000000000000000000000000000000000000000000
190;1825408.00000000000000000000000000000000000000000000000000
191;1829464.00000000000000000000000000000000000000000000000000
192;1831356.00000000000000000000000000000000000000000000000000
193;1836536.00000000000000000000000000000000000000000000000000
194;1838100.00000000000000000000000000000000000000000000000000
195;1840168.00000000000000000000000000000000000000000000000000
196;1845584.00000000000000000000000000000000000000000000000000
197;1847748.00000000000000000000000000000000000000000000000000
198;1849696.00000000000000000000000000000000000000000000000000
199;1851940.00000000000000000000000000000000000000000000000000
200;1855052.00000000000000000000000000000000000000000000000000
201;1857504.00000000000000000000000000000000000000000000000000
202;1859472.00000000000000000000000000000000000000000000000000
203;1865348.00000000000000000000000000000000000000000000000000
204;1866652.00000000000000000000000000000000000000000000000000
205;1869108.00000000000000000000000000000000000000000000000000
206;1871580.00000000000000000000000000000000000000000000000000
207;1874088.00000000000000000000000000000000000000000000000000
208;1877800.00000000000000000000000000000000000000000000000000
209;1880056.00000000000000000000000000000000000000000000000000
210;1882844.00000000000000000000000000000000000000000000000000
211;1884588.00000000000000000000000000000000000000000000000000
212;1888432.00000000000000000000000000000000000000000000000000
213;1888368.00000000000000000000000000000000000000000000000000
214;1888968.00000000000000000000000000000000000000000000000000
215;1888424.00000000000000000000000000000000000000000000000000
216;1888464.00000000000000000000000000000000000000000000000000
217;1888968.00000000000000000000000000000000000000000000000000
218;1888872.00000000000000000000000000000000000000000000000000
219;1888776.00000000000000000000000000000000000000000000000000
220;1888424.00000000000000000000000000000000000000000000000000
221;1888368.00000000000000000000000000000000000000000000000000
222;1888968.00000000000000000000000000000000000000000000000000
223;1886564.00000000000000000000000000000000000000000000000000
224;1886564.00000000000000000000000000000000000000000000000000
225;1889320.00000000000000000000000000000000000000000000000000
226;1889264.00000000000000000000000000000000000000000000000000
227;1889864.00000000000000000000000000000000000000000000000000
228;1889768.00000000000000000000000000000000000000000000000000
229;1889360.00000000000000000000000000000000000000000000000000
230;1889864.00000000000000000000000000000000000000000000000000
231;1889768.00000000000000000000000000000000000000000000000000
232;1889296.00000000000000000000000000000000000000000000000000
233;1889864.00000000000000000000000000000000000000000000000000
234;1889768.00000000000000000000000000000000000000000000000000
235;1889544.00000000000000000000000000000000000000000000000000
236;1886564.00000000000000000000000000000000000000000000000000
237;1886564.00000000000000000000000000000000000000000000000000
238;1889864.00000000000000000000000000000000000000000000000000
239;1889768.00000000000000000000000000000000000000000000000000
240;1889296.00000000000000000000000000000000000000000000000000
241;1889896.00000000000000000000000000000000000000000000000000
242;1889768.00000000000000000000000000000000000000000000000000
243;1889360.00000000000000000000000000000000000000000000000000
244;1889864.00000000000000000000000000000000000000000000000000
245;1889768.00000000000000000000000000000000000000000000000000
246;1889296.00000000000000000000000000000000000000000000000000
247;1889896.00000000000000000000000000000000000000000000000000
248;1889768.00000000000000000000000000000000000000000000000000
249;1779508.00000000000000000000000000000000000000000000000000
250;1781668.00000000000000000000000000000000000000000000000000
251;1783944.00000000000000000000000000000000000000000000000000
252;1785956.00000000000000000000000000000000000000000000000000
253;1788388.00000000000000000000000000000000000000000000000000
254;1790700.00000000000000000000000000000000000000000000000000
255;1790648.00000000000000000000000000000000000000000000000000
256;1793292.00000000000000000000000000000000000000000000000000
257;1796020.00000000000000000000000000000000000000000000000000
258;1799164.00000000000000000000000000000000000000000000000000
259;1801876.00000000000000000000000000000000000000000000000000
260;1803804.00000000000000000000000000000000000000000000000000
261;1805728.00000000000000000000000000000000000000000000000000
262;1808164.00000000000000000000000000000000000000000000000000
263;1810148.00000000000000000000000000000000000000000000000000
264;1814348.00000000000000000000000000000000000000000000000000
265;1816096.00000000000000000000000000000000000000000000000000
266;1818588.00000000000000000000000000000000000000000000000000
267;1820696.00000000000000000000000000000000000000000000000000
268;1822508.00000000000000000000000000000000000000000000000000
269;1826700.00000000000000000000000000000000000000000000000000
270;1828768.00000000000000000000000000000000000000000000000000
271;1833816.00000000000000000000000000000000000000000000000000
272;1834712.00000000000000000000000000000000000000000000000000
273;1836768.00000000000000000000000000000000000000000000000000
274;1843812.00000000000000000000000000000000000000000000000000
275;1847180.00000000000000000000000000000000000000000000000000
276;1847948.00000000000000000000000000000000000000000000000000
277;1851112.00000000000000000000000000000000000000000000000000
278;1855316.00000000000000000000000000000000000000000000000000
279;1858236.00000000000000000000000000000000000000000000000000
280;1859252.00000000000000000000000000000000000000000000000000
281;1864072.00000000000000000000000000000000000000000000000000
282;1866688.00000000000000000000000000000000000000000000000000
283;1868920.00000000000000000000000000000000000000000000000000
284;1871272.00000000000000000000000000000000000000000000000000
285;1876996.00000000000000000000000000000000000000000000000000
286;1877408.00000000000000000000000000000000000000000000000000
287;1879320.00000000000000000000000000000000000000000000000000
288;1881948.00000000000000000000000000000000000000000000000000
289;1885352.00000000000000000000000000000000000000000000000000
290;1885596.00000000000000000000000000000000000000000000000000
291;1889424.00000000000000000000000000000000000000000000000000
292;1889988.00000000000000000000000000000000000000000000000000
293;1889892.00000000000000000000000000000000000000000000000000
294;1889484.00000000000000000000000000000000000000000000000000
295;1889952.00000000000000000000000000000000000000000000000000
296;1889892.00000000000000000000000000000000000000000000000000
297;1889420.00000000000000000000000000000000000000000000000000
298;1889988.00000000000000000000000000000000000000000000000000
299;1889892.00000000000000000000000000000000000000000000000000
300;1889484.00000000000000000000000000000000000000000000000000
301;1889952.00000000000000000000000000000000000000000000000000
302;1887332.00000000000000000000000000000000000000000000000000
303;1890088.00000000000000000000000000000000000000000000000000
304;1890128.00000000000000000000000000000000000000000000000000
305;1890596.00000000000000000000000000000000000000000000000000
306;1890088.00000000000000000000000000000000000000000000000000
307;1890032.00000000000000000000000000000000000000000000000000
308;1890128.00000000000000000000000000000000000000000000000000
309;1890632.00000000000000000000000000000000000000000000000000
310;1890632.00000000000000000000000000000000000000000000000000
311;1890568.00000000000000000000000000000000000000000000000000
312;1890440.00000000000000000000000000000000000000000000000000
313;1890632.00000000000000000000000000000000000000000000000000
314;1890632.00000000000000000000000000000000000000000000000000
315;1887332.00000000000000000000000000000000000000000000000000
316;1887332.00000000000000000000000000000000000000000000000000
317;1890128.00000000000000000000000000000000000000000000000000
318;1890096.00000000000000000000000000000000000000000000000000
319;1890128.00000000000000000000000000000000000000000000000000
320;1890316.00000000000000000000000000000000000000000000000000
321;1890572.00000000000000000000000000000000000000000000000000
322;1890596.00000000000000000000000000000000000000000000000000
323;1890596.00000000000000000000000000000000000000000000000000
324;1890696.00000000000000000000000000000000000000000000000000
325;1890600.00000000000000000000000000000000000000000000000000
326;1890536.00000000000000000000000000000000000000000000000000
327;1890088.00000000000000000000000000000000000000000000000000
328;1890032.00000000000000000000000000000000000000000000000000
329;1890096.00000000000000000000000000000000000000000000000000
330;1789568.00000000000000000000000000000000000000000000000000
331;1789872.00000000000000000000000000000000000000000000000000
332;1790396.00000000000000000000000000000000000000000000000000
333;1791540.00000000000000000000000000000000000000000000000000
334;1793084.00000000000000000000000000000000000000000000000000
335;1794640.00000000000000000000000000000000000000000000000000
336;1796192.00000000000000000000000000000000000000000000000000
337;1797604.00000000000000000000000000000000000000000000000000
338;1799268.00000000000000000000000000000000000000000000000000
339;1800452.00000000000000000000000000000000000000000000000000
340;1802228.00000000000000000000000000000000000000000000000000
341;1803904.00000000000000000000000000000000000000000000000000
342;1806084.00000000000000000000000000000000000000000000000000
343;1807164.00000000000000000000000000000000000000000000000000
344;1809904.00000000000000000000000000000000000000000000000000
345;1811292.00000000000000000000000000000000000000000000000000
346;1813080.00000000000000000000000000000000000000000000000000
347;1814312.00000000000000000000000000000000000000000000000000
348;1814676.00000000000000000000000000000000000000000000000000
349;1817276.00000000000000000000000000000000000000000000000000
350;1818556.00000000000000000000000000000000000000000000000000
351;1821516.00000000000000000000000000000000000000000000000000
352;1822500.00000000000000000000000000000000000000000000000000
353;1823808.00000000000000000000000000000000000000000000000000
354;1825880.00000000000000000000000000000000000000000000000000
355;1826348.00000000000000000000000000000000000000000000000000
356;1828348.00000000000000000000000000000000000000000000000000
357;1831760.00000000000000000000000000000000000000000000000000
358;1833364.00000000000000000000000000000000000000000000000000
359;1835472.00000000000000000000000000000000000000000000000000
360;1836232.00000000000000000000000000000000000000000000000000
361;1839640.00000000000000000000000000000000000000000000000000
362;1841544.00000000000000000000000000000000000000000000000000
363;1843404.00000000000000000000000000000000000000000000000000
364;1843872.00000000000000000000000000000000000000000000000000
365;1848420.00000000000000000000000000000000000000000000000000
366;1849900.00000000000000000000000000000000000000000000000000
367;1850620.00000000000000000000000000000000000000000000000000
368;1852700.00000000000000000000000000000000000000000000000000
369;1858592.00000000000000000000000000000000000000000000000000
370;1859544.00000000000000000000000000000000000000000000000000
371;1861412.00000000000000000000000000000000000000000000000000
372;1862596.00000000000000000000000000000000000000000000000000
373;1863996.00000000000000000000000000000000000000000000000000
374;1868512.00000000000000000000000000000000000000000000000000
375;1869692.00000000000000000000000000000000000000000000000000
376;1871616.00000000000000000000000000000000000000000000000000
377;1872756.00000000000000000000000000000000000000000000000000
378;1874020.00000000000000000000000000000000000000000000000000
379;1875680.00000000000000000000000000000000000000000000000000
380;1879728.00000000000000000000000000000000000000000000000000
381;1880440.00000000000000000000000000000000000000000000000000
382;1882432.00000000000000000000000000000000000000000000000000
383;1882676.00000000000000000000000000000000000000000000000000
384;1884112.00000000000000000000000000000000000000000000000000
385;1885532.00000000000000000000000000000000000000000000000000
386;1887008.00000000000000000000000000000000000000000000000000
387;1888056.00000000000000000000000000000000000000000000000000
388;1890972.00000000000000000000000000000000000000000000000000
389;1891792.00000000000000000000000000000000000000000000000000
390;1891920.00000000000000000000000000000000000000000000000000
391;1892112.00000000000000000000000000000000000000000000000000
392;1892112.00000000000000000000000000000000000000000000000000
393;1892112.00000000000000000000000000000000000000000000000000
394;1892112.00000000000000000000000000000000000000000000000000
395;1891568.00000000000000000000000000000000000000000000000000
396;1892112.00000000000000000000000000000000000000000000000000
397;1892112.00000000000000000000000000000000000000000000000000
398;1892080.00000000000000000000000000000000000000000000000000
399;1891568.00000000000000000000000000000000000000000000000000
400;1892016.00000000000000000000000000000000000000000000000000
401;1889456.00000000000000000000000000000000000000000000000000
402;1889456.00000000000000000000000000000000000000000000000000
403;1892756.00000000000000000000000000000000000000000000000000
404;1892756.00000000000000000000000000000000000000000000000000
405;1892756.00000000000000000000000000000000000000000000000000
406;1892756.00000000000000000000000000000000000000000000000000
407;1892212.00000000000000000000000000000000000000000000000000
408;1892212.00000000000000000000000000000000000000000000000000
409;1892660.00000000000000000000000000000000000000000000000000
410;1892660.00000000000000000000000000000000000000000000000000
411;1892212.00000000000000000000000000000000000000000000000000
412;1892660.00000000000000000000000000000000000000000000000000
413;1892156.00000000000000000000000000000000000000000000000000
414;1892156.00000000000000000000000000000000000000000000000000
415;1892220.00000000000000000000000000000000000000000000000000
416;1889456.00000000000000000000000000000000000000000000000000
417;1892660.00000000000000000000000000000000000000000000000000
418;1892660.00000000000000000000000000000000000000000000000000
419;1892660.00000000000000000000000000000000000000000000000000
420;1892156.00000000000000000000000000000000000000000000000000
421;1892156.00000000000000000000000000000000000000000000000000
422;1892220.00000000000000000000000000000000000000000000000000
423;1892692.00000000000000000000000000000000000000000000000000
424;1892760.00000000000000000000000000000000000000000000000000
425;1892760.00000000000000000000000000000000000000000000000000
426;1892760.00000000000000000000000000000000000000000000000000
427;1892728.00000000000000000000000000000000000000000000000000
428;1892216.00000000000000000000000000000000000000000000000000
429;1892224.00000000000000000000000000000000000000000000000000
430;1787796.00000000000000000000000000000000000000000000000000
431;1788476.00000000000000000000000000000000000000000000000000
432;1790136.00000000000000000000000000000000000000000000000000
433;1790684.00000000000000000000000000000000000000000000000000
434;1790948.00000000000000000000000000000000000000000000000000
435;1791608.00000000000000000000000000000000000000000000000000
436;1790936.00000000000000000000000000000000000000000000000000
437;1792000.00000000000000000000000000000000000000000000000000
438;1793528.00000000000000000000000000000000000000000000000000
439;1794968.00000000000000000000000000000000000000000000000000
440;1796688.00000000000000000000000000000000000000000000000000
441;1798132.00000000000000000000000000000000000000000000000000
442;1800292.00000000000000000000000000000000000000000000000000
443;1801928.00000000000000000000000000000000000000000000000000
444;1803412.00000000000000000000000000000000000000000000000000
445;1805344.00000000000000000000000000000000000000000000000000
446;1806468.00000000000000000000000000000000000000000000000000
447;1808616.00000000000000000000000000000000000000000000000000
448;1810232.00000000000000000000000000000000000000000000000000
449;1811372.00000000000000000000000000000000000000000000000000
450;1813628.00000000000000000000000000000000000000000000000000
451;1815056.00000000000000000000000000000000000000000000000000
452;1818256.00000000000000000000000000000000000000000000000000
453;1819244.00000000000000000000000000000000000000000000000000
454;1820624.00000000000000000000000000000000000000000000000000
455;1822232.00000000000000000000000000000000000000000000000000
456;1823828.00000000000000000000000000000000000000000000000000
457;1825748.00000000000000000000000000000000000000000000000000
458;1827948.00000000000000000000000000000000000000000000000000
459;1829388.00000000000000000000000000000000000000000000000000
460;1830332.00000000000000000000000000000000000000000000000000
461;1832496.00000000000000000000000000000000000000000000000000
462;1834944.00000000000000000000000000000000000000000000000000
463;1836476.00000000000000000000000000000000000000000000000000
464;1837896.00000000000000000000000000000000000000000000000000
465;1839668.00000000000000000000000000000000000000000000000000
466;1840828.00000000000000000000000000000000000000000000000000
467;1844656.00000000000000000000000000000000000000000000000000
468;1846444.00000000000000000000000000000000000000000000000000
469;1847792.00000000000000000000000000000000000000000000000000
470;1849344.00000000000000000000000000000000000000000000000000
471;1851280.00000000000000000000000000000000000000000000000000
472;1857260.00000000000000000000000000000000000000000000000000
473;1858848.00000000000000000000000000000000000000000000000000
474;1860116.00000000000000000000000000000000000000000000000000
475;1861524.00000000000000000000000000000000000000000000000000
476;1862960.00000000000000000000000000000000000000000000000000
477;1867252.00000000000000000000000000000000000000000000000000
478;1868988.00000000000000000000000000000000000000000000000000
479;1870364.00000000000000000000000000000000000000000000000000
480;1872284.00000000000000000000000000000000000000000000000000
481;1873884.00000000000000000000000000000000000000000000000000
482;1875172.00000000000000000000000000000000000000000000000000
483;1876292.00000000000000000000000000000000000000000000000000
484;1880688.00000000000000000000000000000000000000000000000000
485;1882048.00000000000000000000000000000000000000000000000000
486;1883164.00000000000000000000000000000000000000000000000000
487;1885168.00000000000000000000000000000000000000000000000000
488;1886740.00000000000000000000000000000000000000000000000000
489;1888880.00000000000000000000000000000000000000000000000000
490;1888880.00000000000000000000000000000000000000000000000000
491;1893368.00000000000000000000000000000000000000000000000000
492;1893448.00000000000000000000000000000000000000000000000000
493;1892944.00000000000000000000000000000000000000000000000000
494;1893448.00000000000000000000000000000000000000000000000000
495;1893448.00000000000000000000000000000000000000000000000000
496;1892944.00000000000000000000000000000000000000000000000000
497;1892944.00000000000000000000000000000000000000000000000000
498;1893448.00000000000000000000000000000000000000000000000000
499;1893448.00000000000000000000000000000000000000000000000000
500;1892944.00000000000000000000000000000000000000000000000000
501;1893448.00000000000000000000000000000000000000000000000000
502;1893448.00000000000000000000000000000000000000000000000000
503;1893448.00000000000000000000000000000000000000000000000000
504;1890888.00000000000000000000000000000000000000000000000000
505;1894188.00000000000000000000000000000000000000000000000000
506;1894196.00000000000000000000000000000000000000000000000000
507;1894188.00000000000000000000000000000000000000000000000000
508;1894132.00000000000000000000000000000000000000000000000000
509;1894188.00000000000000000000000000000000000000000000000000
510;1894188.00000000000000000000000000000000000000000000000000
511;1894188.00000000000000000000000000000000000000000000000000
512;1894188.00000000000000000000000000000000000000000000000000
513;1894188.00000000000000000000000000000000000000000000000000
514;1894188.00000000000000000000000000000000000000000000000000
515;1893648.00000000000000000000000000000000000000000000000000
516;1893648.00000000000000000000000000000000000000000000000000
517;1893648.00000000000000000000000000000000000000000000000000
518;1890892.00000000000000000000000000000000000000000000000000
519;1890892.00000000000000000000000000000000000000000000000000
520;1893872.00000000000000000000000000000000000000000000000000
521;1894000.00000000000000000000000000000000000000000000000000
522;1894000.00000000000000000000000000000000000000000000000000
523;1894000.00000000000000000000000000000000000000000000000000
524;1894192.00000000000000000000000000000000000000000000000000
525;1894192.00000000000000000000000000000000000000000000000000
526;1894192.00000000000000000000000000000000000000000000000000
527;1894192.00000000000000000000000000000000000000000000000000
528;1894200.00000000000000000000000000000000000000000000000000
529;1894192.00000000000000000000000000000000000000000000000000
530;1894160.00000000000000000000000000000000000000000000000000
531;1893648.00000000000000000000000000000000000000000000000000
532;1893648.00000000000000000000000000000000000000000000000000
533;1795724.00000000000000000000000000000000000000000000000000
534;1796524.00000000000000000000000000000000000000000000000000
535;1796772.00000000000000000000000000000000000000000000000000
536;1797360.00000000000000000000000000000000000000000000000000
537;1797600.00000000000000000000000000000000000000000000000000
538;1797944.00000000000000000000000000000000000000000000000000
539;1798436.00000000000000000000000000000000000000000000000000
540;1798676.00000000000000000000000000000000000000000000000000
541;1798740.00000000000000000000000000000000000000000000000000
542;1799460.00000000000000000000000000000000000000000000000000
543;1800860.00000000000000000000000000000000000000000000000000
544;1802568.00000000000000000000000000000000000000000000000000
545;1803960.00000000000000000000000000000000000000000000000000
546;1805732.00000000000000000000000000000000000000000000000000
547;1807204.00000000000000000000000000000000000000000000000000
548;1808988.00000000000000000000000000000000000000000000000000
549;1811488.00000000000000000000000000000000000000000000000000
550;1813028.00000000000000000000000000000000000000000000000000
551;1814364.00000000000000000000000000000000000000000000000000
552;1816592.00000000000000000000000000000000000000000000000000
553;1817904.00000000000000000000000000000000000000000000000000
554;1820844.00000000000000000000000000000000000000000000000000
555;1821720.00000000000000000000000000000000000000000000000000
556;1823936.00000000000000000000000000000000000000000000000000
557;1825800.00000000000000000000000000000000000000000000000000
558;1827404.00000000000000000000000000000000000000000000000000
559;1828736.00000000000000000000000000000000000000000000000000
560;1830756.00000000000000000000000000000000000000000000000000
561;1832728.00000000000000000000000000000000000000000000000000
562;1834260.00000000000000000000000000000000000000000000000000
563;1837452.00000000000000000000000000000000000000000000000000
564;1839572.00000000000000000000000000000000000000000000000000
565;1841196.00000000000000000000000000000000000000000000000000
566;1843104.00000000000000000000000000000000000000000000000000
567;1843844.00000000000000000000000000000000000000000000000000
568;1845936.00000000000000000000000000000000000000000000000000
569;1848372.00000000000000000000000000000000000000000000000000
570;1849368.00000000000000000000000000000000000000000000000000
571;1851252.00000000000000000000000000000000000000000000000000
572;1859068.00000000000000000000000000000000000000000000000000
573;1860112.00000000000000000000000000000000000000000000000000
574;1861648.00000000000000000000000000000000000000000000000000
575;1863536.00000000000000000000000000000000000000000000000000
576;1864796.00000000000000000000000000000000000000000000000000
577;1869816.00000000000000000000000000000000000000000000000000
578;1871892.00000000000000000000000000000000000000000000000000
579;1873428.00000000000000000000000000000000000000000000000000
580;1874680.00000000000000000000000000000000000000000000000000
581;1876708.00000000000000000000000000000000000000000000000000
582;1880340.00000000000000000000000000000000000000000000000000
583;1880648.00000000000000000000000000000000000000000000000000
584;1882768.00000000000000000000000000000000000000000000000000
585;1884280.00000000000000000000000000000000000000000000000000
586;1885732.00000000000000000000000000000000000000000000000000
587;1887576.00000000000000000000000000000000000000000000000000
588;1889324.00000000000000000000000000000000000000000000000000
589;1898084.00000000000000000000000000000000000000000000000000
590;1898084.00000000000000000000000000000000000000000000000000
591;1901268.00000000000000000000000000000000000000000000000000
592;1901296.00000000000000000000000000000000000000000000000000
593;1901360.00000000000000000000000000000000000000000000000000
594;1901328.00000000000000000000000000000000000000000000000000
595;1901672.00000000000000000000000000000000000000000000000000
596;1901864.00000000000000000000000000000000000000000000000000
597;1901864.00000000000000000000000000000000000000000000000000
598;1901864.00000000000000000000000000000000000000000000000000
599;1901832.00000000000000000000000000000000000000000000000000
600;1901320.00000000000000000000000000000000000000000000000000
601;1901320.00000000000000000000000000000000000000000000000000
602;1901320.00000000000000000000000000000000000000000000000000
603;1901832.00000000000000000000000000000000000000000000000000
604;1898564.00000000000000000000000000000000000000000000000000
605;1898564.00000000000000000000000000000000000000000000000000
606;1901768.00000000000000000000000000000000000000000000000000
607;1901320.00000000000000000000000000000000000000000000000000
608;1901840.00000000000000000000000000000000000000000000000000
609;1901928.00000000000000000000000000000000000000000000000000
610;1901864.00000000000000000000000000000000000000000000000000
611;1901864.00000000000000000000000000000000000000000000000000
612;1901360.00000000000000000000000000000000000000000000000000
613;1901264.00000000000000000000000000000000000000000000000000
614;1901264.00000000000000000000000000000000000000000000000000
615;1901768.00000000000000000000000000000000000000000000000000
616;1901320.00000000000000000000000000000000000000000000000000
617;1901864.00000000000000000000000000000000000000000000000000
618;1901864.00000000000000000000000000000000000000000000000000
619;1898564.00000000000000000000000000000000000000000000000000
620;1898564.00000000000000000000000000000000000000000000000000
621;1901864.00000000000000000000000000000000000000000000000000
622;1901672.00000000000000000000000000000000000000000000000000
623;1901328.00000000000000000000000000000000000000000000000000
624;1901768.00000000000000000000000000000000000000000000000000
625;1901320.00000000000000000000000000000000000000000000000000
626;1901864.00000000000000000000000000000000000000000000000000
627;1901800.00000000000000000000000000000000000000000000000000
628;1901328.00000000000000000000000000000000000000000000000000
629;1901264.00000000000000000000000000000000000000000000000000
630;1901768.00000000000000000000000000000000000000000000000000
631;1901320.00000000000000000000000000000000000000000000000000
632;1901864.00000000000000000000000000000000000000000000000000
633;1901296.00000000000000000000000000000000000000000000000000
634;1901264.00000000000000000000000000000000000000000000000000
635;1901720.00000000000000000000000000000000000000000000000000
636;1792416.00000000000000000000000000000000000000000000000000
637;1793036.00000000000000000000000000000000000000000000000000
638;1793808.00000000000000000000000000000000000000000000000000
639;1793580.00000000000000000000000000000000000000000000000000
640;1794296.00000000000000000000000000000000000000000000000000
641;1795228.00000000000000000000000000000000000000000000000000
642;1795636.00000000000000000000000000000000000000000000000000
643;1795888.00000000000000000000000000000000000000000000000000
644;1796128.00000000000000000000000000000000000000000000000000
645;1796160.00000000000000000000000000000000000000000000000000
646;1796412.00000000000000000000000000000000000000000000000000
647;1798200.00000000000000000000000000000000000000000000000000
648;1799672.00000000000000000000000000000000000000000000000000
649;1801380.00000000000000000000000000000000000000000000000000
650;1802512.00000000000000000000000000000000000000000000000000
651;1804896.00000000000000000000000000000000000000000000000000
652;1806176.00000000000000000000000000000000000000000000000000
653;1808252.00000000000000000000000000000000000000000000000000
654;1809432.00000000000000000000000000000000000000000000000000
655;1811484.00000000000000000000000000000000000000000000000000
656;1812796.00000000000000000000000000000000000000000000000000
657;1814128.00000000000000000000000000000000000000000000000000
658;1815992.00000000000000000000000000000000000000000000000000
659;1817080.00000000000000000000000000000000000000000000000000
660;1818348.00000000000000000000000000000000000000000000000000
661;1821156.00000000000000000000000000000000000000000000000000
662;1822300.00000000000000000000000000000000000000000000000000
663;1823508.00000000000000000000000000000000000000000000000000
664;1825224.00000000000000000000000000000000000000000000000000
665;1827224.00000000000000000000000000000000000000000000000000
666;1828932.00000000000000000000000000000000000000000000000000
667;1829868.00000000000000000000000000000000000000000000000000
668;1833184.00000000000000000000000000000000000000000000000000
669;1834044.00000000000000000000000000000000000000000000000000
670;1835908.00000000000000000000000000000000000000000000000000
671;1837568.00000000000000000000000000000000000000000000000000
672;1838320.00000000000000000000000000000000000000000000000000
673;1844352.00000000000000000000000000000000000000000000000000
674;1846236.00000000000000000000000000000000000000000000000000
675;1848052.00000000000000000000000000000000000000000000000000
676;1849176.00000000000000000000000000000000000000000000000000
677;1850348.00000000000000000000000000000000000000000000000000
678;1855596.00000000000000000000000000000000000000000000000000
679;1856996.00000000000000000000000000000000000000000000000000
680;1859348.00000000000000000000000000000000000000000000000000
681;1860312.00000000000000000000000000000000000000000000000000
682;1865636.00000000000000000000000000000000000000000000000000
683;1867588.00000000000000000000000000000000000000000000000000
684;1869316.00000000000000000000000000000000000000000000000000
685;1870260.00000000000000000000000000000000000000000000000000
686;1871764.00000000000000000000000000000000000000000000000000
687;1873800.00000000000000000000000000000000000000000000000000
688;1877744.00000000000000000000000000000000000000000000000000
689;1878736.00000000000000000000000000000000000000000000000000
690;1880636.00000000000000000000000000000000000000000000000000
691;1881480.00000000000000000000000000000000000000000000000000
692;1883420.00000000000000000000000000000000000000000000000000
693;1884780.00000000000000000000000000000000000000000000000000
694;1888736.00000000000000000000000000000000000000000000000000
695;1889828.00000000000000000000000000000000000000000000000000
696;1891208.00000000000000000000000000000000000000000000000000
697;1892212.00000000000000000000000000000000000000000000000000
698;1894812.00000000000000000000000000000000000000000000000000
699;1894812.00000000000000000000000000000000000000000000000000
700;1898252.00000000000000000000000000000000000000000000000000
701;1898460.00000000000000000000000000000000000000000000000000
702;1898612.00000000000000000000000000000000000000000000000000
703;1898612.00000000000000000000000000000000000000000000000000
704;1898612.00000000000000000000000000000000000000000000000000
705;1898460.00000000000000000000000000000000000000000000000000
706;1898612.00000000000000000000000000000000000000000000000000
707;1898712.00000000000000000000000000000000000000000000000000
708;1898104.00000000000000000000000000000000000000000000000000
709;1898104.00000000000000000000000000000000000000000000000000
710;1898104.00000000000000000000000000000000000000000000000000
711;1898104.00000000000000000000000000000000000000000000000000
712;1898104.00000000000000000000000000000000000000000000000000
713;1896004.00000000000000000000000000000000000000000000000000
714;1899244.00000000000000000000000000000000000000000000000000
715;1899268.00000000000000000000000000000000000000000000000000
716;1899268.00000000000000000000000000000000000000000000000000
717;1899252.00000000000000000000000000000000000000000000000000
718;1899268.00000000000000000000000000000000000000000000000000
719;1899272.00000000000000000000000000000000000000000000000000
720;1899272.00000000000000000000000000000000000000000000000000
721;1898760.00000000000000000000000000000000000000000000000000
722;1899272.00000000000000000000000000000000000000000000000000
723;1898760.00000000000000000000000000000000000000000000000000
724;1899208.00000000000000000000000000000000000000000000000000
725;1898704.00000000000000000000000000000000000000000000000000
726;1898768.00000000000000000000000000000000000000000000000000
727;1896004.00000000000000000000000000000000000000000000000000
728;1896004.00000000000000000000000000000000000000000000000000
729;1898760.00000000000000000000000000000000000000000000000000
730;1899208.00000000000000000000000000000000000000000000000000
731;1898704.00000000000000000000000000000000000000000000000000
732;1899116.00000000000000000000000000000000000000000000000000
733;1899368.00000000000000000000000000000000000000000000000000
734;1898760.00000000000000000000000000000000000000000000000000
735;1898704.00000000000000000000000000000000000000000000000000
736;1899276.00000000000000000000000000000000000000000000000000
737;1898760.00000000000000000000000000000000000000000000000000
738;1899208.00000000000000000000000000000000000000000000000000
739;1898800.00000000000000000000000000000000000000000000000000
740;1798708.00000000000000000000000000000000000000000000000000
741;1798700.00000000000000000000000000000000000000000000000000
742;1798360.00000000000000000000000000000000000000000000000000
743;1798700.00000000000000000000000000000000000000000000000000
744;1799024.00000000000000000000000000000000000000000000000000
745;1799172.00000000000000000000000000000000000000000000000000
746;1799260.00000000000000000000000000000000000000000000000000
747;1799324.00000000000000000000000000000000000000000000000000
748;1801580.00000000000000000000000000000000000000000000000000
749;1803728.00000000000000000000000000000000000000000000000000
750;1805548.00000000000000000000000000000000000000000000000000
751;1807824.00000000000000000000000000000000000000000000000000
752;1810416.00000000000000000000000000000000000000000000000000
753;1812076.00000000000000000000000000000000000000000000000000
754;1814456.00000000000000000000000000000000000000000000000000
755;1816684.00000000000000000000000000000000000000000000000000
756;1818360.00000000000000000000000000000000000000000000000000
757;1821196.00000000000000000000000000000000000000000000000000
758;1823664.00000000000000000000000000000000000000000000000000
759;1826436.00000000000000000000000000000000000000000000000000
760;1827952.00000000000000000000000000000000000000000000000000
761;1830116.00000000000000000000000000000000000000000000000000
762;1831716.00000000000000000000000000000000000000000000000000
763;1834276.00000000000000000000000000000000000000000000000000
764;1836008.00000000000000000000000000000000000000000000000000
765;1841088.00000000000000000000000000000000000000000000000000
766;1843468.00000000000000000000000000000000000000000000000000
767;1845072.00000000000000000000000000000000000000000000000000
768;1847788.00000000000000000000000000000000000000000000000000
769;1850944.00000000000000000000000000000000000000000000000000
770;1852848.00000000000000000000000000000000000000000000000000
771;1854892.00000000000000000000000000000000000000000000000000
772;1857872.00000000000000000000000000000000000000000000000000
773;1860112.00000000000000000000000000000000000000000000000000
774;1862568.00000000000000000000000000000000000000000000000000
775;1863960.00000000000000000000000000000000000000000000000000
776;1866540.00000000000000000000000000000000000000000000000000
777;1874864.00000000000000000000000000000000000000000000000000
778;1877232.00000000000000000000000000000000000000000000000000
779;1878728.00000000000000000000000000000000000000000000000000
780;1880752.00000000000000000000000000000000000000000000000000
781;1886568.00000000000000000000000000000000000000000000000000
782;1887480.00000000000000000000000000000000000000000000000000
783;1889340.00000000000000000000000000000000000000000000000000
784;1892004.00000000000000000000000000000000000000000000000000
785;1892004.00000000000000000000000000000000000000000000000000
786;1896444.00000000000000000000000000000000000000000000000000
787;1896220.00000000000000000000000000000000000000000000000000
788;1896164.00000000000000000000000000000000000000000000000000
789;1896764.00000000000000000000000000000000000000000000000000
790;1896220.00000000000000000000000000000000000000000000000000
791;1896164.00000000000000000000000000000000000000000000000000
792;1896572.00000000000000000000000000000000000000000000000000
793;1896220.00000000000000000000000000000000000000000000000000
794;1896164.00000000000000000000000000000000000000000000000000
795;1896572.00000000000000000000000000000000000000000000000000
796;1896732.00000000000000000000000000000000000000000000000000
797;1894108.00000000000000000000000000000000000000000000000000
798;1897312.00000000000000000000000000000000000000000000000000
799;1896904.00000000000000000000000000000000000000000000000000
800;1897408.00000000000000000000000000000000000000000000000000
801;1897340.00000000000000000000000000000000000000000000000000
802;1896932.00000000000000000000000000000000000000000000000000
803;1897436.00000000000000000000000000000000000000000000000000
804;1897340.00000000000000000000000000000000000000000000000000
805;1897116.00000000000000000000000000000000000000000000000000
806;1896892.00000000000000000000000000000000000000000000000000
807;1896836.00000000000000000000000000000000000000000000000000
808;1897436.00000000000000000000000000000000000000000000000000
809;1894136.00000000000000000000000000000000000000000000000000
810;1894136.00000000000000000000000000000000000000000000000000
811;1897436.00000000000000000000000000000000000000000000000000
812;1896892.00000000000000000000000000000000000000000000000000
813;1896584.00000000000000000000000000000000000000000000000000
814;1897436.00000000000000000000000000000000000000000000000000
815;1897340.00000000000000000000000000000000000000000000000000
816;1896932.00000000000000000000000000000000000000000000000000
817;1897436.00000000000000000000000000000000000000000000000000
818;1897340.00000000000000000000000000000000000000000000000000
819;1896932.00000000000000000000000000000000000000000000000000
820;1897436.00000000000000000000000000000000000000000000000000
821;1897340.00000000000000000000000000000000000000000000000000
822;1787764.00000000000000000000000000000000000000000000000000
823;1788284.00000000000000000000000000000000000000000000000000
824;1788888.00000000000000000000000000000000000000000000000000
825;1789876.00000000000000000000000000000000000000000000000000
826;1790724.00000000000000000000000000000000000000000000000000
827;1791172.00000000000000000000000000000000000000000000000000
828;1791716.00000000000000000000000000000000000000000000000000
829;1792632.00000000000000000000000000000000000000000000000000
830;1795564.00000000000000000000000000000000000000000000000000
831;1798544.00000000000000000000000000000000000000000000000000
832;1800336.00000000000000000000000000000000000000000000000000
833;1803252.00000000000000000000000000000000000000000000000000
834;1806252.00000000000000000000000000000000000000000000000000
835;1809056.00000000000000000000000000000000000000000000000000
836;1810552.00000000000000000000000000000000000000000000000000
837;1813424.00000000000000000000000000000000000000000000000000
838;1815840.00000000000000000000000000000000000000000000000000
839;1819712.00000000000000000000000000000000000000000000000000
840;1821724.00000000000000000000000000000000000000000000000000
841;1823620.00000000000000000000000000000000000000000000000000
842;1826300.00000000000000000000000000000000000000000000000000
843;1827684.00000000000000000000000000000000000000000000000000
844;1829672.00000000000000000000000000000000000000000000000000
845;1833156.00000000000000000000000000000000000000000000000000
846;1835324.00000000000000000000000000000000000000000000000000
847;1840656.00000000000000000000000000000000000000000000000000
848;1843320.00000000000000000000000000000000000000000000000000
849;1845508.00000000000000000000000000000000000000000000000000
850;1847440.00000000000000000000000000000000000000000000000000
851;1853636.00000000000000000000000000000000000000000000000000
852;1855120.00000000000000000000000000000000000000000000000000
853;1857632.00000000000000000000000000000000000000000000000000
854;1862008.00000000000000000000000000000000000000000000000000
855;1864252.00000000000000000000000000000000000000000000000000
856;1867048.00000000000000000000000000000000000000000000000000
857;1867972.00000000000000000000000000000000000000000000000000
858;1870436.00000000000000000000000000000000000000000000000000
859;1874464.00000000000000000000000000000000000000000000000000
860;1876632.00000000000000000000000000000000000000000000000000
861;1878448.00000000000000000000000000000000000000000000000000
862;1881396.00000000000000000000000000000000000000000000000000
863;1886512.00000000000000000000000000000000000000000000000000
864;1888692.00000000000000000000000000000000000000000000000000
865;1890800.00000000000000000000000000000000000000000000000000
866;1894020.00000000000000000000000000000000000000000000000000
867;1894536.00000000000000000000000000000000000000000000000000
868;1895036.00000000000000000000000000000000000000000000000000
869;1894976.00000000000000000000000000000000000000000000000000
870;1894880.00000000000000000000000000000000000000000000000000
871;1894528.00000000000000000000000000000000000000000000000000
872;1894536.00000000000000000000000000000000000000000000000000
873;1895036.00000000000000000000000000000000000000000000000000
874;1894976.00000000000000000000000000000000000000000000000000
875;1894504.00000000000000000000000000000000000000000000000000
876;1895072.00000000000000000000000000000000000000000000000000
877;1892680.00000000000000000000000000000000000000000000000000
878;1892680.00000000000000000000000000000000000000000000000000
879;1895380.00000000000000000000000000000000000000000000000000
880;1895916.00000000000000000000000000000000000000000000000000
881;1895436.00000000000000000000000000000000000000000000000000
882;1895380.00000000000000000000000000000000000000000000000000
883;1895944.00000000000000000000000000000000000000000000000000
884;1895436.00000000000000000000000000000000000000000000000000
885;1895380.00000000000000000000000000000000000000000000000000
886;1895916.00000000000000000000000000000000000000000000000000
887;1895436.00000000000000000000000000000000000000000000000000
888;1895380.00000000000000000000000000000000000000000000000000
889;1895920.00000000000000000000000000000000000000000000000000
890;1892680.00000000000000000000000000000000000000000000000000
891;1892680.00000000000000000000000000000000000000000000000000
892;1895980.00000000000000000000000000000000000000000000000000
893;1895884.00000000000000000000000000000000000000000000000000
894;1895476.00000000000000000000000000000000000000000000000000
895;1895944.00000000000000000000000000000000000000000000000000
896;1895884.00000000000000000000000000000000000000000000000000
897;1895444.00000000000000000000000000000000000000000000000000
898;1895980.00000000000000000000000000000000000000000000000000
899;1895436.00000000000000000000000000000000000000000000000000
900;1895444.00000000000000000000000000000000000000000000000000
901;1895944.00000000000000000000000000000000000000000000000000
902;1895436.00000000000000000000000000000000000000000000000000
903;1788940.00000000000000000000000000000000000000000000000000
904;1790424.00000000000000000000000000000000000000000000000000
905;1790656.00000000000000000000000000000000000000000000000000
906;1790724.00000000000000000000000000000000000000000000000000
907;1792104.00000000000000000000000000000000000000000000000000
908;1792812.00000000000000000000000000000000000000000000000000
909;1793312.00000000000000000000000000000000000000000000000000
910;1795192.00000000000000000000000000000000000000000000000000
911;1797996.00000000000000000000000000000000000000000000000000
912;1800776.00000000000000000000000000000000000000000000000000
913;1803220.00000000000000000000000000000000000000000000000000
914;1805952.00000000000000000000000000000000000000000000000000
915;1807536.00000000000000000000000000000000000000000000000000
916;1810520.00000000000000000000000000000000000000000000000000
917;1811932.00000000000000000000000000000000000000000000000000
918;1814956.00000000000000000000000000000000000000000000000000
919;1816944.00000000000000000000000000000000000000000000000000
920;1820696.00000000000000000000000000000000000000000000000000
921;1823052.00000000000000000000000000000000000000000000000000
922;1825840.00000000000000000000000000000000000000000000000000
923;1827772.00000000000000000000000000000000000000000000000000
924;1829852.00000000000000000000000000000000000000000000000000
925;1833464.00000000000000000000000000000000000000000000000000
926;1836040.00000000000000000000000000000000000000000000000000
927;1839388.00000000000000000000000000000000000000000000000000
928;1841868.00000000000000000000000000000000000000000000000000
929;1843852.00000000000000000000000000000000000000000000000000
930;1845524.00000000000000000000000000000000000000000000000000
931;1849980.00000000000000000000000000000000000000000000000000
932;1852312.00000000000000000000000000000000000000000000000000
933;1854376.00000000000000000000000000000000000000000000000000
934;1855688.00000000000000000000000000000000000000000000000000
935;1863832.00000000000000000000000000000000000000000000000000
936;1866040.00000000000000000000000000000000000000000000000000
937;1868832.00000000000000000000000000000000000000000000000000
938;1874044.00000000000000000000000000000000000000000000000000
939;1875272.00000000000000000000000000000000000000000000000000
940;1877656.00000000000000000000000000000000000000000000000000
941;1879568.00000000000000000000000000000000000000000000000000
942;1882040.00000000000000000000000000000000000000000000000000
943;1887700.00000000000000000000000000000000000000000000000000
944;1887424.00000000000000000000000000000000000000000000000000
945;1889724.00000000000000000000000000000000000000000000000000
946;1892468.00000000000000000000000000000000000000000000000000
947;1892480.00000000000000000000000000000000000000000000000000
948;1895984.00000000000000000000000000000000000000000000000000
949;1896624.00000000000000000000000000000000000000000000000000
950;1896116.00000000000000000000000000000000000000000000000000
951;1896156.00000000000000000000000000000000000000000000000000
952;1896660.00000000000000000000000000000000000000000000000000
953;1896568.00000000000000000000000000000000000000000000000000
954;1896476.00000000000000000000000000000000000000000000000000
955;1896120.00000000000000000000000000000000000000000000000000
956;1896064.00000000000000000000000000000000000000000000000000
957;1896664.00000000000000000000000000000000000000000000000000
958;1896140.00000000000000000000000000000000000000000000000000
959;1894008.00000000000000000000000000000000000000000000000000
960;1897212.00000000000000000000000000000000000000000000000000
961;1897120.00000000000000000000000000000000000000000000000000
962;1896768.00000000000000000000000000000000000000000000000000
963;1896712.00000000000000000000000000000000000000000000000000
964;1897276.00000000000000000000000000000000000000000000000000
965;1896768.00000000000000000000000000000000000000000000000000
966;1896776.00000000000000000000000000000000000000000000000000
967;1897312.00000000000000000000000000000000000000000000000000
968;1897216.00000000000000000000000000000000000000000000000000
969;1897124.00000000000000000000000000000000000000000000000000
970;1897312.00000000000000000000000000000000000000000000000000
971;1894012.00000000000000000000000000000000000000000000000000
972;1894012.00000000000000000000000000000000000000000000000000
973;1897216.00000000000000000000000000000000000000000000000000
974;1896808.00000000000000000000000000000000000000000000000000
975;1897312.00000000000000000000000000000000000000000000000000
976;1897216.00000000000000000000000000000000000000000000000000
977;1897120.00000000000000000000000000000000000000000000000000
978;1897312.00000000000000000000000000000000000000000000000000
979;1897216.00000000000000000000000000000000000000000000000000
980;1897124.00000000000000000000000000000000000000000000000000
981;1897280.00000000000000000000000000000000000000000000000000
982;1896712.00000000000000000000000000000000000000000000000000
983;1897312.00000000000000000000000000000000000000000000000000
984;1808812.00000000000000000000000000000000000000000000000000
985;1808780.00000000000000000000000000000000000000000000000000
986;1810360.00000000000000000000000000000000000000000000000000
987;1810764.00000000000000000000000000000000000000000000000000
988;1811152.00000000000000000000000000000000000000000000000000
989;1811244.00000000000000000000000000000000000000000000000000
990;1811460.00000000000000000000000000000000000000000000000000
991;1811484.00000000000000000000000000000000000000000000000000
992;1811940.00000000000000000000000000000000000000000000000000
993;1812596.00000000000000000000000000000000000000000000000000
994;1813644.00000000000000000000000000000000000000000000000000
995;1813980.00000000000000000000000000000000000000000000000000
996;1816024.00000000000000000000000000000000000000000000000000
997;1818196.00000000000000000000000000000000000000000000000000
998;1820220.00000000000000000000000000000000000000000000000000
999;1823184.00000000000000000000000000000000000000000000000000
1000;1824988.00000000000000000000000000000000000000000000000000
1001;1827908.00000000000000000000000000000000000000000000000000
1002;1829956.00000000000000000000000000000000000000000000000000
1003;1832564.00000000000000000000000000000000000000000000000000
1004;1833900.00000000000000000000000000000000000000000000000000
1005;1835856.00000000000000000000000000000000000000000000000000
1006;1837212.00000000000000000000000000000000000000000000000000
1007;1840204.00000000000000000000000000000000000000000000000000
1008;1842368.00000000000000000000000000000000000000000000000000
1009;1849360.00000000000000000000000000000000000000000000000000
1010;1850312.00000000000000000000000000000000000000000000000000
1011;1852776.00000000000000000000000000000000000000000000000000
1012;1857424.00000000000000000000000000000000000000000000000000
1013;1860084.00000000000000000000000000000000000000000000000000
1014;1861340.00000000000000000000000000000000000000000000000000
1015;1863652.00000000000000000000000000000000000000000000000000
1016;1870708.00000000000000000000000000000000000000000000000000
1017;1873932.00000000000000000000000000000000000000000000000000
1018;1876060.00000000000000000000000000000000000000000000000000
1019;1878572.00000000000000000000000000000000000000000000000000
1020;1883424.00000000000000000000000000000000000000000000000000
1021;1885360.00000000000000000000000000000000000000000000000000
1022;1886524.00000000000000000000000000000000000000000000000000
1023;1888456.00000000000000000000000000000000000000000000000000
1024;1890412.00000000000000000000000000000000000000000000000000
1025;1895492.00000000000000000000000000000000000000000000000000
1026;1896904.00000000000000000000000000000000000000000000000000
1027;1898712.00000000000000000000000000000000000000000000000000
1028;1901980.00000000000000000000000000000000000000000000000000
1029;1902296.00000000000000000000000000000000000000000000000000
1030;1902896.00000000000000000000000000000000000000000000000000
1031;1902800.00000000000000000000000000000000000000000000000000
1032;1902580.00000000000000000000000000000000000000000000000000
1033;1902860.00000000000000000000000000000000000000000000000000
1034;1902352.00000000000000000000000000000000000000000000000000
1035;1902800.00000000000000000000000000000000000000000000000000
1036;1902296.00000000000000000000000000000000000000000000000000
1037;1902576.00000000000000000000000000000000000000000000000000
1038;1902704.00000000000000000000000000000000000000000000000000
1039;1902896.00000000000000000000000000000000000000000000000000
1040;1900420.00000000000000000000000000000000000000000000000000
1041;1903532.00000000000000000000000000000000000000000000000000
1042;1903176.00000000000000000000000000000000000000000000000000
1043;1903120.00000000000000000000000000000000000000000000000000
1044;1903720.00000000000000000000000000000000000000000000000000
1045;1903624.00000000000000000000000000000000000000000000000000
1046;1903532.00000000000000000000000000000000000000000000000000
1047;1903688.00000000000000000000000000000000000000000000000000
1048;1903624.00000000000000000000000000000000000000000000000000
1049;1903400.00000000000000000000000000000000000000000000000000
1050;1903752.00000000000000000000000000000000000000000000000000
1051;1903624.00000000000000000000000000000000000000000000000000
1052;1900420.00000000000000000000000000000000000000000000000000
1053;1900420.00000000000000000000000000000000000000000000000000
1054;1903120.00000000000000000000000000000000000000000000000000
1055;1903720.00000000000000000000000000000000000000000000000000
1056;1903176.00000000000000000000000000000000000000000000000000
1057;1903216.00000000000000000000000000000000000000000000000000
1058;1903692.00000000000000000000000000000000000000000000000000
1059;1903624.00000000000000000000000000000000000000000000000000
1060;1903528.00000000000000000000000000000000000000000000000000
1061;1903176.00000000000000000000000000000000000000000000000000
1062;1903120.00000000000000000000000000000000000000000000000000
1063;1903684.00000000000000000000000000000000000000000000000000
1064;1903176.00000000000000000000000000000000000000000000000000
1065;1810276.00000000000000000000000000000000000000000000000000
1066;1810332.00000000000000000000000000000000000000000000000000
1067;1810468.00000000000000000000000000000000000000000000000000
1068;1811384.00000000000000000000000000000000000000000000000000
1069;1812004.00000000000000000000000000000000000000000000000000
1070;1812292.00000000000000000000000000000000000000000000000000
1071;1812024.00000000000000000000000000000000000000000000000000
1072;1818524.00000000000000000000000000000000000000000000000000
1073;1819360.00000000000000000000000000000000000000000000000000
1074;1820764.00000000000000000000000000000000000000000000000000
1075;1822036.00000000000000000000000000000000000000000000000000
1076;1824096.00000000000000000000000000000000000000000000000000
1077;1826988.00000000000000000000000000000000000000000000000000
1078;1830048.00000000000000000000000000000000000000000000000000
1079;1832020.00000000000000000000000000000000000000000000000000
1080;1834752.00000000000000000000000000000000000000000000000000
1081;1836184.00000000000000000000000000000000000000000000000000
1082;1840448.00000000000000000000000000000000000000000000000000
1083;1842324.00000000000000000000000000000000000000000000000000
1084;1845016.00000000000000000000000000000000000000000000000000
1085;1847128.00000000000000000000000000000000000000000000000000
1086;1849288.00000000000000000000000000000000000000000000000000
1087;1852132.00000000000000000000000000000000000000000000000000
1088;1854404.00000000000000000000000000000000000000000000000000
1089;1856760.00000000000000000000000000000000000000000000000000
1090;1861192.00000000000000000000000000000000000000000000000000
1091;1863488.00000000000000000000000000000000000000000000000000
1092;1866228.00000000000000000000000000000000000000000000000000
1093;1872708.00000000000000000000000000000000000000000000000000
1094;1874900.00000000000000000000000000000000000000000000000000
1095;1877336.00000000000000000000000000000000000000000000000000
1096;1878696.00000000000000000000000000000000000000000000000000
1097;1883948.00000000000000000000000000000000000000000000000000
1098;1886816.00000000000000000000000000000000000000000000000000
1099;1888008.00000000000000000000000000000000000000000000000000
1100;1890472.00000000000000000000000000000000000000000000000000
1101;1895236.00000000000000000000000000000000000000000000000000
1102;1897200.00000000000000000000000000000000000000000000000000
1103;1898792.00000000000000000000000000000000000000000000000000
1104;1900888.00000000000000000000000000000000000000000000000000
1105;1904684.00000000000000000000000000000000000000000000000000
1106;1905984.00000000000000000000000000000000000000000000000000
1107;1908024.00000000000000000000000000000000000000000000000000
1108;1908024.00000000000000000000000000000000000000000000000000
1109;1912308.00000000000000000000000000000000000000000000000000
1110;1912256.00000000000000000000000000000000000000000000000000
1111;1912160.00000000000000000000000000000000000000000000000000
1112;1911808.00000000000000000000000000000000000000000000000000
1113;1911752.00000000000000000000000000000000000000000000000000
1114;1912160.00000000000000000000000000000000000000000000000000
1115;1911808.00000000000000000000000000000000000000000000000000
1116;1911752.00000000000000000000000000000000000000000000000000
1117;1912352.00000000000000000000000000000000000000000000000000
1118;1912256.00000000000000000000000000000000000000000000000000
1119;1911784.00000000000000000000000000000000000000000000000000
1120;1910016.00000000000000000000000000000000000000000000000000
1121;1913316.00000000000000000000000000000000000000000000000000
1122;1913220.00000000000000000000000000000000000000000000000000
1123;1913124.00000000000000000000000000000000000000000000000000
1124;1912772.00000000000000000000000000000000000000000000000000
1125;1912716.00000000000000000000000000000000000000000000000000
1126;1913316.00000000000000000000000000000000000000000000000000
1127;1912772.00000000000000000000000000000000000000000000000000
1128;1912772.00000000000000000000000000000000000000000000000000
1129;1912704.00000000000000000000000000000000000000000000000000
1130;1913320.00000000000000000000000000000000000000000000000000
1131;1912776.00000000000000000000000000000000000000000000000000
1132;1910020.00000000000000000000000000000000000000000000000000
1133;1910020.00000000000000000000000000000000000000000000000000
1134;1912720.00000000000000000000000000000000000000000000000000
1135;1913320.00000000000000000000000000000000000000000000000000
1136;1913224.00000000000000000000000000000000000000000000000000
1137;1912784.00000000000000000000000000000000000000000000000000
1138;1913320.00000000000000000000000000000000000000000000000000
1139;1913224.00000000000000000000000000000000000000000000000000
1140;1912832.00000000000000000000000000000000000000000000000000
1141;1913336.00000000000000000000000000000000000000000000000000
1142;1913240.00000000000000000000000000000000000000000000000000
1143;1912832.00000000000000000000000000000000000000000000000000
1144;1913336.00000000000000000000000000000000000000000000000000
1145;1821360.00000000000000000000000000000000000000000000000000
1146;1821852.00000000000000000000000000000000000000000000000000
1147;1822380.00000000000000000000000000000000000000000000000000
1148;1822544.00000000000000000000000000000000000000000000000000
1149;1824452.00000000000000000000000000000000000000000000000000
1150;1824980.00000000000000000000000000000000000000000000000000
1151;1825892.00000000000000000000000000000000000000000000000000
1152;1826088.00000000000000000000000000000000000000000000000000
1153;1828688.00000000000000000000000000000000000000000000000000
1154;1828796.00000000000000000000000000000000000000000000000000
1155;1829592.00000000000000000000000000000000000000000000000000
1156;1831332.00000000000000000000000000000000000000000000000000
1157;1832900.00000000000000000000000000000000000000000000000000
1158;1834412.00000000000000000000000000000000000000000000000000
1159;1836692.00000000000000000000000000000000000000000000000000
1160;1839244.00000000000000000000000000000000000000000000000000
1161;1841684.00000000000000000000000000000000000000000000000000
1162;1845472.00000000000000000000000000000000000000000000000000
1163;1848144.00000000000000000000000000000000000000000000000000
1164;1850400.00000000000000000000000000000000000000000000000000
1165;1851868.00000000000000000000000000000000000000000000000000
1166;1853788.00000000000000000000000000000000000000000000000000
1167;1855644.00000000000000000000000000000000000000000000000000
1168;1857472.00000000000000000000000000000000000000000000000000
1169;1860172.00000000000000000000000000000000000000000000000000
1170;1862124.00000000000000000000000000000000000000000000000000
1171;1864556.00000000000000000000000000000000000000000000000000
1172;1867960.00000000000000000000000000000000000000000000000000
1173;1870468.00000000000000000000000000000000000000000000000000
1174;1871748.00000000000000000000000000000000000000000000000000
1175;1876816.00000000000000000000000000000000000000000000000000
1176;1878772.00000000000000000000000000000000000000000000000000
1177;1881088.00000000000000000000000000000000000000000000000000
1178;1882836.00000000000000000000000000000000000000000000000000
1179;1892100.00000000000000000000000000000000000000000000000000
1180;1893408.00000000000000000000000000000000000000000000000000
1181;1895520.00000000000000000000000000000000000000000000000000
1182;1897192.00000000000000000000000000000000000000000000000000
1183;1899804.00000000000000000000000000000000000000000000000000
1184;1906020.00000000000000000000000000000000000000000000000000
1185;1907848.00000000000000000000000000000000000000000000000000
1186;1909044.00000000000000000000000000000000000000000000000000
1187;1912180.00000000000000000000000000000000000000000000000000
1188;1912164.00000000000000000000000000000000000000000000000000
1189;1915976.00000000000000000000000000000000000000000000000000
1190;1916004.00000000000000000000000000000000000000000000000000
1191;1916572.00000000000000000000000000000000000000000000000000
1192;1916512.00000000000000000000000000000000000000000000000000
1193;1916104.00000000000000000000000000000000000000000000000000
1194;1916576.00000000000000000000000000000000000000000000000000
1195;1916008.00000000000000000000000000000000000000000000000000
1196;1916572.00000000000000000000000000000000000000000000000000
1197;1916512.00000000000000000000000000000000000000000000000000
1198;1916104.00000000000000000000000000000000000000000000000000
1199;1916572.00000000000000000000000000000000000000000000000000
1200;1914204.00000000000000000000000000000000000000000000000000
1201;1917468.00000000000000000000000000000000000000000000000000
1202;1917408.00000000000000000000000000000000000000000000000000
1203;1917316.00000000000000000000000000000000000000000000000000
1204;1916960.00000000000000000000000000000000000000000000000000
1205;1916904.00000000000000000000000000000000000000000000000000
1206;1917468.00000000000000000000000000000000000000000000000000
1207;1917408.00000000000000000000000000000000000000000000000000
1208;1917316.00000000000000000000000000000000000000000000000000
1209;1916960.00000000000000000000000000000000000000000000000000
1210;1916904.00000000000000000000000000000000000000000000000000
1211;1917468.00000000000000000000000000000000000000000000000000
1212;1914188.00000000000000000000000000000000000000000000000000
1213;1914188.00000000000000000000000000000000000000000000000000
1214;1916944.00000000000000000000000000000000000000000000000000
1215;1916984.00000000000000000000000000000000000000000000000000
1216;1917452.00000000000000000000000000000000000000000000000000
1217;1917392.00000000000000000000000000000000000000000000000000
1218;1916984.00000000000000000000000000000000000000000000000000
1219;1917452.00000000000000000000000000000000000000000000000000
1220;1917392.00000000000000000000000000000000000000000000000000
1221;1917172.00000000000000000000000000000000000000000000000000
1222;1917456.00000000000000000000000000000000000000000000000000
1223;1916888.00000000000000000000000000000000000000000000000000
1224;1917428.00000000000000000000000000000000000000000000000000
1225;1822948.00000000000000000000000000000000000000000000000000
1226;1823444.00000000000000000000000000000000000000000000000000
1227;1823932.00000000000000000000000000000000000000000000000000
1228;1825404.00000000000000000000000000000000000000000000000000
1229;1825976.00000000000000000000000000000000000000000000000000
1230;1826136.00000000000000000000000000000000000000000000000000
1231;1826668.00000000000000000000000000000000000000000000000000
1232;1827432.00000000000000000000000000000000000000000000000000
1233;1829268.00000000000000000000000000000000000000000000000000
1234;1831220.00000000000000000000000000000000000000000000000000
1235;1832288.00000000000000000000000000000000000000000000000000
1236;1833032.00000000000000000000000000000000000000000000000000
1237;1833760.00000000000000000000000000000000000000000000000000
1238;1835632.00000000000000000000000000000000000000000000000000
1239;1837524.00000000000000000000000000000000000000000000000000
1240;1840236.00000000000000000000000000000000000000000000000000
1241;1842640.00000000000000000000000000000000000000000000000000
1242;1847128.00000000000000000000000000000000000000000000000000
1243;1848388.00000000000000000000000000000000000000000000000000
1244;1852284.00000000000000000000000000000000000000000000000000
1245;1853564.00000000000000000000000000000000000000000000000000
1246;1855452.00000000000000000000000000000000000000000000000000
1247;1857180.00000000000000000000000000000000000000000000000000
1248;1860016.00000000000000000000000000000000000000000000000000
1249;1863448.00000000000000000000000000000000000000000000000000
1250;1865936.00000000000000000000000000000000000000000000000000
1251;1868288.00000000000000000000000000000000000000000000000000
1252;1871248.00000000000000000000000000000000000000000000000000
1253;1874308.00000000000000000000000000000000000000000000000000
1254;1876460.00000000000000000000000000000000000000000000000000
1255;1881564.00000000000000000000000000000000000000000000000000
1256;1883736.00000000000000000000000000000000000000000000000000
1257;1885816.00000000000000000000000000000000000000000000000000
1258;1887756.00000000000000000000000000000000000000000000000000
1259;1899484.00000000000000000000000000000000000000000000000000
1260;1901304.00000000000000000000000000000000000000000000000000
1261;1903648.00000000000000000000000000000000000000000000000000
1262;1906056.00000000000000000000000000000000000000000000000000
1263;1913564.00000000000000000000000000000000000000000000000000
1264;1914056.00000000000000000000000000000000000000000000000000
1265;1916140.00000000000000000000000000000000000000000000000000
1266;1917488.00000000000000000000000000000000000000000000000000
1267;1919468.00000000000000000000000000000000000000000000000000
1268;1922896.00000000000000000000000000000000000000000000000000
1269;1923308.00000000000000000000000000000000000000000000000000
1270;1923844.00000000000000000000000000000000000000000000000000
1271;1923716.00000000000000000000000000000000000000000000000000
1272;1923620.00000000000000000000000000000000000000000000000000
1273;1923268.00000000000000000000000000000000000000000000000000
1274;1923624.00000000000000000000000000000000000000000000000000
1275;1923268.00000000000000000000000000000000000000000000000000
1276;1923492.00000000000000000000000000000000000000000000000000
1277;1923268.00000000000000000000000000000000000000000000000000
1278;1923212.00000000000000000000000000000000000000000000000000
1279;1921412.00000000000000000000000000000000000000000000000000
1280;1921412.00000000000000000000000000000000000000000000000000
1281;1924520.00000000000000000000000000000000000000000000000000
1282;1924168.00000000000000000000000000000000000000000000000000
1283;1924112.00000000000000000000000000000000000000000000000000
1284;1924524.00000000000000000000000000000000000000000000000000
1285;1924168.00000000000000000000000000000000000000000000000000
1286;1924112.00000000000000000000000000000000000000000000000000
1287;1924712.00000000000000000000000000000000000000000000000000
1288;1924168.00000000000000000000000000000000000000000000000000
1289;1924176.00000000000000000000000000000000000000000000000000
1290;1924676.00000000000000000000000000000000000000000000000000
1291;1924616.00000000000000000000000000000000000000000000000000
1292;1921412.00000000000000000000000000000000000000000000000000
1293;1924168.00000000000000000000000000000000000000000000000000
1294;1924176.00000000000000000000000000000000000000000000000000
1295;1924684.00000000000000000000000000000000000000000000000000
1296;1924616.00000000000000000000000000000000000000000000000000
1297;1924520.00000000000000000000000000000000000000000000000000
1298;1924168.00000000000000000000000000000000000000000000000000
1299;1924112.00000000000000000000000000000000000000000000000000
1300;1924676.00000000000000000000000000000000000000000000000000
1301;1924616.00000000000000000000000000000000000000000000000000
1302;1924208.00000000000000000000000000000000000000000000000000
1303;1924712.00000000000000000000000000000000000000000000000000
1304;1833444.00000000000000000000000000000000000000000000000000
1305;1833732.00000000000000000000000000000000000000000000000000
1306;1834544.00000000000000000000000000000000000000000000000000
1307;1835456.00000000000000000000000000000000000000000000000000
1308;1836272.00000000000000000000000000000000000000000000000000
1309;1836504.00000000000000000000000000000000000000000000000000
1310;1837340.00000000000000000000000000000000000000000000000000
1311;1839828.00000000000000000000000000000000000000000000000000
1312;1840284.00000000000000000000000000000000000000000000000000
1313;1841152.00000000000000000000000000000000000000000000000000
1314;1841492.00000000000000000000000000000000000000000000000000
1315;1841696.00000000000000000000000000000000000000000000000000
1316;1841812.00000000000000000000000000000000000000000000000000
1317;1842968.00000000000000000000000000000000000000000000000000
1318;1844840.00000000000000000000000000000000000000000000000000
1319;1847180.00000000000000000000000000000000000000000000000000
1320;1852012.00000000000000000000000000000000000000000000000000
1321;1853712.00000000000000000000000000000000000000000000000000
1322;1855880.00000000000000000000000000000000000000000000000000
1323;1859460.00000000000000000000000000000000000000000000000000
1324;1861500.00000000000000000000000000000000000000000000000000
1325;1864084.00000000000000000000000000000000000000000000000000
1326;1865804.00000000000000000000000000000000000000000000000000
1327;1868140.00000000000000000000000000000000000000000000000000
1328;1870584.00000000000000000000000000000000000000000000000000
1329;1873148.00000000000000000000000000000000000000000000000000
1330;1875456.00000000000000000000000000000000000000000000000000
1331;1879880.00000000000000000000000000000000000000000000000000
1332;1881912.00000000000000000000000000000000000000000000000000
1333;1884964.00000000000000000000000000000000000000000000000000
1334;1895388.00000000000000000000000000000000000000000000000000
1335;1898220.00000000000000000000000000000000000000000000000000
1336;1900588.00000000000000000000000000000000000000000000000000
1337;1902868.00000000000000000000000000000000000000000000000000
1338;1907960.00000000000000000000000000000000000000000000000000
1339;1908808.00000000000000000000000000000000000000000000000000
1340;1909132.00000000000000000000000000000000000000000000000000
1341;1910160.00000000000000000000000000000000000000000000000000
1342;1911980.00000000000000000000000000000000000000000000000000
1343;1916820.00000000000000000000000000000000000000000000000000
1344;1917872.00000000000000000000000000000000000000000000000000
1345;1920168.00000000000000000000000000000000000000000000000000
1346;1920168.00000000000000000000000000000000000000000000000000
1347;1923632.00000000000000000000000000000000000000000000000000
1348;1923088.00000000000000000000000000000000000000000000000000
1349;1923064.00000000000000000000000000000000000000000000000000
1350;1923664.00000000000000000000000000000000000000000000000000
1351;1923032.00000000000000000000000000000000000000000000000000
1352;1923632.00000000000000000000000000000000000000000000000000
1353;1923088.00000000000000000000000000000000000000000000000000
1354;1923128.00000000000000000000000000000000000000000000000000
1355;1923632.00000000000000000000000000000000000000000000000000
1356;1923032.00000000000000000000000000000000000000000000000000
1357;1921340.00000000000000000000000000000000000000000000000000
1358;1921340.00000000000000000000000000000000000000000000000000
1359;1924640.00000000000000000000000000000000000000000000000000
1360;1924544.00000000000000000000000000000000000000000000000000
1361;1924320.00000000000000000000000000000000000000000000000000
1362;1924608.00000000000000000000000000000000000000000000000000
1363;1924544.00000000000000000000000000000000000000000000000000
1364;1924320.00000000000000000000000000000000000000000000000000
1365;1924644.00000000000000000000000000000000000000000000000000
1366;1924548.00000000000000000000000000000000000000000000000000
1367;1924452.00000000000000000000000000000000000000000000000000
1368;1924612.00000000000000000000000000000000000000000000000000
1369;1924052.00000000000000000000000000000000000000000000000000
1370;1921344.00000000000000000000000000000000000000000000000000
1371;1921344.00000000000000000000000000000000000000000000000000
1372;1924580.00000000000000000000000000000000000000000000000000
1373;1924100.00000000000000000000000000000000000000000000000000
1374;1924108.00000000000000000000000000000000000000000000000000
1375;1924644.00000000000000000000000000000000000000000000000000
1376;1924548.00000000000000000000000000000000000000000000000000
1377;1924452.00000000000000000000000000000000000000000000000000
1378;1924100.00000000000000000000000000000000000000000000000000
1379;1924548.00000000000000000000000000000000000000000000000000
1380;1924324.00000000000000000000000000000000000000000000000000
1381;1924708.00000000000000000000000000000000000000000000000000
1382;1924548.00000000000000000000000000000000000000000000000000
1383;1832812.00000000000000000000000000000000000000000000000000
1384;1833544.00000000000000000000000000000000000000000000000000
1385;1834956.00000000000000000000000000000000000000000000000000
1386;1835620.00000000000000000000000000000000000000000000000000
1387;1836052.00000000000000000000000000000000000000000000000000
1388;1836008.00000000000000000000000000000000000000000000000000
1389;1836332.00000000000000000000000000000000000000000000000000
1390;1836596.00000000000000000000000000000000000000000000000000
1391;1837424.00000000000000000000000000000000000000000000000000
1392;1838000.00000000000000000000000000000000000000000000000000
1393;1838136.00000000000000000000000000000000000000000000000000
1394;1838664.00000000000000000000000000000000000000000000000000
1395;1839688.00000000000000000000000000000000000000000000000000
1396;1841712.00000000000000000000000000000000000000000000000000
1397;1843996.00000000000000000000000000000000000000000000000000
1398;1846236.00000000000000000000000000000000000000000000000000
1399;1850152.00000000000000000000000000000000000000000000000000
1400;1851640.00000000000000000000000000000000000000000000000000
1401;1853836.00000000000000000000000000000000000000000000000000
1402;1857444.00000000000000000000000000000000000000000000000000
1403;1859540.00000000000000000000000000000000000000000000000000
1404;1861948.00000000000000000000000000000000000000000000000000
1405;1864500.00000000000000000000000000000000000000000000000000
1406;1866468.00000000000000000000000000000000000000000000000000
1407;1869576.00000000000000000000000000000000000000000000000000
1408;1870276.00000000000000000000000000000000000000000000000000
1409;1873108.00000000000000000000000000000000000000000000000000
1410;1878380.00000000000000000000000000000000000000000000000000
1411;1880800.00000000000000000000000000000000000000000000000000
1412;1882212.00000000000000000000000000000000000000000000000000
1413;1892476.00000000000000000000000000000000000000000000000000
1414;1893828.00000000000000000000000000000000000000000000000000
1415;1896256.00000000000000000000000000000000000000000000000000
1416;1898152.00000000000000000000000000000000000000000000000000
1417;1899400.00000000000000000000000000000000000000000000000000
1418;1905464.00000000000000000000000000000000000000000000000000
1419;1905712.00000000000000000000000000000000000000000000000000
1420;1906552.00000000000000000000000000000000000000000000000000
1421;1908004.00000000000000000000000000000000000000000000000000
1422;1914512.00000000000000000000000000000000000000000000000000
1423;1915948.00000000000000000000000000000000000000000000000000
1424;1917932.00000000000000000000000000000000000000000000000000
1425;1917932.00000000000000000000000000000000000000000000000000
1426;1921140.00000000000000000000000000000000000000000000000000
1427;1921168.00000000000000000000000000000000000000000000000000
1428;1921768.00000000000000000000000000000000000000000000000000
1429;1921672.00000000000000000000000000000000000000000000000000
1430;1921576.00000000000000000000000000000000000000000000000000
1431;1921224.00000000000000000000000000000000000000000000000000
1432;1918468.00000000000000000000000000000000000000000000000000
1433;1921736.00000000000000000000000000000000000000000000000000
1434;1921168.00000000000000000000000000000000000000000000000000
1435;1921768.00000000000000000000000000000000000000000000000000
1436;1921224.00000000000000000000000000000000000000000000000000
1437;1919332.00000000000000000000000000000000000000000000000000
1438;1922536.00000000000000000000000000000000000000000000000000
1439;1922440.00000000000000000000000000000000000000000000000000
1440;1922088.00000000000000000000000000000000000000000000000000
1441;1919332.00000000000000000000000000000000000000000000000000
1442;1922664.00000000000000000000000000000000000000000000000000
1443;1922536.00000000000000000000000000000000000000000000000000
1444;1922440.00000000000000000000000000000000000000000000000000
1445;1922088.00000000000000000000000000000000000000000000000000
1446;1922032.00000000000000000000000000000000000000000000000000
1447;1922632.00000000000000000000000000000000000000000000000000
1448;1922536.00000000000000000000000000000000000000000000000000
1449;1919332.00000000000000000000000000000000000000000000000000
1450;1919332.00000000000000000000000000000000000000000000000000
1451;1922312.00000000000000000000000000000000000000000000000000
1452;1922088.00000000000000000000000000000000000000000000000000
1453;1922032.00000000000000000000000000000000000000000000000000
1454;1922632.00000000000000000000000000000000000000000000000000
1455;1922088.00000000000000000000000000000000000000000000000000
1456;1922128.00000000000000000000000000000000000000000000000000
1457;1922632.00000000000000000000000000000000000000000000000000
1458;1922536.00000000000000000000000000000000000000000000000000
1459;1922128.00000000000000000000000000000000000000000000000000
1460;1922632.00000000000000000000000000000000000000000000000000
1461;1922536.00000000000000000000000000000000000000000000000000
1462;1905188.00000000000000000000000000000000000000000000000000
1463;1904960.00000000000000000000000000000000000000000000000000
1464;1905364.00000000000000000000000000000000000000000000000000
1465;1905416.00000000000000000000000000000000000000000000000000
1466;1905376.00000000000000000000000000000000000000000000000000
1467;1905416.00000000000000000000000000000000000000000000000000
1468;1905756.00000000000000000000000000000000000000000000000000
1469;1905620.00000000000000000000000000000000000000000000000000
1470;1905656.00000000000000000000000000000000000000000000000000
1471;1905824.00000000000000000000000000000000000000000000000000
1472;1905908.00000000000000000000000000000000000000000000000000
1473;1905912.00000000000000000000000000000000000000000000000000
1474;1905908.00000000000000000000000000000000000000000000000000
1475;1905912.00000000000000000000000000000000000000000000000000
1476;1905920.00000000000000000000000000000000000000000000000000
1477;1906144.00000000000000000000000000000000000000000000000000
1478;1906064.00000000000000000000000000000000000000000000000000
1479;1906192.00000000000000000000000000000000000000000000000000
1480;1906308.00000000000000000000000000000000000000000000000000
1481;1906200.00000000000000000000000000000000000000000000000000
1482;1906308.00000000000000000000000000000000000000000000000000
1483;1906616.00000000000000000000000000000000000000000000000000
1484;1907300.00000000000000000000000000000000000000000000000000
1485;1907224.00000000000000000000000000000000000000000000000000
1486;1907340.00000000000000000000000000000000000000000000000000
1487;1907536.00000000000000000000000000000000000000000000000000
1488;1907804.00000000000000000000000000000000000000000000000000
1489;1908120.00000000000000000000000000000000000000000000000000
1490;1908288.00000000000000000000000000000000000000000000000000
1491;1909144.00000000000000000000000000000000000000000000000000
1492;1909468.00000000000000000000000000000000000000000000000000
1493;1909708.00000000000000000000000000000000000000000000000000
1494;1910720.00000000000000000000000000000000000000000000000000
1495;1910732.00000000000000000000000000000000000000000000000000
1496;1910884.00000000000000000000000000000000000000000000000000
1497;1912440.00000000000000000000000000000000000000000000000000
1498;1918424.00000000000000000000000000000000000000000000000000
1499;1918724.00000000000000000000000000000000000000000000000000
1500;1918648.00000000000000000000000000000000000000000000000000
1501;1920608.00000000000000000000000000000000000000000000000000
1502;1925144.00000000000000000000000000000000000000000000000000
1503;1926284.00000000000000000000000000000000000000000000000000
1504;1929352.00000000000000000000000000000000000000000000000000
1505;1929312.00000000000000000000000000000000000000000000000000
1506;1929272.00000000000000000000000000000000000000000000000000
1507;1926516.00000000000000000000000000000000000000000000000000
1508;1929788.00000000000000000000000000000000000000000000000000
1509;1929216.00000000000000000000000000000000000000000000000000
1510;1929628.00000000000000000000000000000000000000000000000000
1511;1929272.00000000000000000000000000000000000000000000000000
1512;1929280.00000000000000000000000000000000000000000000000000
1513;1929780.00000000000000000000000000000000000000000000000000
1514;1929720.00000000000000000000000000000000000000000000000000
1515;1927308.00000000000000000000000000000000000000000000000000
1516;1927308.00000000000000000000000000000000000000000000000000
1517;1930104.00000000000000000000000000000000000000000000000000
1518;1930064.00000000000000000000000000000000000000000000000000
1519;1930008.00000000000000000000000000000000000000000000000000
1520;1930572.00000000000000000000000000000000000000000000000000
1521;1930512.00000000000000000000000000000000000000000000000000
1522;1930420.00000000000000000000000000000000000000000000000000
1523;1930064.00000000000000000000000000000000000000000000000000
1524;1930008.00000000000000000000000000000000000000000000000000
1525;1930572.00000000000000000000000000000000000000000000000000
1526;1930512.00000000000000000000000000000000000000000000000000
1527;1927308.00000000000000000000000000000000000000000000000000
1528;1927308.00000000000000000000000000000000000000000000000000
1529;1930104.00000000000000000000000000000000000000000000000000
1530;1930672.00000000000000000000000000000000000000000000000000
1531;1930512.00000000000000000000000000000000000000000000000000
1532;1930420.00000000000000000000000000000000000000000000000000
1533;1930064.00000000000000000000000000000000000000000000000000
1534;1930008.00000000000000000000000000000000000000000000000000
1535;1930548.00000000000000000000000000000000000000000000000000
1536;1930064.00000000000000000000000000000000000000000000000000
1537;1930072.00000000000000000000000000000000000000000000000000
1538;1930572.00000000000000000000000000000000000000000000000000
1539;1930512.00000000000000000000000000000000000000000000000000
1540;1834164.00000000000000000000000000000000000000000000000000
1541;1834204.00000000000000000000000000000000000000000000000000
1542;1835268.00000000000000000000000000000000000000000000000000
1543;1836724.00000000000000000000000000000000000000000000000000
1544;1837064.00000000000000000000000000000000000000000000000000
1545;1837328.00000000000000000000000000000000000000000000000000
1546;1837536.00000000000000000000000000000000000000000000000000
1547;1837672.00000000000000000000000000000000000000000000000000
1548;1837316.00000000000000000000000000000000000000000000000000
1549;1838104.00000000000000000000000000000000000000000000000000
1550;1839428.00000000000000000000000000000000000000000000000000
1551;1840476.00000000000000000000000000000000000000000000000000
1552;1840696.00000000000000000000000000000000000000000000000000
1553;1842044.00000000000000000000000000000000000000000000000000
1554;1843616.00000000000000000000000000000000000000000000000000
1555;1845344.00000000000000000000000000000000000000000000000000
1556;1847140.00000000000000000000000000000000000000000000000000
1557;1848216.00000000000000000000000000000000000000000000000000
1558;1851760.00000000000000000000000000000000000000000000000000
1559;1853592.00000000000000000000000000000000000000000000000000
1560;1855076.00000000000000000000000000000000000000000000000000
1561;1857852.00000000000000000000000000000000000000000000000000
1562;1859392.00000000000000000000000000000000000000000000000000
1563;1860476.00000000000000000000000000000000000000000000000000
1564;1863636.00000000000000000000000000000000000000000000000000
1565;1864956.00000000000000000000000000000000000000000000000000
1566;1866612.00000000000000000000000000000000000000000000000000
1567;1869928.00000000000000000000000000000000000000000000000000
1568;1871508.00000000000000000000000000000000000000000000000000
1569;1872644.00000000000000000000000000000000000000000000000000
1570;1874424.00000000000000000000000000000000000000000000000000
1571;1879028.00000000000000000000000000000000000000000000000000
1572;1881012.00000000000000000000000000000000000000000000000000
1573;1883464.00000000000000000000000000000000000000000000000000
1574;1885552.00000000000000000000000000000000000000000000000000
1575;1887228.00000000000000000000000000000000000000000000000000
1576;1889112.00000000000000000000000000000000000000000000000000
1577;1890480.00000000000000000000000000000000000000000000000000
1578;1891608.00000000000000000000000000000000000000000000000000
1579;1892788.00000000000000000000000000000000000000000000000000
1580;1894604.00000000000000000000000000000000000000000000000000
1581;1904816.00000000000000000000000000000000000000000000000000
1582;1905948.00000000000000000000000000000000000000000000000000
1583;1907636.00000000000000000000000000000000000000000000000000
1584;1908468.00000000000000000000000000000000000000000000000000
1585;1910352.00000000000000000000000000000000000000000000000000
1586;1911396.00000000000000000000000000000000000000000000000000
1587;1917280.00000000000000000000000000000000000000000000000000
1588;1917788.00000000000000000000000000000000000000000000000000
1589;1919520.00000000000000000000000000000000000000000000000000
1590;1920324.00000000000000000000000000000000000000000000000000
1591;1922832.00000000000000000000000000000000000000000000000000
1592;1922832.00000000000000000000000000000000000000000000000000
1593;1927392.00000000000000000000000000000000000000000000000000
1594;1926932.00000000000000000000000000000000000000000000000000
1595;1926876.00000000000000000000000000000000000000000000000000
1596;1926940.00000000000000000000000000000000000000000000000000
1597;1927440.00000000000000000000000000000000000000000000000000
1598;1927380.00000000000000000000000000000000000000000000000000
1599;1926972.00000000000000000000000000000000000000000000000000
1600;1927464.00000000000000000000000000000000000000000000000000
1601;1927380.00000000000000000000000000000000000000000000000000
1602;1926972.00000000000000000000000000000000000000000000000000
1603;1927440.00000000000000000000000000000000000000000000000000
1604;1925248.00000000000000000000000000000000000000000000000000
1605;1925248.00000000000000000000000000000000000000000000000000
1606;1928004.00000000000000000000000000000000000000000000000000
1607;1927948.00000000000000000000000000000000000000000000000000
1608;1928512.00000000000000000000000000000000000000000000000000
1609;1928004.00000000000000000000000000000000000000000000000000
1610;1928012.00000000000000000000000000000000000000000000000000
1611;1928548.00000000000000000000000000000000000000000000000000
1612;1928452.00000000000000000000000000000000000000000000000000
1613;1928360.00000000000000000000000000000000000000000000000000
1614;1928004.00000000000000000000000000000000000000000000000000
1615;1927948.00000000000000000000000000000000000000000000000000
1616;1928548.00000000000000000000000000000000000000000000000000
1617;1925248.00000000000000000000000000000000000000000000000000
1618;1927984.00000000000000000000000000000000000000000000000000
1619;1928004.00000000000000000000000000000000000000000000000000
1620;1927948.00000000000000000000000000000000000000000000000000
1621;1928548.00000000000000000000000000000000000000000000000000
1622;1928452.00000000000000000000000000000000000000000000000000
1623;1928360.00000000000000000000000000000000000000000000000000
1624;1928580.00000000000000000000000000000000000000000000000000
1625;1928452.00000000000000000000000000000000000000000000000000
1626;1928356.00000000000000000000000000000000000000000000000000
1627;1928004.00000000000000000000000000000000000000000000000000
1628;1927948.00000000000000000000000000000000000000000000000000
1629;1912788.00000000000000000000000000000000000000000000000000
1630;1911756.00000000000000000000000000000000000000000000000000
1631;1911620.00000000000000000000000000000000000000000000000000
1632;1911840.00000000000000000000000000000000000000000000000000
1633;1912140.00000000000000000000000000000000000000000000000000
1634;1911676.00000000000000000000000000000000000000000000000000
1635;1912020.00000000000000000000000000000000000000000000000000
1636;1912004.00000000000000000000000000000000000000000000000000
1637;1912104.00000000000000000000000000000000000000000000000000
1638;1912104.00000000000000000000000000000000000000000000000000
1639;1912104.00000000000000000000000000000000000000000000000000
1640;1912084.00000000000000000000000000000000000000000000000000
1641;1912092.00000000000000000000000000000000000000000000000000
1642;1912232.00000000000000000000000000000000000000000000000000
1643;1912268.00000000000000000000000000000000000000000000000000
1644;1912076.00000000000000000000000000000000000000000000000000
1645;1912472.00000000000000000000000000000000000000000000000000
1646;1912620.00000000000000000000000000000000000000000000000000
1647;1912656.00000000000000000000000000000000000000000000000000
1648;1912716.00000000000000000000000000000000000000000000000000
1649;1912988.00000000000000000000000000000000000000000000000000
1650;1913504.00000000000000000000000000000000000000000000000000
1651;1913576.00000000000000000000000000000000000000000000000000
1652;1913632.00000000000000000000000000000000000000000000000000
1653;1913584.00000000000000000000000000000000000000000000000000
1654;1913780.00000000000000000000000000000000000000000000000000
1655;1914032.00000000000000000000000000000000000000000000000000
1656;1914484.00000000000000000000000000000000000000000000000000
1657;1914516.00000000000000000000000000000000000000000000000000
1658;1915552.00000000000000000000000000000000000000000000000000
1659;1915328.00000000000000000000000000000000000000000000000000
1660;1915700.00000000000000000000000000000000000000000000000000
1661;1916088.00000000000000000000000000000000000000000000000000
1662;1915200.00000000000000000000000000000000000000000000000000
1663;1915536.00000000000000000000000000000000000000000000000000
1664;1915684.00000000000000000000000000000000000000000000000000
1665;1915840.00000000000000000000000000000000000000000000000000
1666;1915968.00000000000000000000000000000000000000000000000000
1667;1920748.00000000000000000000000000000000000000000000000000
1668;1920604.00000000000000000000000000000000000000000000000000
1669;1922256.00000000000000000000000000000000000000000000000000
1670;1924084.00000000000000000000000000000000000000000000000000
1671;1925664.00000000000000000000000000000000000000000000000000
1672;1927592.00000000000000000000000000000000000000000000000000
1673;1930340.00000000000000000000000000000000000000000000000000
1674;1931000.00000000000000000000000000000000000000000000000000
1675;1930516.00000000000000000000000000000000000000000000000000
1676;1930556.00000000000000000000000000000000000000000000000000
1677;1931028.00000000000000000000000000000000000000000000000000
1678;1930460.00000000000000000000000000000000000000000000000000
1679;1931024.00000000000000000000000000000000000000000000000000
1680;1930964.00000000000000000000000000000000000000000000000000
1681;1930740.00000000000000000000000000000000000000000000000000
1682;1930516.00000000000000000000000000000000000000000000000000
1683;1930460.00000000000000000000000000000000000000000000000000
1684;1928408.00000000000000000000000000000000000000000000000000
1685;1931708.00000000000000000000000000000000000000000000000000
1686;1931164.00000000000000000000000000000000000000000000000000
1687;1931172.00000000000000000000000000000000000000000000000000
1688;1931672.00000000000000000000000000000000000000000000000000
1689;1931612.00000000000000000000000000000000000000000000000000
1690;1931140.00000000000000000000000000000000000000000000000000
1691;1931740.00000000000000000000000000000000000000000000000000
1692;1931612.00000000000000000000000000000000000000000000000000
1693;1931520.00000000000000000000000000000000000000000000000000
1694;1931164.00000000000000000000000000000000000000000000000000
1695;1931108.00000000000000000000000000000000000000000000000000
1696;1928408.00000000000000000000000000000000000000000000000000
1697;1928408.00000000000000000000000000000000000000000000000000
1698;1931204.00000000000000000000000000000000000000000000000000
1699;1931672.00000000000000000000000000000000000000000000000000
1700;1931164.00000000000000000000000000000000000000000000000000
1701;1931204.00000000000000000000000000000000000000000000000000
1702;1931740.00000000000000000000000000000000000000000000000000
1703;1931612.00000000000000000000000000000000000000000000000000
1704;1931520.00000000000000000000000000000000000000000000000000
1705;1931676.00000000000000000000000000000000000000000000000000
1706;1931108.00000000000000000000000000000000000000000000000000
1707;1931708.00000000000000000000000000000000000000000000000000
1708;1931164.00000000000000000000000000000000000000000000000000
1709;1834320.00000000000000000000000000000000000000000000000000
1710;1834996.00000000000000000000000000000000000000000000000000
1711;1835696.00000000000000000000000000000000000000000000000000
1712;1837208.00000000000000000000000000000000000000000000000000
1713;1837524.00000000000000000000000000000000000000000000000000
1714;1838568.00000000000000000000000000000000000000000000000000
1715;1838696.00000000000000000000000000000000000000000000000000
1716;1839392.00000000000000000000000000000000000000000000000000
1717;1840396.00000000000000000000000000000000000000000000000000
1718;1840804.00000000000000000000000000000000000000000000000000
1719;1841276.00000000000000000000000000000000000000000000000000
1720;1841276.00000000000000000000000000000000000000000000000000
1721;1842084.00000000000000000000000000000000000000000000000000
1722;1844024.00000000000000000000000000000000000000000000000000
1723;1845988.00000000000000000000000000000000000000000000000000
1724;1849592.00000000000000000000000000000000000000000000000000
1725;1851600.00000000000000000000000000000000000000000000000000
1726;1855340.00000000000000000000000000000000000000000000000000
1727;1857180.00000000000000000000000000000000000000000000000000
1728;1860680.00000000000000000000000000000000000000000000000000
1729;1862340.00000000000000000000000000000000000000000000000000
1730;1864932.00000000000000000000000000000000000000000000000000
1731;1867860.00000000000000000000000000000000000000000000000000
1732;1870288.00000000000000000000000000000000000000000000000000
1733;1871884.00000000000000000000000000000000000000000000000000
1734;1875092.00000000000000000000000000000000000000000000000000
1735;1877556.00000000000000000000000000000000000000000000000000
1736;1880364.00000000000000000000000000000000000000000000000000
1737;1886108.00000000000000000000000000000000000000000000000000
1738;1888504.00000000000000000000000000000000000000000000000000
1739;1889976.00000000000000000000000000000000000000000000000000
1740;1891840.00000000000000000000000000000000000000000000000000
1741;1901944.00000000000000000000000000000000000000000000000000
1742;1903500.00000000000000000000000000000000000000000000000000
1743;1906032.00000000000000000000000000000000000000000000000000
1744;1906688.00000000000000000000000000000000000000000000000000
1745;1912924.00000000000000000000000000000000000000000000000000
1746;1913716.00000000000000000000000000000000000000000000000000
1747;1914324.00000000000000000000000000000000000000000000000000
1748;1915548.00000000000000000000000000000000000000000000000000
1749;1918200.00000000000000000000000000000000000000000000000000
1750;1919280.00000000000000000000000000000000000000000000000000
1751;1927200.00000000000000000000000000000000000000000000000000
1752;1927200.00000000000000000000000000000000000000000000000000
1753;1930916.00000000000000000000000000000000000000000000000000
1754;1930820.00000000000000000000000000000000000000000000000000
1755;1930728.00000000000000000000000000000000000000000000000000
1756;1930372.00000000000000000000000000000000000000000000000000
1757;1930380.00000000000000000000000000000000000000000000000000
1758;1930916.00000000000000000000000000000000000000000000000000
1759;1930820.00000000000000000000000000000000000000000000000000
1760;1930728.00000000000000000000000000000000000000000000000000
1761;1930372.00000000000000000000000000000000000000000000000000
1762;1930316.00000000000000000000000000000000000000000000000000
1763;1927616.00000000000000000000000000000000000000000000000000
1764;1927616.00000000000000000000000000000000000000000000000000
1765;1930856.00000000000000000000000000000000000000000000000000
1766;1930372.00000000000000000000000000000000000000000000000000
1767;1930380.00000000000000000000000000000000000000000000000000
1768;1930916.00000000000000000000000000000000000000000000000000
1769;1930820.00000000000000000000000000000000000000000000000000
1770;1930728.00000000000000000000000000000000000000000000000000
1771;1930372.00000000000000000000000000000000000000000000000000
1772;1930316.00000000000000000000000000000000000000000000000000
1773;1930916.00000000000000000000000000000000000000000000000000
1774;1930820.00000000000000000000000000000000000000000000000000
1775;1930728.00000000000000000000000000000000000000000000000000
1776;1927616.00000000000000000000000000000000000000000000000000
1777;1930724.00000000000000000000000000000000000000000000000000
1778;1930372.00000000000000000000000000000000000000000000000000
1779;1930316.00000000000000000000000000000000000000000000000000
1780;1930880.00000000000000000000000000000000000000000000000000
1781;1930820.00000000000000000000000000000000000000000000000000
1782;1930596.00000000000000000000000000000000000000000000000000
1783;1930372.00000000000000000000000000000000000000000000000000
1784;1930316.00000000000000000000000000000000000000000000000000
1785;1930880.00000000000000000000000000000000000000000000000000
1786;1930820.00000000000000000000000000000000000000000000000000
1787;1930412.00000000000000000000000000000000000000000000000000
1788;1912928.00000000000000000000000000000000000000000000000000
1789;1913100.00000000000000000000000000000000000000000000000000
1790;1913068.00000000000000000000000000000000000000000000000000
1791;1913148.00000000000000000000000000000000000000000000000000
1792;1913188.00000000000000000000000000000000000000000000000000
1793;1913284.00000000000000000000000000000000000000000000000000
1794;1913280.00000000000000000000000000000000000000000000000000
1795;1913392.00000000000000000000000000000000000000000000000000
1796;1913384.00000000000000000000000000000000000000000000000000
1797;1913320.00000000000000000000000000000000000000000000000000
1798;1913352.00000000000000000000000000000000000000000000000000
1799;1913372.00000000000000000000000000000000000000000000000000
1800;1913664.00000000000000000000000000000000000000000000000000
1801;1913664.00000000000000000000000000000000000000000000000000
1802;1913552.00000000000000000000000000000000000000000000000000
1803;1913536.00000000000000000000000000000000000000000000000000
1804;1913800.00000000000000000000000000000000000000000000000000
1805;1913808.00000000000000000000000000000000000000000000000000
1806;1913752.00000000000000000000000000000000000000000000000000
1807;1913804.00000000000000000000000000000000000000000000000000
1808;1914300.00000000000000000000000000000000000000000000000000
1809;1914184.00000000000000000000000000000000000000000000000000
1810;1914460.00000000000000000000000000000000000000000000000000
1811;1914220.00000000000000000000000000000000000000000000000000
1812;1914072.00000000000000000000000000000000000000000000000000
1813;1914308.00000000000000000000000000000000000000000000000000
1814;1914532.00000000000000000000000000000000000000000000000000
1815;1914544.00000000000000000000000000000000000000000000000000
1816;1914488.00000000000000000000000000000000000000000000000000
1817;1915400.00000000000000000000000000000000000000000000000000
1818;1915448.00000000000000000000000000000000000000000000000000
1819;1915476.00000000000000000000000000000000000000000000000000
1820;1916248.00000000000000000000000000000000000000000000000000
1821;1916524.00000000000000000000000000000000000000000000000000
1822;1916440.00000000000000000000000000000000000000000000000000
1823;1916968.00000000000000000000000000000000000000000000000000
1824;1919756.00000000000000000000000000000000000000000000000000
1825;1920116.00000000000000000000000000000000000000000000000000
1826;1919900.00000000000000000000000000000000000000000000000000
1827;1919720.00000000000000000000000000000000000000000000000000
1828;1922540.00000000000000000000000000000000000000000000000000
1829;1928460.00000000000000000000000000000000000000000000000000
1830;1928728.00000000000000000000000000000000000000000000000000
1831;1928728.00000000000000000000000000000000000000000000000000
1832;1932016.00000000000000000000000000000000000000000000000000
1833;1932520.00000000000000000000000000000000000000000000000000
1834;1931920.00000000000000000000000000000000000000000000000000
1835;1932328.00000000000000000000000000000000000000000000000000
1836;1931976.00000000000000000000000000000000000000000000000000
1837;1932032.00000000000000000000000000000000000000000000000000
1838;1932572.00000000000000000000000000000000000000000000000000
1839;1931940.00000000000000000000000000000000000000000000000000
1840;1932492.00000000000000000000000000000000000000000000000000
1841;1932012.00000000000000000000000000000000000000000000000000
1842;1929256.00000000000000000000000000000000000000000000000000
1843;1929592.00000000000000000000000000000000000000000000000000
1844;1932292.00000000000000000000000000000000000000000000000000
1845;1932892.00000000000000000000000000000000000000000000000000
1846;1932796.00000000000000000000000000000000000000000000000000
1847;1932700.00000000000000000000000000000000000000000000000000
1848;1932348.00000000000000000000000000000000000000000000000000
1849;1932356.00000000000000000000000000000000000000000000000000
1850;1932924.00000000000000000000000000000000000000000000000000
1851;1932292.00000000000000000000000000000000000000000000000000
1852;1932700.00000000000000000000000000000000000000000000000000
1853;1932348.00000000000000000000000000000000000000000000000000
1854;1932292.00000000000000000000000000000000000000000000000000
1855;1929592.00000000000000000000000000000000000000000000000000
1856;1929592.00000000000000000000000000000000000000000000000000
1857;1932828.00000000000000000000000000000000000000000000000000
1858;1932348.00000000000000000000000000000000000000000000000000
1859;1932388.00000000000000000000000000000000000000000000000000
1860;1932860.00000000000000000000000000000000000000000000000000
1861;1932292.00000000000000000000000000000000000000000000000000
1862;1932900.00000000000000000000000000000000000000000000000000
1863;1932796.00000000000000000000000000000000000000000000000000
1864;1932572.00000000000000000000000000000000000000000000000000
1865;1932348.00000000000000000000000000000000000000000000000000
1866;1932292.00000000000000000000000000000000000000000000000000
1867;1915836.00000000000000000000000000000000000000000000000000
1868;1915676.00000000000000000000000000000000000000000000000000
1869;1915836.00000000000000000000000000000000000000000000000000
1870;1916204.00000000000000000000000000000000000000000000000000
1871;1916032.00000000000000000000000000000000000000000000000000
1872;1916212.00000000000000000000000000000000000000000000000000
1873;1916364.00000000000000000000000000000000000000000000000000
1874;1916240.00000000000000000000000000000000000000000000000000
1875;1916060.00000000000000000000000000000000000000000000000000
1876;1914972.00000000000000000000000000000000000000000000000000
1877;1915136.00000000000000000000000000000000000000000000000000
1878;1914588.00000000000000000000000000000000000000000000000000
1879;1914912.00000000000000000000000000000000000000000000000000
1880;1914940.00000000000000000000000000000000000000000000000000
1881;1915184.00000000000000000000000000000000000000000000000000
1882;1915284.00000000000000000000000000000000000000000000000000
1883;1915176.00000000000000000000000000000000000000000000000000
1884;1915328.00000000000000000000000000000000000000000000000000
1885;1915228.00000000000000000000000000000000000000000000000000
1886;1915416.00000000000000000000000000000000000000000000000000
1887;1915228.00000000000000000000000000000000000000000000000000
1888;1915416.00000000000000000000000000000000000000000000000000
1889;1914984.00000000000000000000000000000000000000000000000000
1890;1915616.00000000000000000000000000000000000000000000000000
1891;1915304.00000000000000000000000000000000000000000000000000
1892;1915348.00000000000000000000000000000000000000000000000000
1893;1915316.00000000000000000000000000000000000000000000000000
1894;1915580.00000000000000000000000000000000000000000000000000
1895;1915904.00000000000000000000000000000000000000000000000000
1896;1915964.00000000000000000000000000000000000000000000000000
1897;1916044.00000000000000000000000000000000000000000000000000
1898;1916116.00000000000000000000000000000000000000000000000000
1899;1916388.00000000000000000000000000000000000000000000000000
1900;1916492.00000000000000000000000000000000000000000000000000
1901;1916528.00000000000000000000000000000000000000000000000000
1902;1917724.00000000000000000000000000000000000000000000000000
1903;1917704.00000000000000000000000000000000000000000000000000
1904;1917572.00000000000000000000000000000000000000000000000000
1905;1918884.00000000000000000000000000000000000000000000000000
1906;1920652.00000000000000000000000000000000000000000000000000
1907;1926192.00000000000000000000000000000000000000000000000000
1908;1926328.00000000000000000000000000000000000000000000000000
1909;1927832.00000000000000000000000000000000000000000000000000
1910;1927832.00000000000000000000000000000000000000000000000000
1911;1930480.00000000000000000000000000000000000000000000000000
1912;1930500.00000000000000000000000000000000000000000000000000
1913;1931100.00000000000000000000000000000000000000000000000000
1914;1931004.00000000000000000000000000000000000000000000000000
1915;1931036.00000000000000000000000000000000000000000000000000
1916;1930556.00000000000000000000000000000000000000000000000000
1917;1930596.00000000000000000000000000000000000000000000000000
1918;1930556.00000000000000000000000000000000000000000000000000
1919;1930500.00000000000000000000000000000000000000000000000000
1920;1931132.00000000000000000000000000000000000000000000000000
1921;1930500.00000000000000000000000000000000000000000000000000
1922;1928444.00000000000000000000000000000000000000000000000000
1923;1931648.00000000000000000000000000000000000000000000000000
1924;1931552.00000000000000000000000000000000000000000000000000
1925;1931200.00000000000000000000000000000000000000000000000000
1926;1931144.00000000000000000000000000000000000000000000000000
1927;1931744.00000000000000000000000000000000000000000000000000
1928;1931200.00000000000000000000000000000000000000000000000000
1929;1931552.00000000000000000000000000000000000000000000000000
1930;1931200.00000000000000000000000000000000000000000000000000
1931;1931240.00000000000000000000000000000000000000000000000000
1932;1931712.00000000000000000000000000000000000000000000000000
1933;1931144.00000000000000000000000000000000000000000000000000
1934;1928444.00000000000000000000000000000000000000000000000000
1935;1931424.00000000000000000000000000000000000000000000000000
1936;1931200.00000000000000000000000000000000000000000000000000
1937;1931240.00000000000000000000000000000000000000000000000000
1938;1931744.00000000000000000000000000000000000000000000000000
1939;1931648.00000000000000000000000000000000000000000000000000
1940;1931552.00000000000000000000000000000000000000000000000000
1941;1931200.00000000000000000000000000000000000000000000000000
1942;1931144.00000000000000000000000000000000000000000000000000
1943;1931680.00000000000000000000000000000000000000000000000000
1944;1931200.00000000000000000000000000000000000000000000000000
1945;1931144.00000000000000000000000000000000000000000000000000
1946;1917204.00000000000000000000000000000000000000000000000000
1947;1916984.00000000000000000000000000000000000000000000000000
1948;1917044.00000000000000000000000000000000000000000000000000
1949;1917060.00000000000000000000000000000000000000000000000000
1950;1916936.00000000000000000000000000000000000000000000000000
1951;1917236.00000000000000000000000000000000000000000000000000
1952;1917300.00000000000000000000000000000000000000000000000000
1953;1917320.00000000000000000000000000000000000000000000000000
1954;1917352.00000000000000000000000000000000000000000000000000
1955;1917352.00000000000000000000000000000000000000000000000000
1956;1917372.00000000000000000000000000000000000000000000000000
1957;1917336.00000000000000000000000000000000000000000000000000
1958;1917408.00000000000000000000000000000000000000000000000000
1959;1917436.00000000000000000000000000000000000000000000000000
1960;1917580.00000000000000000000000000000000000000000000000000
1961;1917688.00000000000000000000000000000000000000000000000000
1962;1917704.00000000000000000000000000000000000000000000000000
1963;1917932.00000000000000000000000000000000000000000000000000
1964;1917692.00000000000000000000000000000000000000000000000000
1965;1917948.00000000000000000000000000000000000000000000000000
1966;1917996.00000000000000000000000000000000000000000000000000
1967;1918056.00000000000000000000000000000000000000000000000000
1968;1918064.00000000000000000000000000000000000000000000000000
1969;1918064.00000000000000000000000000000000000000000000000000
1970;1918228.00000000000000000000000000000000000000000000000000
1971;1918176.00000000000000000000000000000000000000000000000000
1972;1918116.00000000000000000000000000000000000000000000000000
1973;1918116.00000000000000000000000000000000000000000000000000
1974;1918236.00000000000000000000000000000000000000000000000000
1975;1918448.00000000000000000000000000000000000000000000000000
1976;1918144.00000000000000000000000000000000000000000000000000
1977;1918288.00000000000000000000000000000000000000000000000000
1978;1918552.00000000000000000000000000000000000000000000000000
1979;1918584.00000000000000000000000000000000000000000000000000
1980;1918844.00000000000000000000000000000000000000000000000000
1981;1924896.00000000000000000000000000000000000000000000000000
1982;1925336.00000000000000000000000000000000000000000000000000
1983;1925348.00000000000000000000000000000000000000000000000000
1984;1925732.00000000000000000000000000000000000000000000000000
1985;1927288.00000000000000000000000000000000000000000000000000
1986;1931332.00000000000000000000000000000000000000000000000000
1987;1932676.00000000000000000000000000000000000000000000000000
1988;1934064.00000000000000000000000000000000000000000000000000
1989;1934064.00000000000000000000000000000000000000000000000000
1990;1937864.00000000000000000000000000000000000000000000000000
1991;1937856.00000000000000000000000000000000000000000000000000
1992;1937500.00000000000000000000000000000000000000000000000000
1993;1937444.00000000000000000000000000000000000000000000000000
1994;1938044.00000000000000000000000000000000000000000000000000
1995;1937500.00000000000000000000000000000000000000000000000000
1996;1937948.00000000000000000000000000000000000000000000000000
1997;1937508.00000000000000000000000000000000000000000000000000
1998;1938008.00000000000000000000000000000000000000000000000000
1999;1937500.00000000000000000000000000000000000000000000000000
2000;1937444.00000000000000000000000000000000000000000000000000
2001;1935648.00000000000000000000000000000000000000000000000000
2002;1935648.00000000000000000000000000000000000000000000000000
2003;1938760.00000000000000000000000000000000000000000000000000
2004;1938404.00000000000000000000000000000000000000000000000000
2005;1938412.00000000000000000000000000000000000000000000000000
2006;1938948.00000000000000000000000000000000000000000000000000
2007;1938852.00000000000000000000000000000000000000000000000000
2008;1938760.00000000000000000000000000000000000000000000000000
2009;1938404.00000000000000000000000000000000000000000000000000
2010;1938412.00000000000000000000000000000000000000000000000000
2011;1938980.00000000000000000000000000000000000000000000000000
2012;1938852.00000000000000000000000000000000000000000000000000
2013;1935636.00000000000000000000000000000000000000000000000000
2014;1935648.00000000000000000000000000000000000000000000000000
2015;1938628.00000000000000000000000000000000000000000000000000
2016;1938404.00000000000000000000000000000000000000000000000000
2017;1938348.00000000000000000000000000000000000000000000000000
2018;1938912.00000000000000000000000000000000000000000000000000
2019;1938852.00000000000000000000000000000000000000000000000000
2020;1938756.00000000000000000000000000000000000000000000000000
2021;1938948.00000000000000000000000000000000000000000000000000
2022;1938404.00000000000000000000000000000000000000000000000000
2023;1938404.00000000000000000000000000000000000000000000000000
2024;1938404.00000000000000000000000000000000000000000000000000
2025;1938348.00000000000000000000000000000000000000000000000000
2026;1934652.00000000000000000000000000000000000000000000000000
2027;1924180.00000000000000000000000000000000000000000000000000
2028;1924240.00000000000000000000000000000000000000000000000000
2029;1924236.00000000000000000000000000000000000000000000000000
2030;1924240.00000000000000000000000000000000000000000000000000
2031;1924240.00000000000000000000000000000000000000000000000000
2032;1924240.00000000000000000000000000000000000000000000000000
2033;1924224.00000000000000000000000000000000000000000000000000
2034;1924392.00000000000000000000000000000000000000000000000000
2035;1924412.00000000000000000000000000000000000000000000000000
2036;1924416.00000000000000000000000000000000000000000000000000
2037;1924480.00000000000000000000000000000000000000000000000000
2038;1924488.00000000000000000000000000000000000000000000000000
2039;1924516.00000000000000000000000000000000000000000000000000
2040;1924636.00000000000000000000000000000000000000000000000000
2041;1687212.00000000000000000000000000000000000000000000000000
