Second;RAM_KB
0;6272.00000000000000000000000000000000000000000000000000
1;265656.00000000000000000000000000000000000000000000000000
2;346492.00000000000000000000000000000000000000000000000000
3;489004.00000000000000000000000000000000000000000000000000
4;1498400.00000000000000000000000000000000000000000000000000
5;1738072.00000000000000000000000000000000000000000000000000
6;1975372.00000000000000000000000000000000000000000000000000
7;2289176.00000000000000000000000000000000000000000000000000
8;2369544.00000000000000000000000000000000000000000000000000
9;2441116.00000000000000000000000000000000000000000000000000
10;2449068.00000000000000000000000000000000000000000000000000
11;2457844.00000000000000000000000000000000000000000000000000
12;2466136.00000000000000000000000000000000000000000000000000
13;2475320.00000000000000000000000000000000000000000000000000
14;2519080.00000000000000000000000000000000000000000000000000
15;2524936.00000000000000000000000000000000000000000000000000
16;2531460.00000000000000000000000000000000000000000000000000
17;2535928.00000000000000000000000000000000000000000000000000
18;2540212.00000000000000000000000000000000000000000000000000
19;2545424.00000000000000000000000000000000000000000000000000
20;2551148.00000000000000000000000000000000000000000000000000
21;2556892.00000000000000000000000000000000000000000000000000
22;2561936.00000000000000000000000000000000000000000000000000
23;2569180.00000000000000000000000000000000000000000000000000
24;2574172.00000000000000000000000000000000000000000000000000
25;2580256.00000000000000000000000000000000000000000000000000
26;2583900.00000000000000000000000000000000000000000000000000
27;2589136.00000000000000000000000000000000000000000000000000
28;2593272.00000000000000000000000000000000000000000000000000
29;2598864.00000000000000000000000000000000000000000000000000
30;2605356.00000000000000000000000000000000000000000000000000
31;2608968.00000000000000000000000000000000000000000000000000
32;2614052.00000000000000000000000000000000000000000000000000
33;2621704.00000000000000000000000000000000000000000000000000
34;2627864.00000000000000000000000000000000000000000000000000
35;2631900.00000000000000000000000000000000000000000000000000
36;2637796.00000000000000000000000000000000000000000000000000
37;2642768.00000000000000000000000000000000000000000000000000
38;2648696.00000000000000000000000000000000000000000000000000
39;2653460.00000000000000000000000000000000000000000000000000
40;2657624.00000000000000000000000000000000000000000000000000
41;2661916.00000000000000000000000000000000000000000000000000
42;2670408.00000000000000000000000000000000000000000000000000
43;2673176.00000000000000000000000000000000000000000000000000
44;2680352.00000000000000000000000000000000000000000000000000
45;2686076.00000000000000000000000000000000000000000000000000
46;2689516.00000000000000000000000000000000000000000000000000
47;2693852.00000000000000000000000000000000000000000000000000
48;2699644.00000000000000000000000000000000000000000000000000
49;2703844.00000000000000000000000000000000000000000000000000
50;2708404.00000000000000000000000000000000000000000000000000
51;2714876.00000000000000000000000000000000000000000000000000
52;2719760.00000000000000000000000000000000000000000000000000
53;2724276.00000000000000000000000000000000000000000000000000
54;2724304.00000000000000000000000000000000000000000000000000
55;2847128.00000000000000000000000000000000000000000000000000
56;2959768.00000000000000000000000000000000000000000000000000
57;2959804.00000000000000000000000000000000000000000000000000
58;2959712.00000000000000000000000000000000000000000000000000
59;2959708.00000000000000000000000000000000000000000000000000
60;2959936.00000000000000000000000000000000000000000000000000
61;2959484.00000000000000000000000000000000000000000000000000
62;2959488.00000000000000000000000000000000000000000000000000
63;2959516.00000000000000000000000000000000000000000000000000
64;2959304.00000000000000000000000000000000000000000000000000
65;2959360.00000000000000000000000000000000000000000000000000
66;2959300.00000000000000000000000000000000000000000000000000
67;2959484.00000000000000000000000000000000000000000000000000
68;2959580.00000000000000000000000000000000000000000000000000
69;2959392.00000000000000000000000000000000000000000000000000
70;2959356.00000000000000000000000000000000000000000000000000
71;2959388.00000000000000000000000000000000000000000000000000
72;2959352.00000000000000000000000000000000000000000000000000
73;2959388.00000000000000000000000000000000000000000000000000
74;2959896.00000000000000000000000000000000000000000000000000
75;2959896.00000000000000000000000000000000000000000000000000
76;2959896.00000000000000000000000000000000000000000000000000
77;2959768.00000000000000000000000000000000000000000000000000
78;2959640.00000000000000000000000000000000000000000000000000
79;2959764.00000000000000000000000000000000000000000000000000
80;2959896.00000000000000000000000000000000000000000000000000
81;2959864.00000000000000000000000000000000000000000000000000
82;2959896.00000000000000000000000000000000000000000000000000
83;2959640.00000000000000000000000000000000000000000000000000
84;2959760.00000000000000000000000000000000000000000000000000
85;2959708.00000000000000000000000000000000000000000000000000
86;2959672.00000000000000000000000000000000000000000000000000
87;2959864.00000000000000000000000000000000000000000000000000
88;2959640.00000000000000000000000000000000000000000000000000
89;2959640.00000000000000000000000000000000000000000000000000
90;2959772.00000000000000000000000000000000000000000000000000
91;2959712.00000000000000000000000000000000000000000000000000
92;2959788.00000000000000000000000000000000000000000000000000
93;2959772.00000000000000000000000000000000000000000000000000
94;2959900.00000000000000000000000000000000000000000000000000
95;2959900.00000000000000000000000000000000000000000000000000
96;2959676.00000000000000000000000000000000000000000000000000
97;2959708.00000000000000000000000000000000000000000000000000
98;2959676.00000000000000000000000000000000000000000000000000
99;2959644.00000000000000000000000000000000000000000000000000
100;2959644.00000000000000000000000000000000000000000000000000
101;2959676.00000000000000000000000000000000000000000000000000
102;2959768.00000000000000000000000000000000000000000000000000
103;2959900.00000000000000000000000000000000000000000000000000
104;2959644.00000000000000000000000000000000000000000000000000
105;2959676.00000000000000000000000000000000000000000000000000
106;2959644.00000000000000000000000000000000000000000000000000
107;2959712.00000000000000000000000000000000000000000000000000
108;2959644.00000000000000000000000000000000000000000000000000
109;2959676.00000000000000000000000000000000000000000000000000
110;2959712.00000000000000000000000000000000000000000000000000
111;2959644.00000000000000000000000000000000000000000000000000
112;2959796.00000000000000000000000000000000000000000000000000
113;2959640.00000000000000000000000000000000000000000000000000
114;2873808.00000000000000000000000000000000000000000000000000
115;2874516.00000000000000000000000000000000000000000000000000
116;2875368.00000000000000000000000000000000000000000000000000
117;2876920.00000000000000000000000000000000000000000000000000
118;2878088.00000000000000000000000000000000000000000000000000
119;2879540.00000000000000000000000000000000000000000000000000
120;2881824.00000000000000000000000000000000000000000000000000
121;2882764.00000000000000000000000000000000000000000000000000
122;2886124.00000000000000000000000000000000000000000000000000
123;2888648.00000000000000000000000000000000000000000000000000
124;2890720.00000000000000000000000000000000000000000000000000
125;2892196.00000000000000000000000000000000000000000000000000
126;2894464.00000000000000000000000000000000000000000000000000
127;2896508.00000000000000000000000000000000000000000000000000
128;2899532.00000000000000000000000000000000000000000000000000
129;2903480.00000000000000000000000000000000000000000000000000
130;2905596.00000000000000000000000000000000000000000000000000
131;2908200.00000000000000000000000000000000000000000000000000
132;2910964.00000000000000000000000000000000000000000000000000
133;2913320.00000000000000000000000000000000000000000000000000
134;2915512.00000000000000000000000000000000000000000000000000
135;2916864.00000000000000000000000000000000000000000000000000
136;2917136.00000000000000000000000000000000000000000000000000
137;2918860.00000000000000000000000000000000000000000000000000
138;2921680.00000000000000000000000000000000000000000000000000
139;2924432.00000000000000000000000000000000000000000000000000
140;2926948.00000000000000000000000000000000000000000000000000
141;2929324.00000000000000000000000000000000000000000000000000
142;2932200.00000000000000000000000000000000000000000000000000
143;2940576.00000000000000000000000000000000000000000000000000
144;2941172.00000000000000000000000000000000000000000000000000
145;2941868.00000000000000000000000000000000000000000000000000
146;2942664.00000000000000000000000000000000000000000000000000
147;2947204.00000000000000000000000000000000000000000000000000
148;2950140.00000000000000000000000000000000000000000000000000
149;2952836.00000000000000000000000000000000000000000000000000
150;2955712.00000000000000000000000000000000000000000000000000
151;2960724.00000000000000000000000000000000000000000000000000
152;2962216.00000000000000000000000000000000000000000000000000
153;2964720.00000000000000000000000000000000000000000000000000
154;2966040.00000000000000000000000000000000000000000000000000
155;2966208.00000000000000000000000000000000000000000000000000
156;2966568.00000000000000000000000000000000000000000000000000
157;2966312.00000000000000000000000000000000000000000000000000
158;2966312.00000000000000000000000000000000000000000000000000
159;2966376.00000000000000000000000000000000000000000000000000
160;2966312.00000000000000000000000000000000000000000000000000
161;2966312.00000000000000000000000000000000000000000000000000
162;2966312.00000000000000000000000000000000000000000000000000
163;2966376.00000000000000000000000000000000000000000000000000
164;2966376.00000000000000000000000000000000000000000000000000
165;2966568.00000000000000000000000000000000000000000000000000
166;2966376.00000000000000000000000000000000000000000000000000
167;2966440.00000000000000000000000000000000000000000000000000
168;2966440.00000000000000000000000000000000000000000000000000
169;2966376.00000000000000000000000000000000000000000000000000
170;2966568.00000000000000000000000000000000000000000000000000
171;2966312.00000000000000000000000000000000000000000000000000
172;2966928.00000000000000000000000000000000000000000000000000
173;2967052.00000000000000000000000000000000000000000000000000
174;2967052.00000000000000000000000000000000000000000000000000
175;2966796.00000000000000000000000000000000000000000000000000
176;2966924.00000000000000000000000000000000000000000000000000
177;2966860.00000000000000000000000000000000000000000000000000
178;2967052.00000000000000000000000000000000000000000000000000
179;2966860.00000000000000000000000000000000000000000000000000
180;2966980.00000000000000000000000000000000000000000000000000
181;2967052.00000000000000000000000000000000000000000000000000
182;2966860.00000000000000000000000000000000000000000000000000
183;2966924.00000000000000000000000000000000000000000000000000
184;2966860.00000000000000000000000000000000000000000000000000
185;2966860.00000000000000000000000000000000000000000000000000
186;2966980.00000000000000000000000000000000000000000000000000
187;2966864.00000000000000000000000000000000000000000000000000
188;2967056.00000000000000000000000000000000000000000000000000
189;2966800.00000000000000000000000000000000000000000000000000
190;2966800.00000000000000000000000000000000000000000000000000
191;2967056.00000000000000000000000000000000000000000000000000
192;2967056.00000000000000000000000000000000000000000000000000
193;2967056.00000000000000000000000000000000000000000000000000
194;2966920.00000000000000000000000000000000000000000000000000
195;2966864.00000000000000000000000000000000000000000000000000
196;2966800.00000000000000000000000000000000000000000000000000
197;2966920.00000000000000000000000000000000000000000000000000
198;2967056.00000000000000000000000000000000000000000000000000
199;2966864.00000000000000000000000000000000000000000000000000
200;2966928.00000000000000000000000000000000000000000000000000
201;2966800.00000000000000000000000000000000000000000000000000
202;2966864.00000000000000000000000000000000000000000000000000
203;2966800.00000000000000000000000000000000000000000000000000
204;2966800.00000000000000000000000000000000000000000000000000
205;2967056.00000000000000000000000000000000000000000000000000
206;2966920.00000000000000000000000000000000000000000000000000
207;2967056.00000000000000000000000000000000000000000000000000
208;2877396.00000000000000000000000000000000000000000000000000
209;2877080.00000000000000000000000000000000000000000000000000
210;2879036.00000000000000000000000000000000000000000000000000
211;2881520.00000000000000000000000000000000000000000000000000
212;2883540.00000000000000000000000000000000000000000000000000
213;2886452.00000000000000000000000000000000000000000000000000
214;2889324.00000000000000000000000000000000000000000000000000
215;2892376.00000000000000000000000000000000000000000000000000
216;2894904.00000000000000000000000000000000000000000000000000
217;2896616.00000000000000000000000000000000000000000000000000
218;2899568.00000000000000000000000000000000000000000000000000
219;2901748.00000000000000000000000000000000000000000000000000
220;2905872.00000000000000000000000000000000000000000000000000
221;2910300.00000000000000000000000000000000000000000000000000
222;2912168.00000000000000000000000000000000000000000000000000
223;2914720.00000000000000000000000000000000000000000000000000
224;2918316.00000000000000000000000000000000000000000000000000
225;2920580.00000000000000000000000000000000000000000000000000
226;2924464.00000000000000000000000000000000000000000000000000
227;2927056.00000000000000000000000000000000000000000000000000
228;2930188.00000000000000000000000000000000000000000000000000
229;2932512.00000000000000000000000000000000000000000000000000
230;2935360.00000000000000000000000000000000000000000000000000
231;2937744.00000000000000000000000000000000000000000000000000
232;2940096.00000000000000000000000000000000000000000000000000
233;2941876.00000000000000000000000000000000000000000000000000
234;2950584.00000000000000000000000000000000000000000000000000
235;2951272.00000000000000000000000000000000000000000000000000
236;2952444.00000000000000000000000000000000000000000000000000
237;2955800.00000000000000000000000000000000000000000000000000
238;2956656.00000000000000000000000000000000000000000000000000
239;2958428.00000000000000000000000000000000000000000000000000
240;2965180.00000000000000000000000000000000000000000000000000
241;2965804.00000000000000000000000000000000000000000000000000
242;2968352.00000000000000000000000000000000000000000000000000
243;2972516.00000000000000000000000000000000000000000000000000
244;2972516.00000000000000000000000000000000000000000000000000
245;2973384.00000000000000000000000000000000000000000000000000
246;2973384.00000000000000000000000000000000000000000000000000
247;2973640.00000000000000000000000000000000000000000000000000
248;2973384.00000000000000000000000000000000000000000000000000
249;2973384.00000000000000000000000000000000000000000000000000
250;2973640.00000000000000000000000000000000000000000000000000
251;2973384.00000000000000000000000000000000000000000000000000
252;2973512.00000000000000000000000000000000000000000000000000
253;2973448.00000000000000000000000000000000000000000000000000
254;2973448.00000000000000000000000000000000000000000000000000
255;2973384.00000000000000000000000000000000000000000000000000
256;2973448.00000000000000000000000000000000000000000000000000
257;2973640.00000000000000000000000000000000000000000000000000
258;2973708.00000000000000000000000000000000000000000000000000
259;2973708.00000000000000000000000000000000000000000000000000
260;2973708.00000000000000000000000000000000000000000000000000
261;2973452.00000000000000000000000000000000000000000000000000
262;2973452.00000000000000000000000000000000000000000000000000
263;2973516.00000000000000000000000000000000000000000000000000
264;2973708.00000000000000000000000000000000000000000000000000
265;2973452.00000000000000000000000000000000000000000000000000
266;2973516.00000000000000000000000000000000000000000000000000
267;2973452.00000000000000000000000000000000000000000000000000
268;2973452.00000000000000000000000000000000000000000000000000
269;2973452.00000000000000000000000000000000000000000000000000
270;2973516.00000000000000000000000000000000000000000000000000
271;2973708.00000000000000000000000000000000000000000000000000
272;2973708.00000000000000000000000000000000000000000000000000
273;2973708.00000000000000000000000000000000000000000000000000
274;2973452.00000000000000000000000000000000000000000000000000
275;2973708.00000000000000000000000000000000000000000000000000
276;2973452.00000000000000000000000000000000000000000000000000
277;2973516.00000000000000000000000000000000000000000000000000
278;2973452.00000000000000000000000000000000000000000000000000
279;2973452.00000000000000000000000000000000000000000000000000
280;2973708.00000000000000000000000000000000000000000000000000
281;2973516.00000000000000000000000000000000000000000000000000
282;2973452.00000000000000000000000000000000000000000000000000
283;2973452.00000000000000000000000000000000000000000000000000
284;2973516.00000000000000000000000000000000000000000000000000
285;2973452.00000000000000000000000000000000000000000000000000
286;2973452.00000000000000000000000000000000000000000000000000
287;2882252.00000000000000000000000000000000000000000000000000
288;2883196.00000000000000000000000000000000000000000000000000
289;2884372.00000000000000000000000000000000000000000000000000
290;2886860.00000000000000000000000000000000000000000000000000
291;2888412.00000000000000000000000000000000000000000000000000
292;2891524.00000000000000000000000000000000000000000000000000
293;2894676.00000000000000000000000000000000000000000000000000
294;2897760.00000000000000000000000000000000000000000000000000
295;2901532.00000000000000000000000000000000000000000000000000
296;2904416.00000000000000000000000000000000000000000000000000
297;2907904.00000000000000000000000000000000000000000000000000
298;2911196.00000000000000000000000000000000000000000000000000
299;2913816.00000000000000000000000000000000000000000000000000
300;2919724.00000000000000000000000000000000000000000000000000
301;2922024.00000000000000000000000000000000000000000000000000
302;2925524.00000000000000000000000000000000000000000000000000
303;2928348.00000000000000000000000000000000000000000000000000
304;2930552.00000000000000000000000000000000000000000000000000
305;2934324.00000000000000000000000000000000000000000000000000
306;2937340.00000000000000000000000000000000000000000000000000
307;2941012.00000000000000000000000000000000000000000000000000
308;2943836.00000000000000000000000000000000000000000000000000
309;2946508.00000000000000000000000000000000000000000000000000
310;2949732.00000000000000000000000000000000000000000000000000
311;2952796.00000000000000000000000000000000000000000000000000
312;2955592.00000000000000000000000000000000000000000000000000
313;2965320.00000000000000000000000000000000000000000000000000
314;2968580.00000000000000000000000000000000000000000000000000
315;2971164.00000000000000000000000000000000000000000000000000
316;2976240.00000000000000000000000000000000000000000000000000
317;2978684.00000000000000000000000000000000000000000000000000
318;2981312.00000000000000000000000000000000000000000000000000
319;2986648.00000000000000000000000000000000000000000000000000
320;2987456.00000000000000000000000000000000000000000000000000
321;2988992.00000000000000000000000000000000000000000000000000
322;2988992.00000000000000000000000000000000000000000000000000
323;2989832.00000000000000000000000000000000000000000000000000
324;2989700.00000000000000000000000000000000000000000000000000
325;2989740.00000000000000000000000000000000000000000000000000
326;2989928.00000000000000000000000000000000000000000000000000
327;2989700.00000000000000000000000000000000000000000000000000
328;2989960.00000000000000000000000000000000000000000000000000
329;2989736.00000000000000000000000000000000000000000000000000
330;2989960.00000000000000000000000000000000000000000000000000
331;2989700.00000000000000000000000000000000000000000000000000
332;2989704.00000000000000000000000000000000000000000000000000
333;2989768.00000000000000000000000000000000000000000000000000
334;2989736.00000000000000000000000000000000000000000000000000
335;2989960.00000000000000000000000000000000000000000000000000
336;2989960.00000000000000000000000000000000000000000000000000
337;2989736.00000000000000000000000000000000000000000000000000
338;2989960.00000000000000000000000000000000000000000000000000
339;2989768.00000000000000000000000000000000000000000000000000
340;2989736.00000000000000000000000000000000000000000000000000
341;2989960.00000000000000000000000000000000000000000000000000
342;2989928.00000000000000000000000000000000000000000000000000
343;2989736.00000000000000000000000000000000000000000000000000
344;2989768.00000000000000000000000000000000000000000000000000
345;2989704.00000000000000000000000000000000000000000000000000
346;2989700.00000000000000000000000000000000000000000000000000
347;2989704.00000000000000000000000000000000000000000000000000
348;2989784.00000000000000000000000000000000000000000000000000
349;2989960.00000000000000000000000000000000000000000000000000
350;2989960.00000000000000000000000000000000000000000000000000
351;2989928.00000000000000000000000000000000000000000000000000
352;2989704.00000000000000000000000000000000000000000000000000
353;2989704.00000000000000000000000000000000000000000000000000
354;2989740.00000000000000000000000000000000000000000000000000
355;2989772.00000000000000000000000000000000000000000000000000
356;2989740.00000000000000000000000000000000000000000000000000
357;2989832.00000000000000000000000000000000000000000000000000
358;2989740.00000000000000000000000000000000000000000000000000
359;2989772.00000000000000000000000000000000000000000000000000
360;2989832.00000000000000000000000000000000000000000000000000
361;2989740.00000000000000000000000000000000000000000000000000
362;2989768.00000000000000000000000000000000000000000000000000
363;2951272.00000000000000000000000000000000000000000000000000
364;2883444.00000000000000000000000000000000000000000000000000
365;2884540.00000000000000000000000000000000000000000000000000
366;2885232.00000000000000000000000000000000000000000000000000
367;2888192.00000000000000000000000000000000000000000000000000
368;2891992.00000000000000000000000000000000000000000000000000
369;2895424.00000000000000000000000000000000000000000000000000
370;2898060.00000000000000000000000000000000000000000000000000
371;2901132.00000000000000000000000000000000000000000000000000
372;2903432.00000000000000000000000000000000000000000000000000
373;2906476.00000000000000000000000000000000000000000000000000
374;2908868.00000000000000000000000000000000000000000000000000
375;2911424.00000000000000000000000000000000000000000000000000
376;2917104.00000000000000000000000000000000000000000000000000
377;2920144.00000000000000000000000000000000000000000000000000
378;2922584.00000000000000000000000000000000000000000000000000
379;2928128.00000000000000000000000000000000000000000000000000
380;2930428.00000000000000000000000000000000000000000000000000
381;2934416.00000000000000000000000000000000000000000000000000
382;2936192.00000000000000000000000000000000000000000000000000
383;2941312.00000000000000000000000000000000000000000000000000
384;2944048.00000000000000000000000000000000000000000000000000
385;2946804.00000000000000000000000000000000000000000000000000
386;2950376.00000000000000000000000000000000000000000000000000
387;2952928.00000000000000000000000000000000000000000000000000
388;2963908.00000000000000000000000000000000000000000000000000
389;2967496.00000000000000000000000000000000000000000000000000
390;2969836.00000000000000000000000000000000000000000000000000
391;2975856.00000000000000000000000000000000000000000000000000
392;2978000.00000000000000000000000000000000000000000000000000
393;2980448.00000000000000000000000000000000000000000000000000
394;2983152.00000000000000000000000000000000000000000000000000
395;2989508.00000000000000000000000000000000000000000000000000
396;2989316.00000000000000000000000000000000000000000000000000
397;2991640.00000000000000000000000000000000000000000000000000
398;2991640.00000000000000000000000000000000000000000000000000
399;2991712.00000000000000000000000000000000000000000000000000
400;2991784.00000000000000000000000000000000000000000000000000
401;2991940.00000000000000000000000000000000000000000000000000
402;2991748.00000000000000000000000000000000000000000000000000
403;2991840.00000000000000000000000000000000000000000000000000
404;2991780.00000000000000000000000000000000000000000000000000
405;2991716.00000000000000000000000000000000000000000000000000
406;2991748.00000000000000000000000000000000000000000000000000
407;2991972.00000000000000000000000000000000000000000000000000
408;2991780.00000000000000000000000000000000000000000000000000
409;2991844.00000000000000000000000000000000000000000000000000
410;2991780.00000000000000000000000000000000000000000000000000
411;2991752.00000000000000000000000000000000000000000000000000
412;2991972.00000000000000000000000000000000000000000000000000
413;2991972.00000000000000000000000000000000000000000000000000
414;2991716.00000000000000000000000000000000000000000000000000
415;2991716.00000000000000000000000000000000000000000000000000
416;2991716.00000000000000000000000000000000000000000000000000
417;2991748.00000000000000000000000000000000000000000000000000
418;2991868.00000000000000000000000000000000000000000000000000
419;2991716.00000000000000000000000000000000000000000000000000
420;2991716.00000000000000000000000000000000000000000000000000
421;2991716.00000000000000000000000000000000000000000000000000
422;2991716.00000000000000000000000000000000000000000000000000
423;2991716.00000000000000000000000000000000000000000000000000
424;2991752.00000000000000000000000000000000000000000000000000
425;2991940.00000000000000000000000000000000000000000000000000
426;2991936.00000000000000000000000000000000000000000000000000
427;2991744.00000000000000000000000000000000000000000000000000
428;2991744.00000000000000000000000000000000000000000000000000
429;2991968.00000000000000000000000000000000000000000000000000
430;2991968.00000000000000000000000000000000000000000000000000
431;2991712.00000000000000000000000000000000000000000000000000
432;2991744.00000000000000000000000000000000000000000000000000
433;2991748.00000000000000000000000000000000000000000000000000
434;2991712.00000000000000000000000000000000000000000000000000
435;2991712.00000000000000000000000000000000000000000000000000
436;2991748.00000000000000000000000000000000000000000000000000
437;2991712.00000000000000000000000000000000000000000000000000
438;2991712.00000000000000000000000000000000000000000000000000
439;2991800.00000000000000000000000000000000000000000000000000
440;2991712.00000000000000000000000000000000000000000000000000
441;2991776.00000000000000000000000000000000000000000000000000
442;2991712.00000000000000000000000000000000000000000000000000
443;2991836.00000000000000000000000000000000000000000000000000
444;2991712.00000000000000000000000000000000000000000000000000
445;2991712.00000000000000000000000000000000000000000000000000
446;2991780.00000000000000000000000000000000000000000000000000
447;2991712.00000000000000000000000000000000000000000000000000
448;2883356.00000000000000000000000000000000000000000000000000
449;2884728.00000000000000000000000000000000000000000000000000
450;2886088.00000000000000000000000000000000000000000000000000
451;2887236.00000000000000000000000000000000000000000000000000
452;2889420.00000000000000000000000000000000000000000000000000
453;2892540.00000000000000000000000000000000000000000000000000
454;2895716.00000000000000000000000000000000000000000000000000
455;2897676.00000000000000000000000000000000000000000000000000
456;2900612.00000000000000000000000000000000000000000000000000
457;2903220.00000000000000000000000000000000000000000000000000
458;2905164.00000000000000000000000000000000000000000000000000
459;2907504.00000000000000000000000000000000000000000000000000
460;2909520.00000000000000000000000000000000000000000000000000
461;2911908.00000000000000000000000000000000000000000000000000
462;2914224.00000000000000000000000000000000000000000000000000
463;2917448.00000000000000000000000000000000000000000000000000
464;2920336.00000000000000000000000000000000000000000000000000
465;2923016.00000000000000000000000000000000000000000000000000
466;2927168.00000000000000000000000000000000000000000000000000
467;2929292.00000000000000000000000000000000000000000000000000
468;2934084.00000000000000000000000000000000000000000000000000
469;2936460.00000000000000000000000000000000000000000000000000
470;2938824.00000000000000000000000000000000000000000000000000
471;2941752.00000000000000000000000000000000000000000000000000
472;2944320.00000000000000000000000000000000000000000000000000
473;2946544.00000000000000000000000000000000000000000000000000
474;2949052.00000000000000000000000000000000000000000000000000
475;2952080.00000000000000000000000000000000000000000000000000
476;2954080.00000000000000000000000000000000000000000000000000
477;2956356.00000000000000000000000000000000000000000000000000
478;2967160.00000000000000000000000000000000000000000000000000
479;2969040.00000000000000000000000000000000000000000000000000
480;2971408.00000000000000000000000000000000000000000000000000
481;2973932.00000000000000000000000000000000000000000000000000
482;2979520.00000000000000000000000000000000000000000000000000
483;2981628.00000000000000000000000000000000000000000000000000
484;2983616.00000000000000000000000000000000000000000000000000
485;2985936.00000000000000000000000000000000000000000000000000
486;2992320.00000000000000000000000000000000000000000000000000
487;2993760.00000000000000000000000000000000000000000000000000
488;2993784.00000000000000000000000000000000000000000000000000
489;2994396.00000000000000000000000000000000000000000000000000
490;2994396.00000000000000000000000000000000000000000000000000
491;2994332.00000000000000000000000000000000000000000000000000
492;2994396.00000000000000000000000000000000000000000000000000
493;2994460.00000000000000000000000000000000000000000000000000
494;2994396.00000000000000000000000000000000000000000000000000
495;2994460.00000000000000000000000000000000000000000000000000
496;2994460.00000000000000000000000000000000000000000000000000
497;2994396.00000000000000000000000000000000000000000000000000
498;2994516.00000000000000000000000000000000000000000000000000
499;2994396.00000000000000000000000000000000000000000000000000
500;2994332.00000000000000000000000000000000000000000000000000
501;2994396.00000000000000000000000000000000000000000000000000
502;2994396.00000000000000000000000000000000000000000000000000
503;2994588.00000000000000000000000000000000000000000000000000
504;2994676.00000000000000000000000000000000000000000000000000
505;2994676.00000000000000000000000000000000000000000000000000
506;2994420.00000000000000000000000000000000000000000000000000
507;2994604.00000000000000000000000000000000000000000000000000
508;2994676.00000000000000000000000000000000000000000000000000
509;2994548.00000000000000000000000000000000000000000000000000
510;2994420.00000000000000000000000000000000000000000000000000
511;2994420.00000000000000000000000000000000000000000000000000
512;2994420.00000000000000000000000000000000000000000000000000
513;2994676.00000000000000000000000000000000000000000000000000
514;2994484.00000000000000000000000000000000000000000000000000
515;2994484.00000000000000000000000000000000000000000000000000
516;2994676.00000000000000000000000000000000000000000000000000
517;2994484.00000000000000000000000000000000000000000000000000
518;2994420.00000000000000000000000000000000000000000000000000
519;2994484.00000000000000000000000000000000000000000000000000
520;2994484.00000000000000000000000000000000000000000000000000
521;2994676.00000000000000000000000000000000000000000000000000
522;2994676.00000000000000000000000000000000000000000000000000
523;2994484.00000000000000000000000000000000000000000000000000
524;2994484.00000000000000000000000000000000000000000000000000
525;2994420.00000000000000000000000000000000000000000000000000
526;2994484.00000000000000000000000000000000000000000000000000
527;2994420.00000000000000000000000000000000000000000000000000
528;2994484.00000000000000000000000000000000000000000000000000
529;2994676.00000000000000000000000000000000000000000000000000
530;2994676.00000000000000000000000000000000000000000000000000
531;2994676.00000000000000000000000000000000000000000000000000
532;2994420.00000000000000000000000000000000000000000000000000
533;2994484.00000000000000000000000000000000000000000000000000
534;2994420.00000000000000000000000000000000000000000000000000
535;2994484.00000000000000000000000000000000000000000000000000
536;2994420.00000000000000000000000000000000000000000000000000
537;2994676.00000000000000000000000000000000000000000000000000
538;2994484.00000000000000000000000000000000000000000000000000
539;2893240.00000000000000000000000000000000000000000000000000
540;2893308.00000000000000000000000000000000000000000000000000
541;2894160.00000000000000000000000000000000000000000000000000
542;2894164.00000000000000000000000000000000000000000000000000
543;2895868.00000000000000000000000000000000000000000000000000
544;2898512.00000000000000000000000000000000000000000000000000
545;2901276.00000000000000000000000000000000000000000000000000
546;2904060.00000000000000000000000000000000000000000000000000
547;2906832.00000000000000000000000000000000000000000000000000
548;2909388.00000000000000000000000000000000000000000000000000
549;2910696.00000000000000000000000000000000000000000000000000
550;2912780.00000000000000000000000000000000000000000000000000
551;2914332.00000000000000000000000000000000000000000000000000
552;2916816.00000000000000000000000000000000000000000000000000
553;2918884.00000000000000000000000000000000000000000000000000
554;2920176.00000000000000000000000000000000000000000000000000
555;2924716.00000000000000000000000000000000000000000000000000
556;2928496.00000000000000000000000000000000000000000000000000
557;2930884.00000000000000000000000000000000000000000000000000
558;2934712.00000000000000000000000000000000000000000000000000
559;2937368.00000000000000000000000000000000000000000000000000
560;2939164.00000000000000000000000000000000000000000000000000
561;2944040.00000000000000000000000000000000000000000000000000
562;2946204.00000000000000000000000000000000000000000000000000
563;2948244.00000000000000000000000000000000000000000000000000
564;2950364.00000000000000000000000000000000000000000000000000
565;2952820.00000000000000000000000000000000000000000000000000
566;2955448.00000000000000000000000000000000000000000000000000
567;2958224.00000000000000000000000000000000000000000000000000
568;2960092.00000000000000000000000000000000000000000000000000
569;2962488.00000000000000000000000000000000000000000000000000
570;2964276.00000000000000000000000000000000000000000000000000
571;2974976.00000000000000000000000000000000000000000000000000
572;2977032.00000000000000000000000000000000000000000000000000
573;2979140.00000000000000000000000000000000000000000000000000
574;2981568.00000000000000000000000000000000000000000000000000
575;2987536.00000000000000000000000000000000000000000000000000
576;2988064.00000000000000000000000000000000000000000000000000
577;2990632.00000000000000000000000000000000000000000000000000
578;2992552.00000000000000000000000000000000000000000000000000
579;2994868.00000000000000000000000000000000000000000000000000
580;2995356.00000000000000000000000000000000000000000000000000
581;2995672.00000000000000000000000000000000000000000000000000
582;2995672.00000000000000000000000000000000000000000000000000
583;2995676.00000000000000000000000000000000000000000000000000
584;2995952.00000000000000000000000000000000000000000000000000
585;2996084.00000000000000000000000000000000000000000000000000
586;2995828.00000000000000000000000000000000000000000000000000
587;2996108.00000000000000000000000000000000000000000000000000
588;2996164.00000000000000000000000000000000000000000000000000
589;2996124.00000000000000000000000000000000000000000000000000
590;2996108.00000000000000000000000000000000000000000000000000
591;2996108.00000000000000000000000000000000000000000000000000
592;2996112.00000000000000000000000000000000000000000000000000
593;2996108.00000000000000000000000000000000000000000000000000
594;2996108.00000000000000000000000000000000000000000000000000
595;2996112.00000000000000000000000000000000000000000000000000
596;2996172.00000000000000000000000000000000000000000000000000
597;2996592.00000000000000000000000000000000000000000000000000
598;2996592.00000000000000000000000000000000000000000000000000
599;2996592.00000000000000000000000000000000000000000000000000
600;2996336.00000000000000000000000000000000000000000000000000
601;2996400.00000000000000000000000000000000000000000000000000
602;2996400.00000000000000000000000000000000000000000000000000
603;2996404.00000000000000000000000000000000000000000000000000
604;2996336.00000000000000000000000000000000000000000000000000
605;2996400.00000000000000000000000000000000000000000000000000
606;2996408.00000000000000000000000000000000000000000000000000
607;2996340.00000000000000000000000000000000000000000000000000
608;2996404.00000000000000000000000000000000000000000000000000
609;2996400.00000000000000000000000000000000000000000000000000
610;2996336.00000000000000000000000000000000000000000000000000
611;2996400.00000000000000000000000000000000000000000000000000
612;2996336.00000000000000000000000000000000000000000000000000
613;2996592.00000000000000000000000000000000000000000000000000
614;2996336.00000000000000000000000000000000000000000000000000
615;2996592.00000000000000000000000000000000000000000000000000
616;2996592.00000000000000000000000000000000000000000000000000
617;2996336.00000000000000000000000000000000000000000000000000
618;2996336.00000000000000000000000000000000000000000000000000
619;2996400.00000000000000000000000000000000000000000000000000
620;2996336.00000000000000000000000000000000000000000000000000
621;2996456.00000000000000000000000000000000000000000000000000
622;2996404.00000000000000000000000000000000000000000000000000
623;2996336.00000000000000000000000000000000000000000000000000
624;2996592.00000000000000000000000000000000000000000000000000
625;2996592.00000000000000000000000000000000000000000000000000
626;2996592.00000000000000000000000000000000000000000000000000
627;2996404.00000000000000000000000000000000000000000000000000
628;2996336.00000000000000000000000000000000000000000000000000
629;2996400.00000000000000000000000000000000000000000000000000
630;2996400.00000000000000000000000000000000000000000000000000
631;2996400.00000000000000000000000000000000000000000000000000
632;2996400.00000000000000000000000000000000000000000000000000
633;2996400.00000000000000000000000000000000000000000000000000
634;2893404.00000000000000000000000000000000000000000000000000
635;2894192.00000000000000000000000000000000000000000000000000
636;2894724.00000000000000000000000000000000000000000000000000
637;2895320.00000000000000000000000000000000000000000000000000
638;2897884.00000000000000000000000000000000000000000000000000
639;2899840.00000000000000000000000000000000000000000000000000
640;2902448.00000000000000000000000000000000000000000000000000
641;2906196.00000000000000000000000000000000000000000000000000
642;2908644.00000000000000000000000000000000000000000000000000
643;2911820.00000000000000000000000000000000000000000000000000
644;2913748.00000000000000000000000000000000000000000000000000
645;2915804.00000000000000000000000000000000000000000000000000
646;2917544.00000000000000000000000000000000000000000000000000
647;2920516.00000000000000000000000000000000000000000000000000
648;2921464.00000000000000000000000000000000000000000000000000
649;2922768.00000000000000000000000000000000000000000000000000
650;2926660.00000000000000000000000000000000000000000000000000
651;2931440.00000000000000000000000000000000000000000000000000
652;2934084.00000000000000000000000000000000000000000000000000
653;2936744.00000000000000000000000000000000000000000000000000
654;2938824.00000000000000000000000000000000000000000000000000
655;2942512.00000000000000000000000000000000000000000000000000
656;2943948.00000000000000000000000000000000000000000000000000
657;2946648.00000000000000000000000000000000000000000000000000
658;2951240.00000000000000000000000000000000000000000000000000
659;2953656.00000000000000000000000000000000000000000000000000
660;2956368.00000000000000000000000000000000000000000000000000
661;2958572.00000000000000000000000000000000000000000000000000
662;2960744.00000000000000000000000000000000000000000000000000
663;2963800.00000000000000000000000000000000000000000000000000
664;2965728.00000000000000000000000000000000000000000000000000
665;2976524.00000000000000000000000000000000000000000000000000
666;2977784.00000000000000000000000000000000000000000000000000
667;2980608.00000000000000000000000000000000000000000000000000
668;2983124.00000000000000000000000000000000000000000000000000
669;2988480.00000000000000000000000000000000000000000000000000
670;2990464.00000000000000000000000000000000000000000000000000
671;2992360.00000000000000000000000000000000000000000000000000
672;2994240.00000000000000000000000000000000000000000000000000
673;2999876.00000000000000000000000000000000000000000000000000
674;2999876.00000000000000000000000000000000000000000000000000
675;3001044.00000000000000000000000000000000000000000000000000
676;3000752.00000000000000000000000000000000000000000000000000
677;3000812.00000000000000000000000000000000000000000000000000
678;3000752.00000000000000000000000000000000000000000000000000
679;3000752.00000000000000000000000000000000000000000000000000
680;3000752.00000000000000000000000000000000000000000000000000
681;3000752.00000000000000000000000000000000000000000000000000
682;3000752.00000000000000000000000000000000000000000000000000
683;3000688.00000000000000000000000000000000000000000000000000
684;3000812.00000000000000000000000000000000000000000000000000
685;3000816.00000000000000000000000000000000000000000000000000
686;3000812.00000000000000000000000000000000000000000000000000
687;3000688.00000000000000000000000000000000000000000000000000
688;3000752.00000000000000000000000000000000000000000000000000
689;3000684.00000000000000000000000000000000000000000000000000
690;3000688.00000000000000000000000000000000000000000000000000
691;3000944.00000000000000000000000000000000000000000000000000
692;3000944.00000000000000000000000000000000000000000000000000
693;3000752.00000000000000000000000000000000000000000000000000
694;3000684.00000000000000000000000000000000000000000000000000
695;3000752.00000000000000000000000000000000000000000000000000
696;3000688.00000000000000000000000000000000000000000000000000
697;3000756.00000000000000000000000000000000000000000000000000
698;3000944.00000000000000000000000000000000000000000000000000
699;3000688.00000000000000000000000000000000000000000000000000
700;3000688.00000000000000000000000000000000000000000000000000
701;3000688.00000000000000000000000000000000000000000000000000
702;3000752.00000000000000000000000000000000000000000000000000
703;3000688.00000000000000000000000000000000000000000000000000
704;3000752.00000000000000000000000000000000000000000000000000
705;3000688.00000000000000000000000000000000000000000000000000
706;3000756.00000000000000000000000000000000000000000000000000
707;3000752.00000000000000000000000000000000000000000000000000
708;3000944.00000000000000000000000000000000000000000000000000
709;3000944.00000000000000000000000000000000000000000000000000
710;3000752.00000000000000000000000000000000000000000000000000
711;3000752.00000000000000000000000000000000000000000000000000
712;3000944.00000000000000000000000000000000000000000000000000
713;3000752.00000000000000000000000000000000000000000000000000
714;3000688.00000000000000000000000000000000000000000000000000
715;3000752.00000000000000000000000000000000000000000000000000
716;3000764.00000000000000000000000000000000000000000000000000
717;3000688.00000000000000000000000000000000000000000000000000
718;3000944.00000000000000000000000000000000000000000000000000
719;3000684.00000000000000000000000000000000000000000000000000
720;3000688.00000000000000000000000000000000000000000000000000
721;3000688.00000000000000000000000000000000000000000000000000
722;3000752.00000000000000000000000000000000000000000000000000
723;3000808.00000000000000000000000000000000000000000000000000
724;3000752.00000000000000000000000000000000000000000000000000
725;2896372.00000000000000000000000000000000000000000000000000
726;2896500.00000000000000000000000000000000000000000000000000
727;2896820.00000000000000000000000000000000000000000000000000
728;2897440.00000000000000000000000000000000000000000000000000
729;2899636.00000000000000000000000000000000000000000000000000
730;2900440.00000000000000000000000000000000000000000000000000
731;2903084.00000000000000000000000000000000000000000000000000
732;2906176.00000000000000000000000000000000000000000000000000
733;2908408.00000000000000000000000000000000000000000000000000
734;2911192.00000000000000000000000000000000000000000000000000
735;2913208.00000000000000000000000000000000000000000000000000
736;2915584.00000000000000000000000000000000000000000000000000
737;2917036.00000000000000000000000000000000000000000000000000
738;2918868.00000000000000000000000000000000000000000000000000
739;2921284.00000000000000000000000000000000000000000000000000
740;2924576.00000000000000000000000000000000000000000000000000
741;2928764.00000000000000000000000000000000000000000000000000
742;2930412.00000000000000000000000000000000000000000000000000
743;2935328.00000000000000000000000000000000000000000000000000
744;2937800.00000000000000000000000000000000000000000000000000
745;2939928.00000000000000000000000000000000000000000000000000
746;2943372.00000000000000000000000000000000000000000000000000
747;2947912.00000000000000000000000000000000000000000000000000
748;2950284.00000000000000000000000000000000000000000000000000
749;2952404.00000000000000000000000000000000000000000000000000
750;2955652.00000000000000000000000000000000000000000000000000
751;2957052.00000000000000000000000000000000000000000000000000
752;2958732.00000000000000000000000000000000000000000000000000
753;2960720.00000000000000000000000000000000000000000000000000
754;2963704.00000000000000000000000000000000000000000000000000
755;2965628.00000000000000000000000000000000000000000000000000
756;2968448.00000000000000000000000000000000000000000000000000
757;2979540.00000000000000000000000000000000000000000000000000
758;2981280.00000000000000000000000000000000000000000000000000
759;2984040.00000000000000000000000000000000000000000000000000
760;2985860.00000000000000000000000000000000000000000000000000
761;2992420.00000000000000000000000000000000000000000000000000
762;2992580.00000000000000000000000000000000000000000000000000
763;2993388.00000000000000000000000000000000000000000000000000
764;2996328.00000000000000000000000000000000000000000000000000
765;2998908.00000000000000000000000000000000000000000000000000
766;2998908.00000000000000000000000000000000000000000000000000
767;2999440.00000000000000000000000000000000000000000000000000
768;2999496.00000000000000000000000000000000000000000000000000
769;2999376.00000000000000000000000000000000000000000000000000
770;2999440.00000000000000000000000000000000000000000000000000
771;2999376.00000000000000000000000000000000000000000000000000
772;2999408.00000000000000000000000000000000000000000000000000
773;2999376.00000000000000000000000000000000000000000000000000
774;2999408.00000000000000000000000000000000000000000000000000
775;2999412.00000000000000000000000000000000000000000000000000
776;2999376.00000000000000000000000000000000000000000000000000
777;2999632.00000000000000000000000000000000000000000000000000
778;2999600.00000000000000000000000000000000000000000000000000
779;2999376.00000000000000000000000000000000000000000000000000
780;2999528.00000000000000000000000000000000000000000000000000
781;2999408.00000000000000000000000000000000000000000000000000
782;2999440.00000000000000000000000000000000000000000000000000
783;2999496.00000000000000000000000000000000000000000000000000
784;2999412.00000000000000000000000000000000000000000000000000
785;2999376.00000000000000000000000000000000000000000000000000
786;2999896.00000000000000000000000000000000000000000000000000
787;2999896.00000000000000000000000000000000000000000000000000
788;2999680.00000000000000000000000000000000000000000000000000
789;2999684.00000000000000000000000000000000000000000000000000
790;2999648.00000000000000000000000000000000000000000000000000
791;2999648.00000000000000000000000000000000000000000000000000
792;2999648.00000000000000000000000000000000000000000000000000
793;2999648.00000000000000000000000000000000000000000000000000
794;2999680.00000000000000000000000000000000000000000000000000
795;2999648.00000000000000000000000000000000000000000000000000
796;2999648.00000000000000000000000000000000000000000000000000
797;2999648.00000000000000000000000000000000000000000000000000
798;2999728.00000000000000000000000000000000000000000000000000
799;2999648.00000000000000000000000000000000000000000000000000
800;2999712.00000000000000000000000000000000000000000000000000
801;2999712.00000000000000000000000000000000000000000000000000
802;2999712.00000000000000000000000000000000000000000000000000
803;2999904.00000000000000000000000000000000000000000000000000
804;2999648.00000000000000000000000000000000000000000000000000
805;2999904.00000000000000000000000000000000000000000000000000
806;2999904.00000000000000000000000000000000000000000000000000
807;2999680.00000000000000000000000000000000000000000000000000
808;2999648.00000000000000000000000000000000000000000000000000
809;2999648.00000000000000000000000000000000000000000000000000
810;2999680.00000000000000000000000000000000000000000000000000
811;2999684.00000000000000000000000000000000000000000000000000
812;2999680.00000000000000000000000000000000000000000000000000
813;2999824.00000000000000000000000000000000000000000000000000
814;2999760.00000000000000000000000000000000000000000000000000
815;2999824.00000000000000000000000000000000000000000000000000
816;2999984.00000000000000000000000000000000000000000000000000
817;2999760.00000000000000000000000000000000000000000000000000
818;2999824.00000000000000000000000000000000000000000000000000
819;3000016.00000000000000000000000000000000000000000000000000
820;2999760.00000000000000000000000000000000000000000000000000
821;2999796.00000000000000000000000000000000000000000000000000
822;2999760.00000000000000000000000000000000000000000000000000
823;2897888.00000000000000000000000000000000000000000000000000
824;2898444.00000000000000000000000000000000000000000000000000
825;2898948.00000000000000000000000000000000000000000000000000
826;2899532.00000000000000000000000000000000000000000000000000
827;2900156.00000000000000000000000000000000000000000000000000
828;2900768.00000000000000000000000000000000000000000000000000
829;2903680.00000000000000000000000000000000000000000000000000
830;2907504.00000000000000000000000000000000000000000000000000
831;2910328.00000000000000000000000000000000000000000000000000
832;2912864.00000000000000000000000000000000000000000000000000
833;2914740.00000000000000000000000000000000000000000000000000
834;2916432.00000000000000000000000000000000000000000000000000
835;2918372.00000000000000000000000000000000000000000000000000
836;2920180.00000000000000000000000000000000000000000000000000
837;2922332.00000000000000000000000000000000000000000000000000
838;2927104.00000000000000000000000000000000000000000000000000
839;2930932.00000000000000000000000000000000000000000000000000
840;2933248.00000000000000000000000000000000000000000000000000
841;2936956.00000000000000000000000000000000000000000000000000
842;2939580.00000000000000000000000000000000000000000000000000
843;2942296.00000000000000000000000000000000000000000000000000
844;2947856.00000000000000000000000000000000000000000000000000
845;2950832.00000000000000000000000000000000000000000000000000
846;2952124.00000000000000000000000000000000000000000000000000
847;2955920.00000000000000000000000000000000000000000000000000
848;2957168.00000000000000000000000000000000000000000000000000
849;2959420.00000000000000000000000000000000000000000000000000
850;2961568.00000000000000000000000000000000000000000000000000
851;2964404.00000000000000000000000000000000000000000000000000
852;2966516.00000000000000000000000000000000000000000000000000
853;2968720.00000000000000000000000000000000000000000000000000
854;2979936.00000000000000000000000000000000000000000000000000
855;2982392.00000000000000000000000000000000000000000000000000
856;2984344.00000000000000000000000000000000000000000000000000
857;2987016.00000000000000000000000000000000000000000000000000
858;2993332.00000000000000000000000000000000000000000000000000
859;2993892.00000000000000000000000000000000000000000000000000
860;2994848.00000000000000000000000000000000000000000000000000
861;2996864.00000000000000000000000000000000000000000000000000
862;2999464.00000000000000000000000000000000000000000000000000
863;2999472.00000000000000000000000000000000000000000000000000
864;3000304.00000000000000000000000000000000000000000000000000
865;3000304.00000000000000000000000000000000000000000000000000
866;3000308.00000000000000000000000000000000000000000000000000
867;3000304.00000000000000000000000000000000000000000000000000
868;3000368.00000000000000000000000000000000000000000000000000
869;3000368.00000000000000000000000000000000000000000000000000
870;3000496.00000000000000000000000000000000000000000000000000
871;3000304.00000000000000000000000000000000000000000000000000
872;3000360.00000000000000000000000000000000000000000000000000
873;3000308.00000000000000000000000000000000000000000000000000
874;3000304.00000000000000000000000000000000000000000000000000
875;3000304.00000000000000000000000000000000000000000000000000
876;3000240.00000000000000000000000000000000000000000000000000
877;3000424.00000000000000000000000000000000000000000000000000
878;3000240.00000000000000000000000000000000000000000000000000
879;3000496.00000000000000000000000000000000000000000000000000
880;3000304.00000000000000000000000000000000000000000000000000
881;3000532.00000000000000000000000000000000000000000000000000
882;3000532.00000000000000000000000000000000000000000000000000
883;3000532.00000000000000000000000000000000000000000000000000
884;3000340.00000000000000000000000000000000000000000000000000
885;3000340.00000000000000000000000000000000000000000000000000
886;3000416.00000000000000000000000000000000000000000000000000
887;3000544.00000000000000000000000000000000000000000000000000
888;3000352.00000000000000000000000000000000000000000000000000
889;3000288.00000000000000000000000000000000000000000000000000
890;3000352.00000000000000000000000000000000000000000000000000
891;3000352.00000000000000000000000000000000000000000000000000
892;3000284.00000000000000000000000000000000000000000000000000
893;3000352.00000000000000000000000000000000000000000000000000
894;3000356.00000000000000000000000000000000000000000000000000
895;3000288.00000000000000000000000000000000000000000000000000
896;3000472.00000000000000000000000000000000000000000000000000
897;3000352.00000000000000000000000000000000000000000000000000
898;3000288.00000000000000000000000000000000000000000000000000
899;3000544.00000000000000000000000000000000000000000000000000
900;3000544.00000000000000000000000000000000000000000000000000
901;3000284.00000000000000000000000000000000000000000000000000
902;3000288.00000000000000000000000000000000000000000000000000
903;3000544.00000000000000000000000000000000000000000000000000
904;3000352.00000000000000000000000000000000000000000000000000
905;3000544.00000000000000000000000000000000000000000000000000
906;3000288.00000000000000000000000000000000000000000000000000
907;3000352.00000000000000000000000000000000000000000000000000
908;3000284.00000000000000000000000000000000000000000000000000
909;3000544.00000000000000000000000000000000000000000000000000
910;3000352.00000000000000000000000000000000000000000000000000
911;3000352.00000000000000000000000000000000000000000000000000
912;3000288.00000000000000000000000000000000000000000000000000
913;3000544.00000000000000000000000000000000000000000000000000
914;3000412.00000000000000000000000000000000000000000000000000
915;3000352.00000000000000000000000000000000000000000000000000
916;3000288.00000000000000000000000000000000000000000000000000
917;2897604.00000000000000000000000000000000000000000000000000
918;2898656.00000000000000000000000000000000000000000000000000
919;2899312.00000000000000000000000000000000000000000000000000
920;2900468.00000000000000000000000000000000000000000000000000
921;2901804.00000000000000000000000000000000000000000000000000
922;2906016.00000000000000000000000000000000000000000000000000
923;2909672.00000000000000000000000000000000000000000000000000
924;2912180.00000000000000000000000000000000000000000000000000
925;2914364.00000000000000000000000000000000000000000000000000
926;2916244.00000000000000000000000000000000000000000000000000
927;2918688.00000000000000000000000000000000000000000000000000
928;2920632.00000000000000000000000000000000000000000000000000
929;2924564.00000000000000000000000000000000000000000000000000
930;2926564.00000000000000000000000000000000000000000000000000
931;2930708.00000000000000000000000000000000000000000000000000
932;2933696.00000000000000000000000000000000000000000000000000
933;2937468.00000000000000000000000000000000000000000000000000
934;2939860.00000000000000000000000000000000000000000000000000
935;2943916.00000000000000000000000000000000000000000000000000
936;2946284.00000000000000000000000000000000000000000000000000
937;2948748.00000000000000000000000000000000000000000000000000
938;2953100.00000000000000000000000000000000000000000000000000
939;2956088.00000000000000000000000000000000000000000000000000
940;2958832.00000000000000000000000000000000000000000000000000
941;2961100.00000000000000000000000000000000000000000000000000
942;2963344.00000000000000000000000000000000000000000000000000
943;2965124.00000000000000000000000000000000000000000000000000
944;2975308.00000000000000000000000000000000000000000000000000
945;2978072.00000000000000000000000000000000000000000000000000
946;2980776.00000000000000000000000000000000000000000000000000
947;2984908.00000000000000000000000000000000000000000000000000
948;2987184.00000000000000000000000000000000000000000000000000
949;2989792.00000000000000000000000000000000000000000000000000
950;2991900.00000000000000000000000000000000000000000000000000
951;2996864.00000000000000000000000000000000000000000000000000
952;2998132.00000000000000000000000000000000000000000000000000
953;3000572.00000000000000000000000000000000000000000000000000
954;3001160.00000000000000000000000000000000000000000000000000
955;3001072.00000000000000000000000000000000000000000000000000
956;3001328.00000000000000000000000000000000000000000000000000
957;3001296.00000000000000000000000000000000000000000000000000
958;3001136.00000000000000000000000000000000000000000000000000
959;3001072.00000000000000000000000000000000000000000000000000
960;3001224.00000000000000000000000000000000000000000000000000
961;3001072.00000000000000000000000000000000000000000000000000
962;3001140.00000000000000000000000000000000000000000000000000
963;3001068.00000000000000000000000000000000000000000000000000
964;3001068.00000000000000000000000000000000000000000000000000
965;3001196.00000000000000000000000000000000000000000000000000
966;3001328.00000000000000000000000000000000000000000000000000
967;3001340.00000000000000000000000000000000000000000000000000
968;3001340.00000000000000000000000000000000000000000000000000
969;3001116.00000000000000000000000000000000000000000000000000
970;3001148.00000000000000000000000000000000000000000000000000
971;3001116.00000000000000000000000000000000000000000000000000
972;3001212.00000000000000000000000000000000000000000000000000
973;3001084.00000000000000000000000000000000000000000000000000
974;3001236.00000000000000000000000000000000000000000000000000
975;3001152.00000000000000000000000000000000000000000000000000
976;3001208.00000000000000000000000000000000000000000000000000
977;3001208.00000000000000000000000000000000000000000000000000
978;3001160.00000000000000000000000000000000000000000000000000
979;3001280.00000000000000000000000000000000000000000000000000
980;3001092.00000000000000000000000000000000000000000000000000
981;3001312.00000000000000000000000000000000000000000000000000
982;3001312.00000000000000000000000000000000000000000000000000
983;3001120.00000000000000000000000000000000000000000000000000
984;3001056.00000000000000000000000000000000000000000000000000
985;3001312.00000000000000000000000000000000000000000000000000
986;3001312.00000000000000000000000000000000000000000000000000
987;3001124.00000000000000000000000000000000000000000000000000
988;3001172.00000000000000000000000000000000000000000000000000
989;3001056.00000000000000000000000000000000000000000000000000
990;3001056.00000000000000000000000000000000000000000000000000
991;3001056.00000000000000000000000000000000000000000000000000
992;3001092.00000000000000000000000000000000000000000000000000
993;3001092.00000000000000000000000000000000000000000000000000
994;3001056.00000000000000000000000000000000000000000000000000
995;3001056.00000000000000000000000000000000000000000000000000
996;2897160.00000000000000000000000000000000000000000000000000
997;2898432.00000000000000000000000000000000000000000000000000
998;2899940.00000000000000000000000000000000000000000000000000
999;2900320.00000000000000000000000000000000000000000000000000
1000;2900944.00000000000000000000000000000000000000000000000000
1001;2901248.00000000000000000000000000000000000000000000000000
1002;2905600.00000000000000000000000000000000000000000000000000
1003;2908420.00000000000000000000000000000000000000000000000000
1004;2911080.00000000000000000000000000000000000000000000000000
1005;2913452.00000000000000000000000000000000000000000000000000
1006;2915560.00000000000000000000000000000000000000000000000000
1007;2917956.00000000000000000000000000000000000000000000000000
1008;2919424.00000000000000000000000000000000000000000000000000
1009;2923536.00000000000000000000000000000000000000000000000000
1010;2926308.00000000000000000000000000000000000000000000000000
1011;2929032.00000000000000000000000000000000000000000000000000
1012;2932048.00000000000000000000000000000000000000000000000000
1013;2934728.00000000000000000000000000000000000000000000000000
1014;2938432.00000000000000000000000000000000000000000000000000
1015;2941492.00000000000000000000000000000000000000000000000000
1016;2944520.00000000000000000000000000000000000000000000000000
1017;2950640.00000000000000000000000000000000000000000000000000
1018;2953424.00000000000000000000000000000000000000000000000000
1019;2955652.00000000000000000000000000000000000000000000000000
1020;2957944.00000000000000000000000000000000000000000000000000
1021;2960380.00000000000000000000000000000000000000000000000000
1022;2962176.00000000000000000000000000000000000000000000000000
1023;2972444.00000000000000000000000000000000000000000000000000
1024;2975016.00000000000000000000000000000000000000000000000000
1025;2976444.00000000000000000000000000000000000000000000000000
1026;2978972.00000000000000000000000000000000000000000000000000
1027;2986416.00000000000000000000000000000000000000000000000000
1028;2987032.00000000000000000000000000000000000000000000000000
1029;2987360.00000000000000000000000000000000000000000000000000
1030;2989988.00000000000000000000000000000000000000000000000000
1031;2993744.00000000000000000000000000000000000000000000000000
1032;2994760.00000000000000000000000000000000000000000000000000
1033;2995844.00000000000000000000000000000000000000000000000000
1034;2995848.00000000000000000000000000000000000000000000000000
1035;2995592.00000000000000000000000000000000000000000000000000
1036;2995592.00000000000000000000000000000000000000000000000000
1037;2995656.00000000000000000000000000000000000000000000000000
1038;2995656.00000000000000000000000000000000000000000000000000
1039;2995592.00000000000000000000000000000000000000000000000000
1040;2995848.00000000000000000000000000000000000000000000000000
1041;2995656.00000000000000000000000000000000000000000000000000
1042;2995592.00000000000000000000000000000000000000000000000000
1043;2995656.00000000000000000000000000000000000000000000000000
1044;2995592.00000000000000000000000000000000000000000000000000
1045;2995592.00000000000000000000000000000000000000000000000000
1046;2995848.00000000000000000000000000000000000000000000000000
1047;2995848.00000000000000000000000000000000000000000000000000
1048;2995656.00000000000000000000000000000000000000000000000000
1049;2995592.00000000000000000000000000000000000000000000000000
1050;2995656.00000000000000000000000000000000000000000000000000
1051;2995592.00000000000000000000000000000000000000000000000000
1052;2995592.00000000000000000000000000000000000000000000000000
1053;2995656.00000000000000000000000000000000000000000000000000
1054;2995848.00000000000000000000000000000000000000000000000000
1055;2995592.00000000000000000000000000000000000000000000000000
1056;2995848.00000000000000000000000000000000000000000000000000
1057;2995592.00000000000000000000000000000000000000000000000000
1058;2995848.00000000000000000000000000000000000000000000000000
1059;2995848.00000000000000000000000000000000000000000000000000
1060;2995656.00000000000000000000000000000000000000000000000000
1061;2995848.00000000000000000000000000000000000000000000000000
1062;2995592.00000000000000000000000000000000000000000000000000
1063;2995656.00000000000000000000000000000000000000000000000000
1064;2995656.00000000000000000000000000000000000000000000000000
1065;2995656.00000000000000000000000000000000000000000000000000
1066;2995592.00000000000000000000000000000000000000000000000000
1067;2995720.00000000000000000000000000000000000000000000000000
1068;2995656.00000000000000000000000000000000000000000000000000
1069;2995776.00000000000000000000000000000000000000000000000000
1070;2995848.00000000000000000000000000000000000000000000000000
1071;2995656.00000000000000000000000000000000000000000000000000
1072;2995592.00000000000000000000000000000000000000000000000000
1073;2995608.00000000000000000000000000000000000000000000000000
1074;2995608.00000000000000000000000000000000000000000000000000
1075;2995672.00000000000000000000000000000000000000000000000000
1076;2896360.00000000000000000000000000000000000000000000000000
1077;2896612.00000000000000000000000000000000000000000000000000
1078;2896872.00000000000000000000000000000000000000000000000000
1079;2898116.00000000000000000000000000000000000000000000000000
1080;2905516.00000000000000000000000000000000000000000000000000
1081;2908128.00000000000000000000000000000000000000000000000000
1082;2910628.00000000000000000000000000000000000000000000000000
1083;2913664.00000000000000000000000000000000000000000000000000
1084;2916632.00000000000000000000000000000000000000000000000000
1085;2918852.00000000000000000000000000000000000000000000000000
1086;2920644.00000000000000000000000000000000000000000000000000
1087;2923412.00000000000000000000000000000000000000000000000000
1088;2925092.00000000000000000000000000000000000000000000000000
1089;2927084.00000000000000000000000000000000000000000000000000
1090;2929804.00000000000000000000000000000000000000000000000000
1091;2934040.00000000000000000000000000000000000000000000000000
1092;2936656.00000000000000000000000000000000000000000000000000
1093;2941564.00000000000000000000000000000000000000000000000000
1094;2943532.00000000000000000000000000000000000000000000000000
1095;2946104.00000000000000000000000000000000000000000000000000
1096;2950496.00000000000000000000000000000000000000000000000000
1097;2953340.00000000000000000000000000000000000000000000000000
1098;2958564.00000000000000000000000000000000000000000000000000
1099;2961648.00000000000000000000000000000000000000000000000000
1100;2965108.00000000000000000000000000000000000000000000000000
1101;2967592.00000000000000000000000000000000000000000000000000
1102;2970064.00000000000000000000000000000000000000000000000000
1103;2972820.00000000000000000000000000000000000000000000000000
1104;2984720.00000000000000000000000000000000000000000000000000
1105;2987524.00000000000000000000000000000000000000000000000000
1106;2993140.00000000000000000000000000000000000000000000000000
1107;2995952.00000000000000000000000000000000000000000000000000
1108;2998204.00000000000000000000000000000000000000000000000000
1109;3000652.00000000000000000000000000000000000000000000000000
1110;3006956.00000000000000000000000000000000000000000000000000
1111;3007692.00000000000000000000000000000000000000000000000000
1112;3009176.00000000000000000000000000000000000000000000000000
1113;3009176.00000000000000000000000000000000000000000000000000
1114;3009136.00000000000000000000000000000000000000000000000000
1115;3008880.00000000000000000000000000000000000000000000000000
1116;3008948.00000000000000000000000000000000000000000000000000
1117;3008880.00000000000000000000000000000000000000000000000000
1118;3009136.00000000000000000000000000000000000000000000000000
1119;3008876.00000000000000000000000000000000000000000000000000
1120;3008944.00000000000000000000000000000000000000000000000000
1121;3008944.00000000000000000000000000000000000000000000000000
1122;3009004.00000000000000000000000000000000000000000000000000
1123;3009136.00000000000000000000000000000000000000000000000000
1124;3008880.00000000000000000000000000000000000000000000000000
1125;3009340.00000000000000000000000000000000000000000000000000
1126;3009340.00000000000000000000000000000000000000000000000000
1127;3009148.00000000000000000000000000000000000000000000000000
1128;3009152.00000000000000000000000000000000000000000000000000
1129;3009340.00000000000000000000000000000000000000000000000000
1130;3009148.00000000000000000000000000000000000000000000000000
1131;3009148.00000000000000000000000000000000000000000000000000
1132;3009204.00000000000000000000000000000000000000000000000000
1133;3009176.00000000000000000000000000000000000000000000000000
1134;3009084.00000000000000000000000000000000000000000000000000
1135;3009148.00000000000000000000000000000000000000000000000000
1136;3009340.00000000000000000000000000000000000000000000000000
1137;3009084.00000000000000000000000000000000000000000000000000
1138;3009340.00000000000000000000000000000000000000000000000000
1139;3009340.00000000000000000000000000000000000000000000000000
1140;3009340.00000000000000000000000000000000000000000000000000
1141;3009152.00000000000000000000000000000000000000000000000000
1142;3009340.00000000000000000000000000000000000000000000000000
1143;3009340.00000000000000000000000000000000000000000000000000
1144;3009340.00000000000000000000000000000000000000000000000000
1145;3009212.00000000000000000000000000000000000000000000000000
1146;3009132.00000000000000000000000000000000000000000000000000
1147;3009072.00000000000000000000000000000000000000000000000000
1148;3009132.00000000000000000000000000000000000000000000000000
1149;3009096.00000000000000000000000000000000000000000000000000
1150;3009160.00000000000000000000000000000000000000000000000000
1151;3009220.00000000000000000000000000000000000000000000000000
1152;2919980.00000000000000000000000000000000000000000000000000
1153;2920484.00000000000000000000000000000000000000000000000000
1154;2922044.00000000000000000000000000000000000000000000000000
1155;2922408.00000000000000000000000000000000000000000000000000
1156;2923288.00000000000000000000000000000000000000000000000000
1157;2924128.00000000000000000000000000000000000000000000000000
1158;2926556.00000000000000000000000000000000000000000000000000
1159;2930460.00000000000000000000000000000000000000000000000000
1160;2933620.00000000000000000000000000000000000000000000000000
1161;2936376.00000000000000000000000000000000000000000000000000
1162;2939132.00000000000000000000000000000000000000000000000000
1163;2940720.00000000000000000000000000000000000000000000000000
1164;2942768.00000000000000000000000000000000000000000000000000
1165;2944400.00000000000000000000000000000000000000000000000000
1166;2947580.00000000000000000000000000000000000000000000000000
1167;2950216.00000000000000000000000000000000000000000000000000
1168;2953272.00000000000000000000000000000000000000000000000000
1169;2954832.00000000000000000000000000000000000000000000000000
1170;2958472.00000000000000000000000000000000000000000000000000
1171;2961156.00000000000000000000000000000000000000000000000000
1172;2966968.00000000000000000000000000000000000000000000000000
1173;2969076.00000000000000000000000000000000000000000000000000
1174;2972156.00000000000000000000000000000000000000000000000000
1175;2975812.00000000000000000000000000000000000000000000000000
1176;2978004.00000000000000000000000000000000000000000000000000
1177;2979696.00000000000000000000000000000000000000000000000000
1178;2982184.00000000000000000000000000000000000000000000000000
1179;2992268.00000000000000000000000000000000000000000000000000
1180;2994416.00000000000000000000000000000000000000000000000000
1181;3001004.00000000000000000000000000000000000000000000000000
1182;3001712.00000000000000000000000000000000000000000000000000
1183;3002288.00000000000000000000000000000000000000000000000000
1184;3004324.00000000000000000000000000000000000000000000000000
1185;3008556.00000000000000000000000000000000000000000000000000
1186;3010476.00000000000000000000000000000000000000000000000000
1187;3010476.00000000000000000000000000000000000000000000000000
1188;3009996.00000000000000000000000000000000000000000000000000
1189;3010120.00000000000000000000000000000000000000000000000000
1190;3010060.00000000000000000000000000000000000000000000000000
1191;3010064.00000000000000000000000000000000000000000000000000
1192;3010064.00000000000000000000000000000000000000000000000000
1193;3010252.00000000000000000000000000000000000000000000000000
1194;3010060.00000000000000000000000000000000000000000000000000
1195;3009996.00000000000000000000000000000000000000000000000000
1196;3009996.00000000000000000000000000000000000000000000000000
1197;3010120.00000000000000000000000000000000000000000000000000
1198;3010060.00000000000000000000000000000000000000000000000000
1199;3010064.00000000000000000000000000000000000000000000000000
1200;3010252.00000000000000000000000000000000000000000000000000
1201;3010252.00000000000000000000000000000000000000000000000000
1202;3010064.00000000000000000000000000000000000000000000000000
1203;3010060.00000000000000000000000000000000000000000000000000
1204;3010064.00000000000000000000000000000000000000000000000000
1205;3010180.00000000000000000000000000000000000000000000000000
1206;3009996.00000000000000000000000000000000000000000000000000
1207;3010056.00000000000000000000000000000000000000000000000000
1208;3009988.00000000000000000000000000000000000000000000000000
1209;3010056.00000000000000000000000000000000000000000000000000
1210;3010112.00000000000000000000000000000000000000000000000000
1211;3010056.00000000000000000000000000000000000000000000000000
1212;3010108.00000000000000000000000000000000000000000000000000
1213;3010120.00000000000000000000000000000000000000000000000000
1214;3010248.00000000000000000000000000000000000000000000000000
1215;3010248.00000000000000000000000000000000000000000000000000
1216;3009988.00000000000000000000000000000000000000000000000000
1217;3010120.00000000000000000000000000000000000000000000000000
1218;3009988.00000000000000000000000000000000000000000000000000
1219;3010056.00000000000000000000000000000000000000000000000000
1220;3009988.00000000000000000000000000000000000000000000000000
1221;3009992.00000000000000000000000000000000000000000000000000
1222;3010176.00000000000000000000000000000000000000000000000000
1223;3009992.00000000000000000000000000000000000000000000000000
1224;3010176.00000000000000000000000000000000000000000000000000
1225;3009988.00000000000000000000000000000000000000000000000000
1226;3010056.00000000000000000000000000000000000000000000000000
1227;3010116.00000000000000000000000000000000000000000000000000
1228;2907244.00000000000000000000000000000000000000000000000000
1229;2908760.00000000000000000000000000000000000000000000000000
1230;2909128.00000000000000000000000000000000000000000000000000
1231;2909960.00000000000000000000000000000000000000000000000000
1232;2911196.00000000000000000000000000000000000000000000000000
1233;2912080.00000000000000000000000000000000000000000000000000
1234;2915124.00000000000000000000000000000000000000000000000000
1235;2917260.00000000000000000000000000000000000000000000000000
1236;2920844.00000000000000000000000000000000000000000000000000
1237;2924612.00000000000000000000000000000000000000000000000000
1238;2928532.00000000000000000000000000000000000000000000000000
1239;2930552.00000000000000000000000000000000000000000000000000
1240;2933344.00000000000000000000000000000000000000000000000000
1241;2935444.00000000000000000000000000000000000000000000000000
1242;2938244.00000000000000000000000000000000000000000000000000
1243;2942124.00000000000000000000000000000000000000000000000000
1244;2944408.00000000000000000000000000000000000000000000000000
1245;2947676.00000000000000000000000000000000000000000000000000
1246;2949864.00000000000000000000000000000000000000000000000000
1247;2955772.00000000000000000000000000000000000000000000000000
1248;2958616.00000000000000000000000000000000000000000000000000
1249;2961936.00000000000000000000000000000000000000000000000000
1250;2965244.00000000000000000000000000000000000000000000000000
1251;2968028.00000000000000000000000000000000000000000000000000
1252;2971916.00000000000000000000000000000000000000000000000000
1253;2975300.00000000000000000000000000000000000000000000000000
1254;2977884.00000000000000000000000000000000000000000000000000
1255;2990596.00000000000000000000000000000000000000000000000000
1256;2993828.00000000000000000000000000000000000000000000000000
1257;2997068.00000000000000000000000000000000000000000000000000
1258;3004216.00000000000000000000000000000000000000000000000000
1259;3004420.00000000000000000000000000000000000000000000000000
1260;3006256.00000000000000000000000000000000000000000000000000
1261;3009160.00000000000000000000000000000000000000000000000000
1262;3011344.00000000000000000000000000000000000000000000000000
1263;3016236.00000000000000000000000000000000000000000000000000
1264;3016236.00000000000000000000000000000000000000000000000000
1265;3016508.00000000000000000000000000000000000000000000000000
1266;3016572.00000000000000000000000000000000000000000000000000
1267;3016704.00000000000000000000000000000000000000000000000000
1268;3016448.00000000000000000000000000000000000000000000000000
1269;3016572.00000000000000000000000000000000000000000000000000
1270;3016512.00000000000000000000000000000000000000000000000000
1271;3016448.00000000000000000000000000000000000000000000000000
1272;3016632.00000000000000000000000000000000000000000000000000
1273;3016448.00000000000000000000000000000000000000000000000000
1274;3016632.00000000000000000000000000000000000000000000000000
1275;3016448.00000000000000000000000000000000000000000000000000
1276;3016456.00000000000000000000000000000000000000000000000000
1277;3017040.00000000000000000000000000000000000000000000000000
1278;3016784.00000000000000000000000000000000000000000000000000
1279;3016784.00000000000000000000000000000000000000000000000000
1280;3016852.00000000000000000000000000000000000000000000000000
1281;3016848.00000000000000000000000000000000000000000000000000
1282;3016848.00000000000000000000000000000000000000000000000000
1283;3016968.00000000000000000000000000000000000000000000000000
1284;3017040.00000000000000000000000000000000000000000000000000
1285;3016900.00000000000000000000000000000000000000000000000000
1286;3016848.00000000000000000000000000000000000000000000000000
1287;3016784.00000000000000000000000000000000000000000000000000
1288;3016848.00000000000000000000000000000000000000000000000000
1289;3016784.00000000000000000000000000000000000000000000000000
1290;3016784.00000000000000000000000000000000000000000000000000
1291;3017040.00000000000000000000000000000000000000000000000000
1292;3016784.00000000000000000000000000000000000000000000000000
1293;3016784.00000000000000000000000000000000000000000000000000
1294;3016784.00000000000000000000000000000000000000000000000000
1295;3016780.00000000000000000000000000000000000000000000000000
1296;3016848.00000000000000000000000000000000000000000000000000
1297;3016848.00000000000000000000000000000000000000000000000000
1298;3016968.00000000000000000000000000000000000000000000000000
1299;3016784.00000000000000000000000000000000000000000000000000
1300;3016852.00000000000000000000000000000000000000000000000000
1301;3016848.00000000000000000000000000000000000000000000000000
1302;3016848.00000000000000000000000000000000000000000000000000
1303;3016848.00000000000000000000000000000000000000000000000000
1304;2923136.00000000000000000000000000000000000000000000000000
1305;2924396.00000000000000000000000000000000000000000000000000
1306;2925828.00000000000000000000000000000000000000000000000000
1307;2926048.00000000000000000000000000000000000000000000000000
1308;2926624.00000000000000000000000000000000000000000000000000
1309;2927256.00000000000000000000000000000000000000000000000000
1310;2928860.00000000000000000000000000000000000000000000000000
1311;2932444.00000000000000000000000000000000000000000000000000
1312;2933880.00000000000000000000000000000000000000000000000000
1313;2936960.00000000000000000000000000000000000000000000000000
1314;2939152.00000000000000000000000000000000000000000000000000
1315;2940560.00000000000000000000000000000000000000000000000000
1316;2942536.00000000000000000000000000000000000000000000000000
1317;2944592.00000000000000000000000000000000000000000000000000
1318;2946556.00000000000000000000000000000000000000000000000000
1319;2950956.00000000000000000000000000000000000000000000000000
1320;2953304.00000000000000000000000000000000000000000000000000
1321;2956268.00000000000000000000000000000000000000000000000000
1322;2958060.00000000000000000000000000000000000000000000000000
1323;2963664.00000000000000000000000000000000000000000000000000
1324;2966576.00000000000000000000000000000000000000000000000000
1325;2969620.00000000000000000000000000000000000000000000000000
1326;2974528.00000000000000000000000000000000000000000000000000
1327;2976912.00000000000000000000000000000000000000000000000000
1328;2978816.00000000000000000000000000000000000000000000000000
1329;2988056.00000000000000000000000000000000000000000000000000
1330;2989708.00000000000000000000000000000000000000000000000000
1331;3000996.00000000000000000000000000000000000000000000000000
1332;3003672.00000000000000000000000000000000000000000000000000
1333;3004688.00000000000000000000000000000000000000000000000000
1334;3008948.00000000000000000000000000000000000000000000000000
1335;3016572.00000000000000000000000000000000000000000000000000
1336;3017608.00000000000000000000000000000000000000000000000000
1337;3017468.00000000000000000000000000000000000000000000000000
1338;3017468.00000000000000000000000000000000000000000000000000
1339;3018612.00000000000000000000000000000000000000000000000000
1340;3018612.00000000000000000000000000000000000000000000000000
1341;3018612.00000000000000000000000000000000000000000000000000
1342;3018836.00000000000000000000000000000000000000000000000000
1343;3018612.00000000000000000000000000000000000000000000000000
1344;3018644.00000000000000000000000000000000000000000000000000
1345;3018868.00000000000000000000000000000000000000000000000000
1346;3018612.00000000000000000000000000000000000000000000000000
1347;3018612.00000000000000000000000000000000000000000000000000
1348;3018644.00000000000000000000000000000000000000000000000000
1349;3018836.00000000000000000000000000000000000000000000000000
1350;3018764.00000000000000000000000000000000000000000000000000
1351;3018868.00000000000000000000000000000000000000000000000000
1352;3018644.00000000000000000000000000000000000000000000000000
1353;3018756.00000000000000000000000000000000000000000000000000
1354;3018676.00000000000000000000000000000000000000000000000000
1355;3018644.00000000000000000000000000000000000000000000000000
1356;3018644.00000000000000000000000000000000000000000000000000
1357;3018648.00000000000000000000000000000000000000000000000000
1358;3018648.00000000000000000000000000000000000000000000000000
1359;3018644.00000000000000000000000000000000000000000000000000
1360;3018612.00000000000000000000000000000000000000000000000000
1361;3018648.00000000000000000000000000000000000000000000000000
1362;3018836.00000000000000000000000000000000000000000000000000
1363;3018740.00000000000000000000000000000000000000000000000000
1364;3018868.00000000000000000000000000000000000000000000000000
1365;3018612.00000000000000000000000000000000000000000000000000
1366;3018612.00000000000000000000000000000000000000000000000000
1367;3018740.00000000000000000000000000000000000000000000000000
1368;3018612.00000000000000000000000000000000000000000000000000
1369;3018612.00000000000000000000000000000000000000000000000000
1370;3018836.00000000000000000000000000000000000000000000000000
1371;3018676.00000000000000000000000000000000000000000000000000
1372;3018612.00000000000000000000000000000000000000000000000000
1373;3018868.00000000000000000000000000000000000000000000000000
1374;3018676.00000000000000000000000000000000000000000000000000
1375;3018612.00000000000000000000000000000000000000000000000000
1376;3018836.00000000000000000000000000000000000000000000000000
1377;3018644.00000000000000000000000000000000000000000000000000
1378;2920756.00000000000000000000000000000000000000000000000000
1379;2922024.00000000000000000000000000000000000000000000000000
1380;2921544.00000000000000000000000000000000000000000000000000
1381;2922440.00000000000000000000000000000000000000000000000000
1382;2923456.00000000000000000000000000000000000000000000000000
1383;2924420.00000000000000000000000000000000000000000000000000
1384;2925920.00000000000000000000000000000000000000000000000000
1385;2929364.00000000000000000000000000000000000000000000000000
1386;2933656.00000000000000000000000000000000000000000000000000
1387;2936420.00000000000000000000000000000000000000000000000000
1388;2938752.00000000000000000000000000000000000000000000000000
1389;2940764.00000000000000000000000000000000000000000000000000
1390;2943204.00000000000000000000000000000000000000000000000000
1391;2944864.00000000000000000000000000000000000000000000000000
1392;2946916.00000000000000000000000000000000000000000000000000
1393;2949744.00000000000000000000000000000000000000000000000000
1394;2953248.00000000000000000000000000000000000000000000000000
1395;2956740.00000000000000000000000000000000000000000000000000
1396;2958104.00000000000000000000000000000000000000000000000000
1397;2960712.00000000000000000000000000000000000000000000000000
1398;2967240.00000000000000000000000000000000000000000000000000
1399;2969632.00000000000000000000000000000000000000000000000000
1400;2973912.00000000000000000000000000000000000000000000000000
1401;2976760.00000000000000000000000000000000000000000000000000
1402;2978884.00000000000000000000000000000000000000000000000000
1403;2981160.00000000000000000000000000000000000000000000000000
1404;2983108.00000000000000000000000000000000000000000000000000
1405;2984948.00000000000000000000000000000000000000000000000000
1406;2995064.00000000000000000000000000000000000000000000000000
1407;2996864.00000000000000000000000000000000000000000000000000
1408;2999400.00000000000000000000000000000000000000000000000000
1409;3001112.00000000000000000000000000000000000000000000000000
1410;3009192.00000000000000000000000000000000000000000000000000
1411;3009312.00000000000000000000000000000000000000000000000000
1412;3009600.00000000000000000000000000000000000000000000000000
1413;3011504.00000000000000000000000000000000000000000000000000
1414;3015768.00000000000000000000000000000000000000000000000000
1415;3017316.00000000000000000000000000000000000000000000000000
1416;3017316.00000000000000000000000000000000000000000000000000
1417;3017508.00000000000000000000000000000000000000000000000000
1418;3017284.00000000000000000000000000000000000000000000000000
1419;3017380.00000000000000000000000000000000000000000000000000
1420;3017316.00000000000000000000000000000000000000000000000000
1421;3017252.00000000000000000000000000000000000000000000000000
1422;3017252.00000000000000000000000000000000000000000000000000
1423;3017476.00000000000000000000000000000000000000000000000000
1424;3017404.00000000000000000000000000000000000000000000000000
1425;3017332.00000000000000000000000000000000000000000000000000
1426;3017284.00000000000000000000000000000000000000000000000000
1427;3017288.00000000000000000000000000000000000000000000000000
1428;3017284.00000000000000000000000000000000000000000000000000
1429;3017252.00000000000000000000000000000000000000000000000000
1430;3017508.00000000000000000000000000000000000000000000000000
1431;3017288.00000000000000000000000000000000000000000000000000
1432;3017252.00000000000000000000000000000000000000000000000000
1433;3017380.00000000000000000000000000000000000000000000000000
1434;3017252.00000000000000000000000000000000000000000000000000
1435;3017380.00000000000000000000000000000000000000000000000000
1436;3017284.00000000000000000000000000000000000000000000000000
1437;3017284.00000000000000000000000000000000000000000000000000
1438;3017284.00000000000000000000000000000000000000000000000000
1439;3017252.00000000000000000000000000000000000000000000000000
1440;3017380.00000000000000000000000000000000000000000000000000
1441;3017252.00000000000000000000000000000000000000000000000000
1442;3017288.00000000000000000000000000000000000000000000000000
1443;3017284.00000000000000000000000000000000000000000000000000
1444;3017508.00000000000000000000000000000000000000000000000000
1445;3017508.00000000000000000000000000000000000000000000000000
1446;3017252.00000000000000000000000000000000000000000000000000
1447;3017236.00000000000000000000000000000000000000000000000000
1448;3017240.00000000000000000000000000000000000000000000000000
1449;3017304.00000000000000000000000000000000000000000000000000
1450;3017288.00000000000000000000000000000000000000000000000000
1451;3017288.00000000000000000000000000000000000000000000000000
1452;3017480.00000000000000000000000000000000000000000000000000
1453;3017320.00000000000000000000000000000000000000000000000000
1454;3017480.00000000000000000000000000000000000000000000000000
1455;3017256.00000000000000000000000000000000000000000000000000
1456;3017256.00000000000000000000000000000000000000000000000000
1457;3017400.00000000000000000000000000000000000000000000000000
1458;2919356.00000000000000000000000000000000000000000000000000
1459;2920028.00000000000000000000000000000000000000000000000000
1460;2921300.00000000000000000000000000000000000000000000000000
1461;2921928.00000000000000000000000000000000000000000000000000
1462;2923808.00000000000000000000000000000000000000000000000000
1463;2925292.00000000000000000000000000000000000000000000000000
1464;2928816.00000000000000000000000000000000000000000000000000
1465;2931752.00000000000000000000000000000000000000000000000000
1466;2935636.00000000000000000000000000000000000000000000000000
1467;2937740.00000000000000000000000000000000000000000000000000
1468;2940144.00000000000000000000000000000000000000000000000000
1469;2942472.00000000000000000000000000000000000000000000000000
1470;2944484.00000000000000000000000000000000000000000000000000
1471;2946460.00000000000000000000000000000000000000000000000000
1472;2949056.00000000000000000000000000000000000000000000000000
1473;2952400.00000000000000000000000000000000000000000000000000
1474;2954760.00000000000000000000000000000000000000000000000000
1475;2958452.00000000000000000000000000000000000000000000000000
1476;2959588.00000000000000000000000000000000000000000000000000
1477;2965572.00000000000000000000000000000000000000000000000000
1478;2968656.00000000000000000000000000000000000000000000000000
1479;2973540.00000000000000000000000000000000000000000000000000
1480;2976112.00000000000000000000000000000000000000000000000000
1481;2978808.00000000000000000000000000000000000000000000000000
1482;2981520.00000000000000000000000000000000000000000000000000
1483;2991936.00000000000000000000000000000000000000000000000000
1484;2994404.00000000000000000000000000000000000000000000000000
1485;2997216.00000000000000000000000000000000000000000000000000
1486;3002540.00000000000000000000000000000000000000000000000000
1487;3002784.00000000000000000000000000000000000000000000000000
1488;3004872.00000000000000000000000000000000000000000000000000
1489;3009552.00000000000000000000000000000000000000000000000000
1490;3010840.00000000000000000000000000000000000000000000000000
1491;3013808.00000000000000000000000000000000000000000000000000
1492;3016420.00000000000000000000000000000000000000000000000000
1493;3016420.00000000000000000000000000000000000000000000000000
1494;3017244.00000000000000000000000000000000000000000000000000
1495;3017268.00000000000000000000000000000000000000000000000000
1496;3017152.00000000000000000000000000000000000000000000000000
1497;3017372.00000000000000000000000000000000000000000000000000
1498;3017148.00000000000000000000000000000000000000000000000000
1499;3017244.00000000000000000000000000000000000000000000000000
1500;3017116.00000000000000000000000000000000000000000000000000
1501;3017196.00000000000000000000000000000000000000000000000000
1502;3017152.00000000000000000000000000000000000000000000000000
1503;3017244.00000000000000000000000000000000000000000000000000
1504;3017152.00000000000000000000000000000000000000000000000000
1505;3017244.00000000000000000000000000000000000000000000000000
1506;3017372.00000000000000000000000000000000000000000000000000
1507;3017180.00000000000000000000000000000000000000000000000000
1508;3017212.00000000000000000000000000000000000000000000000000
1509;3017320.00000000000000000000000000000000000000000000000000
1510;3017176.00000000000000000000000000000000000000000000000000
1511;3017112.00000000000000000000000000000000000000000000000000
1512;3017232.00000000000000000000000000000000000000000000000000
1513;3017368.00000000000000000000000000000000000000000000000000
1514;3017232.00000000000000000000000000000000000000000000000000
1515;3017240.00000000000000000000000000000000000000000000000000
1516;3017144.00000000000000000000000000000000000000000000000000
1517;3017176.00000000000000000000000000000000000000000000000000
1518;3017112.00000000000000000000000000000000000000000000000000
1519;3017148.00000000000000000000000000000000000000000000000000
1520;3017368.00000000000000000000000000000000000000000000000000
1521;3017336.00000000000000000000000000000000000000000000000000
1522;3017240.00000000000000000000000000000000000000000000000000
1523;3017112.00000000000000000000000000000000000000000000000000
1524;3017176.00000000000000000000000000000000000000000000000000
1525;3017336.00000000000000000000000000000000000000000000000000
1526;3017112.00000000000000000000000000000000000000000000000000
1527;3017112.00000000000000000000000000000000000000000000000000
1528;3017112.00000000000000000000000000000000000000000000000000
1529;3017336.00000000000000000000000000000000000000000000000000
1530;3017176.00000000000000000000000000000000000000000000000000
1531;3017232.00000000000000000000000000000000000000000000000000
1532;3017112.00000000000000000000000000000000000000000000000000
1533;3017368.00000000000000000000000000000000000000000000000000
1534;3007420.00000000000000000000000000000000000000000000000000
1535;3007520.00000000000000000000000000000000000000000000000000
1536;3007600.00000000000000000000000000000000000000000000000000
1537;3007664.00000000000000000000000000000000000000000000000000
1538;3007620.00000000000000000000000000000000000000000000000000
1539;3007760.00000000000000000000000000000000000000000000000000
1540;3007996.00000000000000000000000000000000000000000000000000
1541;3008200.00000000000000000000000000000000000000000000000000
1542;3007832.00000000000000000000000000000000000000000000000000
1543;3008416.00000000000000000000000000000000000000000000000000
1544;3008484.00000000000000000000000000000000000000000000000000
1545;3008324.00000000000000000000000000000000000000000000000000
1546;3008476.00000000000000000000000000000000000000000000000000
1547;3008720.00000000000000000000000000000000000000000000000000
1548;3008720.00000000000000000000000000000000000000000000000000
1549;3008936.00000000000000000000000000000000000000000000000000
1550;3008968.00000000000000000000000000000000000000000000000000
1551;3009468.00000000000000000000000000000000000000000000000000
1552;3010124.00000000000000000000000000000000000000000000000000
1553;3010244.00000000000000000000000000000000000000000000000000
1554;3010488.00000000000000000000000000000000000000000000000000
1555;3010620.00000000000000000000000000000000000000000000000000
1556;3012232.00000000000000000000000000000000000000000000000000
1557;3012376.00000000000000000000000000000000000000000000000000
1558;3014036.00000000000000000000000000000000000000000000000000
1559;3014108.00000000000000000000000000000000000000000000000000
1560;3014336.00000000000000000000000000000000000000000000000000
1561;3015252.00000000000000000000000000000000000000000000000000
1562;3015544.00000000000000000000000000000000000000000000000000
1563;3016992.00000000000000000000000000000000000000000000000000
1564;3019504.00000000000000000000000000000000000000000000000000
1565;3024676.00000000000000000000000000000000000000000000000000
1566;3024776.00000000000000000000000000000000000000000000000000
1567;3024820.00000000000000000000000000000000000000000000000000
1568;3025048.00000000000000000000000000000000000000000000000000
1569;3024956.00000000000000000000000000000000000000000000000000
1570;3025084.00000000000000000000000000000000000000000000000000
1571;3024864.00000000000000000000000000000000000000000000000000
1572;3025052.00000000000000000000000000000000000000000000000000
1573;3024956.00000000000000000000000000000000000000000000000000
1574;3024892.00000000000000000000000000000000000000000000000000
1575;3024860.00000000000000000000000000000000000000000000000000
1576;3024864.00000000000000000000000000000000000000000000000000
1577;3024948.00000000000000000000000000000000000000000000000000
1578;3024956.00000000000000000000000000000000000000000000000000
1579;3025084.00000000000000000000000000000000000000000000000000
1580;3025084.00000000000000000000000000000000000000000000000000
1581;3024828.00000000000000000000000000000000000000000000000000
1582;3024864.00000000000000000000000000000000000000000000000000
1583;3024860.00000000000000000000000000000000000000000000000000
1584;3024956.00000000000000000000000000000000000000000000000000
1585;3025084.00000000000000000000000000000000000000000000000000
1586;3024828.00000000000000000000000000000000000000000000000000
1587;3024864.00000000000000000000000000000000000000000000000000
1588;3025084.00000000000000000000000000000000000000000000000000
1589;3024892.00000000000000000000000000000000000000000000000000
1590;3024892.00000000000000000000000000000000000000000000000000
1591;3024828.00000000000000000000000000000000000000000000000000
1592;3025084.00000000000000000000000000000000000000000000000000
1593;3025084.00000000000000000000000000000000000000000000000000
1594;3024860.00000000000000000000000000000000000000000000000000
1595;3025052.00000000000000000000000000000000000000000000000000
1596;3024972.00000000000000000000000000000000000000000000000000
1597;3024980.00000000000000000000000000000000000000000000000000
1598;3025052.00000000000000000000000000000000000000000000000000
1599;3024828.00000000000000000000000000000000000000000000000000
1600;3024956.00000000000000000000000000000000000000000000000000
1601;3025084.00000000000000000000000000000000000000000000000000
1602;3024828.00000000000000000000000000000000000000000000000000
1603;3024860.00000000000000000000000000000000000000000000000000
1604;3024948.00000000000000000000000000000000000000000000000000
1605;3024828.00000000000000000000000000000000000000000000000000
1606;3015316.00000000000000000000000000000000000000000000000000
1607;3015312.00000000000000000000000000000000000000000000000000
1608;3015172.00000000000000000000000000000000000000000000000000
1609;3015460.00000000000000000000000000000000000000000000000000
1610;3015416.00000000000000000000000000000000000000000000000000
1611;3015872.00000000000000000000000000000000000000000000000000
1612;3015692.00000000000000000000000000000000000000000000000000
1613;3015756.00000000000000000000000000000000000000000000000000
1614;3015760.00000000000000000000000000000000000000000000000000
1615;3016024.00000000000000000000000000000000000000000000000000
1616;3016084.00000000000000000000000000000000000000000000000000
1617;3016120.00000000000000000000000000000000000000000000000000
1618;3015960.00000000000000000000000000000000000000000000000000
1619;3016196.00000000000000000000000000000000000000000000000000
1620;3016276.00000000000000000000000000000000000000000000000000
1621;3016032.00000000000000000000000000000000000000000000000000
1622;3016356.00000000000000000000000000000000000000000000000000
1623;3016508.00000000000000000000000000000000000000000000000000
1624;3016608.00000000000000000000000000000000000000000000000000
1625;3016428.00000000000000000000000000000000000000000000000000
1626;3017104.00000000000000000000000000000000000000000000000000
1627;3016564.00000000000000000000000000000000000000000000000000
1628;3017232.00000000000000000000000000000000000000000000000000
1629;3017984.00000000000000000000000000000000000000000000000000
1630;3017852.00000000000000000000000000000000000000000000000000
1631;3017952.00000000000000000000000000000000000000000000000000
1632;3018524.00000000000000000000000000000000000000000000000000
1633;3018472.00000000000000000000000000000000000000000000000000
1634;3018288.00000000000000000000000000000000000000000000000000
1635;3019288.00000000000000000000000000000000000000000000000000
1636;3019268.00000000000000000000000000000000000000000000000000
1637;3019360.00000000000000000000000000000000000000000000000000
1638;3021808.00000000000000000000000000000000000000000000000000
1639;3022716.00000000000000000000000000000000000000000000000000
1640;3023428.00000000000000000000000000000000000000000000000000
1641;3023336.00000000000000000000000000000000000000000000000000
1642;3023272.00000000000000000000000000000000000000000000000000
1643;3023272.00000000000000000000000000000000000000000000000000
1644;3023528.00000000000000000000000000000000000000000000000000
1645;3023336.00000000000000000000000000000000000000000000000000
1646;3023528.00000000000000000000000000000000000000000000000000
1647;3023528.00000000000000000000000000000000000000000000000000
1648;3023340.00000000000000000000000000000000000000000000000000
1649;3023336.00000000000000000000000000000000000000000000000000
1650;3023464.00000000000000000000000000000000000000000000000000
1651;3023272.00000000000000000000000000000000000000000000000000
1652;3023528.00000000000000000000000000000000000000000000000000
1653;3023528.00000000000000000000000000000000000000000000000000
1654;3023388.00000000000000000000000000000000000000000000000000
1655;3023528.00000000000000000000000000000000000000000000000000
1656;3023336.00000000000000000000000000000000000000000000000000
1657;3023396.00000000000000000000000000000000000000000000000000
1658;3023336.00000000000000000000000000000000000000000000000000
1659;3023400.00000000000000000000000000000000000000000000000000
1660;3023528.00000000000000000000000000000000000000000000000000
1661;3023336.00000000000000000000000000000000000000000000000000
1662;3023272.00000000000000000000000000000000000000000000000000
1663;3023400.00000000000000000000000000000000000000000000000000
1664;3023336.00000000000000000000000000000000000000000000000000
1665;3023268.00000000000000000000000000000000000000000000000000
1666;3023336.00000000000000000000000000000000000000000000000000
1667;3023528.00000000000000000000000000000000000000000000000000
1668;3023400.00000000000000000000000000000000000000000000000000
1669;3023396.00000000000000000000000000000000000000000000000000
1670;3023272.00000000000000000000000000000000000000000000000000
1671;3023272.00000000000000000000000000000000000000000000000000
1672;3023268.00000000000000000000000000000000000000000000000000
1673;3023272.00000000000000000000000000000000000000000000000000
1674;3023272.00000000000000000000000000000000000000000000000000
1675;3023272.00000000000000000000000000000000000000000000000000
1676;3023336.00000000000000000000000000000000000000000000000000
1677;3023528.00000000000000000000000000000000000000000000000000
1678;3023336.00000000000000000000000000000000000000000000000000
1679;3023396.00000000000000000000000000000000000000000000000000
1680;2922372.00000000000000000000000000000000000000000000000000
1681;2923236.00000000000000000000000000000000000000000000000000
1682;2923844.00000000000000000000000000000000000000000000000000
1683;2924904.00000000000000000000000000000000000000000000000000
1684;2925260.00000000000000000000000000000000000000000000000000
1685;2927596.00000000000000000000000000000000000000000000000000
1686;2931304.00000000000000000000000000000000000000000000000000
1687;2934832.00000000000000000000000000000000000000000000000000
1688;2938684.00000000000000000000000000000000000000000000000000
1689;2941328.00000000000000000000000000000000000000000000000000
1690;2943292.00000000000000000000000000000000000000000000000000
1691;2944848.00000000000000000000000000000000000000000000000000
1692;2946696.00000000000000000000000000000000000000000000000000
1693;2949712.00000000000000000000000000000000000000000000000000
1694;2952280.00000000000000000000000000000000000000000000000000
1695;2956316.00000000000000000000000000000000000000000000000000
1696;2958920.00000000000000000000000000000000000000000000000000
1697;2961812.00000000000000000000000000000000000000000000000000
1698;2964492.00000000000000000000000000000000000000000000000000
1699;2970228.00000000000000000000000000000000000000000000000000
1700;2972764.00000000000000000000000000000000000000000000000000
1701;2976920.00000000000000000000000000000000000000000000000000
1702;2979528.00000000000000000000000000000000000000000000000000
1703;2981452.00000000000000000000000000000000000000000000000000
1704;2987936.00000000000000000000000000000000000000000000000000
1705;2990476.00000000000000000000000000000000000000000000000000
1706;2993088.00000000000000000000000000000000000000000000000000
1707;3003080.00000000000000000000000000000000000000000000000000
1708;3004888.00000000000000000000000000000000000000000000000000
1709;3007532.00000000000000000000000000000000000000000000000000
1710;3010000.00000000000000000000000000000000000000000000000000
1711;3016840.00000000000000000000000000000000000000000000000000
1712;3017344.00000000000000000000000000000000000000000000000000
1713;3019412.00000000000000000000000000000000000000000000000000
1714;3019412.00000000000000000000000000000000000000000000000000
1715;3019348.00000000000000000000000000000000000000000000000000
1716;3019352.00000000000000000000000000000000000000000000000000
1717;3019348.00000000000000000000000000000000000000000000000000
1718;3019284.00000000000000000000000000000000000000000000000000
1719;3019284.00000000000000000000000000000000000000000000000000
1720;3019348.00000000000000000000000000000000000000000000000000
1721;3019540.00000000000000000000000000000000000000000000000000
1722;3019284.00000000000000000000000000000000000000000000000000
1723;3019352.00000000000000000000000000000000000000000000000000
1724;3019540.00000000000000000000000000000000000000000000000000
1725;3019284.00000000000000000000000000000000000000000000000000
1726;3019540.00000000000000000000000000000000000000000000000000
1727;3019540.00000000000000000000000000000000000000000000000000
1728;3019540.00000000000000000000000000000000000000000000000000
1729;3019404.00000000000000000000000000000000000000000000000000
1730;3019284.00000000000000000000000000000000000000000000000000
1731;3019280.00000000000000000000000000000000000000000000000000
1732;3019284.00000000000000000000000000000000000000000000000000
1733;3019348.00000000000000000000000000000000000000000000000000
1734;3019280.00000000000000000000000000000000000000000000000000
1735;3019540.00000000000000000000000000000000000000000000000000
1736;3019348.00000000000000000000000000000000000000000000000000
1737;3019352.00000000000000000000000000000000000000000000000000
1738;3019348.00000000000000000000000000000000000000000000000000
1739;3019348.00000000000000000000000000000000000000000000000000
1740;3019284.00000000000000000000000000000000000000000000000000
1741;3019540.00000000000000000000000000000000000000000000000000
1742;3019540.00000000000000000000000000000000000000000000000000
1743;3019348.00000000000000000000000000000000000000000000000000
1744;3019348.00000000000000000000000000000000000000000000000000
1745;3019540.00000000000000000000000000000000000000000000000000
1746;3019352.00000000000000000000000000000000000000000000000000
1747;3019540.00000000000000000000000000000000000000000000000000
1748;3019408.00000000000000000000000000000000000000000000000000
1749;3019248.00000000000000000000000000000000000000000000000000
1750;3019328.00000000000000000000000000000000000000000000000000
1751;3019344.00000000000000000000000000000000000000000000000000
1752;3019280.00000000000000000000000000000000000000000000000000
1753;3019276.00000000000000000000000000000000000000000000000000
1754;3019280.00000000000000000000000000000000000000000000000000
1755;3012288.00000000000000000000000000000000000000000000000000
1756;3012308.00000000000000000000000000000000000000000000000000
1757;3012336.00000000000000000000000000000000000000000000000000
1758;3012436.00000000000000000000000000000000000000000000000000
1759;3012452.00000000000000000000000000000000000000000000000000
1760;3012552.00000000000000000000000000000000000000000000000000
1761;3013360.00000000000000000000000000000000000000000000000000
1762;3013416.00000000000000000000000000000000000000000000000000
1763;3013720.00000000000000000000000000000000000000000000000000
1764;3013572.00000000000000000000000000000000000000000000000000
1765;3013408.00000000000000000000000000000000000000000000000000
1766;3013528.00000000000000000000000000000000000000000000000000
1767;3013636.00000000000000000000000000000000000000000000000000
1768;3013684.00000000000000000000000000000000000000000000000000
1769;3013780.00000000000000000000000000000000000000000000000000
1770;3013976.00000000000000000000000000000000000000000000000000
1771;3013804.00000000000000000000000000000000000000000000000000
1772;3013976.00000000000000000000000000000000000000000000000000
1773;3013656.00000000000000000000000000000000000000000000000000
1774;3013756.00000000000000000000000000000000000000000000000000
1775;3014080.00000000000000000000000000000000000000000000000000
1776;3014300.00000000000000000000000000000000000000000000000000
1777;3014668.00000000000000000000000000000000000000000000000000
1778;3014772.00000000000000000000000000000000000000000000000000
1779;3015240.00000000000000000000000000000000000000000000000000
1780;3016224.00000000000000000000000000000000000000000000000000
1781;3016488.00000000000000000000000000000000000000000000000000
1782;3016668.00000000000000000000000000000000000000000000000000
1783;3017512.00000000000000000000000000000000000000000000000000
1784;3017700.00000000000000000000000000000000000000000000000000
1785;3017984.00000000000000000000000000000000000000000000000000
1786;3023752.00000000000000000000000000000000000000000000000000
1787;3024184.00000000000000000000000000000000000000000000000000
1788;3024736.00000000000000000000000000000000000000000000000000
1789;3027384.00000000000000000000000000000000000000000000000000
1790;3027384.00000000000000000000000000000000000000000000000000
1791;3027844.00000000000000000000000000000000000000000000000000
1792;3027780.00000000000000000000000000000000000000000000000000
1793;3027780.00000000000000000000000000000000000000000000000000
1794;3027844.00000000000000000000000000000000000000000000000000
1795;3027780.00000000000000000000000000000000000000000000000000
1796;3027780.00000000000000000000000000000000000000000000000000
1797;3027972.00000000000000000000000000000000000000000000000000
1798;3027780.00000000000000000000000000000000000000000000000000
1799;3027972.00000000000000000000000000000000000000000000000000
1800;3027844.00000000000000000000000000000000000000000000000000
1801;3027972.00000000000000000000000000000000000000000000000000
1802;3027780.00000000000000000000000000000000000000000000000000
1803;3027972.00000000000000000000000000000000000000000000000000
1804;3027972.00000000000000000000000000000000000000000000000000
1805;3027972.00000000000000000000000000000000000000000000000000
1806;3027884.00000000000000000000000000000000000000000000000000
1807;3027780.00000000000000000000000000000000000000000000000000
1808;3027780.00000000000000000000000000000000000000000000000000
1809;3027944.00000000000000000000000000000000000000000000000000
1810;3027764.00000000000000000000000000000000000000000000000000
1811;3027972.00000000000000000000000000000000000000000000000000
1812;3027780.00000000000000000000000000000000000000000000000000
1813;3027900.00000000000000000000000000000000000000000000000000
1814;3027780.00000000000000000000000000000000000000000000000000
1815;3027972.00000000000000000000000000000000000000000000000000
1816;3027972.00000000000000000000000000000000000000000000000000
1817;3027972.00000000000000000000000000000000000000000000000000
1818;3027780.00000000000000000000000000000000000000000000000000
1819;3027716.00000000000000000000000000000000000000000000000000
1820;3027836.00000000000000000000000000000000000000000000000000
1821;3027844.00000000000000000000000000000000000000000000000000
1822;3027780.00000000000000000000000000000000000000000000000000
1823;3027780.00000000000000000000000000000000000000000000000000
1824;3027796.00000000000000000000000000000000000000000000000000
1825;3027716.00000000000000000000000000000000000000000000000000
1826;3027716.00000000000000000000000000000000000000000000000000
1827;3027844.00000000000000000000000000000000000000000000000000
1828;3027972.00000000000000000000000000000000000000000000000000
1829;3027780.00000000000000000000000000000000000000000000000000
1830;2924112.00000000000000000000000000000000000000000000000000
1831;2923644.00000000000000000000000000000000000000000000000000
1832;2924776.00000000000000000000000000000000000000000000000000
1833;2925776.00000000000000000000000000000000000000000000000000
1834;2926236.00000000000000000000000000000000000000000000000000
1835;2927736.00000000000000000000000000000000000000000000000000
1836;2929332.00000000000000000000000000000000000000000000000000
1837;2931844.00000000000000000000000000000000000000000000000000
1838;2934740.00000000000000000000000000000000000000000000000000
1839;2937560.00000000000000000000000000000000000000000000000000
1840;2939896.00000000000000000000000000000000000000000000000000
1841;2942112.00000000000000000000000000000000000000000000000000
1842;2944316.00000000000000000000000000000000000000000000000000
1843;2946468.00000000000000000000000000000000000000000000000000
1844;2948420.00000000000000000000000000000000000000000000000000
1845;2952716.00000000000000000000000000000000000000000000000000
1846;2954792.00000000000000000000000000000000000000000000000000
1847;2958908.00000000000000000000000000000000000000000000000000
1848;2961708.00000000000000000000000000000000000000000000000000
1849;2963396.00000000000000000000000000000000000000000000000000
1850;2968780.00000000000000000000000000000000000000000000000000
1851;2971892.00000000000000000000000000000000000000000000000000
1852;2976764.00000000000000000000000000000000000000000000000000
1853;2979816.00000000000000000000000000000000000000000000000000
1854;2983076.00000000000000000000000000000000000000000000000000
1855;2993636.00000000000000000000000000000000000000000000000000
1856;2996000.00000000000000000000000000000000000000000000000000
1857;2998480.00000000000000000000000000000000000000000000000000
1858;3001292.00000000000000000000000000000000000000000000000000
1859;3007772.00000000000000000000000000000000000000000000000000
1860;3007972.00000000000000000000000000000000000000000000000000
1861;3009292.00000000000000000000000000000000000000000000000000
1862;3015928.00000000000000000000000000000000000000000000000000
1863;3016428.00000000000000000000000000000000000000000000000000
1864;3019196.00000000000000000000000000000000000000000000000000
1865;3019196.00000000000000000000000000000000000000000000000000
1866;3019292.00000000000000000000000000000000000000000000000000
1867;3019100.00000000000000000000000000000000000000000000000000
1868;3019100.00000000000000000000000000000000000000000000000000
1869;3019296.00000000000000000000000000000000000000000000000000
1870;3019220.00000000000000000000000000000000000000000000000000
1871;3019036.00000000000000000000000000000000000000000000000000
1872;3019220.00000000000000000000000000000000000000000000000000
1873;3019100.00000000000000000000000000000000000000000000000000
1874;3019100.00000000000000000000000000000000000000000000000000
1875;3019100.00000000000000000000000000000000000000000000000000
1876;3019036.00000000000000000000000000000000000000000000000000
1877;3019036.00000000000000000000000000000000000000000000000000
1878;3019100.00000000000000000000000000000000000000000000000000
1879;3019292.00000000000000000000000000000000000000000000000000
1880;3019292.00000000000000000000000000000000000000000000000000
1881;3019292.00000000000000000000000000000000000000000000000000
1882;3019220.00000000000000000000000000000000000000000000000000
1883;3019036.00000000000000000000000000000000000000000000000000
1884;3019100.00000000000000000000000000000000000000000000000000
1885;3019100.00000000000000000000000000000000000000000000000000
1886;3019156.00000000000000000000000000000000000000000000000000
1887;3019036.00000000000000000000000000000000000000000000000000
1888;3019100.00000000000000000000000000000000000000000000000000
1889;3019100.00000000000000000000000000000000000000000000000000
1890;3019100.00000000000000000000000000000000000000000000000000
1891;3019100.00000000000000000000000000000000000000000000000000
1892;3019100.00000000000000000000000000000000000000000000000000
1893;3019292.00000000000000000000000000000000000000000000000000
1894;3019036.00000000000000000000000000000000000000000000000000
1895;3019292.00000000000000000000000000000000000000000000000000
1896;3019100.00000000000000000000000000000000000000000000000000
1897;3019100.00000000000000000000000000000000000000000000000000
1898;3019036.00000000000000000000000000000000000000000000000000
1899;3019164.00000000000000000000000000000000000000000000000000
1900;3019292.00000000000000000000000000000000000000000000000000
1901;3019292.00000000000000000000000000000000000000000000000000
1902;3019292.00000000000000000000000000000000000000000000000000
1903;3019036.00000000000000000000000000000000000000000000000000
1904;3019292.00000000000000000000000000000000000000000000000000
1905;3019292.00000000000000000000000000000000000000000000000000
1906;3019292.00000000000000000000000000000000000000000000000000
1907;3011280.00000000000000000000000000000000000000000000000000
1908;3011244.00000000000000000000000000000000000000000000000000
1909;3011512.00000000000000000000000000000000000000000000000000
1910;3011568.00000000000000000000000000000000000000000000000000
1911;3011712.00000000000000000000000000000000000000000000000000
1912;3011996.00000000000000000000000000000000000000000000000000
1913;3012084.00000000000000000000000000000000000000000000000000
1914;3011992.00000000000000000000000000000000000000000000000000
1915;3011932.00000000000000000000000000000000000000000000000000
1916;3011932.00000000000000000000000000000000000000000000000000
1917;3011988.00000000000000000000000000000000000000000000000000
1918;3011988.00000000000000000000000000000000000000000000000000
1919;3011984.00000000000000000000000000000000000000000000000000
1920;3012084.00000000000000000000000000000000000000000000000000
1921;3012476.00000000000000000000000000000000000000000000000000
1922;3012496.00000000000000000000000000000000000000000000000000
1923;3012872.00000000000000000000000000000000000000000000000000
1924;3012948.00000000000000000000000000000000000000000000000000
1925;3012840.00000000000000000000000000000000000000000000000000
1926;3013088.00000000000000000000000000000000000000000000000000
1927;3013340.00000000000000000000000000000000000000000000000000
1928;3014476.00000000000000000000000000000000000000000000000000
1929;3014716.00000000000000000000000000000000000000000000000000
1930;3015424.00000000000000000000000000000000000000000000000000
1931;3015380.00000000000000000000000000000000000000000000000000
1932;3016196.00000000000000000000000000000000000000000000000000
1933;3016148.00000000000000000000000000000000000000000000000000
1934;3016348.00000000000000000000000000000000000000000000000000
1935;3016836.00000000000000000000000000000000000000000000000000
1936;3017056.00000000000000000000000000000000000000000000000000
1937;3016948.00000000000000000000000000000000000000000000000000
1938;3018948.00000000000000000000000000000000000000000000000000
1939;3020896.00000000000000000000000000000000000000000000000000
1940;3022000.00000000000000000000000000000000000000000000000000
1941;3022312.00000000000000000000000000000000000000000000000000
1942;3022420.00000000000000000000000000000000000000000000000000
1943;3022420.00000000000000000000000000000000000000000000000000
1944;3022420.00000000000000000000000000000000000000000000000000
1945;3022420.00000000000000000000000000000000000000000000000000
1946;3022420.00000000000000000000000000000000000000000000000000
1947;3022228.00000000000000000000000000000000000000000000000000
1948;3022228.00000000000000000000000000000000000000000000000000
1949;3022164.00000000000000000000000000000000000000000000000000
1950;3022164.00000000000000000000000000000000000000000000000000
1951;3022420.00000000000000000000000000000000000000000000000000
1952;3022228.00000000000000000000000000000000000000000000000000
1953;3022284.00000000000000000000000000000000000000000000000000
1954;3022420.00000000000000000000000000000000000000000000000000
1955;3022228.00000000000000000000000000000000000000000000000000
1956;3022228.00000000000000000000000000000000000000000000000000
1957;3022228.00000000000000000000000000000000000000000000000000
1958;3022164.00000000000000000000000000000000000000000000000000
1959;3022348.00000000000000000000000000000000000000000000000000
1960;3022420.00000000000000000000000000000000000000000000000000
1961;3022348.00000000000000000000000000000000000000000000000000
1962;3022228.00000000000000000000000000000000000000000000000000
1963;3022164.00000000000000000000000000000000000000000000000000
1964;3022164.00000000000000000000000000000000000000000000000000
1965;3022164.00000000000000000000000000000000000000000000000000
1966;3022420.00000000000000000000000000000000000000000000000000
1967;3022420.00000000000000000000000000000000000000000000000000
1968;3022420.00000000000000000000000000000000000000000000000000
1969;3022292.00000000000000000000000000000000000000000000000000
1970;3022228.00000000000000000000000000000000000000000000000000
1971;3022228.00000000000000000000000000000000000000000000000000
1972;3022420.00000000000000000000000000000000000000000000000000
1973;3022348.00000000000000000000000000000000000000000000000000
1974;3022164.00000000000000000000000000000000000000000000000000
1975;3022420.00000000000000000000000000000000000000000000000000
1976;3022420.00000000000000000000000000000000000000000000000000
1977;3022228.00000000000000000000000000000000000000000000000000
1978;3022228.00000000000000000000000000000000000000000000000000
1979;3022228.00000000000000000000000000000000000000000000000000
1980;3022164.00000000000000000000000000000000000000000000000000
1981;2912208.00000000000000000000000000000000000000000000000000
1982;2913500.00000000000000000000000000000000000000000000000000
1983;2913948.00000000000000000000000000000000000000000000000000
1984;2914692.00000000000000000000000000000000000000000000000000
1985;2915636.00000000000000000000000000000000000000000000000000
1986;2918372.00000000000000000000000000000000000000000000000000
1987;2921388.00000000000000000000000000000000000000000000000000
1988;2926456.00000000000000000000000000000000000000000000000000
1989;2929020.00000000000000000000000000000000000000000000000000
1990;2931508.00000000000000000000000000000000000000000000000000
1991;829428.00000000000000000000000000000000000000000000000000
