Second;RAM_KB
0;13016.00000000000000000000000000000000000000000000000000
1;49700.00000000000000000000000000000000000000000000000000
2;317916.00000000000000000000000000000000000000000000000000
3;338224.00000000000000000000000000000000000000000000000000
4;370672.00000000000000000000000000000000000000000000000000
5;403844.00000000000000000000000000000000000000000000000000
6;622408.00000000000000000000000000000000000000000000000000
7;705840.00000000000000000000000000000000000000000000000000
8;730500.00000000000000000000000000000000000000000000000000
9;838652.00000000000000000000000000000000000000000000000000
10;885348.00000000000000000000000000000000000000000000000000
11;904364.00000000000000000000000000000000000000000000000000
12;931220.00000000000000000000000000000000000000000000000000
13;932560.00000000000000000000000000000000000000000000000000
14;933824.00000000000000000000000000000000000000000000000000
15;935376.00000000000000000000000000000000000000000000000000
16;937248.00000000000000000000000000000000000000000000000000
17;939288.00000000000000000000000000000000000000000000000000
18;960300.00000000000000000000000000000000000000000000000000
19;979536.00000000000000000000000000000000000000000000000000
20;979752.00000000000000000000000000000000000000000000000000
21;980652.00000000000000000000000000000000000000000000000000
22;982208.00000000000000000000000000000000000000000000000000
23;983664.00000000000000000000000000000000000000000000000000
24;985016.00000000000000000000000000000000000000000000000000
25;986744.00000000000000000000000000000000000000000000000000
26;989720.00000000000000000000000000000000000000000000000000
27;989984.00000000000000000000000000000000000000000000000000
28;990744.00000000000000000000000000000000000000000000000000
29;992256.00000000000000000000000000000000000000000000000000
30;993584.00000000000000000000000000000000000000000000000000
31;998520.00000000000000000000000000000000000000000000000000
32;1001792.00000000000000000000000000000000000000000000000000
33;1005720.00000000000000000000000000000000000000000000000000
34;1007968.00000000000000000000000000000000000000000000000000
35;1010748.00000000000000000000000000000000000000000000000000
36;1014808.00000000000000000000000000000000000000000000000000
37;1021592.00000000000000000000000000000000000000000000000000
38;1024312.00000000000000000000000000000000000000000000000000
39;1027584.00000000000000000000000000000000000000000000000000
40;1031384.00000000000000000000000000000000000000000000000000
41;1034348.00000000000000000000000000000000000000000000000000
42;1039368.00000000000000000000000000000000000000000000000000
43;1043800.00000000000000000000000000000000000000000000000000
44;1047612.00000000000000000000000000000000000000000000000000
45;1052340.00000000000000000000000000000000000000000000000000
46;1056128.00000000000000000000000000000000000000000000000000
47;1061884.00000000000000000000000000000000000000000000000000
48;1064252.00000000000000000000000000000000000000000000000000
49;1069188.00000000000000000000000000000000000000000000000000
50;1072280.00000000000000000000000000000000000000000000000000
51;1076796.00000000000000000000000000000000000000000000000000
52;1082132.00000000000000000000000000000000000000000000000000
53;1086120.00000000000000000000000000000000000000000000000000
54;1091440.00000000000000000000000000000000000000000000000000
55;1095092.00000000000000000000000000000000000000000000000000
56;1100992.00000000000000000000000000000000000000000000000000
57;1104112.00000000000000000000000000000000000000000000000000
58;1109204.00000000000000000000000000000000000000000000000000
59;1111800.00000000000000000000000000000000000000000000000000
60;1116324.00000000000000000000000000000000000000000000000000
61;1121456.00000000000000000000000000000000000000000000000000
62;1125368.00000000000000000000000000000000000000000000000000
63;1128300.00000000000000000000000000000000000000000000000000
64;1133020.00000000000000000000000000000000000000000000000000
65;1140652.00000000000000000000000000000000000000000000000000
66;1143076.00000000000000000000000000000000000000000000000000
67;1147908.00000000000000000000000000000000000000000000000000
68;1150252.00000000000000000000000000000000000000000000000000
69;1154884.00000000000000000000000000000000000000000000000000
70;1162292.00000000000000000000000000000000000000000000000000
71;1166112.00000000000000000000000000000000000000000000000000
72;1169824.00000000000000000000000000000000000000000000000000
73;1173132.00000000000000000000000000000000000000000000000000
74;1177584.00000000000000000000000000000000000000000000000000
75;1181280.00000000000000000000000000000000000000000000000000
76;1188780.00000000000000000000000000000000000000000000000000
77;1191264.00000000000000000000000000000000000000000000000000
78;1195684.00000000000000000000000000000000000000000000000000
79;1199808.00000000000000000000000000000000000000000000000000
80;1202972.00000000000000000000000000000000000000000000000000
81;1207364.00000000000000000000000000000000000000000000000000
82;1213496.00000000000000000000000000000000000000000000000000
83;1217740.00000000000000000000000000000000000000000000000000
84;1221284.00000000000000000000000000000000000000000000000000
85;1223588.00000000000000000000000000000000000000000000000000
86;1228540.00000000000000000000000000000000000000000000000000
87;1231964.00000000000000000000000000000000000000000000000000
88;1236820.00000000000000000000000000000000000000000000000000
89;1242516.00000000000000000000000000000000000000000000000000
90;1246796.00000000000000000000000000000000000000000000000000
91;1250052.00000000000000000000000000000000000000000000000000
92;1253844.00000000000000000000000000000000000000000000000000
93;1257784.00000000000000000000000000000000000000000000000000
94;1262692.00000000000000000000000000000000000000000000000000
95;1267372.00000000000000000000000000000000000000000000000000
96;1270968.00000000000000000000000000000000000000000000000000
97;1277460.00000000000000000000000000000000000000000000000000
98;1280560.00000000000000000000000000000000000000000000000000
99;1283504.00000000000000000000000000000000000000000000000000
100;1287592.00000000000000000000000000000000000000000000000000
101;1291860.00000000000000000000000000000000000000000000000000
102;1296176.00000000000000000000000000000000000000000000000000
103;1300472.00000000000000000000000000000000000000000000000000
104;1304636.00000000000000000000000000000000000000000000000000
105;1313316.00000000000000000000000000000000000000000000000000
106;1315444.00000000000000000000000000000000000000000000000000
107;1319120.00000000000000000000000000000000000000000000000000
108;1323540.00000000000000000000000000000000000000000000000000
109;1327188.00000000000000000000000000000000000000000000000000
110;1331860.00000000000000000000000000000000000000000000000000
111;1335108.00000000000000000000000000000000000000000000000000
112;1336720.00000000000000000000000000000000000000000000000000
113;1343548.00000000000000000000000000000000000000000000000000
114;1347872.00000000000000000000000000000000000000000000000000
115;1355968.00000000000000000000000000000000000000000000000000
116;1358392.00000000000000000000000000000000000000000000000000
117;1362832.00000000000000000000000000000000000000000000000000
118;1366768.00000000000000000000000000000000000000000000000000
119;1371404.00000000000000000000000000000000000000000000000000
120;1374780.00000000000000000000000000000000000000000000000000
121;1378900.00000000000000000000000000000000000000000000000000
122;1382824.00000000000000000000000000000000000000000000000000
123;1386944.00000000000000000000000000000000000000000000000000
124;1391232.00000000000000000000000000000000000000000000000000
125;1394708.00000000000000000000000000000000000000000000000000
126;1406120.00000000000000000000000000000000000000000000000000
127;1407728.00000000000000000000000000000000000000000000000000
128;1412608.00000000000000000000000000000000000000000000000000
129;1415952.00000000000000000000000000000000000000000000000000
130;1418736.00000000000000000000000000000000000000000000000000
131;1423244.00000000000000000000000000000000000000000000000000
132;1426896.00000000000000000000000000000000000000000000000000
133;1430896.00000000000000000000000000000000000000000000000000
134;1434936.00000000000000000000000000000000000000000000000000
135;1439536.00000000000000000000000000000000000000000000000000
136;1443084.00000000000000000000000000000000000000000000000000
137;1446988.00000000000000000000000000000000000000000000000000
138;1458024.00000000000000000000000000000000000000000000000000
139;1459864.00000000000000000000000000000000000000000000000000
140;1462532.00000000000000000000000000000000000000000000000000
141;1466260.00000000000000000000000000000000000000000000000000
142;1470640.00000000000000000000000000000000000000000000000000
143;1474828.00000000000000000000000000000000000000000000000000
144;1479332.00000000000000000000000000000000000000000000000000
145;1483208.00000000000000000000000000000000000000000000000000
146;1487160.00000000000000000000000000000000000000000000000000
147;1490564.00000000000000000000000000000000000000000000000000
148;1495224.00000000000000000000000000000000000000000000000000
149;1498680.00000000000000000000000000000000000000000000000000
150;1502628.00000000000000000000000000000000000000000000000000
151;1506060.00000000000000000000000000000000000000000000000000
152;1517160.00000000000000000000000000000000000000000000000000
153;1519336.00000000000000000000000000000000000000000000000000
154;1520740.00000000000000000000000000000000000000000000000000
155;1524332.00000000000000000000000000000000000000000000000000
156;1529104.00000000000000000000000000000000000000000000000000
157;1531964.00000000000000000000000000000000000000000000000000
158;1535812.00000000000000000000000000000000000000000000000000
159;1540072.00000000000000000000000000000000000000000000000000
160;1543476.00000000000000000000000000000000000000000000000000
161;1548420.00000000000000000000000000000000000000000000000000
162;1550984.00000000000000000000000000000000000000000000000000
163;1554068.00000000000000000000000000000000000000000000000000
164;1558688.00000000000000000000000000000000000000000000000000
165;1562372.00000000000000000000000000000000000000000000000000
166;1566472.00000000000000000000000000000000000000000000000000
167;1570624.00000000000000000000000000000000000000000000000000
168;1574008.00000000000000000000000000000000000000000000000000
169;1577984.00000000000000000000000000000000000000000000000000
170;1581944.00000000000000000000000000000000000000000000000000
171;1585880.00000000000000000000000000000000000000000000000000
172;1589468.00000000000000000000000000000000000000000000000000
173;1590572.00000000000000000000000000000000000000000000000000
174;1596000.00000000000000000000000000000000000000000000000000
175;1599852.00000000000000000000000000000000000000000000000000
176;1603936.00000000000000000000000000000000000000000000000000
177;1607724.00000000000000000000000000000000000000000000000000
178;1612176.00000000000000000000000000000000000000000000000000
179;1615484.00000000000000000000000000000000000000000000000000
180;1618476.00000000000000000000000000000000000000000000000000
181;1622268.00000000000000000000000000000000000000000000000000
182;1626272.00000000000000000000000000000000000000000000000000
183;1629916.00000000000000000000000000000000000000000000000000
184;1633892.00000000000000000000000000000000000000000000000000
185;1637924.00000000000000000000000000000000000000000000000000
186;1640336.00000000000000000000000000000000000000000000000000
187;1644816.00000000000000000000000000000000000000000000000000
188;1648888.00000000000000000000000000000000000000000000000000
189;1653676.00000000000000000000000000000000000000000000000000
190;1656720.00000000000000000000000000000000000000000000000000
191;1660572.00000000000000000000000000000000000000000000000000
192;1666100.00000000000000000000000000000000000000000000000000
193;1669748.00000000000000000000000000000000000000000000000000
194;1678244.00000000000000000000000000000000000000000000000000
195;1681088.00000000000000000000000000000000000000000000000000
196;1683220.00000000000000000000000000000000000000000000000000
197;1687828.00000000000000000000000000000000000000000000000000
198;1691200.00000000000000000000000000000000000000000000000000
199;1695216.00000000000000000000000000000000000000000000000000
200;1698876.00000000000000000000000000000000000000000000000000
201;1702900.00000000000000000000000000000000000000000000000000
202;1707092.00000000000000000000000000000000000000000000000000
203;1713620.00000000000000000000000000000000000000000000000000
204;1716572.00000000000000000000000000000000000000000000000000
205;1719396.00000000000000000000000000000000000000000000000000
206;1723432.00000000000000000000000000000000000000000000000000
207;1728312.00000000000000000000000000000000000000000000000000
208;1731984.00000000000000000000000000000000000000000000000000
209;1735072.00000000000000000000000000000000000000000000000000
210;1740144.00000000000000000000000000000000000000000000000000
211;1744700.00000000000000000000000000000000000000000000000000
212;1749884.00000000000000000000000000000000000000000000000000
213;1750916.00000000000000000000000000000000000000000000000000
214;1754512.00000000000000000000000000000000000000000000000000
215;1758432.00000000000000000000000000000000000000000000000000
216;1761936.00000000000000000000000000000000000000000000000000
217;1766004.00000000000000000000000000000000000000000000000000
218;1769668.00000000000000000000000000000000000000000000000000
219;1773660.00000000000000000000000000000000000000000000000000
220;1782624.00000000000000000000000000000000000000000000000000
221;1783660.00000000000000000000000000000000000000000000000000
222;1783920.00000000000000000000000000000000000000000000000000
223;1782624.00000000000000000000000000000000000000000000000000
224;1782624.00000000000000000000000000000000000000000000000000
225;1782624.00000000000000000000000000000000000000000000000000
226;2015972.00000000000000000000000000000000000000000000000000
227;2015400.00000000000000000000000000000000000000000000000000
228;2015408.00000000000000000000000000000000000000000000000000
229;2015468.00000000000000000000000000000000000000000000000000
230;2015468.00000000000000000000000000000000000000000000000000
231;2015340.00000000000000000000000000000000000000000000000000
232;2015344.00000000000000000000000000000000000000000000000000
233;2015468.00000000000000000000000000000000000000000000000000
234;2015476.00000000000000000000000000000000000000000000000000
235;2015380.00000000000000000000000000000000000000000000000000
236;2015476.00000000000000000000000000000000000000000000000000
237;2015348.00000000000000000000000000000000000000000000000000
238;2015476.00000000000000000000000000000000000000000000000000
239;2015348.00000000000000000000000000000000000000000000000000
240;2015572.00000000000000000000000000000000000000000000000000
241;2015412.00000000000000000000000000000000000000000000000000
242;2015348.00000000000000000000000000000000000000000000000000
243;2015572.00000000000000000000000000000000000000000000000000
244;2015476.00000000000000000000000000000000000000000000000000
245;2015348.00000000000000000000000000000000000000000000000000
246;2015344.00000000000000000000000000000000000000000000000000
247;2015472.00000000000000000000000000000000000000000000000000
248;2015472.00000000000000000000000000000000000000000000000000
249;2015380.00000000000000000000000000000000000000000000000000
250;2015376.00000000000000000000000000000000000000000000000000
251;2015376.00000000000000000000000000000000000000000000000000
252;2015376.00000000000000000000000000000000000000000000000000
253;2015472.00000000000000000000000000000000000000000000000000
254;2015472.00000000000000000000000000000000000000000000000000
255;2015472.00000000000000000000000000000000000000000000000000
256;2015408.00000000000000000000000000000000000000000000000000
257;2015472.00000000000000000000000000000000000000000000000000
258;2015472.00000000000000000000000000000000000000000000000000
259;2015408.00000000000000000000000000000000000000000000000000
260;2015408.00000000000000000000000000000000000000000000000000
261;2015344.00000000000000000000000000000000000000000000000000
262;2015344.00000000000000000000000000000000000000000000000000
263;2015344.00000000000000000000000000000000000000000000000000
264;2015376.00000000000000000000000000000000000000000000000000
265;2015568.00000000000000000000000000000000000000000000000000
266;2015592.00000000000000000000000000000000000000000000000000
267;2015576.00000000000000000000000000000000000000000000000000
268;2015472.00000000000000000000000000000000000000000000000000
269;2015408.00000000000000000000000000000000000000000000000000
270;2015408.00000000000000000000000000000000000000000000000000
271;2015472.00000000000000000000000000000000000000000000000000
272;2015344.00000000000000000000000000000000000000000000000000
273;2017704.00000000000000000000000000000000000000000000000000
274;2016480.00000000000000000000000000000000000000000000000000
275;2016480.00000000000000000000000000000000000000000000000000
276;2016480.00000000000000000000000000000000000000000000000000
277;2016480.00000000000000000000000000000000000000000000000000
278;2017568.00000000000000000000000000000000000000000000000000
279;2016480.00000000000000000000000000000000000000000000000000
280;2016576.00000000000000000000000000000000000000000000000000
281;2016480.00000000000000000000000000000000000000000000000000
282;2016416.00000000000000000000000000000000000000000000000000
283;2016384.00000000000000000000000000000000000000000000000000
284;2016416.00000000000000000000000000000000000000000000000000
285;2016576.00000000000000000000000000000000000000000000000000
286;2016588.00000000000000000000000000000000000000000000000000
287;2016728.00000000000000000000000000000000000000000000000000
288;2016824.00000000000000000000000000000000000000000000000000
289;2016824.00000000000000000000000000000000000000000000000000
290;2016600.00000000000000000000000000000000000000000000000000
291;2016804.00000000000000000000000000000000000000000000000000
292;2016780.00000000000000000000000000000000000000000000000000
293;2016776.00000000000000000000000000000000000000000000000000
294;2016872.00000000000000000000000000000000000000000000000000
295;2017096.00000000000000000000000000000000000000000000000000
296;2017096.00000000000000000000000000000000000000000000000000
297;2017192.00000000000000000000000000000000000000000000000000
298;2017032.00000000000000000000000000000000000000000000000000
299;2017096.00000000000000000000000000000000000000000000000000
300;2017096.00000000000000000000000000000000000000000000000000
301;2017096.00000000000000000000000000000000000000000000000000
302;2017000.00000000000000000000000000000000000000000000000000
303;2017096.00000000000000000000000000000000000000000000000000
304;2017096.00000000000000000000000000000000000000000000000000
305;2017032.00000000000000000000000000000000000000000000000000
306;2017192.00000000000000000000000000000000000000000000000000
307;2017004.00000000000000000000000000000000000000000000000000
308;2017000.00000000000000000000000000000000000000000000000000
309;2017096.00000000000000000000000000000000000000000000000000
310;2017004.00000000000000000000000000000000000000000000000000
311;2017096.00000000000000000000000000000000000000000000000000
312;2017096.00000000000000000000000000000000000000000000000000
313;2016968.00000000000000000000000000000000000000000000000000
314;2017032.00000000000000000000000000000000000000000000000000
315;2017192.00000000000000000000000000000000000000000000000000
316;2017096.00000000000000000000000000000000000000000000000000
317;2017248.00000000000000000000000000000000000000000000000000
318;2017084.00000000000000000000000000000000000000000000000000
319;2017188.00000000000000000000000000000000000000000000000000
320;2017032.00000000000000000000000000000000000000000000000000
321;2017088.00000000000000000000000000000000000000000000000000
322;2016964.00000000000000000000000000000000000000000000000000
323;2017248.00000000000000000000000000000000000000000000000000
324;2017096.00000000000000000000000000000000000000000000000000
325;2017176.00000000000000000000000000000000000000000000000000
326;2017004.00000000000000000000000000000000000000000000000000
327;2016968.00000000000000000000000000000000000000000000000000
328;2017192.00000000000000000000000000000000000000000000000000
329;2017192.00000000000000000000000000000000000000000000000000
330;2016968.00000000000000000000000000000000000000000000000000
331;2017932.00000000000000000000000000000000000000000000000000
332;2017932.00000000000000000000000000000000000000000000000000
333;2017932.00000000000000000000000000000000000000000000000000
334;2019012.00000000000000000000000000000000000000000000000000
335;2017932.00000000000000000000000000000000000000000000000000
336;2017932.00000000000000000000000000000000000000000000000000
337;2019156.00000000000000000000000000000000000000000000000000
338;2017840.00000000000000000000000000000000000000000000000000
339;2017804.00000000000000000000000000000000000000000000000000
340;2018028.00000000000000000000000000000000000000000000000000
341;2017932.00000000000000000000000000000000000000000000000000
342;2017932.00000000000000000000000000000000000000000000000000
343;2017804.00000000000000000000000000000000000000000000000000
344;2017836.00000000000000000000000000000000000000000000000000
345;2017932.00000000000000000000000000000000000000000000000000
346;2017928.00000000000000000000000000000000000000000000000000
347;2017836.00000000000000000000000000000000000000000000000000
348;2017836.00000000000000000000000000000000000000000000000000
349;2017836.00000000000000000000000000000000000000000000000000
350;2017928.00000000000000000000000000000000000000000000000000
351;2017836.00000000000000000000000000000000000000000000000000
352;2017804.00000000000000000000000000000000000000000000000000
353;2017932.00000000000000000000000000000000000000000000000000
354;2017932.00000000000000000000000000000000000000000000000000
355;2017932.00000000000000000000000000000000000000000000000000
356;2017872.00000000000000000000000000000000000000000000000000
357;2018048.00000000000000000000000000000000000000000000000000
358;2017932.00000000000000000000000000000000000000000000000000
359;2017804.00000000000000000000000000000000000000000000000000
360;2017928.00000000000000000000000000000000000000000000000000
361;2017840.00000000000000000000000000000000000000000000000000
362;2017928.00000000000000000000000000000000000000000000000000
363;2018028.00000000000000000000000000000000000000000000000000
364;2017916.00000000000000000000000000000000000000000000000000
365;2017836.00000000000000000000000000000000000000000000000000
366;2017928.00000000000000000000000000000000000000000000000000
367;2017928.00000000000000000000000000000000000000000000000000
368;2017804.00000000000000000000000000000000000000000000000000
369;2018008.00000000000000000000000000000000000000000000000000
370;2017928.00000000000000000000000000000000000000000000000000
371;2017840.00000000000000000000000000000000000000000000000000
372;2017804.00000000000000000000000000000000000000000000000000
373;2017840.00000000000000000000000000000000000000000000000000
374;2017932.00000000000000000000000000000000000000000000000000
375;2017868.00000000000000000000000000000000000000000000000000
376;2017932.00000000000000000000000000000000000000000000000000
377;2017804.00000000000000000000000000000000000000000000000000
378;2017932.00000000000000000000000000000000000000000000000000
379;2018028.00000000000000000000000000000000000000000000000000
380;2017932.00000000000000000000000000000000000000000000000000
381;2017804.00000000000000000000000000000000000000000000000000
382;2017840.00000000000000000000000000000000000000000000000000
383;2017928.00000000000000000000000000000000000000000000000000
384;2017828.00000000000000000000000000000000000000000000000000
385;2017792.00000000000000000000000000000000000000000000000000
386;2017792.00000000000000000000000000000000000000000000000000
387;2017796.00000000000000000000000000000000000000000000000000
388;2017852.00000000000000000000000000000000000000000000000000
389;2017852.00000000000000000000000000000000000000000000000000
390;1487148.00000000000000000000000000000000000000000000000000
391;1477624.00000000000000000000000000000000000000000000000000
392;1471896.00000000000000000000000000000000000000000000000000
393;1469588.00000000000000000000000000000000000000000000000000
394;1470548.00000000000000000000000000000000000000000000000000
395;1472444.00000000000000000000000000000000000000000000000000
396;1474376.00000000000000000000000000000000000000000000000000
397;1473688.00000000000000000000000000000000000000000000000000
398;1474940.00000000000000000000000000000000000000000000000000
399;1471256.00000000000000000000000000000000000000000000000000
400;1471608.00000000000000000000000000000000000000000000000000
401;1473316.00000000000000000000000000000000000000000000000000
402;1475792.00000000000000000000000000000000000000000000000000
403;1477808.00000000000000000000000000000000000000000000000000
404;1482004.00000000000000000000000000000000000000000000000000
405;1482692.00000000000000000000000000000000000000000000000000
406;1484540.00000000000000000000000000000000000000000000000000
407;1485312.00000000000000000000000000000000000000000000000000
408;1488056.00000000000000000000000000000000000000000000000000
409;1488784.00000000000000000000000000000000000000000000000000
410;1491044.00000000000000000000000000000000000000000000000000
411;1492624.00000000000000000000000000000000000000000000000000
412;1494232.00000000000000000000000000000000000000000000000000
413;1495376.00000000000000000000000000000000000000000000000000
414;1496388.00000000000000000000000000000000000000000000000000
415;1498144.00000000000000000000000000000000000000000000000000
416;1502460.00000000000000000000000000000000000000000000000000
417;1504088.00000000000000000000000000000000000000000000000000
418;1505068.00000000000000000000000000000000000000000000000000
419;1508208.00000000000000000000000000000000000000000000000000
420;1509624.00000000000000000000000000000000000000000000000000
421;1511176.00000000000000000000000000000000000000000000000000
422;1512880.00000000000000000000000000000000000000000000000000
423;1516880.00000000000000000000000000000000000000000000000000
424;1519164.00000000000000000000000000000000000000000000000000
425;1520348.00000000000000000000000000000000000000000000000000
426;1519640.00000000000000000000000000000000000000000000000000
427;1521416.00000000000000000000000000000000000000000000000000
428;1525344.00000000000000000000000000000000000000000000000000
429;1526972.00000000000000000000000000000000000000000000000000
430;1528060.00000000000000000000000000000000000000000000000000
431;1529972.00000000000000000000000000000000000000000000000000
432;1534752.00000000000000000000000000000000000000000000000000
433;1534752.00000000000000000000000000000000000000000000000000
434;1536864.00000000000000000000000000000000000000000000000000
435;1538684.00000000000000000000000000000000000000000000000000
436;1539760.00000000000000000000000000000000000000000000000000
437;1541796.00000000000000000000000000000000000000000000000000
438;1548684.00000000000000000000000000000000000000000000000000
439;1549424.00000000000000000000000000000000000000000000000000
440;1551116.00000000000000000000000000000000000000000000000000
441;1552532.00000000000000000000000000000000000000000000000000
442;1553664.00000000000000000000000000000000000000000000000000
443;1555388.00000000000000000000000000000000000000000000000000
444;1560448.00000000000000000000000000000000000000000000000000
445;1560520.00000000000000000000000000000000000000000000000000
446;1561728.00000000000000000000000000000000000000000000000000
447;1562988.00000000000000000000000000000000000000000000000000
448;1564072.00000000000000000000000000000000000000000000000000
449;1565488.00000000000000000000000000000000000000000000000000
450;1567432.00000000000000000000000000000000000000000000000000
451;1568528.00000000000000000000000000000000000000000000000000
452;1575032.00000000000000000000000000000000000000000000000000
453;1575516.00000000000000000000000000000000000000000000000000
454;1575396.00000000000000000000000000000000000000000000000000
455;1576200.00000000000000000000000000000000000000000000000000
456;1577408.00000000000000000000000000000000000000000000000000
457;1579072.00000000000000000000000000000000000000000000000000
458;1580616.00000000000000000000000000000000000000000000000000
459;1589064.00000000000000000000000000000000000000000000000000
460;1589572.00000000000000000000000000000000000000000000000000
461;1589364.00000000000000000000000000000000000000000000000000
462;1589372.00000000000000000000000000000000000000000000000000
463;1591000.00000000000000000000000000000000000000000000000000
464;1592496.00000000000000000000000000000000000000000000000000
465;1593616.00000000000000000000000000000000000000000000000000
466;1595760.00000000000000000000000000000000000000000000000000
467;1596496.00000000000000000000000000000000000000000000000000
468;1608096.00000000000000000000000000000000000000000000000000
469;1608180.00000000000000000000000000000000000000000000000000
470;1608604.00000000000000000000000000000000000000000000000000
471;1608700.00000000000000000000000000000000000000000000000000
472;1607924.00000000000000000000000000000000000000000000000000
473;1609380.00000000000000000000000000000000000000000000000000
474;1610992.00000000000000000000000000000000000000000000000000
475;1613068.00000000000000000000000000000000000000000000000000
476;1614628.00000000000000000000000000000000000000000000000000
477;1616384.00000000000000000000000000000000000000000000000000
478;1627792.00000000000000000000000000000000000000000000000000
479;1627876.00000000000000000000000000000000000000000000000000
480;1628032.00000000000000000000000000000000000000000000000000
481;1627848.00000000000000000000000000000000000000000000000000
482;1628064.00000000000000000000000000000000000000000000000000
483;1629844.00000000000000000000000000000000000000000000000000
484;1631740.00000000000000000000000000000000000000000000000000
485;1632504.00000000000000000000000000000000000000000000000000
486;1634572.00000000000000000000000000000000000000000000000000
487;1636924.00000000000000000000000000000000000000000000000000
488;1637836.00000000000000000000000000000000000000000000000000
489;1649084.00000000000000000000000000000000000000000000000000
490;1649416.00000000000000000000000000000000000000000000000000
491;1649420.00000000000000000000000000000000000000000000000000
492;1649484.00000000000000000000000000000000000000000000000000
493;1649508.00000000000000000000000000000000000000000000000000
494;1649856.00000000000000000000000000000000000000000000000000
495;1651436.00000000000000000000000000000000000000000000000000
496;1652648.00000000000000000000000000000000000000000000000000
497;1654864.00000000000000000000000000000000000000000000000000
498;1656424.00000000000000000000000000000000000000000000000000
499;1657884.00000000000000000000000000000000000000000000000000
500;1659632.00000000000000000000000000000000000000000000000000
501;1669852.00000000000000000000000000000000000000000000000000
502;1670328.00000000000000000000000000000000000000000000000000
503;1670784.00000000000000000000000000000000000000000000000000
504;1671288.00000000000000000000000000000000000000000000000000
505;1671448.00000000000000000000000000000000000000000000000000
506;1672068.00000000000000000000000000000000000000000000000000
507;1673656.00000000000000000000000000000000000000000000000000
508;1676040.00000000000000000000000000000000000000000000000000
509;1678344.00000000000000000000000000000000000000000000000000
510;1679984.00000000000000000000000000000000000000000000000000
511;1681836.00000000000000000000000000000000000000000000000000
512;1683860.00000000000000000000000000000000000000000000000000
513;1685196.00000000000000000000000000000000000000000000000000
514;1687632.00000000000000000000000000000000000000000000000000
515;1706404.00000000000000000000000000000000000000000000000000
516;1706392.00000000000000000000000000000000000000000000000000
517;1706828.00000000000000000000000000000000000000000000000000
518;1707188.00000000000000000000000000000000000000000000000000
519;1707156.00000000000000000000000000000000000000000000000000
520;1707152.00000000000000000000000000000000000000000000000000
521;1707188.00000000000000000000000000000000000000000000000000
522;1707164.00000000000000000000000000000000000000000000000000
523;1707252.00000000000000000000000000000000000000000000000000
524;1707340.00000000000000000000000000000000000000000000000000
525;1708464.00000000000000000000000000000000000000000000000000
526;1710348.00000000000000000000000000000000000000000000000000
527;1712012.00000000000000000000000000000000000000000000000000
528;1714484.00000000000000000000000000000000000000000000000000
529;1716132.00000000000000000000000000000000000000000000000000
530;1717244.00000000000000000000000000000000000000000000000000
531;1729464.00000000000000000000000000000000000000000000000000
532;1730308.00000000000000000000000000000000000000000000000000
533;1730504.00000000000000000000000000000000000000000000000000
534;1731044.00000000000000000000000000000000000000000000000000
535;1731284.00000000000000000000000000000000000000000000000000
536;1732132.00000000000000000000000000000000000000000000000000
537;1733580.00000000000000000000000000000000000000000000000000
538;1735316.00000000000000000000000000000000000000000000000000
539;1738444.00000000000000000000000000000000000000000000000000
540;1740780.00000000000000000000000000000000000000000000000000
541;1743992.00000000000000000000000000000000000000000000000000
542;1747680.00000000000000000000000000000000000000000000000000
543;1750312.00000000000000000000000000000000000000000000000000
544;1753224.00000000000000000000000000000000000000000000000000
545;1757436.00000000000000000000000000000000000000000000000000
546;1761200.00000000000000000000000000000000000000000000000000
547;1762928.00000000000000000000000000000000000000000000000000
548;1782452.00000000000000000000000000000000000000000000000000
549;1785100.00000000000000000000000000000000000000000000000000
550;1786632.00000000000000000000000000000000000000000000000000
551;1788264.00000000000000000000000000000000000000000000000000
552;1789796.00000000000000000000000000000000000000000000000000
553;1791140.00000000000000000000000000000000000000000000000000
554;1792628.00000000000000000000000000000000000000000000000000
555;1794256.00000000000000000000000000000000000000000000000000
556;1795808.00000000000000000000000000000000000000000000000000
557;1798060.00000000000000000000000000000000000000000000000000
558;1801128.00000000000000000000000000000000000000000000000000
559;1804208.00000000000000000000000000000000000000000000000000
560;1808012.00000000000000000000000000000000000000000000000000
561;1810808.00000000000000000000000000000000000000000000000000
562;1813860.00000000000000000000000000000000000000000000000000
563;1817596.00000000000000000000000000000000000000000000000000
564;1820708.00000000000000000000000000000000000000000000000000
565;1824808.00000000000000000000000000000000000000000000000000
566;1827644.00000000000000000000000000000000000000000000000000
567;1830932.00000000000000000000000000000000000000000000000000
568;1826696.00000000000000000000000000000000000000000000000000
569;1829500.00000000000000000000000000000000000000000000000000
570;1831812.00000000000000000000000000000000000000000000000000
571;1835836.00000000000000000000000000000000000000000000000000
572;1839056.00000000000000000000000000000000000000000000000000
573;1842976.00000000000000000000000000000000000000000000000000
574;1847160.00000000000000000000000000000000000000000000000000
575;1851000.00000000000000000000000000000000000000000000000000
576;1853176.00000000000000000000000000000000000000000000000000
577;1856972.00000000000000000000000000000000000000000000000000
578;1860320.00000000000000000000000000000000000000000000000000
579;1862760.00000000000000000000000000000000000000000000000000
580;1866760.00000000000000000000000000000000000000000000000000
581;1869904.00000000000000000000000000000000000000000000000000
582;1872920.00000000000000000000000000000000000000000000000000
583;1875908.00000000000000000000000000000000000000000000000000
584;1877884.00000000000000000000000000000000000000000000000000
585;1881604.00000000000000000000000000000000000000000000000000
586;1884760.00000000000000000000000000000000000000000000000000
587;1887608.00000000000000000000000000000000000000000000000000
588;1891796.00000000000000000000000000000000000000000000000000
589;1894740.00000000000000000000000000000000000000000000000000
590;1896656.00000000000000000000000000000000000000000000000000
591;1901688.00000000000000000000000000000000000000000000000000
592;1906012.00000000000000000000000000000000000000000000000000
593;1908976.00000000000000000000000000000000000000000000000000
594;1912276.00000000000000000000000000000000000000000000000000
595;1914688.00000000000000000000000000000000000000000000000000
596;1918636.00000000000000000000000000000000000000000000000000
597;1922444.00000000000000000000000000000000000000000000000000
598;1925004.00000000000000000000000000000000000000000000000000
599;1928032.00000000000000000000000000000000000000000000000000
600;1931108.00000000000000000000000000000000000000000000000000
601;1934152.00000000000000000000000000000000000000000000000000
602;1937296.00000000000000000000000000000000000000000000000000
603;1940932.00000000000000000000000000000000000000000000000000
604;1943200.00000000000000000000000000000000000000000000000000
605;1946480.00000000000000000000000000000000000000000000000000
606;1949624.00000000000000000000000000000000000000000000000000
607;1952944.00000000000000000000000000000000000000000000000000
608;1955380.00000000000000000000000000000000000000000000000000
609;1959156.00000000000000000000000000000000000000000000000000
610;1962240.00000000000000000000000000000000000000000000000000
611;1964732.00000000000000000000000000000000000000000000000000
612;1967516.00000000000000000000000000000000000000000000000000
613;1971412.00000000000000000000000000000000000000000000000000
614;1974360.00000000000000000000000000000000000000000000000000
615;1976280.00000000000000000000000000000000000000000000000000
616;1980284.00000000000000000000000000000000000000000000000000
617;1983324.00000000000000000000000000000000000000000000000000
618;1986028.00000000000000000000000000000000000000000000000000
619;1989676.00000000000000000000000000000000000000000000000000
620;1992192.00000000000000000000000000000000000000000000000000
621;1995424.00000000000000000000000000000000000000000000000000
622;1998548.00000000000000000000000000000000000000000000000000
623;2002892.00000000000000000000000000000000000000000000000000
624;2004212.00000000000000000000000000000000000000000000000000
625;2006764.00000000000000000000000000000000000000000000000000
626;2010436.00000000000000000000000000000000000000000000000000
627;2020044.00000000000000000000000000000000000000000000000000
628;2020012.00000000000000000000000000000000000000000000000000
629;2018784.00000000000000000000000000000000000000000000000000
630;2018784.00000000000000000000000000000000000000000000000000
631;2018784.00000000000000000000000000000000000000000000000000
632;2019876.00000000000000000000000000000000000000000000000000
633;2018784.00000000000000000000000000000000000000000000000000
634;2018404.00000000000000000000000000000000000000000000000000
635;2018308.00000000000000000000000000000000000000000000000000
636;2018404.00000000000000000000000000000000000000000000000000
637;2018404.00000000000000000000000000000000000000000000000000
638;2018216.00000000000000000000000000000000000000000000000000
639;2018244.00000000000000000000000000000000000000000000000000
640;2018164.00000000000000000000000000000000000000000000000000
641;2018168.00000000000000000000000000000000000000000000000000
642;2018200.00000000000000000000000000000000000000000000000000
643;2018412.00000000000000000000000000000000000000000000000000
644;2018132.00000000000000000000000000000000000000000000000000
645;2018168.00000000000000000000000000000000000000000000000000
646;2018132.00000000000000000000000000000000000000000000000000
647;2018132.00000000000000000000000000000000000000000000000000
648;2018280.00000000000000000000000000000000000000000000000000
649;2018184.00000000000000000000000000000000000000000000000000
650;2018180.00000000000000000000000000000000000000000000000000
651;2018280.00000000000000000000000000000000000000000000000000
652;2018208.00000000000000000000000000000000000000000000000000
653;2018184.00000000000000000000000000000000000000000000000000
654;2018088.00000000000000000000000000000000000000000000000000
655;2018088.00000000000000000000000000000000000000000000000000
656;2018056.00000000000000000000000000000000000000000000000000
657;2018056.00000000000000000000000000000000000000000000000000
658;2018184.00000000000000000000000000000000000000000000000000
659;2018184.00000000000000000000000000000000000000000000000000
660;2018312.00000000000000000000000000000000000000000000000000
661;2018056.00000000000000000000000000000000000000000000000000
662;2018124.00000000000000000000000000000000000000000000000000
663;2018120.00000000000000000000000000000000000000000000000000
664;2018180.00000000000000000000000000000000000000000000000000
665;2018120.00000000000000000000000000000000000000000000000000
666;2018124.00000000000000000000000000000000000000000000000000
667;2018280.00000000000000000000000000000000000000000000000000
668;2018124.00000000000000000000000000000000000000000000000000
669;2018184.00000000000000000000000000000000000000000000000000
670;2018124.00000000000000000000000000000000000000000000000000
671;2018184.00000000000000000000000000000000000000000000000000
672;2018180.00000000000000000000000000000000000000000000000000
673;2018088.00000000000000000000000000000000000000000000000000
674;2018088.00000000000000000000000000000000000000000000000000
675;2018180.00000000000000000000000000000000000000000000000000
676;2018056.00000000000000000000000000000000000000000000000000
677;2018184.00000000000000000000000000000000000000000000000000
678;2018180.00000000000000000000000000000000000000000000000000
679;2018184.00000000000000000000000000000000000000000000000000
680;2018328.00000000000000000000000000000000000000000000000000
681;2018088.00000000000000000000000000000000000000000000000000
682;2018184.00000000000000000000000000000000000000000000000000
683;2018184.00000000000000000000000000000000000000000000000000
684;2018056.00000000000000000000000000000000000000000000000000
685;2018092.00000000000000000000000000000000000000000000000000
686;2018184.00000000000000000000000000000000000000000000000000
687;2018056.00000000000000000000000000000000000000000000000000
688;2018184.00000000000000000000000000000000000000000000000000
689;2018120.00000000000000000000000000000000000000000000000000
690;2018124.00000000000000000000000000000000000000000000000000
691;2018280.00000000000000000000000000000000000000000000000000
692;2018088.00000000000000000000000000000000000000000000000000
693;2018088.00000000000000000000000000000000000000000000000000
694;2018280.00000000000000000000000000000000000000000000000000
695;2019512.00000000000000000000000000000000000000000000000000
696;2019512.00000000000000000000000000000000000000000000000000
697;2019512.00000000000000000000000000000000000000000000000000
698;2019512.00000000000000000000000000000000000000000000000000
699;2019512.00000000000000000000000000000000000000000000000000
700;2020604.00000000000000000000000000000000000000000000000000
701;2020740.00000000000000000000000000000000000000000000000000
702;2019512.00000000000000000000000000000000000000000000000000
703;2019512.00000000000000000000000000000000000000000000000000
704;2019452.00000000000000000000000000000000000000000000000000
705;2019508.00000000000000000000000000000000000000000000000000
706;2019452.00000000000000000000000000000000000000000000000000
707;2019416.00000000000000000000000000000000000000000000000000
708;2019384.00000000000000000000000000000000000000000000000000
709;2019512.00000000000000000000000000000000000000000000000000
710;2019512.00000000000000000000000000000000000000000000000000
711;2019512.00000000000000000000000000000000000000000000000000
712;2019608.00000000000000000000000000000000000000000000000000
713;2019452.00000000000000000000000000000000000000000000000000
714;2019512.00000000000000000000000000000000000000000000000000
715;2019420.00000000000000000000000000000000000000000000000000
716;2019508.00000000000000000000000000000000000000000000000000
717;2019416.00000000000000000000000000000000000000000000000000
718;2019384.00000000000000000000000000000000000000000000000000
719;2019496.00000000000000000000000000000000000000000000000000
720;2019416.00000000000000000000000000000000000000000000000000
721;2019512.00000000000000000000000000000000000000000000000000
722;2019512.00000000000000000000000000000000000000000000000000
723;2019448.00000000000000000000000000000000000000000000000000
724;2019512.00000000000000000000000000000000000000000000000000
725;2019416.00000000000000000000000000000000000000000000000000
726;2019384.00000000000000000000000000000000000000000000000000
727;2019416.00000000000000000000000000000000000000000000000000
728;2019452.00000000000000000000000000000000000000000000000000
729;2019416.00000000000000000000000000000000000000000000000000
730;2019512.00000000000000000000000000000000000000000000000000
731;2019512.00000000000000000000000000000000000000000000000000
732;2019416.00000000000000000000000000000000000000000000000000
733;2019416.00000000000000000000000000000000000000000000000000
734;2019408.00000000000000000000000000000000000000000000000000
735;2019476.00000000000000000000000000000000000000000000000000
736;2019476.00000000000000000000000000000000000000000000000000
737;2019440.00000000000000000000000000000000000000000000000000
738;2019688.00000000000000000000000000000000000000000000000000
739;2019408.00000000000000000000000000000000000000000000000000
740;2019408.00000000000000000000000000000000000000000000000000
741;2019536.00000000000000000000000000000000000000000000000000
742;2019444.00000000000000000000000000000000000000000000000000
743;2019536.00000000000000000000000000000000000000000000000000
744;2019476.00000000000000000000000000000000000000000000000000
745;2019408.00000000000000000000000000000000000000000000000000
746;2019536.00000000000000000000000000000000000000000000000000
747;2019408.00000000000000000000000000000000000000000000000000
748;2019532.00000000000000000000000000000000000000000000000000
749;2019408.00000000000000000000000000000000000000000000000000
750;2019476.00000000000000000000000000000000000000000000000000
751;2019444.00000000000000000000000000000000000000000000000000
752;2019444.00000000000000000000000000000000000000000000000000
753;2019408.00000000000000000000000000000000000000000000000000
754;2020716.00000000000000000000000000000000000000000000000000
755;2019536.00000000000000000000000000000000000000000000000000
756;2019536.00000000000000000000000000000000000000000000000000
757;2019536.00000000000000000000000000000000000000000000000000
758;2019536.00000000000000000000000000000000000000000000000000
759;2019536.00000000000000000000000000000000000000000000000000
760;2019536.00000000000000000000000000000000000000000000000000
761;2019532.00000000000000000000000000000000000000000000000000
762;2019536.00000000000000000000000000000000000000000000000000
763;2019408.00000000000000000000000000000000000000000000000000
764;2019408.00000000000000000000000000000000000000000000000000
765;2019460.00000000000000000000000000000000000000000000000000
766;2019552.00000000000000000000000000000000000000000000000000
767;2019492.00000000000000000000000000000000000000000000000000
768;2019492.00000000000000000000000000000000000000000000000000
769;2019492.00000000000000000000000000000000000000000000000000
770;2019492.00000000000000000000000000000000000000000000000000
771;2019548.00000000000000000000000000000000000000000000000000
772;2019492.00000000000000000000000000000000000000000000000000
773;2019552.00000000000000000000000000000000000000000000000000
774;2019552.00000000000000000000000000000000000000000000000000
775;2019424.00000000000000000000000000000000000000000000000000
776;2019552.00000000000000000000000000000000000000000000000000
777;2019552.00000000000000000000000000000000000000000000000000
778;2019488.00000000000000000000000000000000000000000000000000
779;2019668.00000000000000000000000000000000000000000000000000
780;2019548.00000000000000000000000000000000000000000000000000
781;2019452.00000000000000000000000000000000000000000000000000
782;2019452.00000000000000000000000000000000000000000000000000
783;2019420.00000000000000000000000000000000000000000000000000
784;2019452.00000000000000000000000000000000000000000000000000
785;2019456.00000000000000000000000000000000000000000000000000
786;2019644.00000000000000000000000000000000000000000000000000
787;2019484.00000000000000000000000000000000000000000000000000
788;2019548.00000000000000000000000000000000000000000000000000
789;2019484.00000000000000000000000000000000000000000000000000
790;2019452.00000000000000000000000000000000000000000000000000
791;2019488.00000000000000000000000000000000000000000000000000
792;2019548.00000000000000000000000000000000000000000000000000
793;2019452.00000000000000000000000000000000000000000000000000
794;2019544.00000000000000000000000000000000000000000000000000
795;2019488.00000000000000000000000000000000000000000000000000
796;2019456.00000000000000000000000000000000000000000000000000
797;2019452.00000000000000000000000000000000000000000000000000
798;2019484.00000000000000000000000000000000000000000000000000
799;2019548.00000000000000000000000000000000000000000000000000
800;2019644.00000000000000000000000000000000000000000000000000
801;2019420.00000000000000000000000000000000000000000000000000
802;2019452.00000000000000000000000000000000000000000000000000
803;2019488.00000000000000000000000000000000000000000000000000
804;2019572.00000000000000000000000000000000000000000000000000
805;2019572.00000000000000000000000000000000000000000000000000
806;2019448.00000000000000000000000000000000000000000000000000
807;2019512.00000000000000000000000000000000000000000000000000
808;2019672.00000000000000000000000000000000000000000000000000
809;2019480.00000000000000000000000000000000000000000000000000
810;2019516.00000000000000000000000000000000000000000000000000
811;2019448.00000000000000000000000000000000000000000000000000
812;2019448.00000000000000000000000000000000000000000000000000
813;1497732.00000000000000000000000000000000000000000000000000
814;1495064.00000000000000000000000000000000000000000000000000
815;1488868.00000000000000000000000000000000000000000000000000
816;1483860.00000000000000000000000000000000000000000000000000
817;1474584.00000000000000000000000000000000000000000000000000
818;1476556.00000000000000000000000000000000000000000000000000
819;1478332.00000000000000000000000000000000000000000000000000
820;1481036.00000000000000000000000000000000000000000000000000
821;1482816.00000000000000000000000000000000000000000000000000
822;1483836.00000000000000000000000000000000000000000000000000
823;1484788.00000000000000000000000000000000000000000000000000
824;1485856.00000000000000000000000000000000000000000000000000
825;1488420.00000000000000000000000000000000000000000000000000
826;1490392.00000000000000000000000000000000000000000000000000
827;1491552.00000000000000000000000000000000000000000000000000
828;1495252.00000000000000000000000000000000000000000000000000
829;1496324.00000000000000000000000000000000000000000000000000
830;1497940.00000000000000000000000000000000000000000000000000
831;1500452.00000000000000000000000000000000000000000000000000
832;1500436.00000000000000000000000000000000000000000000000000
833;1501736.00000000000000000000000000000000000000000000000000
834;1505604.00000000000000000000000000000000000000000000000000
835;1506548.00000000000000000000000000000000000000000000000000
836;1509036.00000000000000000000000000000000000000000000000000
837;1510664.00000000000000000000000000000000000000000000000000
838;1511516.00000000000000000000000000000000000000000000000000
839;1515888.00000000000000000000000000000000000000000000000000
840;1517172.00000000000000000000000000000000000000000000000000
841;1517888.00000000000000000000000000000000000000000000000000
842;1520888.00000000000000000000000000000000000000000000000000
843;1521636.00000000000000000000000000000000000000000000000000
844;1523056.00000000000000000000000000000000000000000000000000
845;1526692.00000000000000000000000000000000000000000000000000
846;1527952.00000000000000000000000000000000000000000000000000
847;1529444.00000000000000000000000000000000000000000000000000
848;1533188.00000000000000000000000000000000000000000000000000
849;1535352.00000000000000000000000000000000000000000000000000
850;1537520.00000000000000000000000000000000000000000000000000
851;1538760.00000000000000000000000000000000000000000000000000
852;1540424.00000000000000000000000000000000000000000000000000
853;1546348.00000000000000000000000000000000000000000000000000
854;1546992.00000000000000000000000000000000000000000000000000
855;1548200.00000000000000000000000000000000000000000000000000
856;1547528.00000000000000000000000000000000000000000000000000
857;1548332.00000000000000000000000000000000000000000000000000
858;1548980.00000000000000000000000000000000000000000000000000
859;1557856.00000000000000000000000000000000000000000000000000
860;1559852.00000000000000000000000000000000000000000000000000
861;1561040.00000000000000000000000000000000000000000000000000
862;1564264.00000000000000000000000000000000000000000000000000
863;1565432.00000000000000000000000000000000000000000000000000
864;1570344.00000000000000000000000000000000000000000000000000
865;1570720.00000000000000000000000000000000000000000000000000
866;1571080.00000000000000000000000000000000000000000000000000
867;1572420.00000000000000000000000000000000000000000000000000
868;1573796.00000000000000000000000000000000000000000000000000
869;1575248.00000000000000000000000000000000000000000000000000
870;1576948.00000000000000000000000000000000000000000000000000
871;1583404.00000000000000000000000000000000000000000000000000
872;1583668.00000000000000000000000000000000000000000000000000
873;1584348.00000000000000000000000000000000000000000000000000
874;1584876.00000000000000000000000000000000000000000000000000
875;1586192.00000000000000000000000000000000000000000000000000
876;1588208.00000000000000000000000000000000000000000000000000
877;1589688.00000000000000000000000000000000000000000000000000
878;1597612.00000000000000000000000000000000000000000000000000
879;1597728.00000000000000000000000000000000000000000000000000
880;1598032.00000000000000000000000000000000000000000000000000
881;1598396.00000000000000000000000000000000000000000000000000
882;1599364.00000000000000000000000000000000000000000000000000
883;1601068.00000000000000000000000000000000000000000000000000
884;1602456.00000000000000000000000000000000000000000000000000
885;1603884.00000000000000000000000000000000000000000000000000
886;1614544.00000000000000000000000000000000000000000000000000
887;1615008.00000000000000000000000000000000000000000000000000
888;1615412.00000000000000000000000000000000000000000000000000
889;1613460.00000000000000000000000000000000000000000000000000
890;1613660.00000000000000000000000000000000000000000000000000
891;1614232.00000000000000000000000000000000000000000000000000
892;1616636.00000000000000000000000000000000000000000000000000
893;1618480.00000000000000000000000000000000000000000000000000
894;1619652.00000000000000000000000000000000000000000000000000
895;1633184.00000000000000000000000000000000000000000000000000
896;1632304.00000000000000000000000000000000000000000000000000
897;1632476.00000000000000000000000000000000000000000000000000
898;1632872.00000000000000000000000000000000000000000000000000
899;1633216.00000000000000000000000000000000000000000000000000
900;1633692.00000000000000000000000000000000000000000000000000
901;1634820.00000000000000000000000000000000000000000000000000
902;1637352.00000000000000000000000000000000000000000000000000
903;1638052.00000000000000000000000000000000000000000000000000
904;1640452.00000000000000000000000000000000000000000000000000
905;1653536.00000000000000000000000000000000000000000000000000
906;1653500.00000000000000000000000000000000000000000000000000
907;1652528.00000000000000000000000000000000000000000000000000
908;1652856.00000000000000000000000000000000000000000000000000
909;1652800.00000000000000000000000000000000000000000000000000
910;1654288.00000000000000000000000000000000000000000000000000
911;1656112.00000000000000000000000000000000000000000000000000
912;1657348.00000000000000000000000000000000000000000000000000
913;1659840.00000000000000000000000000000000000000000000000000
914;1661148.00000000000000000000000000000000000000000000000000
915;1662596.00000000000000000000000000000000000000000000000000
916;1664272.00000000000000000000000000000000000000000000000000
917;1665832.00000000000000000000000000000000000000000000000000
918;1687192.00000000000000000000000000000000000000000000000000
919;1687028.00000000000000000000000000000000000000000000000000
920;1687276.00000000000000000000000000000000000000000000000000
921;1687780.00000000000000000000000000000000000000000000000000
922;1687780.00000000000000000000000000000000000000000000000000
923;1687796.00000000000000000000000000000000000000000000000000
924;1687208.00000000000000000000000000000000000000000000000000
925;1687948.00000000000000000000000000000000000000000000000000
926;1688136.00000000000000000000000000000000000000000000000000
927;1688276.00000000000000000000000000000000000000000000000000
928;1688704.00000000000000000000000000000000000000000000000000
929;1688812.00000000000000000000000000000000000000000000000000
930;1689412.00000000000000000000000000000000000000000000000000
931;1710232.00000000000000000000000000000000000000000000000000
932;1711184.00000000000000000000000000000000000000000000000000
933;1711204.00000000000000000000000000000000000000000000000000
934;1711624.00000000000000000000000000000000000000000000000000
935;1711728.00000000000000000000000000000000000000000000000000
936;1711720.00000000000000000000000000000000000000000000000000
937;1711924.00000000000000000000000000000000000000000000000000
938;1711800.00000000000000000000000000000000000000000000000000
939;1711756.00000000000000000000000000000000000000000000000000
940;1711956.00000000000000000000000000000000000000000000000000
941;1712380.00000000000000000000000000000000000000000000000000
942;1712356.00000000000000000000000000000000000000000000000000
943;1712680.00000000000000000000000000000000000000000000000000
944;1714156.00000000000000000000000000000000000000000000000000
945;1716660.00000000000000000000000000000000000000000000000000
946;1742960.00000000000000000000000000000000000000000000000000
947;1741752.00000000000000000000000000000000000000000000000000
948;1742008.00000000000000000000000000000000000000000000000000
949;1742156.00000000000000000000000000000000000000000000000000
950;1742224.00000000000000000000000000000000000000000000000000
951;1742252.00000000000000000000000000000000000000000000000000
952;1742272.00000000000000000000000000000000000000000000000000
953;1742332.00000000000000000000000000000000000000000000000000
954;1742372.00000000000000000000000000000000000000000000000000
955;1742584.00000000000000000000000000000000000000000000000000
956;1742632.00000000000000000000000000000000000000000000000000
957;1743404.00000000000000000000000000000000000000000000000000
958;1743432.00000000000000000000000000000000000000000000000000
959;1743936.00000000000000000000000000000000000000000000000000
960;1746012.00000000000000000000000000000000000000000000000000
961;1747844.00000000000000000000000000000000000000000000000000
962;1749536.00000000000000000000000000000000000000000000000000
963;1778368.00000000000000000000000000000000000000000000000000
964;1778724.00000000000000000000000000000000000000000000000000
965;1778704.00000000000000000000000000000000000000000000000000
966;1779120.00000000000000000000000000000000000000000000000000
967;1779124.00000000000000000000000000000000000000000000000000
968;1779564.00000000000000000000000000000000000000000000000000
969;1779568.00000000000000000000000000000000000000000000000000
970;1780012.00000000000000000000000000000000000000000000000000
971;1780064.00000000000000000000000000000000000000000000000000
972;1781492.00000000000000000000000000000000000000000000000000
973;1782824.00000000000000000000000000000000000000000000000000
974;1784224.00000000000000000000000000000000000000000000000000
975;1786000.00000000000000000000000000000000000000000000000000
976;1787196.00000000000000000000000000000000000000000000000000
977;1788572.00000000000000000000000000000000000000000000000000
978;1789848.00000000000000000000000000000000000000000000000000
979;1791548.00000000000000000000000000000000000000000000000000
980;1793124.00000000000000000000000000000000000000000000000000
981;1783324.00000000000000000000000000000000000000000000000000
982;1786072.00000000000000000000000000000000000000000000000000
983;1789248.00000000000000000000000000000000000000000000000000
984;1792272.00000000000000000000000000000000000000000000000000
985;1795772.00000000000000000000000000000000000000000000000000
986;1799608.00000000000000000000000000000000000000000000000000
987;1802236.00000000000000000000000000000000000000000000000000
988;1805996.00000000000000000000000000000000000000000000000000
989;1809356.00000000000000000000000000000000000000000000000000
990;1812756.00000000000000000000000000000000000000000000000000
991;1815944.00000000000000000000000000000000000000000000000000
992;1819760.00000000000000000000000000000000000000000000000000
993;1823396.00000000000000000000000000000000000000000000000000
994;1825804.00000000000000000000000000000000000000000000000000
995;1829236.00000000000000000000000000000000000000000000000000
996;1831192.00000000000000000000000000000000000000000000000000
997;1834396.00000000000000000000000000000000000000000000000000
998;1837556.00000000000000000000000000000000000000000000000000
999;1840544.00000000000000000000000000000000000000000000000000
1000;1844428.00000000000000000000000000000000000000000000000000
1001;1847792.00000000000000000000000000000000000000000000000000
1002;1850756.00000000000000000000000000000000000000000000000000
1003;1853696.00000000000000000000000000000000000000000000000000
1004;1858524.00000000000000000000000000000000000000000000000000
1005;1862040.00000000000000000000000000000000000000000000000000
1006;1864332.00000000000000000000000000000000000000000000000000
1007;1868660.00000000000000000000000000000000000000000000000000
1008;1871164.00000000000000000000000000000000000000000000000000
1009;1873956.00000000000000000000000000000000000000000000000000
1010;1878916.00000000000000000000000000000000000000000000000000
1011;1881488.00000000000000000000000000000000000000000000000000
1012;1884196.00000000000000000000000000000000000000000000000000
1013;1888484.00000000000000000000000000000000000000000000000000
1014;1891744.00000000000000000000000000000000000000000000000000
1015;1894408.00000000000000000000000000000000000000000000000000
1016;1897268.00000000000000000000000000000000000000000000000000
1017;1900604.00000000000000000000000000000000000000000000000000
1018;1902772.00000000000000000000000000000000000000000000000000
1019;1905560.00000000000000000000000000000000000000000000000000
1020;1909300.00000000000000000000000000000000000000000000000000
1021;1911644.00000000000000000000000000000000000000000000000000
1022;1913776.00000000000000000000000000000000000000000000000000
1023;1916876.00000000000000000000000000000000000000000000000000
1024;1919400.00000000000000000000000000000000000000000000000000
1025;1922424.00000000000000000000000000000000000000000000000000
1026;1925312.00000000000000000000000000000000000000000000000000
1027;1929080.00000000000000000000000000000000000000000000000000
1028;1933140.00000000000000000000000000000000000000000000000000
1029;1935620.00000000000000000000000000000000000000000000000000
1030;1939808.00000000000000000000000000000000000000000000000000
1031;1942068.00000000000000000000000000000000000000000000000000
1032;1945200.00000000000000000000000000000000000000000000000000
1033;1948636.00000000000000000000000000000000000000000000000000
1034;1951136.00000000000000000000000000000000000000000000000000
1035;1953492.00000000000000000000000000000000000000000000000000
1036;1956884.00000000000000000000000000000000000000000000000000
1037;1959696.00000000000000000000000000000000000000000000000000
1038;1962116.00000000000000000000000000000000000000000000000000
1039;1964596.00000000000000000000000000000000000000000000000000
1040;1968604.00000000000000000000000000000000000000000000000000
1041;1971572.00000000000000000000000000000000000000000000000000
1042;1973724.00000000000000000000000000000000000000000000000000
1043;1977712.00000000000000000000000000000000000000000000000000
1044;1980492.00000000000000000000000000000000000000000000000000
1045;1983320.00000000000000000000000000000000000000000000000000
1046;1986064.00000000000000000000000000000000000000000000000000
1047;1989644.00000000000000000000000000000000000000000000000000
1048;1992216.00000000000000000000000000000000000000000000000000
1049;1994976.00000000000000000000000000000000000000000000000000
1050;1997860.00000000000000000000000000000000000000000000000000
1051;2002188.00000000000000000000000000000000000000000000000000
1052;2004244.00000000000000000000000000000000000000000000000000
1053;2006884.00000000000000000000000000000000000000000000000000
1054;2010912.00000000000000000000000000000000000000000000000000
1055;2018632.00000000000000000000000000000000000000000000000000
1056;2019896.00000000000000000000000000000000000000000000000000
1057;2018640.00000000000000000000000000000000000000000000000000
1058;2018640.00000000000000000000000000000000000000000000000000
1059;2018640.00000000000000000000000000000000000000000000000000
1060;2018640.00000000000000000000000000000000000000000000000000
1061;2018640.00000000000000000000000000000000000000000000000000
1062;2018412.00000000000000000000000000000000000000000000000000
1063;2018640.00000000000000000000000000000000000000000000000000
1064;2018480.00000000000000000000000000000000000000000000000000
1065;2018540.00000000000000000000000000000000000000000000000000
1066;2018484.00000000000000000000000000000000000000000000000000
1067;2018416.00000000000000000000000000000000000000000000000000
1068;2018448.00000000000000000000000000000000000000000000000000
1069;2018544.00000000000000000000000000000000000000000000000000
1070;2018640.00000000000000000000000000000000000000000000000000
1071;2018544.00000000000000000000000000000000000000000000000000
1072;2018544.00000000000000000000000000000000000000000000000000
1073;2018448.00000000000000000000000000000000000000000000000000
1074;2018544.00000000000000000000000000000000000000000000000000
1075;2018416.00000000000000000000000000000000000000000000000000
1076;2018640.00000000000000000000000000000000000000000000000000
1077;2018544.00000000000000000000000000000000000000000000000000
1078;2018416.00000000000000000000000000000000000000000000000000
1079;2018484.00000000000000000000000000000000000000000000000000
1080;2018448.00000000000000000000000000000000000000000000000000
1081;2018544.00000000000000000000000000000000000000000000000000
1082;2018416.00000000000000000000000000000000000000000000000000
1083;2018416.00000000000000000000000000000000000000000000000000
1084;2018640.00000000000000000000000000000000000000000000000000
1085;2018416.00000000000000000000000000000000000000000000000000
1086;2018540.00000000000000000000000000000000000000000000000000
1087;2018540.00000000000000000000000000000000000000000000000000
1088;2018540.00000000000000000000000000000000000000000000000000
1089;2018540.00000000000000000000000000000000000000000000000000
1090;2018484.00000000000000000000000000000000000000000000000000
1091;2018416.00000000000000000000000000000000000000000000000000
1092;2018540.00000000000000000000000000000000000000000000000000
1093;2018540.00000000000000000000000000000000000000000000000000
1094;2018540.00000000000000000000000000000000000000000000000000
1095;2018452.00000000000000000000000000000000000000000000000000
1096;2018544.00000000000000000000000000000000000000000000000000
1097;2018540.00000000000000000000000000000000000000000000000000
1098;2018544.00000000000000000000000000000000000000000000000000
1099;2018640.00000000000000000000000000000000000000000000000000
1100;2018544.00000000000000000000000000000000000000000000000000
1101;2018660.00000000000000000000000000000000000000000000000000
1102;2018416.00000000000000000000000000000000000000000000000000
1103;2018624.00000000000000000000000000000000000000000000000000
1104;2018448.00000000000000000000000000000000000000000000000000
1105;2018416.00000000000000000000000000000000000000000000000000
1106;2018544.00000000000000000000000000000000000000000000000000
1107;2018480.00000000000000000000000000000000000000000000000000
1108;2018480.00000000000000000000000000000000000000000000000000
1109;2018448.00000000000000000000000000000000000000000000000000
1110;2018540.00000000000000000000000000000000000000000000000000
1111;2018544.00000000000000000000000000000000000000000000000000
1112;2018448.00000000000000000000000000000000000000000000000000
1113;2018640.00000000000000000000000000000000000000000000000000
1114;2018480.00000000000000000000000000000000000000000000000000
1115;2018448.00000000000000000000000000000000000000000000000000
1116;2018540.00000000000000000000000000000000000000000000000000
1117;2018484.00000000000000000000000000000000000000000000000000
1118;2018416.00000000000000000000000000000000000000000000000000
1119;2019860.00000000000000000000000000000000000000000000000000
1120;2022444.00000000000000000000000000000000000000000000000000
1121;2019860.00000000000000000000000000000000000000000000000000
1122;2019860.00000000000000000000000000000000000000000000000000
1123;2019860.00000000000000000000000000000000000000000000000000
1124;2019860.00000000000000000000000000000000000000000000000000
1125;2020976.00000000000000000000000000000000000000000000000000
1126;2019732.00000000000000000000000000000000000000000000000000
1127;2019860.00000000000000000000000000000000000000000000000000
1128;2019764.00000000000000000000000000000000000000000000000000
1129;2019956.00000000000000000000000000000000000000000000000000
1130;2019860.00000000000000000000000000000000000000000000000000
1131;2019860.00000000000000000000000000000000000000000000000000
1132;2019856.00000000000000000000000000000000000000000000000000
1133;2019860.00000000000000000000000000000000000000000000000000
1134;2019860.00000000000000000000000000000000000000000000000000
1135;2019764.00000000000000000000000000000000000000000000000000
1136;2019800.00000000000000000000000000000000000000000000000000
1137;2019764.00000000000000000000000000000000000000000000000000
1138;2019732.00000000000000000000000000000000000000000000000000
1139;2019800.00000000000000000000000000000000000000000000000000
1140;2019764.00000000000000000000000000000000000000000000000000
1141;2019860.00000000000000000000000000000000000000000000000000
1142;2019764.00000000000000000000000000000000000000000000000000
1143;2019768.00000000000000000000000000000000000000000000000000
1144;2019732.00000000000000000000000000000000000000000000000000
1145;2019764.00000000000000000000000000000000000000000000000000
1146;2019856.00000000000000000000000000000000000000000000000000
1147;2019956.00000000000000000000000000000000000000000000000000
1148;2019856.00000000000000000000000000000000000000000000000000
1149;2019856.00000000000000000000000000000000000000000000000000
1150;2019956.00000000000000000000000000000000000000000000000000
1151;2019800.00000000000000000000000000000000000000000000000000
1152;2019768.00000000000000000000000000000000000000000000000000
1153;2019732.00000000000000000000000000000000000000000000000000
1154;2019732.00000000000000000000000000000000000000000000000000
1155;2019860.00000000000000000000000000000000000000000000000000
1156;2019860.00000000000000000000000000000000000000000000000000
1157;2019768.00000000000000000000000000000000000000000000000000
1158;2019940.00000000000000000000000000000000000000000000000000
1159;2019796.00000000000000000000000000000000000000000000000000
1160;2019860.00000000000000000000000000000000000000000000000000
1161;2019860.00000000000000000000000000000000000000000000000000
1162;2019860.00000000000000000000000000000000000000000000000000
1163;2019956.00000000000000000000000000000000000000000000000000
1164;2019936.00000000000000000000000000000000000000000000000000
1165;2019764.00000000000000000000000000000000000000000000000000
1166;2019800.00000000000000000000000000000000000000000000000000
1167;2019860.00000000000000000000000000000000000000000000000000
1168;2019764.00000000000000000000000000000000000000000000000000
1169;2019764.00000000000000000000000000000000000000000000000000
1170;2019732.00000000000000000000000000000000000000000000000000
1171;2019768.00000000000000000000000000000000000000000000000000
1172;2019764.00000000000000000000000000000000000000000000000000
1173;2019860.00000000000000000000000000000000000000000000000000
1174;2019980.00000000000000000000000000000000000000000000000000
1175;2019732.00000000000000000000000000000000000000000000000000
1176;2019860.00000000000000000000000000000000000000000000000000
1177;2019764.00000000000000000000000000000000000000000000000000
1178;2019768.00000000000000000000000000000000000000000000000000
1179;2019764.00000000000000000000000000000000000000000000000000
1180;2019732.00000000000000000000000000000000000000000000000000
1181;2019860.00000000000000000000000000000000000000000000000000
1182;2021152.00000000000000000000000000000000000000000000000000
1183;2019860.00000000000000000000000000000000000000000000000000
1184;2019860.00000000000000000000000000000000000000000000000000
1185;2019860.00000000000000000000000000000000000000000000000000
1186;2021056.00000000000000000000000000000000000000000000000000
1187;2019860.00000000000000000000000000000000000000000000000000
1188;2019860.00000000000000000000000000000000000000000000000000
1189;2019768.00000000000000000000000000000000000000000000000000
1190;2019732.00000000000000000000000000000000000000000000000000
1191;2019732.00000000000000000000000000000000000000000000000000
1192;2019764.00000000000000000000000000000000000000000000000000
1193;2019844.00000000000000000000000000000000000000000000000000
1194;2019860.00000000000000000000000000000000000000000000000000
1195;2019796.00000000000000000000000000000000000000000000000000
1196;2019732.00000000000000000000000000000000000000000000000000
1197;2019768.00000000000000000000000000000000000000000000000000
1198;2019980.00000000000000000000000000000000000000000000000000
1199;2020012.00000000000000000000000000000000000000000000000000
1200;2019860.00000000000000000000000000000000000000000000000000
1201;2019732.00000000000000000000000000000000000000000000000000
1202;2019768.00000000000000000000000000000000000000000000000000
1203;2019860.00000000000000000000000000000000000000000000000000
1204;2019860.00000000000000000000000000000000000000000000000000
1205;2019860.00000000000000000000000000000000000000000000000000
1206;2019796.00000000000000000000000000000000000000000000000000
1207;2019860.00000000000000000000000000000000000000000000000000
1208;2019860.00000000000000000000000000000000000000000000000000
1209;2019764.00000000000000000000000000000000000000000000000000
1210;2019800.00000000000000000000000000000000000000000000000000
1211;2019800.00000000000000000000000000000000000000000000000000
1212;2019856.00000000000000000000000000000000000000000000000000
1213;2019856.00000000000000000000000000000000000000000000000000
1214;2019768.00000000000000000000000000000000000000000000000000
1215;2019764.00000000000000000000000000000000000000000000000000
1216;2019732.00000000000000000000000000000000000000000000000000
1217;2019764.00000000000000000000000000000000000000000000000000
1218;2019956.00000000000000000000000000000000000000000000000000
1219;2019764.00000000000000000000000000000000000000000000000000
1220;2019860.00000000000000000000000000000000000000000000000000
1221;2019764.00000000000000000000000000000000000000000000000000
1222;2019764.00000000000000000000000000000000000000000000000000
1223;2019764.00000000000000000000000000000000000000000000000000
1224;2019764.00000000000000000000000000000000000000000000000000
1225;2019940.00000000000000000000000000000000000000000000000000
1226;2020012.00000000000000000000000000000000000000000000000000
1227;2019796.00000000000000000000000000000000000000000000000000
1228;2019860.00000000000000000000000000000000000000000000000000
1229;2019764.00000000000000000000000000000000000000000000000000
1230;2019764.00000000000000000000000000000000000000000000000000
1231;2019856.00000000000000000000000000000000000000000000000000
1232;2019856.00000000000000000000000000000000000000000000000000
1233;2019800.00000000000000000000000000000000000000000000000000
1234;2019856.00000000000000000000000000000000000000000000000000
1235;2019976.00000000000000000000000000000000000000000000000000
1236;2019860.00000000000000000000000000000000000000000000000000
1237;2019860.00000000000000000000000000000000000000000000000000
1238;2019856.00000000000000000000000000000000000000000000000000
1239;2019976.00000000000000000000000000000000000000000000000000
1240;2019732.00000000000000000000000000000000000000000000000000
1241;2019732.00000000000000000000000000000000000000000000000000
1242;1526780.00000000000000000000000000000000000000000000000000
1243;1525000.00000000000000000000000000000000000000000000000000
1244;1518496.00000000000000000000000000000000000000000000000000
1245;1515024.00000000000000000000000000000000000000000000000000
1246;1515520.00000000000000000000000000000000000000000000000000
1247;1515104.00000000000000000000000000000000000000000000000000
1248;1515548.00000000000000000000000000000000000000000000000000
1249;1516512.00000000000000000000000000000000000000000000000000
1250;1518484.00000000000000000000000000000000000000000000000000
1251;1520140.00000000000000000000000000000000000000000000000000
1252;1521300.00000000000000000000000000000000000000000000000000
1253;1522532.00000000000000000000000000000000000000000000000000
1254;1523284.00000000000000000000000000000000000000000000000000
1255;1525904.00000000000000000000000000000000000000000000000000
1256;1532800.00000000000000000000000000000000000000000000000000
1257;1533872.00000000000000000000000000000000000000000000000000
1258;1536584.00000000000000000000000000000000000000000000000000
1259;1537444.00000000000000000000000000000000000000000000000000
1260;1538092.00000000000000000000000000000000000000000000000000
1261;1540172.00000000000000000000000000000000000000000000000000
1262;1542828.00000000000000000000000000000000000000000000000000
1263;1544232.00000000000000000000000000000000000000000000000000
1264;1545696.00000000000000000000000000000000000000000000000000
1265;1548332.00000000000000000000000000000000000000000000000000
1266;1549336.00000000000000000000000000000000000000000000000000
1267;1549044.00000000000000000000000000000000000000000000000000
1268;1551220.00000000000000000000000000000000000000000000000000
1269;1552564.00000000000000000000000000000000000000000000000000
1270;1553656.00000000000000000000000000000000000000000000000000
1271;1555332.00000000000000000000000000000000000000000000000000
1272;1557728.00000000000000000000000000000000000000000000000000
1273;1559432.00000000000000000000000000000000000000000000000000
1274;1559664.00000000000000000000000000000000000000000000000000
1275;1560592.00000000000000000000000000000000000000000000000000
1276;1561788.00000000000000000000000000000000000000000000000000
1277;1566640.00000000000000000000000000000000000000000000000000
1278;1568140.00000000000000000000000000000000000000000000000000
1279;1569940.00000000000000000000000000000000000000000000000000
1280;1570684.00000000000000000000000000000000000000000000000000
1281;1576900.00000000000000000000000000000000000000000000000000
1282;1577440.00000000000000000000000000000000000000000000000000
1283;1579456.00000000000000000000000000000000000000000000000000
1284;1581444.00000000000000000000000000000000000000000000000000
1285;1587656.00000000000000000000000000000000000000000000000000
1286;1588840.00000000000000000000000000000000000000000000000000
1287;1590292.00000000000000000000000000000000000000000000000000
1288;1591924.00000000000000000000000000000000000000000000000000
1289;1593868.00000000000000000000000000000000000000000000000000
1290;1593620.00000000000000000000000000000000000000000000000000
1291;1598308.00000000000000000000000000000000000000000000000000
1292;1599608.00000000000000000000000000000000000000000000000000
1293;1600948.00000000000000000000000000000000000000000000000000
1294;1603384.00000000000000000000000000000000000000000000000000
1295;1603616.00000000000000000000000000000000000000000000000000
1296;1605092.00000000000000000000000000000000000000000000000000
1297;1609612.00000000000000000000000000000000000000000000000000
1298;1609908.00000000000000000000000000000000000000000000000000
1299;1610220.00000000000000000000000000000000000000000000000000
1300;1611664.00000000000000000000000000000000000000000000000000
1301;1611740.00000000000000000000000000000000000000000000000000
1302;1612724.00000000000000000000000000000000000000000000000000
1303;1618348.00000000000000000000000000000000000000000000000000
1304;1618704.00000000000000000000000000000000000000000000000000
1305;1619108.00000000000000000000000000000000000000000000000000
1306;1619428.00000000000000000000000000000000000000000000000000
1307;1619392.00000000000000000000000000000000000000000000000000
1308;1619996.00000000000000000000000000000000000000000000000000
1309;1621616.00000000000000000000000000000000000000000000000000
1310;1623252.00000000000000000000000000000000000000000000000000
1311;1632708.00000000000000000000000000000000000000000000000000
1312;1633128.00000000000000000000000000000000000000000000000000
1313;1633424.00000000000000000000000000000000000000000000000000
1314;1633756.00000000000000000000000000000000000000000000000000
1315;1634088.00000000000000000000000000000000000000000000000000
1316;1634072.00000000000000000000000000000000000000000000000000
1317;1635664.00000000000000000000000000000000000000000000000000
1318;1636880.00000000000000000000000000000000000000000000000000
1319;1638408.00000000000000000000000000000000000000000000000000
1320;1647936.00000000000000000000000000000000000000000000000000
1321;1648724.00000000000000000000000000000000000000000000000000
1322;1648744.00000000000000000000000000000000000000000000000000
1323;1648776.00000000000000000000000000000000000000000000000000
1324;1649060.00000000000000000000000000000000000000000000000000
1325;1650256.00000000000000000000000000000000000000000000000000
1326;1651244.00000000000000000000000000000000000000000000000000
1327;1652064.00000000000000000000000000000000000000000000000000
1328;1653540.00000000000000000000000000000000000000000000000000
1329;1655104.00000000000000000000000000000000000000000000000000
1330;1667912.00000000000000000000000000000000000000000000000000
1331;1667880.00000000000000000000000000000000000000000000000000
1332;1668796.00000000000000000000000000000000000000000000000000
1333;1670272.00000000000000000000000000000000000000000000000000
1334;1671712.00000000000000000000000000000000000000000000000000
1335;1672824.00000000000000000000000000000000000000000000000000
1336;1673116.00000000000000000000000000000000000000000000000000
1337;1673000.00000000000000000000000000000000000000000000000000
1338;1673132.00000000000000000000000000000000000000000000000000
1339;1674084.00000000000000000000000000000000000000000000000000
1340;1675476.00000000000000000000000000000000000000000000000000
1341;1693808.00000000000000000000000000000000000000000000000000
1342;1695736.00000000000000000000000000000000000000000000000000
1343;1697648.00000000000000000000000000000000000000000000000000
1344;1698436.00000000000000000000000000000000000000000000000000
1345;1700320.00000000000000000000000000000000000000000000000000
1346;1702744.00000000000000000000000000000000000000000000000000
1347;1703140.00000000000000000000000000000000000000000000000000
1348;1703560.00000000000000000000000000000000000000000000000000
1349;1703660.00000000000000000000000000000000000000000000000000
1350;1704464.00000000000000000000000000000000000000000000000000
1351;1704168.00000000000000000000000000000000000000000000000000
1352;1704884.00000000000000000000000000000000000000000000000000
1353;1705200.00000000000000000000000000000000000000000000000000
1354;1726448.00000000000000000000000000000000000000000000000000
1355;1726548.00000000000000000000000000000000000000000000000000
1356;1726900.00000000000000000000000000000000000000000000000000
1357;1726832.00000000000000000000000000000000000000000000000000
1358;1727184.00000000000000000000000000000000000000000000000000
1359;1727212.00000000000000000000000000000000000000000000000000
1360;1727520.00000000000000000000000000000000000000000000000000
1361;1727340.00000000000000000000000000000000000000000000000000
1362;1727432.00000000000000000000000000000000000000000000000000
1363;1727512.00000000000000000000000000000000000000000000000000
1364;1727576.00000000000000000000000000000000000000000000000000
1365;1727804.00000000000000000000000000000000000000000000000000
1366;1727880.00000000000000000000000000000000000000000000000000
1367;1727916.00000000000000000000000000000000000000000000000000
1368;1751724.00000000000000000000000000000000000000000000000000
1369;1752096.00000000000000000000000000000000000000000000000000
1370;1752124.00000000000000000000000000000000000000000000000000
1371;1752108.00000000000000000000000000000000000000000000000000
1372;1751864.00000000000000000000000000000000000000000000000000
1373;1752040.00000000000000000000000000000000000000000000000000
1374;1751768.00000000000000000000000000000000000000000000000000
1375;1752100.00000000000000000000000000000000000000000000000000
1376;1752124.00000000000000000000000000000000000000000000000000
1377;1752212.00000000000000000000000000000000000000000000000000
1378;1752432.00000000000000000000000000000000000000000000000000
1379;1752304.00000000000000000000000000000000000000000000000000
1380;1752560.00000000000000000000000000000000000000000000000000
1381;1752888.00000000000000000000000000000000000000000000000000
1382;1752844.00000000000000000000000000000000000000000000000000
1383;1753096.00000000000000000000000000000000000000000000000000
1384;1779692.00000000000000000000000000000000000000000000000000
1385;1779492.00000000000000000000000000000000000000000000000000
1386;1779880.00000000000000000000000000000000000000000000000000
1387;1779596.00000000000000000000000000000000000000000000000000
1388;1780088.00000000000000000000000000000000000000000000000000
1389;1780280.00000000000000000000000000000000000000000000000000
1390;1780408.00000000000000000000000000000000000000000000000000
1391;1780472.00000000000000000000000000000000000000000000000000
1392;1780676.00000000000000000000000000000000000000000000000000
1393;1780604.00000000000000000000000000000000000000000000000000
1394;1780576.00000000000000000000000000000000000000000000000000
1395;1780700.00000000000000000000000000000000000000000000000000
1396;1780860.00000000000000000000000000000000000000000000000000
1397;1781092.00000000000000000000000000000000000000000000000000
1398;1781096.00000000000000000000000000000000000000000000000000
1399;1781404.00000000000000000000000000000000000000000000000000
1400;1782724.00000000000000000000000000000000000000000000000000
1401;1811920.00000000000000000000000000000000000000000000000000
1402;1812288.00000000000000000000000000000000000000000000000000
1403;1812536.00000000000000000000000000000000000000000000000000
1404;1812688.00000000000000000000000000000000000000000000000000
1405;1813092.00000000000000000000000000000000000000000000000000
1406;1813196.00000000000000000000000000000000000000000000000000
1407;1813320.00000000000000000000000000000000000000000000000000
1408;1813396.00000000000000000000000000000000000000000000000000
1409;1813384.00000000000000000000000000000000000000000000000000
1410;1813452.00000000000000000000000000000000000000000000000000
1411;1813196.00000000000000000000000000000000000000000000000000
1412;1813516.00000000000000000000000000000000000000000000000000
1413;1813800.00000000000000000000000000000000000000000000000000
1414;1813728.00000000000000000000000000000000000000000000000000
1415;1813916.00000000000000000000000000000000000000000000000000
1416;1813720.00000000000000000000000000000000000000000000000000
1417;1814540.00000000000000000000000000000000000000000000000000
1418;1816368.00000000000000000000000000000000000000000000000000
1419;1818672.00000000000000000000000000000000000000000000000000
1420;1817728.00000000000000000000000000000000000000000000000000
1421;1819716.00000000000000000000000000000000000000000000000000
1422;1821428.00000000000000000000000000000000000000000000000000
1423;1824020.00000000000000000000000000000000000000000000000000
1424;1825572.00000000000000000000000000000000000000000000000000
1425;1827440.00000000000000000000000000000000000000000000000000
1426;1828120.00000000000000000000000000000000000000000000000000
1427;1829976.00000000000000000000000000000000000000000000000000
1428;1832412.00000000000000000000000000000000000000000000000000
1429;1834052.00000000000000000000000000000000000000000000000000
1430;1835336.00000000000000000000000000000000000000000000000000
1431;1838208.00000000000000000000000000000000000000000000000000
1432;1841572.00000000000000000000000000000000000000000000000000
1433;1845336.00000000000000000000000000000000000000000000000000
1434;1847728.00000000000000000000000000000000000000000000000000
1435;1851424.00000000000000000000000000000000000000000000000000
1436;1854424.00000000000000000000000000000000000000000000000000
1437;1857816.00000000000000000000000000000000000000000000000000
1438;1861412.00000000000000000000000000000000000000000000000000
1439;1864804.00000000000000000000000000000000000000000000000000
1440;1867056.00000000000000000000000000000000000000000000000000
1441;1871512.00000000000000000000000000000000000000000000000000
1442;1874988.00000000000000000000000000000000000000000000000000
1443;1878716.00000000000000000000000000000000000000000000000000
1444;1882060.00000000000000000000000000000000000000000000000000
1445;1885544.00000000000000000000000000000000000000000000000000
1446;1888556.00000000000000000000000000000000000000000000000000
1447;1891608.00000000000000000000000000000000000000000000000000
1448;1895260.00000000000000000000000000000000000000000000000000
1449;1899100.00000000000000000000000000000000000000000000000000
1450;1902280.00000000000000000000000000000000000000000000000000
1451;1905376.00000000000000000000000000000000000000000000000000
1452;1909192.00000000000000000000000000000000000000000000000000
1453;1912108.00000000000000000000000000000000000000000000000000
1454;1915240.00000000000000000000000000000000000000000000000000
1455;1917420.00000000000000000000000000000000000000000000000000
1456;1921600.00000000000000000000000000000000000000000000000000
1457;1924632.00000000000000000000000000000000000000000000000000
1458;1928196.00000000000000000000000000000000000000000000000000
1459;1931692.00000000000000000000000000000000000000000000000000
1460;1933484.00000000000000000000000000000000000000000000000000
1461;1936624.00000000000000000000000000000000000000000000000000
1462;1939928.00000000000000000000000000000000000000000000000000
1463;1942464.00000000000000000000000000000000000000000000000000
1464;1945896.00000000000000000000000000000000000000000000000000
1465;1947288.00000000000000000000000000000000000000000000000000
1466;1951512.00000000000000000000000000000000000000000000000000
1467;1955516.00000000000000000000000000000000000000000000000000
1468;1958204.00000000000000000000000000000000000000000000000000
1469;1961476.00000000000000000000000000000000000000000000000000
1470;1964236.00000000000000000000000000000000000000000000000000
1471;1967392.00000000000000000000000000000000000000000000000000
1472;1971284.00000000000000000000000000000000000000000000000000
1473;1973220.00000000000000000000000000000000000000000000000000
1474;1976664.00000000000000000000000000000000000000000000000000
1475;1979576.00000000000000000000000000000000000000000000000000
1476;1982376.00000000000000000000000000000000000000000000000000
1477;1985792.00000000000000000000000000000000000000000000000000
1478;1990148.00000000000000000000000000000000000000000000000000
1479;1992280.00000000000000000000000000000000000000000000000000
1480;1996068.00000000000000000000000000000000000000000000000000
1481;1998460.00000000000000000000000000000000000000000000000000
1482;2001492.00000000000000000000000000000000000000000000000000
1483;2004896.00000000000000000000000000000000000000000000000000
1484;2008096.00000000000000000000000000000000000000000000000000
1485;2010920.00000000000000000000000000000000000000000000000000
1486;2013652.00000000000000000000000000000000000000000000000000
1487;2015200.00000000000000000000000000000000000000000000000000
1488;2018948.00000000000000000000000000000000000000000000000000
1489;2022644.00000000000000000000000000000000000000000000000000
1490;2024496.00000000000000000000000000000000000000000000000000
1491;2027324.00000000000000000000000000000000000000000000000000
1492;2030188.00000000000000000000000000000000000000000000000000
1493;2038460.00000000000000000000000000000000000000000000000000
1494;2038460.00000000000000000000000000000000000000000000000000
1495;2038460.00000000000000000000000000000000000000000000000000
1496;2038460.00000000000000000000000000000000000000000000000000
1497;2038460.00000000000000000000000000000000000000000000000000
1498;2038460.00000000000000000000000000000000000000000000000000
1499;2039628.00000000000000000000000000000000000000000000000000
1500;2038172.00000000000000000000000000000000000000000000000000
1501;2038140.00000000000000000000000000000000000000000000000000
1502;2038172.00000000000000000000000000000000000000000000000000
1503;2038176.00000000000000000000000000000000000000000000000000
1504;2038208.00000000000000000000000000000000000000000000000000
1505;2038264.00000000000000000000000000000000000000000000000000
1506;2038172.00000000000000000000000000000000000000000000000000
1507;2038208.00000000000000000000000000000000000000000000000000
1508;2038268.00000000000000000000000000000000000000000000000000
1509;2038172.00000000000000000000000000000000000000000000000000
1510;2038208.00000000000000000000000000000000000000000000000000
1511;2038176.00000000000000000000000000000000000000000000000000
1512;2038176.00000000000000000000000000000000000000000000000000
1513;2038140.00000000000000000000000000000000000000000000000000
1514;2038208.00000000000000000000000000000000000000000000000000
1515;2038176.00000000000000000000000000000000000000000000000000
1516;2038268.00000000000000000000000000000000000000000000000000
1517;2038140.00000000000000000000000000000000000000000000000000
1518;2038172.00000000000000000000000000000000000000000000000000
1519;2038264.00000000000000000000000000000000000000000000000000
1520;2038268.00000000000000000000000000000000000000000000000000
1521;2038384.00000000000000000000000000000000000000000000000000
1522;2038176.00000000000000000000000000000000000000000000000000
1523;2038268.00000000000000000000000000000000000000000000000000
1524;2038172.00000000000000000000000000000000000000000000000000
1525;2038264.00000000000000000000000000000000000000000000000000
1526;2038140.00000000000000000000000000000000000000000000000000
1527;2038172.00000000000000000000000000000000000000000000000000
1528;2038264.00000000000000000000000000000000000000000000000000
1529;2038268.00000000000000000000000000000000000000000000000000
1530;2038176.00000000000000000000000000000000000000000000000000
1531;2038364.00000000000000000000000000000000000000000000000000
1532;2038264.00000000000000000000000000000000000000000000000000
1533;2038208.00000000000000000000000000000000000000000000000000
1534;2038208.00000000000000000000000000000000000000000000000000
1535;2038176.00000000000000000000000000000000000000000000000000
1536;2038172.00000000000000000000000000000000000000000000000000
1537;2038264.00000000000000000000000000000000000000000000000000
1538;2038208.00000000000000000000000000000000000000000000000000
1539;2038208.00000000000000000000000000000000000000000000000000
1540;2038208.00000000000000000000000000000000000000000000000000
1541;2038292.00000000000000000000000000000000000000000000000000
1542;2038264.00000000000000000000000000000000000000000000000000
1543;2038176.00000000000000000000000000000000000000000000000000
1544;2038388.00000000000000000000000000000000000000000000000000
1545;2038264.00000000000000000000000000000000000000000000000000
1546;2038140.00000000000000000000000000000000000000000000000000
1547;2038264.00000000000000000000000000000000000000000000000000
1548;2038372.00000000000000000000000000000000000000000000000000
1549;2038268.00000000000000000000000000000000000000000000000000
1550;2038268.00000000000000000000000000000000000000000000000000
1551;2038140.00000000000000000000000000000000000000000000000000
1552;2038140.00000000000000000000000000000000000000000000000000
1553;2038292.00000000000000000000000000000000000000000000000000
1554;2038412.00000000000000000000000000000000000000000000000000
1555;2038268.00000000000000000000000000000000000000000000000000
1556;2038140.00000000000000000000000000000000000000000000000000
1557;2040396.00000000000000000000000000000000000000000000000000
1558;2040480.00000000000000000000000000000000000000000000000000
1559;2040560.00000000000000000000000000000000000000000000000000
1560;2039328.00000000000000000000000000000000000000000000000000
1561;2039328.00000000000000000000000000000000000000000000000000
1562;2039328.00000000000000000000000000000000000000000000000000
1563;2039328.00000000000000000000000000000000000000000000000000
1564;2039268.00000000000000000000000000000000000000000000000000
1565;2039324.00000000000000000000000000000000000000000000000000
1566;2039324.00000000000000000000000000000000000000000000000000
1567;2039328.00000000000000000000000000000000000000000000000000
1568;2039268.00000000000000000000000000000000000000000000000000
1569;2039268.00000000000000000000000000000000000000000000000000
1570;2039236.00000000000000000000000000000000000000000000000000
1571;2039232.00000000000000000000000000000000000000000000000000
1572;2039324.00000000000000000000000000000000000000000000000000
1573;2039268.00000000000000000000000000000000000000000000000000
1574;2039232.00000000000000000000000000000000000000000000000000
1575;2039324.00000000000000000000000000000000000000000000000000
1576;2039200.00000000000000000000000000000000000000000000000000
1577;2039424.00000000000000000000000000000000000000000000000000
1578;2039480.00000000000000000000000000000000000000000000000000
1579;2039328.00000000000000000000000000000000000000000000000000
1580;2039232.00000000000000000000000000000000000000000000000000
1581;2039268.00000000000000000000000000000000000000000000000000
1582;2039200.00000000000000000000000000000000000000000000000000
1583;2039324.00000000000000000000000000000000000000000000000000
1584;2039200.00000000000000000000000000000000000000000000000000
1585;2039444.00000000000000000000000000000000000000000000000000
1586;2039268.00000000000000000000000000000000000000000000000000
1587;2039232.00000000000000000000000000000000000000000000000000
1588;2039472.00000000000000000000000000000000000000000000000000
1589;2039328.00000000000000000000000000000000000000000000000000
1590;2039232.00000000000000000000000000000000000000000000000000
1591;2039268.00000000000000000000000000000000000000000000000000
1592;2039200.00000000000000000000000000000000000000000000000000
1593;2039424.00000000000000000000000000000000000000000000000000
1594;2039200.00000000000000000000000000000000000000000000000000
1595;2039232.00000000000000000000000000000000000000000000000000
1596;2039324.00000000000000000000000000000000000000000000000000
1597;2039324.00000000000000000000000000000000000000000000000000
1598;2039200.00000000000000000000000000000000000000000000000000
1599;2039232.00000000000000000000000000000000000000000000000000
1600;2039472.00000000000000000000000000000000000000000000000000
1601;2039328.00000000000000000000000000000000000000000000000000
1602;2039324.00000000000000000000000000000000000000000000000000
1603;2039424.00000000000000000000000000000000000000000000000000
1604;2039324.00000000000000000000000000000000000000000000000000
1605;2039200.00000000000000000000000000000000000000000000000000
1606;2039324.00000000000000000000000000000000000000000000000000
1607;2039184.00000000000000000000000000000000000000000000000000
1608;2039200.00000000000000000000000000000000000000000000000000
1609;2039404.00000000000000000000000000000000000000000000000000
1610;2039236.00000000000000000000000000000000000000000000000000
1611;2039268.00000000000000000000000000000000000000000000000000
1612;2039268.00000000000000000000000000000000000000000000000000
1613;2039424.00000000000000000000000000000000000000000000000000
1614;2039328.00000000000000000000000000000000000000000000000000
1615;2039232.00000000000000000000000000000000000000000000000000
1616;2039200.00000000000000000000000000000000000000000000000000
1617;2039268.00000000000000000000000000000000000000000000000000
1618;2039200.00000000000000000000000000000000000000000000000000
1619;2039324.00000000000000000000000000000000000000000000000000
1620;2039324.00000000000000000000000000000000000000000000000000
1621;2040572.00000000000000000000000000000000000000000000000000
1622;2039328.00000000000000000000000000000000000000000000000000
1623;2039328.00000000000000000000000000000000000000000000000000
1624;2039328.00000000000000000000000000000000000000000000000000
1625;2039328.00000000000000000000000000000000000000000000000000
1626;2039328.00000000000000000000000000000000000000000000000000
1627;2039328.00000000000000000000000000000000000000000000000000
1628;2039324.00000000000000000000000000000000000000000000000000
1629;2039200.00000000000000000000000000000000000000000000000000
1630;2039200.00000000000000000000000000000000000000000000000000
1631;2039472.00000000000000000000000000000000000000000000000000
1632;2039200.00000000000000000000000000000000000000000000000000
1633;2039424.00000000000000000000000000000000000000000000000000
1634;2039232.00000000000000000000000000000000000000000000000000
1635;2039268.00000000000000000000000000000000000000000000000000
1636;2039324.00000000000000000000000000000000000000000000000000
1637;2039200.00000000000000000000000000000000000000000000000000
1638;2039200.00000000000000000000000000000000000000000000000000
1639;2039324.00000000000000000000000000000000000000000000000000
1640;2039232.00000000000000000000000000000000000000000000000000
1641;2039324.00000000000000000000000000000000000000000000000000
1642;2039324.00000000000000000000000000000000000000000000000000
1643;2039200.00000000000000000000000000000000000000000000000000
1644;2039324.00000000000000000000000000000000000000000000000000
1645;2039200.00000000000000000000000000000000000000000000000000
1646;2039328.00000000000000000000000000000000000000000000000000
1647;2039324.00000000000000000000000000000000000000000000000000
1648;2039268.00000000000000000000000000000000000000000000000000
1649;2039236.00000000000000000000000000000000000000000000000000
1650;2039200.00000000000000000000000000000000000000000000000000
1651;2039268.00000000000000000000000000000000000000000000000000
1652;2039236.00000000000000000000000000000000000000000000000000
1653;2039232.00000000000000000000000000000000000000000000000000
1654;2039232.00000000000000000000000000000000000000000000000000
1655;2039268.00000000000000000000000000000000000000000000000000
1656;2039328.00000000000000000000000000000000000000000000000000
1657;2039480.00000000000000000000000000000000000000000000000000
1658;2039480.00000000000000000000000000000000000000000000000000
1659;2039200.00000000000000000000000000000000000000000000000000
1660;2039236.00000000000000000000000000000000000000000000000000
1661;2039324.00000000000000000000000000000000000000000000000000
1662;2039232.00000000000000000000000000000000000000000000000000
1663;2039552.00000000000000000000000000000000000000000000000000
1664;2039328.00000000000000000000000000000000000000000000000000
1665;2039328.00000000000000000000000000000000000000000000000000
1666;2039184.00000000000000000000000000000000000000000000000000
1667;2039196.00000000000000000000000000000000000000000000000000
1668;2039420.00000000000000000000000000000000000000000000000000
1669;2039232.00000000000000000000000000000000000000000000000000
1670;2039232.00000000000000000000000000000000000000000000000000
1671;2039420.00000000000000000000000000000000000000000000000000
1672;2039420.00000000000000000000000000000000000000000000000000
1673;2039420.00000000000000000000000000000000000000000000000000
1674;2039228.00000000000000000000000000000000000000000000000000
1675;2039320.00000000000000000000000000000000000000000000000000
1676;2039420.00000000000000000000000000000000000000000000000000
1677;2039196.00000000000000000000000000000000000000000000000000
1678;2039232.00000000000000000000000000000000000000000000000000
1679;2039196.00000000000000000000000000000000000000000000000000
1680;2039196.00000000000000000000000000000000000000000000000000
1681;2039420.00000000000000000000000000000000000000000000000000
1682;2039228.00000000000000000000000000000000000000000000000000
1683;2039228.00000000000000000000000000000000000000000000000000
1684;1553932.00000000000000000000000000000000000000000000000000
1685;1548884.00000000000000000000000000000000000000000000000000
1686;1546404.00000000000000000000000000000000000000000000000000
1687;1545196.00000000000000000000000000000000000000000000000000
1688;1543368.00000000000000000000000000000000000000000000000000
1689;1544668.00000000000000000000000000000000000000000000000000
1690;1534324.00000000000000000000000000000000000000000000000000
1691;1535636.00000000000000000000000000000000000000000000000000
1692;1537500.00000000000000000000000000000000000000000000000000
1693;1539316.00000000000000000000000000000000000000000000000000
1694;1540868.00000000000000000000000000000000000000000000000000
1695;1543040.00000000000000000000000000000000000000000000000000
1696;1546416.00000000000000000000000000000000000000000000000000
1697;1548272.00000000000000000000000000000000000000000000000000
1698;1549656.00000000000000000000000000000000000000000000000000
1699;1550096.00000000000000000000000000000000000000000000000000
1700;1551204.00000000000000000000000000000000000000000000000000
1701;1554528.00000000000000000000000000000000000000000000000000
1702;1555880.00000000000000000000000000000000000000000000000000
1703;1557284.00000000000000000000000000000000000000000000000000
1704;1559488.00000000000000000000000000000000000000000000000000
1705;1560688.00000000000000000000000000000000000000000000000000
1706;1562436.00000000000000000000000000000000000000000000000000
1707;1565868.00000000000000000000000000000000000000000000000000
1708;1566488.00000000000000000000000000000000000000000000000000
1709;1568508.00000000000000000000000000000000000000000000000000
1710;1571044.00000000000000000000000000000000000000000000000000
1711;1571820.00000000000000000000000000000000000000000000000000
1712;1573260.00000000000000000000000000000000000000000000000000
1713;1574740.00000000000000000000000000000000000000000000000000
1714;1579284.00000000000000000000000000000000000000000000000000
1715;1579964.00000000000000000000000000000000000000000000000000
1716;1581684.00000000000000000000000000000000000000000000000000
1717;1583176.00000000000000000000000000000000000000000000000000
1718;1587032.00000000000000000000000000000000000000000000000000
1719;1589336.00000000000000000000000000000000000000000000000000
1720;1589908.00000000000000000000000000000000000000000000000000
1721;1591556.00000000000000000000000000000000000000000000000000
1722;1592292.00000000000000000000000000000000000000000000000000
1723;1598664.00000000000000000000000000000000000000000000000000
1724;1599912.00000000000000000000000000000000000000000000000000
1725;1601944.00000000000000000000000000000000000000000000000000
1726;1603764.00000000000000000000000000000000000000000000000000
1727;1604800.00000000000000000000000000000000000000000000000000
1728;1610076.00000000000000000000000000000000000000000000000000
1729;1611556.00000000000000000000000000000000000000000000000000
1730;1612928.00000000000000000000000000000000000000000000000000
1731;1613184.00000000000000000000000000000000000000000000000000
1732;1615548.00000000000000000000000000000000000000000000000000
1733;1616880.00000000000000000000000000000000000000000000000000
1734;1625432.00000000000000000000000000000000000000000000000000
1735;1625956.00000000000000000000000000000000000000000000000000
1736;1626732.00000000000000000000000000000000000000000000000000
1737;1628696.00000000000000000000000000000000000000000000000000
1738;1630344.00000000000000000000000000000000000000000000000000
1739;1631728.00000000000000000000000000000000000000000000000000
1740;1636764.00000000000000000000000000000000000000000000000000
1741;1636692.00000000000000000000000000000000000000000000000000
1742;1637016.00000000000000000000000000000000000000000000000000
1743;1638456.00000000000000000000000000000000000000000000000000
1744;1638952.00000000000000000000000000000000000000000000000000
1745;1641676.00000000000000000000000000000000000000000000000000
1746;1642608.00000000000000000000000000000000000000000000000000
1747;1643492.00000000000000000000000000000000000000000000000000
1748;1651280.00000000000000000000000000000000000000000000000000
1749;1652176.00000000000000000000000000000000000000000000000000
1750;1651956.00000000000000000000000000000000000000000000000000
1751;1652200.00000000000000000000000000000000000000000000000000
1752;1652476.00000000000000000000000000000000000000000000000000
1753;1653784.00000000000000000000000000000000000000000000000000
1754;1655168.00000000000000000000000000000000000000000000000000
1755;1666076.00000000000000000000000000000000000000000000000000
1756;1668288.00000000000000000000000000000000000000000000000000
1757;1669356.00000000000000000000000000000000000000000000000000
1758;1670548.00000000000000000000000000000000000000000000000000
1759;1670852.00000000000000000000000000000000000000000000000000
1760;1672496.00000000000000000000000000000000000000000000000000
1761;1673500.00000000000000000000000000000000000000000000000000
1762;1673748.00000000000000000000000000000000000000000000000000
1763;1673996.00000000000000000000000000000000000000000000000000
1764;1689040.00000000000000000000000000000000000000000000000000
1765;1690444.00000000000000000000000000000000000000000000000000
1766;1691712.00000000000000000000000000000000000000000000000000
1767;1693044.00000000000000000000000000000000000000000000000000
1768;1693100.00000000000000000000000000000000000000000000000000
1769;1694392.00000000000000000000000000000000000000000000000000
1770;1695988.00000000000000000000000000000000000000000000000000
1771;1697300.00000000000000000000000000000000000000000000000000
1772;1698044.00000000000000000000000000000000000000000000000000
1773;1699020.00000000000000000000000000000000000000000000000000
1774;1699624.00000000000000000000000000000000000000000000000000
1775;1716164.00000000000000000000000000000000000000000000000000
1776;1718080.00000000000000000000000000000000000000000000000000
1777;1719640.00000000000000000000000000000000000000000000000000
1778;1721092.00000000000000000000000000000000000000000000000000
1779;1722912.00000000000000000000000000000000000000000000000000
1780;1724576.00000000000000000000000000000000000000000000000000
1781;1724820.00000000000000000000000000000000000000000000000000
1782;1724668.00000000000000000000000000000000000000000000000000
1783;1725132.00000000000000000000000000000000000000000000000000
1784;1725408.00000000000000000000000000000000000000000000000000
1785;1725548.00000000000000000000000000000000000000000000000000
1786;1725844.00000000000000000000000000000000000000000000000000
1787;1742832.00000000000000000000000000000000000000000000000000
1788;1744296.00000000000000000000000000000000000000000000000000
1789;1745800.00000000000000000000000000000000000000000000000000
1790;1747472.00000000000000000000000000000000000000000000000000
1791;1749096.00000000000000000000000000000000000000000000000000
1792;1750188.00000000000000000000000000000000000000000000000000
1793;1750588.00000000000000000000000000000000000000000000000000
1794;1751132.00000000000000000000000000000000000000000000000000
1795;1751264.00000000000000000000000000000000000000000000000000
1796;1751636.00000000000000000000000000000000000000000000000000
1797;1751796.00000000000000000000000000000000000000000000000000
1798;1752036.00000000000000000000000000000000000000000000000000
1799;1752412.00000000000000000000000000000000000000000000000000
1800;1752236.00000000000000000000000000000000000000000000000000
1801;1774136.00000000000000000000000000000000000000000000000000
1802;1774328.00000000000000000000000000000000000000000000000000
1803;1774492.00000000000000000000000000000000000000000000000000
1804;1774400.00000000000000000000000000000000000000000000000000
1805;1774452.00000000000000000000000000000000000000000000000000
1806;1774480.00000000000000000000000000000000000000000000000000
1807;1774568.00000000000000000000000000000000000000000000000000
1808;1774696.00000000000000000000000000000000000000000000000000
1809;1774880.00000000000000000000000000000000000000000000000000
1810;1774984.00000000000000000000000000000000000000000000000000
1811;1774664.00000000000000000000000000000000000000000000000000
1812;1775308.00000000000000000000000000000000000000000000000000
1813;1775452.00000000000000000000000000000000000000000000000000
1814;1775432.00000000000000000000000000000000000000000000000000
1815;1775048.00000000000000000000000000000000000000000000000000
1816;1775712.00000000000000000000000000000000000000000000000000
1817;1800352.00000000000000000000000000000000000000000000000000
1818;1800528.00000000000000000000000000000000000000000000000000
1819;1799468.00000000000000000000000000000000000000000000000000
1820;1799860.00000000000000000000000000000000000000000000000000
1821;1800316.00000000000000000000000000000000000000000000000000
1822;1800448.00000000000000000000000000000000000000000000000000
1823;1800544.00000000000000000000000000000000000000000000000000
1824;1800604.00000000000000000000000000000000000000000000000000
1825;1800656.00000000000000000000000000000000000000000000000000
1826;1800892.00000000000000000000000000000000000000000000000000
1827;1801048.00000000000000000000000000000000000000000000000000
1828;1801108.00000000000000000000000000000000000000000000000000
1829;1801116.00000000000000000000000000000000000000000000000000
1830;1801208.00000000000000000000000000000000000000000000000000
1831;1801484.00000000000000000000000000000000000000000000000000
1832;1801672.00000000000000000000000000000000000000000000000000
1833;1801732.00000000000000000000000000000000000000000000000000
1834;1830012.00000000000000000000000000000000000000000000000000
1835;1830200.00000000000000000000000000000000000000000000000000
1836;1830236.00000000000000000000000000000000000000000000000000
1837;1830416.00000000000000000000000000000000000000000000000000
1838;1830792.00000000000000000000000000000000000000000000000000
1839;1830712.00000000000000000000000000000000000000000000000000
1840;1830792.00000000000000000000000000000000000000000000000000
1841;1830892.00000000000000000000000000000000000000000000000000
1842;1830984.00000000000000000000000000000000000000000000000000
1843;1830940.00000000000000000000000000000000000000000000000000
1844;1831224.00000000000000000000000000000000000000000000000000
1845;1831468.00000000000000000000000000000000000000000000000000
1846;1831252.00000000000000000000000000000000000000000000000000
1847;1831584.00000000000000000000000000000000000000000000000000
1848;1831828.00000000000000000000000000000000000000000000000000
1849;1831564.00000000000000000000000000000000000000000000000000
1850;1831752.00000000000000000000000000000000000000000000000000
1851;1832152.00000000000000000000000000000000000000000000000000
1852;1832488.00000000000000000000000000000000000000000000000000
1853;1832488.00000000000000000000000000000000000000000000000000
1854;1864264.00000000000000000000000000000000000000000000000000
1855;1864204.00000000000000000000000000000000000000000000000000
1856;1864196.00000000000000000000000000000000000000000000000000
1857;1864716.00000000000000000000000000000000000000000000000000
1858;1864872.00000000000000000000000000000000000000000000000000
1859;1864752.00000000000000000000000000000000000000000000000000
1860;1865124.00000000000000000000000000000000000000000000000000
1861;1865076.00000000000000000000000000000000000000000000000000
1862;1865168.00000000000000000000000000000000000000000000000000
1863;1865620.00000000000000000000000000000000000000000000000000
1864;1865516.00000000000000000000000000000000000000000000000000
1865;1865308.00000000000000000000000000000000000000000000000000
1866;1865716.00000000000000000000000000000000000000000000000000
1867;1865784.00000000000000000000000000000000000000000000000000
1868;1865912.00000000000000000000000000000000000000000000000000
1869;1866048.00000000000000000000000000000000000000000000000000
1870;1866084.00000000000000000000000000000000000000000000000000
1871;1866536.00000000000000000000000000000000000000000000000000
1872;1866636.00000000000000000000000000000000000000000000000000
1873;1866464.00000000000000000000000000000000000000000000000000
1874;1867004.00000000000000000000000000000000000000000000000000
1875;1850700.00000000000000000000000000000000000000000000000000
1876;1852000.00000000000000000000000000000000000000000000000000
1877;1854448.00000000000000000000000000000000000000000000000000
1878;1856384.00000000000000000000000000000000000000000000000000
1879;1857616.00000000000000000000000000000000000000000000000000
1880;1859680.00000000000000000000000000000000000000000000000000
1881;1861280.00000000000000000000000000000000000000000000000000
1882;1863844.00000000000000000000000000000000000000000000000000
1883;1868036.00000000000000000000000000000000000000000000000000
1884;1871416.00000000000000000000000000000000000000000000000000
1885;1873632.00000000000000000000000000000000000000000000000000
1886;1876304.00000000000000000000000000000000000000000000000000
1887;1881020.00000000000000000000000000000000000000000000000000
1888;1882692.00000000000000000000000000000000000000000000000000
1889;1885844.00000000000000000000000000000000000000000000000000
1890;1889556.00000000000000000000000000000000000000000000000000
1891;1891968.00000000000000000000000000000000000000000000000000
1892;1894644.00000000000000000000000000000000000000000000000000
1893;1898756.00000000000000000000000000000000000000000000000000
1894;1901372.00000000000000000000000000000000000000000000000000
1895;1904224.00000000000000000000000000000000000000000000000000
1896;1908072.00000000000000000000000000000000000000000000000000
1897;1910856.00000000000000000000000000000000000000000000000000
1898;1913772.00000000000000000000000000000000000000000000000000
1899;1917168.00000000000000000000000000000000000000000000000000
1900;1921488.00000000000000000000000000000000000000000000000000
1901;1923972.00000000000000000000000000000000000000000000000000
1902;1927824.00000000000000000000000000000000000000000000000000
1903;1931188.00000000000000000000000000000000000000000000000000
1904;1934280.00000000000000000000000000000000000000000000000000
1905;1936988.00000000000000000000000000000000000000000000000000
1906;1939368.00000000000000000000000000000000000000000000000000
1907;1942664.00000000000000000000000000000000000000000000000000
1908;1946780.00000000000000000000000000000000000000000000000000
1909;1949780.00000000000000000000000000000000000000000000000000
1910;1952352.00000000000000000000000000000000000000000000000000
1911;1954548.00000000000000000000000000000000000000000000000000
1912;1958240.00000000000000000000000000000000000000000000000000
1913;1962100.00000000000000000000000000000000000000000000000000
1914;1964500.00000000000000000000000000000000000000000000000000
1915;1968068.00000000000000000000000000000000000000000000000000
1916;1970532.00000000000000000000000000000000000000000000000000
1917;1973800.00000000000000000000000000000000000000000000000000
1918;1975856.00000000000000000000000000000000000000000000000000
1919;1978196.00000000000000000000000000000000000000000000000000
1920;1981836.00000000000000000000000000000000000000000000000000
1921;1984888.00000000000000000000000000000000000000000000000000
1922;1987196.00000000000000000000000000000000000000000000000000
1923;1990196.00000000000000000000000000000000000000000000000000
1924;1992528.00000000000000000000000000000000000000000000000000
1925;1994808.00000000000000000000000000000000000000000000000000
1926;1998128.00000000000000000000000000000000000000000000000000
1927;2000476.00000000000000000000000000000000000000000000000000
1928;2003496.00000000000000000000000000000000000000000000000000
1929;2009644.00000000000000000000000000000000000000000000000000
1930;2011928.00000000000000000000000000000000000000000000000000
1931;2014272.00000000000000000000000000000000000000000000000000
1932;2017704.00000000000000000000000000000000000000000000000000
1933;2020132.00000000000000000000000000000000000000000000000000
1934;2023664.00000000000000000000000000000000000000000000000000
1935;2026448.00000000000000000000000000000000000000000000000000
1936;2029340.00000000000000000000000000000000000000000000000000
1937;2032852.00000000000000000000000000000000000000000000000000
1938;2040492.00000000000000000000000000000000000000000000000000
1939;2040492.00000000000000000000000000000000000000000000000000
1940;2040504.00000000000000000000000000000000000000000000000000
1941;2040504.00000000000000000000000000000000000000000000000000
1942;2041596.00000000000000000000000000000000000000000000000000
1943;2040504.00000000000000000000000000000000000000000000000000
1944;2040504.00000000000000000000000000000000000000000000000000
1945;2040292.00000000000000000000000000000000000000000000000000
1946;2040200.00000000000000000000000000000000000000000000000000
1947;2040292.00000000000000000000000000000000000000000000000000
1948;2040292.00000000000000000000000000000000000000000000000000
1949;2040196.00000000000000000000000000000000000000000000000000
1950;2040232.00000000000000000000000000000000000000000000000000
1951;2040292.00000000000000000000000000000000000000000000000000
1952;2040368.00000000000000000000000000000000000000000000000000
1953;2040196.00000000000000000000000000000000000000000000000000
1954;2040228.00000000000000000000000000000000000000000000000000
1955;2040388.00000000000000000000000000000000000000000000000000
1956;2040164.00000000000000000000000000000000000000000000000000
1957;2040228.00000000000000000000000000000000000000000000000000
1958;2040200.00000000000000000000000000000000000000000000000000
1959;2040164.00000000000000000000000000000000000000000000000000
1960;2040424.00000000000000000000000000000000000000000000000000
1961;2040200.00000000000000000000000000000000000000000000000000
1962;2040164.00000000000000000000000000000000000000000000000000
1963;2040292.00000000000000000000000000000000000000000000000000
1964;2040200.00000000000000000000000000000000000000000000000000
1965;2040288.00000000000000000000000000000000000000000000000000
1966;2040196.00000000000000000000000000000000000000000000000000
1967;2040228.00000000000000000000000000000000000000000000000000
1968;2040288.00000000000000000000000000000000000000000000000000
1969;2040164.00000000000000000000000000000000000000000000000000
1970;2040164.00000000000000000000000000000000000000000000000000
1971;2040292.00000000000000000000000000000000000000000000000000
1972;2040292.00000000000000000000000000000000000000000000000000
1973;2040292.00000000000000000000000000000000000000000000000000
1974;2040164.00000000000000000000000000000000000000000000000000
1975;2040196.00000000000000000000000000000000000000000000000000
1976;2040292.00000000000000000000000000000000000000000000000000
1977;2040316.00000000000000000000000000000000000000000000000000
1978;2040164.00000000000000000000000000000000000000000000000000
1979;2040292.00000000000000000000000000000000000000000000000000
1980;2040288.00000000000000000000000000000000000000000000000000
1981;2040388.00000000000000000000000000000000000000000000000000
1982;2040164.00000000000000000000000000000000000000000000000000
1983;2040388.00000000000000000000000000000000000000000000000000
1984;2040196.00000000000000000000000000000000000000000000000000
1985;2040200.00000000000000000000000000000000000000000000000000
1986;2040288.00000000000000000000000000000000000000000000000000
1987;2040288.00000000000000000000000000000000000000000000000000
1988;2040164.00000000000000000000000000000000000000000000000000
1989;2040196.00000000000000000000000000000000000000000000000000
1990;2040292.00000000000000000000000000000000000000000000000000
1991;2040196.00000000000000000000000000000000000000000000000000
1992;2040288.00000000000000000000000000000000000000000000000000
1993;2040196.00000000000000000000000000000000000000000000000000
1994;2040292.00000000000000000000000000000000000000000000000000
1995;2040292.00000000000000000000000000000000000000000000000000
1996;2040164.00000000000000000000000000000000000000000000000000
1997;2040288.00000000000000000000000000000000000000000000000000
1998;2040292.00000000000000000000000000000000000000000000000000
1999;2040292.00000000000000000000000000000000000000000000000000
2000;2040196.00000000000000000000000000000000000000000000000000
2001;2040232.00000000000000000000000000000000000000000000000000
2002;2040200.00000000000000000000000000000000000000000000000000
2003;2040432.00000000000000000000000000000000000000000000000000
2004;2042224.00000000000000000000000000000000000000000000000000
2005;2042224.00000000000000000000000000000000000000000000000000
2006;2042224.00000000000000000000000000000000000000000000000000
2007;2042224.00000000000000000000000000000000000000000000000000
2008;2042224.00000000000000000000000000000000000000000000000000
2009;2042224.00000000000000000000000000000000000000000000000000
2010;2042224.00000000000000000000000000000000000000000000000000
2011;2042132.00000000000000000000000000000000000000000000000000
2012;2042224.00000000000000000000000000000000000000000000000000
2013;2042096.00000000000000000000000000000000000000000000000000
2014;2042128.00000000000000000000000000000000000000000000000000
2015;2042096.00000000000000000000000000000000000000000000000000
2016;2042376.00000000000000000000000000000000000000000000000000
2017;2042220.00000000000000000000000000000000000000000000000000
2018;2042224.00000000000000000000000000000000000000000000000000
2019;2042164.00000000000000000000000000000000000000000000000000
2020;2042128.00000000000000000000000000000000000000000000000000
2021;2042224.00000000000000000000000000000000000000000000000000
2022;2042128.00000000000000000000000000000000000000000000000000
2023;2042096.00000000000000000000000000000000000000000000000000
2024;2042320.00000000000000000000000000000000000000000000000000
2025;2042160.00000000000000000000000000000000000000000000000000
2026;2042376.00000000000000000000000000000000000000000000000000
2027;2042128.00000000000000000000000000000000000000000000000000
2028;2042160.00000000000000000000000000000000000000000000000000
2029;2042096.00000000000000000000000000000000000000000000000000
2030;2042320.00000000000000000000000000000000000000000000000000
2031;2042224.00000000000000000000000000000000000000000000000000
2032;2042128.00000000000000000000000000000000000000000000000000
2033;2042096.00000000000000000000000000000000000000000000000000
2034;2042224.00000000000000000000000000000000000000000000000000
2035;2042128.00000000000000000000000000000000000000000000000000
2036;2042164.00000000000000000000000000000000000000000000000000
2037;2042224.00000000000000000000000000000000000000000000000000
2038;2042096.00000000000000000000000000000000000000000000000000
2039;2042096.00000000000000000000000000000000000000000000000000
2040;2042096.00000000000000000000000000000000000000000000000000
2041;2042164.00000000000000000000000000000000000000000000000000
2042;2042096.00000000000000000000000000000000000000000000000000
2043;2042320.00000000000000000000000000000000000000000000000000
2044;2042164.00000000000000000000000000000000000000000000000000
2045;2042128.00000000000000000000000000000000000000000000000000
2046;2042096.00000000000000000000000000000000000000000000000000
2047;2042164.00000000000000000000000000000000000000000000000000
2048;2042132.00000000000000000000000000000000000000000000000000
2049;2042224.00000000000000000000000000000000000000000000000000
2050;2042096.00000000000000000000000000000000000000000000000000
2051;2042220.00000000000000000000000000000000000000000000000000
2052;2042132.00000000000000000000000000000000000000000000000000
2053;2042224.00000000000000000000000000000000000000000000000000
2054;2042132.00000000000000000000000000000000000000000000000000
2055;2042096.00000000000000000000000000000000000000000000000000
2056;2042096.00000000000000000000000000000000000000000000000000
2057;2042160.00000000000000000000000000000000000000000000000000
2058;2042128.00000000000000000000000000000000000000000000000000
2059;2042096.00000000000000000000000000000000000000000000000000
2060;2042220.00000000000000000000000000000000000000000000000000
2061;2042128.00000000000000000000000000000000000000000000000000
2062;2042224.00000000000000000000000000000000000000000000000000
2063;2042160.00000000000000000000000000000000000000000000000000
2064;2042132.00000000000000000000000000000000000000000000000000
2065;2042220.00000000000000000000000000000000000000000000000000
2066;2042096.00000000000000000000000000000000000000000000000000
2067;2043400.00000000000000000000000000000000000000000000000000
2068;2043332.00000000000000000000000000000000000000000000000000
2069;2042304.00000000000000000000000000000000000000000000000000
2070;2043408.00000000000000000000000000000000000000000000000000
2071;2042304.00000000000000000000000000000000000000000000000000
2072;2042304.00000000000000000000000000000000000000000000000000
2073;2042304.00000000000000000000000000000000000000000000000000
2074;2042304.00000000000000000000000000000000000000000000000000
2075;2042212.00000000000000000000000000000000000000000000000000
2076;2042400.00000000000000000000000000000000000000000000000000
2077;2042300.00000000000000000000000000000000000000000000000000
2078;2042304.00000000000000000000000000000000000000000000000000
2079;2042176.00000000000000000000000000000000000000000000000000
2080;2042384.00000000000000000000000000000000000000000000000000
2081;2042204.00000000000000000000000000000000000000000000000000
2082;2042396.00000000000000000000000000000000000000000000000000
2083;2042296.00000000000000000000000000000000000000000000000000
2084;2042236.00000000000000000000000000000000000000000000000000
2085;2042172.00000000000000000000000000000000000000000000000000
2086;2042204.00000000000000000000000000000000000000000000000000
2087;2042300.00000000000000000000000000000000000000000000000000
2088;2042240.00000000000000000000000000000000000000000000000000
2089;2042172.00000000000000000000000000000000000000000000000000
2090;2042300.00000000000000000000000000000000000000000000000000
2091;2042208.00000000000000000000000000000000000000000000000000
2092;2042240.00000000000000000000000000000000000000000000000000
2093;2042208.00000000000000000000000000000000000000000000000000
2094;2042236.00000000000000000000000000000000000000000000000000
2095;2042172.00000000000000000000000000000000000000000000000000
2096;2042240.00000000000000000000000000000000000000000000000000
2097;2042204.00000000000000000000000000000000000000000000000000
2098;2042300.00000000000000000000000000000000000000000000000000
2099;2042300.00000000000000000000000000000000000000000000000000
2100;2042172.00000000000000000000000000000000000000000000000000
2101;2042524.00000000000000000000000000000000000000000000000000
2102;2042236.00000000000000000000000000000000000000000000000000
2103;2042172.00000000000000000000000000000000000000000000000000
2104;2042204.00000000000000000000000000000000000000000000000000
2105;2042300.00000000000000000000000000000000000000000000000000
2106;2042300.00000000000000000000000000000000000000000000000000
2107;2042396.00000000000000000000000000000000000000000000000000
2108;2042236.00000000000000000000000000000000000000000000000000
2109;2042204.00000000000000000000000000000000000000000000000000
2110;2042240.00000000000000000000000000000000000000000000000000
2111;2042172.00000000000000000000000000000000000000000000000000
2112;2042300.00000000000000000000000000000000000000000000000000
2113;2042172.00000000000000000000000000000000000000000000000000
2114;2042452.00000000000000000000000000000000000000000000000000
2115;2042172.00000000000000000000000000000000000000000000000000
2116;2042396.00000000000000000000000000000000000000000000000000
2117;2042296.00000000000000000000000000000000000000000000000000
2118;2042172.00000000000000000000000000000000000000000000000000
2119;2042300.00000000000000000000000000000000000000000000000000
2120;2042172.00000000000000000000000000000000000000000000000000
2121;2042396.00000000000000000000000000000000000000000000000000
2122;2042300.00000000000000000000000000000000000000000000000000
2123;1551152.00000000000000000000000000000000000000000000000000
2124;1544444.00000000000000000000000000000000000000000000000000
2125;1543736.00000000000000000000000000000000000000000000000000
2126;1543628.00000000000000000000000000000000000000000000000000
2127;1543804.00000000000000000000000000000000000000000000000000
2128;1545420.00000000000000000000000000000000000000000000000000
2129;1546648.00000000000000000000000000000000000000000000000000
2130;1548516.00000000000000000000000000000000000000000000000000
2131;1550960.00000000000000000000000000000000000000000000000000
2132;1552756.00000000000000000000000000000000000000000000000000
2133;1555932.00000000000000000000000000000000000000000000000000
2134;1557632.00000000000000000000000000000000000000000000000000
2135;1560892.00000000000000000000000000000000000000000000000000
2136;1563488.00000000000000000000000000000000000000000000000000
2137;1565188.00000000000000000000000000000000000000000000000000
2138;1566220.00000000000000000000000000000000000000000000000000
2139;1567996.00000000000000000000000000000000000000000000000000
2140;1569736.00000000000000000000000000000000000000000000000000
2141;1571156.00000000000000000000000000000000000000000000000000
2142;1573556.00000000000000000000000000000000000000000000000000
2143;1574448.00000000000000000000000000000000000000000000000000
2144;1577664.00000000000000000000000000000000000000000000000000
2145;1579360.00000000000000000000000000000000000000000000000000
2146;1579684.00000000000000000000000000000000000000000000000000
2147;1581504.00000000000000000000000000000000000000000000000000
2148;1582308.00000000000000000000000000000000000000000000000000
2149;1585680.00000000000000000000000000000000000000000000000000
2150;1586764.00000000000000000000000000000000000000000000000000
2151;1587500.00000000000000000000000000000000000000000000000000
2152;1589084.00000000000000000000000000000000000000000000000000
2153;1592496.00000000000000000000000000000000000000000000000000
2154;1594164.00000000000000000000000000000000000000000000000000
2155;1595600.00000000000000000000000000000000000000000000000000
2156;1602380.00000000000000000000000000000000000000000000000000
2157;1604356.00000000000000000000000000000000000000000000000000
2158;1606216.00000000000000000000000000000000000000000000000000
2159;1607436.00000000000000000000000000000000000000000000000000
2160;1608996.00000000000000000000000000000000000000000000000000
2161;1613692.00000000000000000000000000000000000000000000000000
2162;1616136.00000000000000000000000000000000000000000000000000
2163;1617684.00000000000000000000000000000000000000000000000000
2164;1619404.00000000000000000000000000000000000000000000000000
2165;1628696.00000000000000000000000000000000000000000000000000
2166;1630968.00000000000000000000000000000000000000000000000000
2167;1632688.00000000000000000000000000000000000000000000000000
2168;1634060.00000000000000000000000000000000000000000000000000
2169;1635964.00000000000000000000000000000000000000000000000000
2170;1642760.00000000000000000000000000000000000000000000000000
2171;1641888.00000000000000000000000000000000000000000000000000
2172;1642404.00000000000000000000000000000000000000000000000000
2173;1643008.00000000000000000000000000000000000000000000000000
2174;1644812.00000000000000000000000000000000000000000000000000
2175;1645748.00000000000000000000000000000000000000000000000000
2176;1647772.00000000000000000000000000000000000000000000000000
2177;1655148.00000000000000000000000000000000000000000000000000
2178;1655256.00000000000000000000000000000000000000000000000000
2179;1656052.00000000000000000000000000000000000000000000000000
2180;1656388.00000000000000000000000000000000000000000000000000
2181;1657008.00000000000000000000000000000000000000000000000000
2182;1658676.00000000000000000000000000000000000000000000000000
2183;1659564.00000000000000000000000000000000000000000000000000
2184;1671084.00000000000000000000000000000000000000000000000000
2185;1672656.00000000000000000000000000000000000000000000000000
2186;1674532.00000000000000000000000000000000000000000000000000
2187;1674932.00000000000000000000000000000000000000000000000000
2188;1675068.00000000000000000000000000000000000000000000000000
2189;1675356.00000000000000000000000000000000000000000000000000
2190;1675316.00000000000000000000000000000000000000000000000000
2191;1676072.00000000000000000000000000000000000000000000000000
2192;1686848.00000000000000000000000000000000000000000000000000
2193;1687040.00000000000000000000000000000000000000000000000000
2194;1688712.00000000000000000000000000000000000000000000000000
2195;1691200.00000000000000000000000000000000000000000000000000
2196;1692504.00000000000000000000000000000000000000000000000000
2197;1694520.00000000000000000000000000000000000000000000000000
2198;1696436.00000000000000000000000000000000000000000000000000
2199;1697768.00000000000000000000000000000000000000000000000000
2200;1715300.00000000000000000000000000000000000000000000000000
2201;1717340.00000000000000000000000000000000000000000000000000
2202;1719288.00000000000000000000000000000000000000000000000000
2203;1721852.00000000000000000000000000000000000000000000000000
2204;1723764.00000000000000000000000000000000000000000000000000
2205;1724380.00000000000000000000000000000000000000000000000000
2206;1724416.00000000000000000000000000000000000000000000000000
2207;1724908.00000000000000000000000000000000000000000000000000
2208;1726224.00000000000000000000000000000000000000000000000000
2209;1727648.00000000000000000000000000000000000000000000000000
2210;1747896.00000000000000000000000000000000000000000000000000
2211;1750152.00000000000000000000000000000000000000000000000000
2212;1752096.00000000000000000000000000000000000000000000000000
2213;1753752.00000000000000000000000000000000000000000000000000
2214;1756280.00000000000000000000000000000000000000000000000000
2215;1758440.00000000000000000000000000000000000000000000000000
2216;1759948.00000000000000000000000000000000000000000000000000
2217;1760380.00000000000000000000000000000000000000000000000000
2218;1760616.00000000000000000000000000000000000000000000000000
2219;1760604.00000000000000000000000000000000000000000000000000
2220;1760688.00000000000000000000000000000000000000000000000000
2221;1782224.00000000000000000000000000000000000000000000000000
2222;1782176.00000000000000000000000000000000000000000000000000
2223;1782464.00000000000000000000000000000000000000000000000000
2224;1782392.00000000000000000000000000000000000000000000000000
2225;1782468.00000000000000000000000000000000000000000000000000
2226;1782536.00000000000000000000000000000000000000000000000000
2227;1782664.00000000000000000000000000000000000000000000000000
2228;1783532.00000000000000000000000000000000000000000000000000
2229;1783836.00000000000000000000000000000000000000000000000000
2230;1783968.00000000000000000000000000000000000000000000000000
2231;1784152.00000000000000000000000000000000000000000000000000
2232;1784244.00000000000000000000000000000000000000000000000000
2233;1807640.00000000000000000000000000000000000000000000000000
2234;1807912.00000000000000000000000000000000000000000000000000
2235;1808636.00000000000000000000000000000000000000000000000000
2236;1809064.00000000000000000000000000000000000000000000000000
2237;1809084.00000000000000000000000000000000000000000000000000
2238;1809096.00000000000000000000000000000000000000000000000000
2239;1809152.00000000000000000000000000000000000000000000000000
2240;1809228.00000000000000000000000000000000000000000000000000
2241;1809268.00000000000000000000000000000000000000000000000000
2242;1809304.00000000000000000000000000000000000000000000000000
2243;1809148.00000000000000000000000000000000000000000000000000
2244;1809708.00000000000000000000000000000000000000000000000000
2245;1809796.00000000000000000000000000000000000000000000000000
2246;1809876.00000000000000000000000000000000000000000000000000
2247;1836796.00000000000000000000000000000000000000000000000000
2248;1836972.00000000000000000000000000000000000000000000000000
2249;1837416.00000000000000000000000000000000000000000000000000
2250;1837252.00000000000000000000000000000000000000000000000000
2251;1838056.00000000000000000000000000000000000000000000000000
2252;1838076.00000000000000000000000000000000000000000000000000
2253;1838160.00000000000000000000000000000000000000000000000000
2254;1838316.00000000000000000000000000000000000000000000000000
2255;1838444.00000000000000000000000000000000000000000000000000
2256;1838256.00000000000000000000000000000000000000000000000000
2257;1838328.00000000000000000000000000000000000000000000000000
2258;1838344.00000000000000000000000000000000000000000000000000
2259;1838584.00000000000000000000000000000000000000000000000000
2260;1838692.00000000000000000000000000000000000000000000000000
2261;1838912.00000000000000000000000000000000000000000000000000
2262;1838888.00000000000000000000000000000000000000000000000000
2263;1869752.00000000000000000000000000000000000000000000000000
2264;1869824.00000000000000000000000000000000000000000000000000
2265;1870096.00000000000000000000000000000000000000000000000000
2266;1870756.00000000000000000000000000000000000000000000000000
2267;1870640.00000000000000000000000000000000000000000000000000
2268;1870604.00000000000000000000000000000000000000000000000000
2269;1870676.00000000000000000000000000000000000000000000000000
2270;1870640.00000000000000000000000000000000000000000000000000
2271;1870644.00000000000000000000000000000000000000000000000000
2272;1870620.00000000000000000000000000000000000000000000000000
2273;1871004.00000000000000000000000000000000000000000000000000
2274;1870996.00000000000000000000000000000000000000000000000000
2275;1870740.00000000000000000000000000000000000000000000000000
2276;1871372.00000000000000000000000000000000000000000000000000
2277;1871644.00000000000000000000000000000000000000000000000000
2278;1871824.00000000000000000000000000000000000000000000000000
2279;1871632.00000000000000000000000000000000000000000000000000
2280;1887132.00000000000000000000000000000000000000000000000000
2281;1887448.00000000000000000000000000000000000000000000000000
2282;1887376.00000000000000000000000000000000000000000000000000
2283;1887612.00000000000000000000000000000000000000000000000000
2284;1888560.00000000000000000000000000000000000000000000000000
2285;1888688.00000000000000000000000000000000000000000000000000
2286;1888796.00000000000000000000000000000000000000000000000000
2287;1888836.00000000000000000000000000000000000000000000000000
2288;1888960.00000000000000000000000000000000000000000000000000
2289;1889128.00000000000000000000000000000000000000000000000000
2290;1889140.00000000000000000000000000000000000000000000000000
2291;1889468.00000000000000000000000000000000000000000000000000
2292;1889536.00000000000000000000000000000000000000000000000000
2293;1891024.00000000000000000000000000000000000000000000000000
2294;1892956.00000000000000000000000000000000000000000000000000
2295;1895384.00000000000000000000000000000000000000000000000000
2296;1897688.00000000000000000000000000000000000000000000000000
2297;1899288.00000000000000000000000000000000000000000000000000
2298;1903468.00000000000000000000000000000000000000000000000000
2299;1907092.00000000000000000000000000000000000000000000000000
2300;1912120.00000000000000000000000000000000000000000000000000
2301;1915648.00000000000000000000000000000000000000000000000000
2302;1920156.00000000000000000000000000000000000000000000000000
2303;1923724.00000000000000000000000000000000000000000000000000
2304;1927336.00000000000000000000000000000000000000000000000000
2305;1930428.00000000000000000000000000000000000000000000000000
2306;1935008.00000000000000000000000000000000000000000000000000
2307;1938300.00000000000000000000000000000000000000000000000000
2308;1942328.00000000000000000000000000000000000000000000000000
2309;1945416.00000000000000000000000000000000000000000000000000
2310;1949052.00000000000000000000000000000000000000000000000000
2311;1953308.00000000000000000000000000000000000000000000000000
2312;1956888.00000000000000000000000000000000000000000000000000
2313;1959648.00000000000000000000000000000000000000000000000000
2314;1962828.00000000000000000000000000000000000000000000000000
2315;1967784.00000000000000000000000000000000000000000000000000
2316;1971140.00000000000000000000000000000000000000000000000000
2317;1974692.00000000000000000000000000000000000000000000000000
2318;1978760.00000000000000000000000000000000000000000000000000
2319;1982032.00000000000000000000000000000000000000000000000000
2320;1985808.00000000000000000000000000000000000000000000000000
2321;1990740.00000000000000000000000000000000000000000000000000
2322;1994296.00000000000000000000000000000000000000000000000000
2323;1997740.00000000000000000000000000000000000000000000000000
2324;2002240.00000000000000000000000000000000000000000000000000
2325;2005404.00000000000000000000000000000000000000000000000000
2326;2009528.00000000000000000000000000000000000000000000000000
2327;2013432.00000000000000000000000000000000000000000000000000
2328;2017580.00000000000000000000000000000000000000000000000000
2329;2022068.00000000000000000000000000000000000000000000000000
2330;2024676.00000000000000000000000000000000000000000000000000
2331;2028332.00000000000000000000000000000000000000000000000000
2332;2031808.00000000000000000000000000000000000000000000000000
2333;2035392.00000000000000000000000000000000000000000000000000
2334;2038504.00000000000000000000000000000000000000000000000000
2335;2049676.00000000000000000000000000000000000000000000000000
2336;2051948.00000000000000000000000000000000000000000000000000
2337;2050640.00000000000000000000000000000000000000000000000000
2338;2051724.00000000000000000000000000000000000000000000000000
2339;2050648.00000000000000000000000000000000000000000000000000
2340;2051896.00000000000000000000000000000000000000000000000000
2341;2050648.00000000000000000000000000000000000000000000000000
2342;2050536.00000000000000000000000000000000000000000000000000
2343;2050444.00000000000000000000000000000000000000000000000000
2344;2050448.00000000000000000000000000000000000000000000000000
2345;2050480.00000000000000000000000000000000000000000000000000
2346;2050536.00000000000000000000000000000000000000000000000000
2347;2050448.00000000000000000000000000000000000000000000000000
2348;2050540.00000000000000000000000000000000000000000000000000
2349;2050480.00000000000000000000000000000000000000000000000000
2350;2050536.00000000000000000000000000000000000000000000000000
2351;2050540.00000000000000000000000000000000000000000000000000
2352;2050640.00000000000000000000000000000000000000000000000000
2353;2050448.00000000000000000000000000000000000000000000000000
2354;2050540.00000000000000000000000000000000000000000000000000
2355;2050484.00000000000000000000000000000000000000000000000000
2356;2050484.00000000000000000000000000000000000000000000000000
2357;2050416.00000000000000000000000000000000000000000000000000
2358;2050448.00000000000000000000000000000000000000000000000000
2359;2050448.00000000000000000000000000000000000000000000000000
2360;2050452.00000000000000000000000000000000000000000000000000
2361;2050660.00000000000000000000000000000000000000000000000000
2362;2050484.00000000000000000000000000000000000000000000000000
2363;2050544.00000000000000000000000000000000000000000000000000
2364;2050416.00000000000000000000000000000000000000000000000000
2365;2050448.00000000000000000000000000000000000000000000000000
2366;2050640.00000000000000000000000000000000000000000000000000
2367;2050696.00000000000000000000000000000000000000000000000000
2368;2050660.00000000000000000000000000000000000000000000000000
2369;2050540.00000000000000000000000000000000000000000000000000
2370;2050484.00000000000000000000000000000000000000000000000000
2371;2050416.00000000000000000000000000000000000000000000000000
2372;2050448.00000000000000000000000000000000000000000000000000
2373;2050660.00000000000000000000000000000000000000000000000000
2374;2050540.00000000000000000000000000000000000000000000000000
2375;2050540.00000000000000000000000000000000000000000000000000
2376;2050524.00000000000000000000000000000000000000000000000000
2377;2050412.00000000000000000000000000000000000000000000000000
2378;2050684.00000000000000000000000000000000000000000000000000
2379;2050536.00000000000000000000000000000000000000000000000000
2380;2050536.00000000000000000000000000000000000000000000000000
2381;2050480.00000000000000000000000000000000000000000000000000
2382;2050540.00000000000000000000000000000000000000000000000000
2383;2050540.00000000000000000000000000000000000000000000000000
2384;2050540.00000000000000000000000000000000000000000000000000
2385;2050412.00000000000000000000000000000000000000000000000000
2386;2050412.00000000000000000000000000000000000000000000000000
2387;2050448.00000000000000000000000000000000000000000000000000
2388;2050588.00000000000000000000000000000000000000000000000000
2389;2050588.00000000000000000000000000000000000000000000000000
2390;2050588.00000000000000000000000000000000000000000000000000
2391;2051600.00000000000000000000000000000000000000000000000000
2392;2051928.00000000000000000000000000000000000000000000000000
2393;2050588.00000000000000000000000000000000000000000000000000
2394;2050588.00000000000000000000000000000000000000000000000000
2395;2050528.00000000000000000000000000000000000000000000000000
2396;2050584.00000000000000000000000000000000000000000000000000
2397;2050740.00000000000000000000000000000000000000000000000000
2398;2050584.00000000000000000000000000000000000000000000000000
2399;2050584.00000000000000000000000000000000000000000000000000
2400;2050584.00000000000000000000000000000000000000000000000000
2401;2050584.00000000000000000000000000000000000000000000000000
2402;2050584.00000000000000000000000000000000000000000000000000
2403;2050684.00000000000000000000000000000000000000000000000000
2404;2050584.00000000000000000000000000000000000000000000000000
2405;2050460.00000000000000000000000000000000000000000000000000
2406;2050528.00000000000000000000000000000000000000000000000000
2407;2050492.00000000000000000000000000000000000000000000000000
2408;2050460.00000000000000000000000000000000000000000000000000
2409;2050684.00000000000000000000000000000000000000000000000000
2410;2050528.00000000000000000000000000000000000000000000000000
2411;2050588.00000000000000000000000000000000000000000000000000
2412;2050460.00000000000000000000000000000000000000000000000000
2413;2050460.00000000000000000000000000000000000000000000000000
2414;2050460.00000000000000000000000000000000000000000000000000
2415;2050460.00000000000000000000000000000000000000000000000000
2416;2050492.00000000000000000000000000000000000000000000000000
2417;2050684.00000000000000000000000000000000000000000000000000
2418;2050584.00000000000000000000000000000000000000000000000000
2419;2050588.00000000000000000000000000000000000000000000000000
2420;2050460.00000000000000000000000000000000000000000000000000
2421;2050460.00000000000000000000000000000000000000000000000000
2422;2050460.00000000000000000000000000000000000000000000000000
2423;2050460.00000000000000000000000000000000000000000000000000
2424;2050492.00000000000000000000000000000000000000000000000000
2425;2050492.00000000000000000000000000000000000000000000000000
2426;2050492.00000000000000000000000000000000000000000000000000
2427;2050740.00000000000000000000000000000000000000000000000000
2428;2050528.00000000000000000000000000000000000000000000000000
2429;2050528.00000000000000000000000000000000000000000000000000
2430;2050528.00000000000000000000000000000000000000000000000000
2431;2050528.00000000000000000000000000000000000000000000000000
2432;2050588.00000000000000000000000000000000000000000000000000
2433;2050588.00000000000000000000000000000000000000000000000000
2434;2050460.00000000000000000000000000000000000000000000000000
2435;2050496.00000000000000000000000000000000000000000000000000
2436;2050496.00000000000000000000000000000000000000000000000000
2437;2050688.00000000000000000000000000000000000000000000000000
2438;2050532.00000000000000000000000000000000000000000000000000
2439;2050532.00000000000000000000000000000000000000000000000000
2440;2050592.00000000000000000000000000000000000000000000000000
2441;2050636.00000000000000000000000000000000000000000000000000
2442;2050636.00000000000000000000000000000000000000000000000000
2443;2050636.00000000000000000000000000000000000000000000000000
2444;2050636.00000000000000000000000000000000000000000000000000
2445;2050636.00000000000000000000000000000000000000000000000000
2446;2050636.00000000000000000000000000000000000000000000000000
2447;2050636.00000000000000000000000000000000000000000000000000
2448;2050544.00000000000000000000000000000000000000000000000000
2449;2050508.00000000000000000000000000000000000000000000000000
2450;2050508.00000000000000000000000000000000000000000000000000
2451;2050508.00000000000000000000000000000000000000000000000000
2452;2050508.00000000000000000000000000000000000000000000000000
2453;2050508.00000000000000000000000000000000000000000000000000
2454;2050636.00000000000000000000000000000000000000000000000000
2455;2050508.00000000000000000000000000000000000000000000000000
2456;2050508.00000000000000000000000000000000000000000000000000
2457;2050544.00000000000000000000000000000000000000000000000000
2458;2050544.00000000000000000000000000000000000000000000000000
2459;2050540.00000000000000000000000000000000000000000000000000
2460;2050540.00000000000000000000000000000000000000000000000000
2461;2050540.00000000000000000000000000000000000000000000000000
2462;2050632.00000000000000000000000000000000000000000000000000
2463;2050632.00000000000000000000000000000000000000000000000000
2464;2050576.00000000000000000000000000000000000000000000000000
2465;2050576.00000000000000000000000000000000000000000000000000
2466;2050636.00000000000000000000000000000000000000000000000000
2467;2050508.00000000000000000000000000000000000000000000000000
2468;2050508.00000000000000000000000000000000000000000000000000
2469;2050508.00000000000000000000000000000000000000000000000000
2470;2050544.00000000000000000000000000000000000000000000000000
2471;2050540.00000000000000000000000000000000000000000000000000
2472;2050632.00000000000000000000000000000000000000000000000000
2473;2050636.00000000000000000000000000000000000000000000000000
2474;2050508.00000000000000000000000000000000000000000000000000
2475;2050544.00000000000000000000000000000000000000000000000000
2476;2050576.00000000000000000000000000000000000000000000000000
2477;2050540.00000000000000000000000000000000000000000000000000
2478;2050632.00000000000000000000000000000000000000000000000000
2479;2050636.00000000000000000000000000000000000000000000000000
2480;2050540.00000000000000000000000000000000000000000000000000
2481;2050632.00000000000000000000000000000000000000000000000000
2482;2050508.00000000000000000000000000000000000000000000000000
2483;2050540.00000000000000000000000000000000000000000000000000
2484;2050732.00000000000000000000000000000000000000000000000000
2485;2050632.00000000000000000000000000000000000000000000000000
2486;2050636.00000000000000000000000000000000000000000000000000
2487;2050508.00000000000000000000000000000000000000000000000000
2488;2050544.00000000000000000000000000000000000000000000000000
2489;2050540.00000000000000000000000000000000000000000000000000
2490;2050540.00000000000000000000000000000000000000000000000000
2491;2050632.00000000000000000000000000000000000000000000000000
2492;2050632.00000000000000000000000000000000000000000000000000
2493;2050508.00000000000000000000000000000000000000000000000000
2494;1840788.00000000000000000000000000000000000000000000000000
2495;1552120.00000000000000000000000000000000000000000000000000
2496;1549492.00000000000000000000000000000000000000000000000000
2497;1546288.00000000000000000000000000000000000000000000000000
2498;1544648.00000000000000000000000000000000000000000000000000
2499;1545480.00000000000000000000000000000000000000000000000000
2500;1544876.00000000000000000000000000000000000000000000000000
2501;1546580.00000000000000000000000000000000000000000000000000
2502;1547944.00000000000000000000000000000000000000000000000000
2503;1544800.00000000000000000000000000000000000000000000000000
2504;1547068.00000000000000000000000000000000000000000000000000
2505;1550824.00000000000000000000000000000000000000000000000000
2506;1551712.00000000000000000000000000000000000000000000000000
2507;1555696.00000000000000000000000000000000000000000000000000
2508;1557292.00000000000000000000000000000000000000000000000000
2509;1559840.00000000000000000000000000000000000000000000000000
2510;1562444.00000000000000000000000000000000000000000000000000
2511;1564756.00000000000000000000000000000000000000000000000000
2512;1567656.00000000000000000000000000000000000000000000000000
2513;1568808.00000000000000000000000000000000000000000000000000
2514;1570692.00000000000000000000000000000000000000000000000000
2515;1317360.00000000000000000000000000000000000000000000000000
