Second;RAM_KB
0;12660.00000000000000000000000000000000000000000000000000
1;314496.00000000000000000000000000000000000000000000000000
2;373784.00000000000000000000000000000000000000000000000000
3;654856.00000000000000000000000000000000000000000000000000
4;744972.00000000000000000000000000000000000000000000000000
5;805460.00000000000000000000000000000000000000000000000000
6;886824.00000000000000000000000000000000000000000000000000
7;931664.00000000000000000000000000000000000000000000000000
8;935996.00000000000000000000000000000000000000000000000000
9;977456.00000000000000000000000000000000000000000000000000
10;980944.00000000000000000000000000000000000000000000000000
11;985856.00000000000000000000000000000000000000000000000000
12;990004.00000000000000000000000000000000000000000000000000
13;994172.00000000000000000000000000000000000000000000000000
14;999692.00000000000000000000000000000000000000000000000000
15;1005452.00000000000000000000000000000000000000000000000000
16;1247684.00000000000000000000000000000000000000000000000000
17;1247372.00000000000000000000000000000000000000000000000000
18;1247276.00000000000000000000000000000000000000000000000000
19;1247536.00000000000000000000000000000000000000000000000000
20;1247540.00000000000000000000000000000000000000000000000000
21;1247352.00000000000000000000000000000000000000000000000000
22;1238540.00000000000000000000000000000000000000000000000000
23;1239616.00000000000000000000000000000000000000000000000000
24;1241388.00000000000000000000000000000000000000000000000000
25;1242980.00000000000000000000000000000000000000000000000000
26;1244352.00000000000000000000000000000000000000000000000000
27;1245612.00000000000000000000000000000000000000000000000000
28;1246716.00000000000000000000000000000000000000000000000000
29;1247564.00000000000000000000000000000000000000000000000000
30;1248932.00000000000000000000000000000000000000000000000000
31;1248992.00000000000000000000000000000000000000000000000000
32;1249196.00000000000000000000000000000000000000000000000000
33;1248940.00000000000000000000000000000000000000000000000000
34;1249440.00000000000000000000000000000000000000000000000000
35;1249516.00000000000000000000000000000000000000000000000000
36;1249504.00000000000000000000000000000000000000000000000000
37;1233504.00000000000000000000000000000000000000000000000000
38;1234772.00000000000000000000000000000000000000000000000000
39;1236184.00000000000000000000000000000000000000000000000000
40;1238336.00000000000000000000000000000000000000000000000000
41;1240116.00000000000000000000000000000000000000000000000000
42;1242188.00000000000000000000000000000000000000000000000000
43;1243988.00000000000000000000000000000000000000000000000000
44;1246076.00000000000000000000000000000000000000000000000000
45;1248168.00000000000000000000000000000000000000000000000000
46;1250276.00000000000000000000000000000000000000000000000000
47;1250648.00000000000000000000000000000000000000000000000000
48;1250728.00000000000000000000000000000000000000000000000000
49;1250648.00000000000000000000000000000000000000000000000000
50;1250644.00000000000000000000000000000000000000000000000000
51;1250776.00000000000000000000000000000000000000000000000000
52;1250712.00000000000000000000000000000000000000000000000000
53;1241760.00000000000000000000000000000000000000000000000000
54;1242048.00000000000000000000000000000000000000000000000000
55;1244148.00000000000000000000000000000000000000000000000000
56;1245340.00000000000000000000000000000000000000000000000000
57;1246008.00000000000000000000000000000000000000000000000000
58;1247240.00000000000000000000000000000000000000000000000000
59;1248436.00000000000000000000000000000000000000000000000000
60;1249960.00000000000000000000000000000000000000000000000000
61;1250992.00000000000000000000000000000000000000000000000000
62;1251220.00000000000000000000000000000000000000000000000000
63;1251312.00000000000000000000000000000000000000000000000000
64;1251312.00000000000000000000000000000000000000000000000000
65;1251064.00000000000000000000000000000000000000000000000000
66;1251080.00000000000000000000000000000000000000000000000000
67;1251340.00000000000000000000000000000000000000000000000000
68;1241792.00000000000000000000000000000000000000000000000000
69;1242748.00000000000000000000000000000000000000000000000000
70;1244752.00000000000000000000000000000000000000000000000000
71;1246240.00000000000000000000000000000000000000000000000000
72;1247124.00000000000000000000000000000000000000000000000000
73;1248196.00000000000000000000000000000000000000000000000000
74;1250328.00000000000000000000000000000000000000000000000000
75;1251772.00000000000000000000000000000000000000000000000000
76;1251712.00000000000000000000000000000000000000000000000000
77;1252032.00000000000000000000000000000000000000000000000000
78;1251844.00000000000000000000000000000000000000000000000000
79;1252032.00000000000000000000000000000000000000000000000000
80;1251904.00000000000000000000000000000000000000000000000000
81;1251844.00000000000000000000000000000000000000000000000000
82;1234648.00000000000000000000000000000000000000000000000000
83;1237080.00000000000000000000000000000000000000000000000000
84;1239268.00000000000000000000000000000000000000000000000000
85;1240792.00000000000000000000000000000000000000000000000000
86;1241996.00000000000000000000000000000000000000000000000000
87;1243820.00000000000000000000000000000000000000000000000000
88;1245596.00000000000000000000000000000000000000000000000000
89;1248328.00000000000000000000000000000000000000000000000000
90;1250424.00000000000000000000000000000000000000000000000000
91;1251028.00000000000000000000000000000000000000000000000000
92;1251028.00000000000000000000000000000000000000000000000000
93;1251152.00000000000000000000000000000000000000000000000000
94;1251152.00000000000000000000000000000000000000000000000000
95;1251252.00000000000000000000000000000000000000000000000000
96;1251096.00000000000000000000000000000000000000000000000000
97;1240884.00000000000000000000000000000000000000000000000000
98;1242092.00000000000000000000000000000000000000000000000000
99;1243040.00000000000000000000000000000000000000000000000000
100;1244132.00000000000000000000000000000000000000000000000000
101;1246472.00000000000000000000000000000000000000000000000000
102;1247292.00000000000000000000000000000000000000000000000000
103;1248096.00000000000000000000000000000000000000000000000000
104;1250296.00000000000000000000000000000000000000000000000000
105;1251760.00000000000000000000000000000000000000000000000000
106;1251628.00000000000000000000000000000000000000000000000000
107;1251888.00000000000000000000000000000000000000000000000000
108;1251700.00000000000000000000000000000000000000000000000000
109;1251856.00000000000000000000000000000000000000000000000000
110;1251700.00000000000000000000000000000000000000000000000000
111;1251756.00000000000000000000000000000000000000000000000000
112;1242268.00000000000000000000000000000000000000000000000000
113;1242528.00000000000000000000000000000000000000000000000000
114;1242948.00000000000000000000000000000000000000000000000000
115;1244160.00000000000000000000000000000000000000000000000000
116;1246048.00000000000000000000000000000000000000000000000000
117;1247316.00000000000000000000000000000000000000000000000000
118;1248528.00000000000000000000000000000000000000000000000000
119;1249888.00000000000000000000000000000000000000000000000000
120;1252236.00000000000000000000000000000000000000000000000000
121;1252492.00000000000000000000000000000000000000000000000000
122;1252312.00000000000000000000000000000000000000000000000000
123;1252504.00000000000000000000000000000000000000000000000000
124;1252504.00000000000000000000000000000000000000000000000000
125;1252296.00000000000000000000000000000000000000000000000000
126;1242476.00000000000000000000000000000000000000000000000000
127;1242492.00000000000000000000000000000000000000000000000000
128;1243360.00000000000000000000000000000000000000000000000000
129;1244788.00000000000000000000000000000000000000000000000000
130;1246416.00000000000000000000000000000000000000000000000000
131;1247844.00000000000000000000000000000000000000000000000000
132;1248900.00000000000000000000000000000000000000000000000000
133;1250400.00000000000000000000000000000000000000000000000000
134;1252624.00000000000000000000000000000000000000000000000000
135;1252788.00000000000000000000000000000000000000000000000000
136;1252916.00000000000000000000000000000000000000000000000000
137;1252660.00000000000000000000000000000000000000000000000000
138;1252660.00000000000000000000000000000000000000000000000000
139;1252728.00000000000000000000000000000000000000000000000000
140;1252724.00000000000000000000000000000000000000000000000000
141;1242156.00000000000000000000000000000000000000000000000000
142;1243372.00000000000000000000000000000000000000000000000000
143;1244532.00000000000000000000000000000000000000000000000000
144;1245284.00000000000000000000000000000000000000000000000000
145;1246168.00000000000000000000000000000000000000000000000000
146;1247128.00000000000000000000000000000000000000000000000000
147;1247984.00000000000000000000000000000000000000000000000000
148;1249728.00000000000000000000000000000000000000000000000000
149;1252048.00000000000000000000000000000000000000000000000000
150;1251820.00000000000000000000000000000000000000000000000000
151;1251928.00000000000000000000000000000000000000000000000000
152;1251892.00000000000000000000000000000000000000000000000000
153;1252116.00000000000000000000000000000000000000000000000000
154;1251892.00000000000000000000000000000000000000000000000000
155;1251860.00000000000000000000000000000000000000000000000000
156;1241620.00000000000000000000000000000000000000000000000000
157;1242216.00000000000000000000000000000000000000000000000000
158;1242996.00000000000000000000000000000000000000000000000000
159;1244632.00000000000000000000000000000000000000000000000000
160;1246576.00000000000000000000000000000000000000000000000000
161;1247132.00000000000000000000000000000000000000000000000000
162;1248164.00000000000000000000000000000000000000000000000000
163;1249328.00000000000000000000000000000000000000000000000000
164;1250876.00000000000000000000000000000000000000000000000000
165;1252020.00000000000000000000000000000000000000000000000000
166;1252068.00000000000000000000000000000000000000000000000000
167;1252068.00000000000000000000000000000000000000000000000000
168;1251848.00000000000000000000000000000000000000000000000000
169;1251848.00000000000000000000000000000000000000000000000000
170;1251812.00000000000000000000000000000000000000000000000000
171;1243068.00000000000000000000000000000000000000000000000000
172;1243312.00000000000000000000000000000000000000000000000000
173;1245076.00000000000000000000000000000000000000000000000000
174;1245700.00000000000000000000000000000000000000000000000000
175;1246936.00000000000000000000000000000000000000000000000000
176;1248188.00000000000000000000000000000000000000000000000000
177;1250148.00000000000000000000000000000000000000000000000000
178;1252468.00000000000000000000000000000000000000000000000000
179;1253468.00000000000000000000000000000000000000000000000000
180;1253464.00000000000000000000000000000000000000000000000000
181;1253532.00000000000000000000000000000000000000000000000000
182;1253532.00000000000000000000000000000000000000000000000000
183;1253532.00000000000000000000000000000000000000000000000000
184;1253468.00000000000000000000000000000000000000000000000000
185;1253464.00000000000000000000000000000000000000000000000000
186;1244568.00000000000000000000000000000000000000000000000000
187;1244564.00000000000000000000000000000000000000000000000000
188;1244364.00000000000000000000000000000000000000000000000000
189;1246620.00000000000000000000000000000000000000000000000000
190;1247296.00000000000000000000000000000000000000000000000000
191;1248108.00000000000000000000000000000000000000000000000000
192;1249388.00000000000000000000000000000000000000000000000000
193;1250476.00000000000000000000000000000000000000000000000000
194;1251324.00000000000000000000000000000000000000000000000000
195;1252052.00000000000000000000000000000000000000000000000000
196;1254580.00000000000000000000000000000000000000000000000000
197;1254420.00000000000000000000000000000000000000000000000000
198;1254572.00000000000000000000000000000000000000000000000000
199;1254500.00000000000000000000000000000000000000000000000000
200;1254692.00000000000000000000000000000000000000000000000000
201;1254472.00000000000000000000000000000000000000000000000000
202;1254500.00000000000000000000000000000000000000000000000000
203;1254436.00000000000000000000000000000000000000000000000000
204;1242892.00000000000000000000000000000000000000000000000000
205;1243872.00000000000000000000000000000000000000000000000000
206;1244436.00000000000000000000000000000000000000000000000000
207;1245104.00000000000000000000000000000000000000000000000000
208;1246588.00000000000000000000000000000000000000000000000000
209;1247676.00000000000000000000000000000000000000000000000000
210;1248224.00000000000000000000000000000000000000000000000000
211;1249608.00000000000000000000000000000000000000000000000000
212;1250136.00000000000000000000000000000000000000000000000000
213;1251212.00000000000000000000000000000000000000000000000000
214;1251696.00000000000000000000000000000000000000000000000000
215;1253340.00000000000000000000000000000000000000000000000000
216;1253444.00000000000000000000000000000000000000000000000000
217;1253444.00000000000000000000000000000000000000000000000000
218;1253460.00000000000000000000000000000000000000000000000000
219;1253244.00000000000000000000000000000000000000000000000000
220;1253200.00000000000000000000000000000000000000000000000000
221;1253324.00000000000000000000000000000000000000000000000000
222;1253204.00000000000000000000000000000000000000000000000000
223;1244404.00000000000000000000000000000000000000000000000000
224;1244568.00000000000000000000000000000000000000000000000000
225;1245340.00000000000000000000000000000000000000000000000000
226;1245732.00000000000000000000000000000000000000000000000000
227;1247132.00000000000000000000000000000000000000000000000000
228;1247992.00000000000000000000000000000000000000000000000000
229;1249080.00000000000000000000000000000000000000000000000000
230;1249968.00000000000000000000000000000000000000000000000000
231;1251892.00000000000000000000000000000000000000000000000000
232;1252968.00000000000000000000000000000000000000000000000000
233;1255016.00000000000000000000000000000000000000000000000000
234;1254928.00000000000000000000000000000000000000000000000000
235;1254960.00000000000000000000000000000000000000000000000000
236;1255184.00000000000000000000000000000000000000000000000000
237;1254928.00000000000000000000000000000000000000000000000000
238;1255052.00000000000000000000000000000000000000000000000000
239;1254960.00000000000000000000000000000000000000000000000000
240;1254960.00000000000000000000000000000000000000000000000000
241;1245208.00000000000000000000000000000000000000000000000000
242;1245136.00000000000000000000000000000000000000000000000000
243;1245632.00000000000000000000000000000000000000000000000000
244;1246656.00000000000000000000000000000000000000000000000000
245;1247488.00000000000000000000000000000000000000000000000000
246;1248568.00000000000000000000000000000000000000000000000000
247;1249168.00000000000000000000000000000000000000000000000000
248;1250276.00000000000000000000000000000000000000000000000000
249;1251204.00000000000000000000000000000000000000000000000000
250;1252032.00000000000000000000000000000000000000000000000000
251;1252944.00000000000000000000000000000000000000000000000000
252;1253012.00000000000000000000000000000000000000000000000000
253;1252908.00000000000000000000000000000000000000000000000000
254;1252976.00000000000000000000000000000000000000000000000000
255;1253136.00000000000000000000000000000000000000000000000000
256;1252944.00000000000000000000000000000000000000000000000000
257;1252948.00000000000000000000000000000000000000000000000000
258;1243484.00000000000000000000000000000000000000000000000000
259;1244300.00000000000000000000000000000000000000000000000000
260;1244448.00000000000000000000000000000000000000000000000000
261;1245488.00000000000000000000000000000000000000000000000000
262;1246336.00000000000000000000000000000000000000000000000000
263;1248144.00000000000000000000000000000000000000000000000000
264;1248188.00000000000000000000000000000000000000000000000000
265;1248964.00000000000000000000000000000000000000000000000000
266;1250364.00000000000000000000000000000000000000000000000000
267;1251956.00000000000000000000000000000000000000000000000000
268;1252720.00000000000000000000000000000000000000000000000000
269;1252848.00000000000000000000000000000000000000000000000000
270;1252884.00000000000000000000000000000000000000000000000000
271;1252928.00000000000000000000000000000000000000000000000000
272;1253020.00000000000000000000000000000000000000000000000000
273;1253148.00000000000000000000000000000000000000000000000000
274;1252924.00000000000000000000000000000000000000000000000000
275;1252924.00000000000000000000000000000000000000000000000000
276;1243700.00000000000000000000000000000000000000000000000000
277;1243888.00000000000000000000000000000000000000000000000000
278;1244144.00000000000000000000000000000000000000000000000000
279;1244628.00000000000000000000000000000000000000000000000000
280;1246304.00000000000000000000000000000000000000000000000000
281;1247512.00000000000000000000000000000000000000000000000000
282;1248472.00000000000000000000000000000000000000000000000000
283;1249248.00000000000000000000000000000000000000000000000000
284;1250812.00000000000000000000000000000000000000000000000000
285;1252208.00000000000000000000000000000000000000000000000000
286;1253792.00000000000000000000000000000000000000000000000000
287;1253820.00000000000000000000000000000000000000000000000000
288;1253820.00000000000000000000000000000000000000000000000000
289;1254324.00000000000000000000000000000000000000000000000000
290;1254420.00000000000000000000000000000000000000000000000000
291;1254540.00000000000000000000000000000000000000000000000000
292;1254796.00000000000000000000000000000000000000000000000000
293;1254796.00000000000000000000000000000000000000000000000000
294;1245572.00000000000000000000000000000000000000000000000000
295;1245816.00000000000000000000000000000000000000000000000000
296;1246160.00000000000000000000000000000000000000000000000000
297;1246476.00000000000000000000000000000000000000000000000000
298;1247628.00000000000000000000000000000000000000000000000000
299;1248340.00000000000000000000000000000000000000000000000000
300;1249604.00000000000000000000000000000000000000000000000000
301;1250748.00000000000000000000000000000000000000000000000000
302;1250956.00000000000000000000000000000000000000000000000000
303;1252076.00000000000000000000000000000000000000000000000000
304;1253788.00000000000000000000000000000000000000000000000000
305;1254056.00000000000000000000000000000000000000000000000000
306;1254092.00000000000000000000000000000000000000000000000000
307;1254064.00000000000000000000000000000000000000000000000000
308;1254068.00000000000000000000000000000000000000000000000000
309;1254324.00000000000000000000000000000000000000000000000000
310;1254068.00000000000000000000000000000000000000000000000000
311;1254292.00000000000000000000000000000000000000000000000000
312;1245044.00000000000000000000000000000000000000000000000000
313;1245012.00000000000000000000000000000000000000000000000000
314;1245560.00000000000000000000000000000000000000000000000000
315;1246948.00000000000000000000000000000000000000000000000000
316;1246972.00000000000000000000000000000000000000000000000000
317;1248236.00000000000000000000000000000000000000000000000000
318;1249460.00000000000000000000000000000000000000000000000000
319;1250772.00000000000000000000000000000000000000000000000000
320;1251940.00000000000000000000000000000000000000000000000000
321;1253520.00000000000000000000000000000000000000000000000000
322;1254660.00000000000000000000000000000000000000000000000000
323;1254472.00000000000000000000000000000000000000000000000000
324;1254788.00000000000000000000000000000000000000000000000000
325;1254788.00000000000000000000000000000000000000000000000000
326;1254820.00000000000000000000000000000000000000000000000000
327;1254792.00000000000000000000000000000000000000000000000000
328;1254680.00000000000000000000000000000000000000000000000000
329;1245252.00000000000000000000000000000000000000000000000000
330;1246732.00000000000000000000000000000000000000000000000000
331;1246936.00000000000000000000000000000000000000000000000000
332;1247188.00000000000000000000000000000000000000000000000000
333;1247724.00000000000000000000000000000000000000000000000000
334;1247840.00000000000000000000000000000000000000000000000000
335;1249560.00000000000000000000000000000000000000000000000000
336;1250500.00000000000000000000000000000000000000000000000000
337;1251480.00000000000000000000000000000000000000000000000000
338;1252308.00000000000000000000000000000000000000000000000000
339;1254208.00000000000000000000000000000000000000000000000000
340;1253948.00000000000000000000000000000000000000000000000000
341;1254204.00000000000000000000000000000000000000000000000000
342;1254204.00000000000000000000000000000000000000000000000000
343;1253948.00000000000000000000000000000000000000000000000000
344;1253948.00000000000000000000000000000000000000000000000000
345;1253980.00000000000000000000000000000000000000000000000000
346;1253944.00000000000000000000000000000000000000000000000000
347;1245620.00000000000000000000000000000000000000000000000000
348;1246104.00000000000000000000000000000000000000000000000000
349;1246484.00000000000000000000000000000000000000000000000000
350;1246920.00000000000000000000000000000000000000000000000000
351;1247316.00000000000000000000000000000000000000000000000000
352;1248116.00000000000000000000000000000000000000000000000000
353;1249200.00000000000000000000000000000000000000000000000000
354;1250064.00000000000000000000000000000000000000000000000000
355;1251552.00000000000000000000000000000000000000000000000000
356;1253344.00000000000000000000000000000000000000000000000000
357;1253500.00000000000000000000000000000000000000000000000000
358;1253724.00000000000000000000000000000000000000000000000000
359;1253592.00000000000000000000000000000000000000000000000000
360;1253468.00000000000000000000000000000000000000000000000000
361;1253536.00000000000000000000000000000000000000000000000000
362;1253724.00000000000000000000000000000000000000000000000000
363;1253940.00000000000000000000000000000000000000000000000000
364;1254748.00000000000000000000000000000000000000000000000000
365;1254488.00000000000000000000000000000000000000000000000000
366;1254772.00000000000000000000000000000000000000000000000000
367;1254780.00000000000000000000000000000000000000000000000000
368;1254848.00000000000000000000000000000000000000000000000000
369;1254440.00000000000000000000000000000000000000000000000000
370;1254784.00000000000000000000000000000000000000000000000000
371;1254536.00000000000000000000000000000000000000000000000000
372;1254880.00000000000000000000000000000000000000000000000000
373;1255136.00000000000000000000000000000000000000000000000000
374;1255984.00000000000000000000000000000000000000000000000000
375;1256080.00000000000000000000000000000000000000000000000000
376;1255980.00000000000000000000000000000000000000000000000000
377;1255888.00000000000000000000000000000000000000000000000000
378;1255856.00000000000000000000000000000000000000000000000000
379;1256112.00000000000000000000000000000000000000000000000000
380;1255888.00000000000000000000000000000000000000000000000000
381;1255888.00000000000000000000000000000000000000000000000000
382;1256312.00000000000000000000000000000000000000000000000000
383;1256636.00000000000000000000000000000000000000000000000000
384;1256612.00000000000000000000000000000000000000000000000000
385;1256624.00000000000000000000000000000000000000000000000000
386;1256200.00000000000000000000000000000000000000000000000000
387;1255216.00000000000000000000000000000000000000000000000000
388;1255664.00000000000000000000000000000000000000000000000000
389;1255588.00000000000000000000000000000000000000000000000000
390;1255276.00000000000000000000000000000000000000000000000000
391;1255536.00000000000000000000000000000000000000000000000000
392;1255456.00000000000000000000000000000000000000000000000000
393;1256340.00000000000000000000000000000000000000000000000000
394;1256196.00000000000000000000000000000000000000000000000000
395;1256264.00000000000000000000000000000000000000000000000000
396;1256260.00000000000000000000000000000000000000000000000000
397;1256196.00000000000000000000000000000000000000000000000000
398;1256232.00000000000000000000000000000000000000000000000000
399;1256452.00000000000000000000000000000000000000000000000000
400;1256452.00000000000000000000000000000000000000000000000000
401;1256792.00000000000000000000000000000000000000000000000000
402;1256780.00000000000000000000000000000000000000000000000000
403;1256744.00000000000000000000000000000000000000000000000000
404;1256836.00000000000000000000000000000000000000000000000000
405;1256744.00000000000000000000000000000000000000000000000000
406;1256808.00000000000000000000000000000000000000000000000000
407;1256684.00000000000000000000000000000000000000000000000000
408;1256728.00000000000000000000000000000000000000000000000000
409;1256812.00000000000000000000000000000000000000000000000000
410;1257168.00000000000000000000000000000000000000000000000000
411;1256128.00000000000000000000000000000000000000000000000000
412;1255996.00000000000000000000000000000000000000000000000000
413;1256132.00000000000000000000000000000000000000000000000000
414;1256132.00000000000000000000000000000000000000000000000000
415;1256004.00000000000000000000000000000000000000000000000000
416;1255940.00000000000000000000000000000000000000000000000000
417;1256008.00000000000000000000000000000000000000000000000000
418;1255908.00000000000000000000000000000000000000000000000000
419;1256672.00000000000000000000000000000000000000000000000000
420;1256752.00000000000000000000000000000000000000000000000000
421;1256024.00000000000000000000000000000000000000000000000000
422;1256820.00000000000000000000000000000000000000000000000000
423;1256876.00000000000000000000000000000000000000000000000000
424;1256876.00000000000000000000000000000000000000000000000000
425;1256932.00000000000000000000000000000000000000000000000000
426;1257040.00000000000000000000000000000000000000000000000000
427;1257036.00000000000000000000000000000000000000000000000000
428;1256896.00000000000000000000000000000000000000000000000000
429;1256660.00000000000000000000000000000000000000000000000000
430;1256436.00000000000000000000000000000000000000000000000000
431;1256660.00000000000000000000000000000000000000000000000000
432;1256436.00000000000000000000000000000000000000000000000000
433;1256472.00000000000000000000000000000000000000000000000000
434;1256660.00000000000000000000000000000000000000000000000000
435;1256472.00000000000000000000000000000000000000000000000000
436;1256400.00000000000000000000000000000000000000000000000000
437;1256568.00000000000000000000000000000000000000000000000000
438;1256884.00000000000000000000000000000000000000000000000000
439;1256476.00000000000000000000000000000000000000000000000000
440;1256800.00000000000000000000000000000000000000000000000000
441;1256852.00000000000000000000000000000000000000000000000000
442;1256852.00000000000000000000000000000000000000000000000000
443;1256852.00000000000000000000000000000000000000000000000000
444;1256904.00000000000000000000000000000000000000000000000000
445;1256916.00000000000000000000000000000000000000000000000000
446;1256628.00000000000000000000000000000000000000000000000000
447;1256616.00000000000000000000000000000000000000000000000000
448;1256432.00000000000000000000000000000000000000000000000000
449;1256432.00000000000000000000000000000000000000000000000000
450;1256552.00000000000000000000000000000000000000000000000000
451;1256400.00000000000000000000000000000000000000000000000000
452;1256432.00000000000000000000000000000000000000000000000000
453;1256464.00000000000000000000000000000000000000000000000000
454;1256512.00000000000000000000000000000000000000000000000000
455;1256892.00000000000000000000000000000000000000000000000000
456;1256948.00000000000000000000000000000000000000000000000000
457;1256924.00000000000000000000000000000000000000000000000000
458;1257016.00000000000000000000000000000000000000000000000000
459;1256992.00000000000000000000000000000000000000000000000000
460;1257096.00000000000000000000000000000000000000000000000000
461;1256852.00000000000000000000000000000000000000000000000000
462;1257056.00000000000000000000000000000000000000000000000000
463;1257040.00000000000000000000000000000000000000000000000000
464;1256944.00000000000000000000000000000000000000000000000000
465;1256988.00000000000000000000000000000000000000000000000000
466;1256968.00000000000000000000000000000000000000000000000000
467;1256712.00000000000000000000000000000000000000000000000000
468;1256836.00000000000000000000000000000000000000000000000000
469;1256744.00000000000000000000000000000000000000000000000000
470;1256968.00000000000000000000000000000000000000000000000000
471;1256712.00000000000000000000000000000000000000000000000000
472;1256776.00000000000000000000000000000000000000000000000000
473;1256836.00000000000000000000000000000000000000000000000000
474;1256844.00000000000000000000000000000000000000000000000000
475;1256596.00000000000000000000000000000000000000000000000000
476;1256856.00000000000000000000000000000000000000000000000000
477;1256856.00000000000000000000000000000000000000000000000000
478;1256856.00000000000000000000000000000000000000000000000000
479;1256600.00000000000000000000000000000000000000000000000000
480;1256896.00000000000000000000000000000000000000000000000000
481;1257036.00000000000000000000000000000000000000000000000000
482;1257032.00000000000000000000000000000000000000000000000000
483;1257120.00000000000000000000000000000000000000000000000000
484;1257152.00000000000000000000000000000000000000000000000000
485;1257376.00000000000000000000000000000000000000000000000000
486;1257188.00000000000000000000000000000000000000000000000000
487;1257152.00000000000000000000000000000000000000000000000000
488;1257152.00000000000000000000000000000000000000000000000000
489;1257244.00000000000000000000000000000000000000000000000000
490;1257120.00000000000000000000000000000000000000000000000000
491;1257968.00000000000000000000000000000000000000000000000000
492;1258004.00000000000000000000000000000000000000000000000000
493;1258144.00000000000000000000000000000000000000000000000000
494;1258144.00000000000000000000000000000000000000000000000000
495;1258192.00000000000000000000000000000000000000000000000000
496;1257932.00000000000000000000000000000000000000000000000000
497;1258192.00000000000000000000000000000000000000000000000000
498;1258192.00000000000000000000000000000000000000000000000000
499;1258064.00000000000000000000000000000000000000000000000000
500;1258056.00000000000000000000000000000000000000000000000000
501;1257772.00000000000000000000000000000000000000000000000000
502;1257584.00000000000000000000000000000000000000000000000000
503;1257772.00000000000000000000000000000000000000000000000000
504;1257548.00000000000000000000000000000000000000000000000000
505;1257584.00000000000000000000000000000000000000000000000000
506;1257516.00000000000000000000000000000000000000000000000000
507;1257668.00000000000000000000000000000000000000000000000000
508;1257512.00000000000000000000000000000000000000000000000000
509;1257916.00000000000000000000000000000000000000000000000000
510;1258052.00000000000000000000000000000000000000000000000000
511;1258048.00000000000000000000000000000000000000000000000000
512;1258008.00000000000000000000000000000000000000000000000000
513;1258008.00000000000000000000000000000000000000000000000000
514;1258060.00000000000000000000000000000000000000000000000000
515;1258060.00000000000000000000000000000000000000000000000000
516;1257928.00000000000000000000000000000000000000000000000000
517;1258208.00000000000000000000000000000000000000000000000000
518;1258060.00000000000000000000000000000000000000000000000000
519;1258060.00000000000000000000000000000000000000000000000000
520;1258204.00000000000000000000000000000000000000000000000000
521;1257876.00000000000000000000000000000000000000000000000000
522;1257996.00000000000000000000000000000000000000000000000000
523;1258100.00000000000000000000000000000000000000000000000000
524;1257880.00000000000000000000000000000000000000000000000000
525;1257876.00000000000000000000000000000000000000000000000000
526;1258100.00000000000000000000000000000000000000000000000000
527;1257912.00000000000000000000000000000000000000000000000000
528;1257996.00000000000000000000000000000000000000000000000000
529;1258280.00000000000000000000000000000000000000000000000000
530;1258440.00000000000000000000000000000000000000000000000000
531;1258288.00000000000000000000000000000000000000000000000000
532;1258048.00000000000000000000000000000000000000000000000000
533;1258056.00000000000000000000000000000000000000000000000000
534;1258356.00000000000000000000000000000000000000000000000000
535;1258364.00000000000000000000000000000000000000000000000000
536;1258428.00000000000000000000000000000000000000000000000000
537;1258336.00000000000000000000000000000000000000000000000000
538;1258348.00000000000000000000000000000000000000000000000000
539;1258328.00000000000000000000000000000000000000000000000000
540;1258352.00000000000000000000000000000000000000000000000000
541;1258216.00000000000000000000000000000000000000000000000000
542;1257988.00000000000000000000000000000000000000000000000000
543;1257984.00000000000000000000000000000000000000000000000000
544;1257992.00000000000000000000000000000000000000000000000000
545;1258056.00000000000000000000000000000000000000000000000000
546;1257992.00000000000000000000000000000000000000000000000000
547;1257988.00000000000000000000000000000000000000000000000000
548;1258056.00000000000000000000000000000000000000000000000000
549;1258408.00000000000000000000000000000000000000000000000000
550;1258508.00000000000000000000000000000000000000000000000000
551;1258536.00000000000000000000000000000000000000000000000000
552;1258644.00000000000000000000000000000000000000000000000000
553;1258544.00000000000000000000000000000000000000000000000000
554;1258532.00000000000000000000000000000000000000000000000000
555;1258240.00000000000000000000000000000000000000000000000000
556;1258492.00000000000000000000000000000000000000000000000000
557;1258492.00000000000000000000000000000000000000000000000000
558;1258144.00000000000000000000000000000000000000000000000000
559;1258544.00000000000000000000000000000000000000000000000000
560;1258544.00000000000000000000000000000000000000000000000000
561;1258132.00000000000000000000000000000000000000000000000000
562;1258228.00000000000000000000000000000000000000000000000000
563;1258164.00000000000000000000000000000000000000000000000000
564;1258100.00000000000000000000000000000000000000000000000000
565;1258100.00000000000000000000000000000000000000000000000000
566;1258356.00000000000000000000000000000000000000000000000000
567;1258164.00000000000000000000000000000000000000000000000000
568;1258228.00000000000000000000000000000000000000000000000000
569;1258100.00000000000000000000000000000000000000000000000000
570;1258620.00000000000000000000000000000000000000000000000000
571;1258368.00000000000000000000000000000000000000000000000000
572;1258368.00000000000000000000000000000000000000000000000000
573;1258468.00000000000000000000000000000000000000000000000000
574;1258500.00000000000000000000000000000000000000000000000000
575;1258436.00000000000000000000000000000000000000000000000000
576;1258576.00000000000000000000000000000000000000000000000000
577;1258128.00000000000000000000000000000000000000000000000000
578;1258580.00000000000000000000000000000000000000000000000000
579;1258208.00000000000000000000000000000000000000000000000000
580;1258148.00000000000000000000000000000000000000000000000000
581;1258012.00000000000000000000000000000000000000000000000000
582;1258124.00000000000000000000000000000000000000000000000000
583;1258060.00000000000000000000000000000000000000000000000000
584;1258060.00000000000000000000000000000000000000000000000000
585;1258316.00000000000000000000000000000000000000000000000000
586;1258124.00000000000000000000000000000000000000000000000000
587;1258124.00000000000000000000000000000000000000000000000000
588;1258548.00000000000000000000000000000000000000000000000000
589;1258612.00000000000000000000000000000000000000000000000000
590;1258628.00000000000000000000000000000000000000000000000000
591;1258580.00000000000000000000000000000000000000000000000000
592;1258644.00000000000000000000000000000000000000000000000000
593;1258684.00000000000000000000000000000000000000000000000000
594;1258724.00000000000000000000000000000000000000000000000000
595;1258456.00000000000000000000000000000000000000000000000000
596;1258840.00000000000000000000000000000000000000000000000000
597;1258696.00000000000000000000000000000000000000000000000000
598;1258700.00000000000000000000000000000000000000000000000000
599;1258916.00000000000000000000000000000000000000000000000000
600;1259672.00000000000000000000000000000000000000000000000000
601;1259636.00000000000000000000000000000000000000000000000000
602;1259732.00000000000000000000000000000000000000000000000000
603;1259728.00000000000000000000000000000000000000000000000000
604;1259860.00000000000000000000000000000000000000000000000000
605;1259680.00000000000000000000000000000000000000000000000000
606;1259604.00000000000000000000000000000000000000000000000000
607;1259972.00000000000000000000000000000000000000000000000000
608;1259872.00000000000000000000000000000000000000000000000000
609;1260044.00000000000000000000000000000000000000000000000000
610;1260164.00000000000000000000000000000000000000000000000000
611;1260152.00000000000000000000000000000000000000000000000000
612;1260252.00000000000000000000000000000000000000000000000000
613;1260212.00000000000000000000000000000000000000000000000000
614;1260252.00000000000000000000000000000000000000000000000000
615;1260252.00000000000000000000000000000000000000000000000000
616;1260320.00000000000000000000000000000000000000000000000000
617;1259972.00000000000000000000000000000000000000000000000000
618;1260036.00000000000000000000000000000000000000000000000000
619;1259388.00000000000000000000000000000000000000000000000000
620;1259648.00000000000000000000000000000000000000000000000000
621;1259392.00000000000000000000000000000000000000000000000000
622;1259456.00000000000000000000000000000000000000000000000000
623;1259456.00000000000000000000000000000000000000000000000000
624;1259648.00000000000000000000000000000000000000000000000000
625;1259456.00000000000000000000000000000000000000000000000000
626;1259992.00000000000000000000000000000000000000000000000000
627;1260328.00000000000000000000000000000000000000000000000000
628;1260380.00000000000000000000000000000000000000000000000000
629;1260348.00000000000000000000000000000000000000000000000000
630;1260432.00000000000000000000000000000000000000000000000000
631;1260436.00000000000000000000000000000000000000000000000000
632;1260524.00000000000000000000000000000000000000000000000000
633;1260280.00000000000000000000000000000000000000000000000000
634;1259260.00000000000000000000000000000000000000000000000000
635;1260228.00000000000000000000000000000000000000000000000000
636;1260340.00000000000000000000000000000000000000000000000000
637;1260068.00000000000000000000000000000000000000000000000000
638;1259480.00000000000000000000000000000000000000000000000000
639;1259672.00000000000000000000000000000000000000000000000000
640;1259672.00000000000000000000000000000000000000000000000000
641;1259672.00000000000000000000000000000000000000000000000000
642;1259416.00000000000000000000000000000000000000000000000000
643;1259480.00000000000000000000000000000000000000000000000000
644;1259544.00000000000000000000000000000000000000000000000000
645;1259440.00000000000000000000000000000000000000000000000000
646;1260056.00000000000000000000000000000000000000000000000000
647;1260024.00000000000000000000000000000000000000000000000000
648;1260024.00000000000000000000000000000000000000000000000000
649;1260368.00000000000000000000000000000000000000000000000000
650;1259724.00000000000000000000000000000000000000000000000000
651;1260068.00000000000000000000000000000000000000000000000000
652;1260008.00000000000000000000000000000000000000000000000000
653;1260076.00000000000000000000000000000000000000000000000000
654;1260076.00000000000000000000000000000000000000000000000000
655;1260232.00000000000000000000000000000000000000000000000000
656;1259644.00000000000000000000000000000000000000000000000000
657;1259612.00000000000000000000000000000000000000000000000000
658;1259872.00000000000000000000000000000000000000000000000000
659;1259608.00000000000000000000000000000000000000000000000000
660;1259676.00000000000000000000000000000000000000000000000000
661;1259868.00000000000000000000000000000000000000000000000000
662;1259612.00000000000000000000000000000000000000000000000000
663;1259676.00000000000000000000000000000000000000000000000000
664;1260056.00000000000000000000000000000000000000000000000000
665;1260100.00000000000000000000000000000000000000000000000000
666;1260140.00000000000000000000000000000000000000000000000000
667;1260140.00000000000000000000000000000000000000000000000000
668;1260256.00000000000000000000000000000000000000000000000000
669;1260168.00000000000000000000000000000000000000000000000000
670;1260276.00000000000000000000000000000000000000000000000000
671;1260320.00000000000000000000000000000000000000000000000000
672;1260280.00000000000000000000000000000000000000000000000000
673;1260352.00000000000000000000000000000000000000000000000000
674;1259776.00000000000000000000000000000000000000000000000000
675;1260052.00000000000000000000000000000000000000000000000000
676;1259792.00000000000000000000000000000000000000000000000000
677;1260052.00000000000000000000000000000000000000000000000000
678;1259796.00000000000000000000000000000000000000000000000000
679;1260052.00000000000000000000000000000000000000000000000000
680;1259796.00000000000000000000000000000000000000000000000000
681;1260052.00000000000000000000000000000000000000000000000000
682;1260256.00000000000000000000000000000000000000000000000000
683;1260352.00000000000000000000000000000000000000000000000000
684;1260392.00000000000000000000000000000000000000000000000000
685;1260532.00000000000000000000000000000000000000000000000000
686;1260388.00000000000000000000000000000000000000000000000000
687;1260232.00000000000000000000000000000000000000000000000000
688;1259952.00000000000000000000000000000000000000000000000000
689;1260252.00000000000000000000000000000000000000000000000000
690;1260264.00000000000000000000000000000000000000000000000000
691;1260280.00000000000000000000000000000000000000000000000000
692;1260072.00000000000000000000000000000000000000000000000000
693;1259388.00000000000000000000000000000000000000000000000000
694;1259648.00000000000000000000000000000000000000000000000000
695;1259424.00000000000000000000000000000000000000000000000000
696;1259424.00000000000000000000000000000000000000000000000000
697;1259648.00000000000000000000000000000000000000000000000000
698;1259392.00000000000000000000000000000000000000000000000000
699;1259456.00000000000000000000000000000000000000000000000000
700;1260160.00000000000000000000000000000000000000000000000000
701;1260164.00000000000000000000000000000000000000000000000000
702;1260176.00000000000000000000000000000000000000000000000000
703;1260220.00000000000000000000000000000000000000000000000000
704;1260220.00000000000000000000000000000000000000000000000000
705;1259964.00000000000000000000000000000000000000000000000000
706;1260220.00000000000000000000000000000000000000000000000000
707;1260436.00000000000000000000000000000000000000000000000000
708;1260176.00000000000000000000000000000000000000000000000000
709;1259952.00000000000000000000000000000000000000000000000000
710;1260096.00000000000000000000000000000000000000000000000000
711;1259392.00000000000000000000000000000000000000000000000000
712;1259392.00000000000000000000000000000000000000000000000000
713;1259328.00000000000000000000000000000000000000000000000000
714;1259328.00000000000000000000000000000000000000000000000000
715;1259392.00000000000000000000000000000000000000000000000000
716;1259392.00000000000000000000000000000000000000000000000000
717;1259328.00000000000000000000000000000000000000000000000000
718;1260100.00000000000000000000000000000000000000000000000000
719;1260008.00000000000000000000000000000000000000000000000000
720;1260136.00000000000000000000000000000000000000000000000000
721;1260148.00000000000000000000000000000000000000000000000000
722;1260120.00000000000000000000000000000000000000000000000000
723;1260280.00000000000000000000000000000000000000000000000000
724;1260144.00000000000000000000000000000000000000000000000000
725;1260160.00000000000000000000000000000000000000000000000000
726;1260316.00000000000000000000000000000000000000000000000000
727;1260288.00000000000000000000000000000000000000000000000000
728;1260240.00000000000000000000000000000000000000000000000000
729;1259872.00000000000000000000000000000000000000000000000000
730;1259752.00000000000000000000000000000000000000000000000000
731;1259876.00000000000000000000000000000000000000000000000000
732;1259748.00000000000000000000000000000000000000000000000000
733;1259752.00000000000000000000000000000000000000000000000000
734;1260008.00000000000000000000000000000000000000000000000000
735;1259812.00000000000000000000000000000000000000000000000000
736;1259876.00000000000000000000000000000000000000000000000000
737;1259780.00000000000000000000000000000000000000000000000000
738;1260132.00000000000000000000000000000000000000000000000000
739;1259968.00000000000000000000000000000000000000000000000000
740;1260136.00000000000000000000000000000000000000000000000000
741;1259720.00000000000000000000000000000000000000000000000000
742;1260436.00000000000000000000000000000000000000000000000000
743;1260144.00000000000000000000000000000000000000000000000000
744;1260072.00000000000000000000000000000000000000000000000000
745;1260360.00000000000000000000000000000000000000000000000000
746;1260252.00000000000000000000000000000000000000000000000000
747;1260260.00000000000000000000000000000000000000000000000000
748;1260276.00000000000000000000000000000000000000000000000000
749;1259856.00000000000000000000000000000000000000000000000000
750;1259824.00000000000000000000000000000000000000000000000000
751;1259824.00000000000000000000000000000000000000000000000000
752;1259820.00000000000000000000000000000000000000000000000000
753;1259828.00000000000000000000000000000000000000000000000000
754;1260080.00000000000000000000000000000000000000000000000000
755;1259824.00000000000000000000000000000000000000000000000000
756;1259860.00000000000000000000000000000000000000000000000000
757;1260080.00000000000000000000000000000000000000000000000000
758;1260228.00000000000000000000000000000000000000000000000000
759;1260132.00000000000000000000000000000000000000000000000000
760;1260140.00000000000000000000000000000000000000000000000000
761;1260200.00000000000000000000000000000000000000000000000000
762;1260176.00000000000000000000000000000000000000000000000000
763;1260200.00000000000000000000000000000000000000000000000000
764;1259956.00000000000000000000000000000000000000000000000000
765;1260324.00000000000000000000000000000000000000000000000000
766;1260160.00000000000000000000000000000000000000000000000000
767;1260284.00000000000000000000000000000000000000000000000000
768;1260036.00000000000000000000000000000000000000000000000000
769;1259888.00000000000000000000000000000000000000000000000000
770;1259832.00000000000000000000000000000000000000000000000000
771;1259768.00000000000000000000000000000000000000000000000000
772;1259800.00000000000000000000000000000000000000000000000000
773;1259992.00000000000000000000000000000000000000000000000000
774;1259832.00000000000000000000000000000000000000000000000000
775;1259768.00000000000000000000000000000000000000000000000000
776;1260024.00000000000000000000000000000000000000000000000000
777;1260276.00000000000000000000000000000000000000000000000000
778;1260192.00000000000000000000000000000000000000000000000000
779;1260352.00000000000000000000000000000000000000000000000000
780;1260188.00000000000000000000000000000000000000000000000000
781;1260580.00000000000000000000000000000000000000000000000000
782;1260408.00000000000000000000000000000000000000000000000000
783;1260504.00000000000000000000000000000000000000000000000000
784;1260212.00000000000000000000000000000000000000000000000000
785;1260448.00000000000000000000000000000000000000000000000000
786;1260472.00000000000000000000000000000000000000000000000000
787;1259584.00000000000000000000000000000000000000000000000000
788;1259700.00000000000000000000000000000000000000000000000000
789;1259804.00000000000000000000000000000000000000000000000000
790;1259804.00000000000000000000000000000000000000000000000000
791;1259804.00000000000000000000000000000000000000000000000000
792;1259804.00000000000000000000000000000000000000000000000000
793;1259580.00000000000000000000000000000000000000000000000000
794;1260072.00000000000000000000000000000000000000000000000000
795;1260324.00000000000000000000000000000000000000000000000000
796;1260100.00000000000000000000000000000000000000000000000000
797;1260436.00000000000000000000000000000000000000000000000000
798;1260336.00000000000000000000000000000000000000000000000000
799;1260320.00000000000000000000000000000000000000000000000000
800;1260108.00000000000000000000000000000000000000000000000000
801;1260340.00000000000000000000000000000000000000000000000000
802;1260152.00000000000000000000000000000000000000000000000000
803;1260348.00000000000000000000000000000000000000000000000000
804;1260420.00000000000000000000000000000000000000000000000000
805;1260020.00000000000000000000000000000000000000000000000000
806;1260020.00000000000000000000000000000000000000000000000000
807;1260212.00000000000000000000000000000000000000000000000000
808;1260212.00000000000000000000000000000000000000000000000000
809;1259956.00000000000000000000000000000000000000000000000000
810;1259956.00000000000000000000000000000000000000000000000000
811;1260020.00000000000000000000000000000000000000000000000000
812;1259960.00000000000000000000000000000000000000000000000000
813;1260344.00000000000000000000000000000000000000000000000000
814;1260444.00000000000000000000000000000000000000000000000000
815;1260496.00000000000000000000000000000000000000000000000000
816;1260464.00000000000000000000000000000000000000000000000000
817;1260560.00000000000000000000000000000000000000000000000000
818;1260520.00000000000000000000000000000000000000000000000000
819;1260484.00000000000000000000000000000000000000000000000000
820;1260568.00000000000000000000000000000000000000000000000000
821;1260604.00000000000000000000000000000000000000000000000000
822;1260608.00000000000000000000000000000000000000000000000000
823;1260284.00000000000000000000000000000000000000000000000000
824;1259716.00000000000000000000000000000000000000000000000000
825;1259684.00000000000000000000000000000000000000000000000000
826;1259908.00000000000000000000000000000000000000000000000000
827;1259768.00000000000000000000000000000000000000000000000000
828;1259880.00000000000000000000000000000000000000000000000000
829;1259684.00000000000000000000000000000000000000000000000000
830;1259652.00000000000000000000000000000000000000000000000000
831;1259692.00000000000000000000000000000000000000000000000000
832;1260300.00000000000000000000000000000000000000000000000000
833;1260036.00000000000000000000000000000000000000000000000000
834;1260408.00000000000000000000000000000000000000000000000000
835;1260128.00000000000000000000000000000000000000000000000000
836;1260108.00000000000000000000000000000000000000000000000000
837;1260420.00000000000000000000000000000000000000000000000000
838;1260248.00000000000000000000000000000000000000000000000000
839;1260412.00000000000000000000000000000000000000000000000000
840;1260480.00000000000000000000000000000000000000000000000000
841;1260524.00000000000000000000000000000000000000000000000000
842;1260476.00000000000000000000000000000000000000000000000000
843;1260080.00000000000000000000000000000000000000000000000000
844;1259996.00000000000000000000000000000000000000000000000000
845;1259996.00000000000000000000000000000000000000000000000000
846;1260184.00000000000000000000000000000000000000000000000000
847;1260056.00000000000000000000000000000000000000000000000000
848;1259996.00000000000000000000000000000000000000000000000000
849;1259928.00000000000000000000000000000000000000000000000000
850;1259928.00000000000000000000000000000000000000000000000000
851;1259992.00000000000000000000000000000000000000000000000000
852;1260352.00000000000000000000000000000000000000000000000000
853;1260116.00000000000000000000000000000000000000000000000000
854;1260436.00000000000000000000000000000000000000000000000000
855;1260176.00000000000000000000000000000000000000000000000000
856;1260436.00000000000000000000000000000000000000000000000000
857;1260272.00000000000000000000000000000000000000000000000000
858;1260480.00000000000000000000000000000000000000000000000000
859;1260316.00000000000000000000000000000000000000000000000000
860;1260328.00000000000000000000000000000000000000000000000000
861;1260400.00000000000000000000000000000000000000000000000000
862;1260000.00000000000000000000000000000000000000000000000000
863;1259912.00000000000000000000000000000000000000000000000000
864;1259984.00000000000000000000000000000000000000000000000000
865;1260140.00000000000000000000000000000000000000000000000000
866;1259912.00000000000000000000000000000000000000000000000000
867;1260172.00000000000000000000000000000000000000000000000000
868;1259916.00000000000000000000000000000000000000000000000000
869;1260172.00000000000000000000000000000000000000000000000000
870;1260300.00000000000000000000000000000000000000000000000000
871;1260312.00000000000000000000000000000000000000000000000000
872;1260296.00000000000000000000000000000000000000000000000000
873;1260348.00000000000000000000000000000000000000000000000000
874;1260364.00000000000000000000000000000000000000000000000000
875;1260376.00000000000000000000000000000000000000000000000000
876;1260132.00000000000000000000000000000000000000000000000000
877;1260144.00000000000000000000000000000000000000000000000000
878;1260364.00000000000000000000000000000000000000000000000000
879;1260492.00000000000000000000000000000000000000000000000000
880;1260404.00000000000000000000000000000000000000000000000000
881;1259948.00000000000000000000000000000000000000000000000000
882;1259620.00000000000000000000000000000000000000000000000000
883;1259812.00000000000000000000000000000000000000000000000000
884;1259620.00000000000000000000000000000000000000000000000000
885;1259652.00000000000000000000000000000000000000000000000000
886;1259588.00000000000000000000000000000000000000000000000000
887;1259588.00000000000000000000000000000000000000000000000000
888;1259588.00000000000000000000000000000000000000000000000000
889;1260392.00000000000000000000000000000000000000000000000000
890;1260124.00000000000000000000000000000000000000000000000000
891;1260412.00000000000000000000000000000000000000000000000000
892;1260472.00000000000000000000000000000000000000000000000000
893;1260476.00000000000000000000000000000000000000000000000000
894;1260236.00000000000000000000000000000000000000000000000000
895;1260484.00000000000000000000000000000000000000000000000000
896;1260316.00000000000000000000000000000000000000000000000000
897;1260528.00000000000000000000000000000000000000000000000000
898;1260564.00000000000000000000000000000000000000000000000000
899;1260524.00000000000000000000000000000000000000000000000000
900;1259764.00000000000000000000000000000000000000000000000000
901;1259792.00000000000000000000000000000000000000000000000000
902;1259796.00000000000000000000000000000000000000000000000000
903;1259984.00000000000000000000000000000000000000000000000000
904;1260016.00000000000000000000000000000000000000000000000000
905;1260016.00000000000000000000000000000000000000000000000000
906;1259796.00000000000000000000000000000000000000000000000000
907;1259836.00000000000000000000000000000000000000000000000000
908;1260404.00000000000000000000000000000000000000000000000000
909;1260516.00000000000000000000000000000000000000000000000000
910;1260516.00000000000000000000000000000000000000000000000000
911;1260176.00000000000000000000000000000000000000000000000000
912;1260436.00000000000000000000000000000000000000000000000000
913;1260452.00000000000000000000000000000000000000000000000000
914;1260456.00000000000000000000000000000000000000000000000000
915;1260464.00000000000000000000000000000000000000000000000000
916;1260532.00000000000000000000000000000000000000000000000000
917;1260540.00000000000000000000000000000000000000000000000000
918;1260048.00000000000000000000000000000000000000000000000000
919;1260144.00000000000000000000000000000000000000000000000000
920;1260076.00000000000000000000000000000000000000000000000000
921;1260108.00000000000000000000000000000000000000000000000000
922;1260332.00000000000000000000000000000000000000000000000000
923;1260300.00000000000000000000000000000000000000000000000000
924;1260072.00000000000000000000000000000000000000000000000000
925;1260072.00000000000000000000000000000000000000000000000000
926;1260108.00000000000000000000000000000000000000000000000000
927;1260660.00000000000000000000000000000000000000000000000000
928;1260660.00000000000000000000000000000000000000000000000000
929;1260568.00000000000000000000000000000000000000000000000000
930;1260516.00000000000000000000000000000000000000000000000000
931;1260580.00000000000000000000000000000000000000000000000000
932;1260580.00000000000000000000000000000000000000000000000000
933;1260580.00000000000000000000000000000000000000000000000000
934;1260524.00000000000000000000000000000000000000000000000000
935;1260592.00000000000000000000000000000000000000000000000000
936;1260696.00000000000000000000000000000000000000000000000000
937;1259816.00000000000000000000000000000000000000000000000000
938;1259836.00000000000000000000000000000000000000000000000000
939;1259900.00000000000000000000000000000000000000000000000000
940;1259868.00000000000000000000000000000000000000000000000000
941;1259900.00000000000000000000000000000000000000000000000000
942;1259964.00000000000000000000000000000000000000000000000000
943;1259868.00000000000000000000000000000000000000000000000000
944;1259836.00000000000000000000000000000000000000000000000000
945;1260220.00000000000000000000000000000000000000000000000000
946;1260680.00000000000000000000000000000000000000000000000000
947;1260588.00000000000000000000000000000000000000000000000000
948;1260592.00000000000000000000000000000000000000000000000000
949;1260464.00000000000000000000000000000000000000000000000000
950;1260424.00000000000000000000000000000000000000000000000000
951;1260584.00000000000000000000000000000000000000000000000000
952;1260728.00000000000000000000000000000000000000000000000000
953;1260724.00000000000000000000000000000000000000000000000000
954;1260760.00000000000000000000000000000000000000000000000000
955;1260772.00000000000000000000000000000000000000000000000000
956;1260456.00000000000000000000000000000000000000000000000000
957;1260200.00000000000000000000000000000000000000000000000000
958;1260232.00000000000000000000000000000000000000000000000000
959;1260456.00000000000000000000000000000000000000000000000000
960;1260232.00000000000000000000000000000000000000000000000000
961;1260200.00000000000000000000000000000000000000000000000000
962;1260200.00000000000000000000000000000000000000000000000000
963;1260592.00000000000000000000000000000000000000000000000000
964;1260348.00000000000000000000000000000000000000000000000000
965;1260744.00000000000000000000000000000000000000000000000000
966;1260752.00000000000000000000000000000000000000000000000000
967;1260808.00000000000000000000000000000000000000000000000000
968;1260752.00000000000000000000000000000000000000000000000000
969;1260456.00000000000000000000000000000000000000000000000000
970;1260872.00000000000000000000000000000000000000000000000000
971;1260772.00000000000000000000000000000000000000000000000000
972;1260716.00000000000000000000000000000000000000000000000000
973;1260516.00000000000000000000000000000000000000000000000000
974;1260060.00000000000000000000000000000000000000000000000000
975;1260060.00000000000000000000000000000000000000000000000000
976;1259836.00000000000000000000000000000000000000000000000000
977;1260060.00000000000000000000000000000000000000000000000000
978;1259836.00000000000000000000000000000000000000000000000000
979;1259872.00000000000000000000000000000000000000000000000000
980;1259868.00000000000000000000000000000000000000000000000000
981;1260360.00000000000000000000000000000000000000000000000000
982;1260404.00000000000000000000000000000000000000000000000000
983;1260596.00000000000000000000000000000000000000000000000000
984;1260572.00000000000000000000000000000000000000000000000000
985;1260544.00000000000000000000000000000000000000000000000000
986;1260564.00000000000000000000000000000000000000000000000000
987;1260536.00000000000000000000000000000000000000000000000000
988;1260396.00000000000000000000000000000000000000000000000000
989;1260720.00000000000000000000000000000000000000000000000000
990;1260432.00000000000000000000000000000000000000000000000000
991;1260432.00000000000000000000000000000000000000000000000000
992;1260440.00000000000000000000000000000000000000000000000000
993;1260244.00000000000000000000000000000000000000000000000000
994;1260240.00000000000000000000000000000000000000000000000000
995;1260244.00000000000000000000000000000000000000000000000000
996;1260308.00000000000000000000000000000000000000000000000000
997;1260500.00000000000000000000000000000000000000000000000000
998;1260308.00000000000000000000000000000000000000000000000000
999;1260244.00000000000000000000000000000000000000000000000000
1000;1260720.00000000000000000000000000000000000000000000000000
1001;1260788.00000000000000000000000000000000000000000000000000
1002;1260812.00000000000000000000000000000000000000000000000000
1003;1260828.00000000000000000000000000000000000000000000000000
1004;1261076.00000000000000000000000000000000000000000000000000
1005;1261060.00000000000000000000000000000000000000000000000000
1006;1260936.00000000000000000000000000000000000000000000000000
1007;1260632.00000000000000000000000000000000000000000000000000
1008;1260944.00000000000000000000000000000000000000000000000000
1009;1260944.00000000000000000000000000000000000000000000000000
1010;1260764.00000000000000000000000000000000000000000000000000
1011;1260512.00000000000000000000000000000000000000000000000000
1012;1260448.00000000000000000000000000000000000000000000000000
1013;1260704.00000000000000000000000000000000000000000000000000
1014;1260448.00000000000000000000000000000000000000000000000000
1015;1260700.00000000000000000000000000000000000000000000000000
1016;1260528.00000000000000000000000000000000000000000000000000
1017;1260460.00000000000000000000000000000000000000000000000000
1018;1260664.00000000000000000000000000000000000000000000000000
1019;1260684.00000000000000000000000000000000000000000000000000
1020;1260728.00000000000000000000000000000000000000000000000000
1021;1260996.00000000000000000000000000000000000000000000000000
1022;1261004.00000000000000000000000000000000000000000000000000
1023;1260896.00000000000000000000000000000000000000000000000000
1024;1260724.00000000000000000000000000000000000000000000000000
1025;1260724.00000000000000000000000000000000000000000000000000
1026;1260736.00000000000000000000000000000000000000000000000000
1027;1260748.00000000000000000000000000000000000000000000000000
1028;1260500.00000000000000000000000000000000000000000000000000
1029;1260272.00000000000000000000000000000000000000000000000000
1030;1260336.00000000000000000000000000000000000000000000000000
1031;1260528.00000000000000000000000000000000000000000000000000
1032;1260272.00000000000000000000000000000000000000000000000000
1033;1260528.00000000000000000000000000000000000000000000000000
1034;1260268.00000000000000000000000000000000000000000000000000
1035;1260336.00000000000000000000000000000000000000000000000000
1036;1260528.00000000000000000000000000000000000000000000000000
1037;1260272.00000000000000000000000000000000000000000000000000
1038;1260636.00000000000000000000000000000000000000000000000000
1039;1260704.00000000000000000000000000000000000000000000000000
1040;1260716.00000000000000000000000000000000000000000000000000
1041;1260472.00000000000000000000000000000000000000000000000000
1042;1260544.00000000000000000000000000000000000000000000000000
1043;1260648.00000000000000000000000000000000000000000000000000
1044;1260752.00000000000000000000000000000000000000000000000000
1045;1260672.00000000000000000000000000000000000000000000000000
1046;1260864.00000000000000000000000000000000000000000000000000
1047;1260748.00000000000000000000000000000000000000000000000000
1048;1260768.00000000000000000000000000000000000000000000000000
1049;1260780.00000000000000000000000000000000000000000000000000
1050;1260360.00000000000000000000000000000000000000000000000000
1051;1260280.00000000000000000000000000000000000000000000000000
1052;1260280.00000000000000000000000000000000000000000000000000
1053;1260504.00000000000000000000000000000000000000000000000000
1054;1260280.00000000000000000000000000000000000000000000000000
1055;1260276.00000000000000000000000000000000000000000000000000
1056;1260344.00000000000000000000000000000000000000000000000000
1057;1260344.00000000000000000000000000000000000000000000000000
1058;1260312.00000000000000000000000000000000000000000000000000
1059;1260668.00000000000000000000000000000000000000000000000000
1060;1260480.00000000000000000000000000000000000000000000000000
1061;1260696.00000000000000000000000000000000000000000000000000
1062;1260760.00000000000000000000000000000000000000000000000000
1063;1260700.00000000000000000000000000000000000000000000000000
1064;1260764.00000000000000000000000000000000000000000000000000
1065;1260820.00000000000000000000000000000000000000000000000000
1066;1260820.00000000000000000000000000000000000000000000000000
1067;1260612.00000000000000000000000000000000000000000000000000
1068;1260868.00000000000000000000000000000000000000000000000000
1069;1260856.00000000000000000000000000000000000000000000000000
1070;1260528.00000000000000000000000000000000000000000000000000
1071;1260512.00000000000000000000000000000000000000000000000000
1072;1260416.00000000000000000000000000000000000000000000000000
1073;1260416.00000000000000000000000000000000000000000000000000
1074;1260436.00000000000000000000000000000000000000000000000000
1075;1260388.00000000000000000000000000000000000000000000000000
1076;1260388.00000000000000000000000000000000000000000000000000
1077;1260388.00000000000000000000000000000000000000000000000000
1078;1260808.00000000000000000000000000000000000000000000000000
1079;1260808.00000000000000000000000000000000000000000000000000
1080;1260736.00000000000000000000000000000000000000000000000000
1081;1260748.00000000000000000000000000000000000000000000000000
1082;1260760.00000000000000000000000000000000000000000000000000
1083;1260772.00000000000000000000000000000000000000000000000000
1084;1260840.00000000000000000000000000000000000000000000000000
1085;1260796.00000000000000000000000000000000000000000000000000
1086;1260648.00000000000000000000000000000000000000000000000000
1087;1260864.00000000000000000000000000000000000000000000000000
1088;1260600.00000000000000000000000000000000000000000000000000
1089;1260488.00000000000000000000000000000000000000000000000000
1090;1260488.00000000000000000000000000000000000000000000000000
1091;1260488.00000000000000000000000000000000000000000000000000
1092;1260416.00000000000000000000000000000000000000000000000000
1093;1260452.00000000000000000000000000000000000000000000000000
1094;1260452.00000000000000000000000000000000000000000000000000
1095;1260488.00000000000000000000000000000000000000000000000000
1096;1260848.00000000000000000000000000000000000000000000000000
1097;1260808.00000000000000000000000000000000000000000000000000
1098;1260816.00000000000000000000000000000000000000000000000000
1099;1260560.00000000000000000000000000000000000000000000000000
1100;1260912.00000000000000000000000000000000000000000000000000
1101;1260816.00000000000000000000000000000000000000000000000000
1102;1261040.00000000000000000000000000000000000000000000000000
1103;1260852.00000000000000000000000000000000000000000000000000
1104;1261136.00000000000000000000000000000000000000000000000000
1105;1261136.00000000000000000000000000000000000000000000000000
1106;1261220.00000000000000000000000000000000000000000000000000
1107;1260960.00000000000000000000000000000000000000000000000000
1108;1260744.00000000000000000000000000000000000000000000000000
1109;1260812.00000000000000000000000000000000000000000000000000
1110;1260812.00000000000000000000000000000000000000000000000000
1111;1260744.00000000000000000000000000000000000000000000000000
1112;1260744.00000000000000000000000000000000000000000000000000
1113;1260744.00000000000000000000000000000000000000000000000000
1114;1260740.00000000000000000000000000000000000000000000000000
1115;1261060.00000000000000000000000000000000000000000000000000
1116;1261272.00000000000000000000000000000000000000000000000000
1117;1261116.00000000000000000000000000000000000000000000000000
1118;1261164.00000000000000000000000000000000000000000000000000
1119;1261164.00000000000000000000000000000000000000000000000000
1120;1261204.00000000000000000000000000000000000000000000000000
1121;1261204.00000000000000000000000000000000000000000000000000
1122;1261144.00000000000000000000000000000000000000000000000000
1123;1260876.00000000000000000000000000000000000000000000000000
1124;1261144.00000000000000000000000000000000000000000000000000
1125;1261256.00000000000000000000000000000000000000000000000000
1126;1260744.00000000000000000000000000000000000000000000000000
1127;1260668.00000000000000000000000000000000000000000000000000
1128;1260668.00000000000000000000000000000000000000000000000000
1129;1260732.00000000000000000000000000000000000000000000000000
1130;1260924.00000000000000000000000000000000000000000000000000
1131;1260732.00000000000000000000000000000000000000000000000000
1132;1260796.00000000000000000000000000000000000000000000000000
1133;1261212.00000000000000000000000000000000000000000000000000
1134;1261124.00000000000000000000000000000000000000000000000000
1135;1260932.00000000000000000000000000000000000000000000000000
1136;1261192.00000000000000000000000000000000000000000000000000
1137;1261220.00000000000000000000000000000000000000000000000000
1138;1260872.00000000000000000000000000000000000000000000000000
1139;1261404.00000000000000000000000000000000000000000000000000
1140;1261336.00000000000000000000000000000000000000000000000000
1141;1261336.00000000000000000000000000000000000000000000000000
1142;1261364.00000000000000000000000000000000000000000000000000
1143;1260428.00000000000000000000000000000000000000000000000000
1144;1260424.00000000000000000000000000000000000000000000000000
1145;1260684.00000000000000000000000000000000000000000000000000
1146;1260496.00000000000000000000000000000000000000000000000000
1147;1260496.00000000000000000000000000000000000000000000000000
1148;1260424.00000000000000000000000000000000000000000000000000
1149;1260428.00000000000000000000000000000000000000000000000000
1150;1261124.00000000000000000000000000000000000000000000000000
1151;1261124.00000000000000000000000000000000000000000000000000
1152;1261188.00000000000000000000000000000000000000000000000000
1153;1261188.00000000000000000000000000000000000000000000000000
1154;1261284.00000000000000000000000000000000000000000000000000
1155;1261412.00000000000000000000000000000000000000000000000000
1156;1261260.00000000000000000000000000000000000000000000000000
1157;1261228.00000000000000000000000000000000000000000000000000
1158;1261312.00000000000000000000000000000000000000000000000000
1159;1261312.00000000000000000000000000000000000000000000000000
1160;1261112.00000000000000000000000000000000000000000000000000
1161;1260824.00000000000000000000000000000000000000000000000000
1162;1260856.00000000000000000000000000000000000000000000000000
1163;1261080.00000000000000000000000000000000000000000000000000
1164;1260824.00000000000000000000000000000000000000000000000000
1165;1260856.00000000000000000000000000000000000000000000000000
1166;1260824.00000000000000000000000000000000000000000000000000
1167;1261048.00000000000000000000000000000000000000000000000000
1168;1261212.00000000000000000000000000000000000000000000000000
1169;1260828.00000000000000000000000000000000000000000000000000
1170;1261216.00000000000000000000000000000000000000000000000000
1171;1260564.00000000000000000000000000000000000000000000000000
1172;1260900.00000000000000000000000000000000000000000000000000
1173;1261220.00000000000000000000000000000000000000000000000000
1174;1261220.00000000000000000000000000000000000000000000000000
1175;1261256.00000000000000000000000000000000000000000000000000
1176;1261316.00000000000000000000000000000000000000000000000000
1177;1261444.00000000000000000000000000000000000000000000000000
1178;1261176.00000000000000000000000000000000000000000000000000
1179;1261096.00000000000000000000000000000000000000000000000000
1180;1260940.00000000000000000000000000000000000000000000000000
1181;1261012.00000000000000000000000000000000000000000000000000
1182;1260980.00000000000000000000000000000000000000000000000000
1183;1261200.00000000000000000000000000000000000000000000000000
1184;1261168.00000000000000000000000000000000000000000000000000
1185;1260976.00000000000000000000000000000000000000000000000000
1186;1261220.00000000000000000000000000000000000000000000000000
1187;1261276.00000000000000000000000000000000000000000000000000
1188;1261324.00000000000000000000000000000000000000000000000000
1189;1261380.00000000000000000000000000000000000000000000000000
1190;1261320.00000000000000000000000000000000000000000000000000
1191;1261120.00000000000000000000000000000000000000000000000000
1192;1261376.00000000000000000000000000000000000000000000000000
1193;1261420.00000000000000000000000000000000000000000000000000
1194;1261388.00000000000000000000000000000000000000000000000000
1195;1261384.00000000000000000000000000000000000000000000000000
1196;1261440.00000000000000000000000000000000000000000000000000
1197;1261440.00000000000000000000000000000000000000000000000000
1198;1261112.00000000000000000000000000000000000000000000000000
1199;1260952.00000000000000000000000000000000000000000000000000
1200;1261016.00000000000000000000000000000000000000000000000000
1201;1260952.00000000000000000000000000000000000000000000000000
1202;1261112.00000000000000000000000000000000000000000000000000
1203;1260888.00000000000000000000000000000000000000000000000000
1204;1261144.00000000000000000000000000000000000000000000000000
1205;1261076.00000000000000000000000000000000000000000000000000
1206;1261396.00000000000000000000000000000000000000000000000000
1207;1261452.00000000000000000000000000000000000000000000000000
1208;1261376.00000000000000000000000000000000000000000000000000
1209;1261396.00000000000000000000000000000000000000000000000000
1210;1261524.00000000000000000000000000000000000000000000000000
1211;1261480.00000000000000000000000000000000000000000000000000
1212;1261168.00000000000000000000000000000000000000000000000000
1213;1260972.00000000000000000000000000000000000000000000000000
1214;1260972.00000000000000000000000000000000000000000000000000
1215;1260940.00000000000000000000000000000000000000000000000000
1216;1260976.00000000000000000000000000000000000000000000000000
1217;1261008.00000000000000000000000000000000000000000000000000
1218;1261008.00000000000000000000000000000000000000000000000000
1219;1261488.00000000000000000000000000000000000000000000000000
1220;1261428.00000000000000000000000000000000000000000000000000
1221;1261708.00000000000000000000000000000000000000000000000000
1222;1261580.00000000000000000000000000000000000000000000000000
1223;1261680.00000000000000000000000000000000000000000000000000
1224;1261580.00000000000000000000000000000000000000000000000000
1225;1261524.00000000000000000000000000000000000000000000000000
1226;1261588.00000000000000000000000000000000000000000000000000
1227;1261432.00000000000000000000000000000000000000000000000000
1228;1261040.00000000000000000000000000000000000000000000000000
1229;1261296.00000000000000000000000000000000000000000000000000
1230;1261108.00000000000000000000000000000000000000000000000000
1231;1261072.00000000000000000000000000000000000000000000000000
1232;1261108.00000000000000000000000000000000000000000000000000
1233;1261108.00000000000000000000000000000000000000000000000000
1234;1261424.00000000000000000000000000000000000000000000000000
1235;1261352.00000000000000000000000000000000000000000000000000
1236;1261324.00000000000000000000000000000000000000000000000000
1237;1261340.00000000000000000000000000000000000000000000000000
1238;1261412.00000000000000000000000000000000000000000000000000
1239;1261360.00000000000000000000000000000000000000000000000000
1240;1261428.00000000000000000000000000000000000000000000000000
1241;1261528.00000000000000000000000000000000000000000000000000
1242;1261236.00000000000000000000000000000000000000000000000000
1243;1261052.00000000000000000000000000000000000000000000000000
1244;1261276.00000000000000000000000000000000000000000000000000
1245;1261020.00000000000000000000000000000000000000000000000000
1246;1261020.00000000000000000000000000000000000000000000000000
1247;1261276.00000000000000000000000000000000000000000000000000
1248;1261276.00000000000000000000000000000000000000000000000000
1249;1261368.00000000000000000000000000000000000000000000000000
1250;1261520.00000000000000000000000000000000000000000000000000
1251;1261096.00000000000000000000000000000000000000000000000000
1252;1261040.00000000000000000000000000000000000000000000000000
1253;1261476.00000000000000000000000000000000000000000000000000
1254;1261284.00000000000000000000000000000000000000000000000000
1255;1261468.00000000000000000000000000000000000000000000000000
1256;1261592.00000000000000000000000000000000000000000000000000
1257;1261340.00000000000000000000000000000000000000000000000000
1258;1261060.00000000000000000000000000000000000000000000000000
1259;1261092.00000000000000000000000000000000000000000000000000
1260;1261132.00000000000000000000000000000000000000000000000000
1261;1261060.00000000000000000000000000000000000000000000000000
1262;1261064.00000000000000000000000000000000000000000000000000
1263;1261060.00000000000000000000000000000000000000000000000000
1264;1261644.00000000000000000000000000000000000000000000000000
1265;1261724.00000000000000000000000000000000000000000000000000
1266;1261668.00000000000000000000000000000000000000000000000000
1267;1261668.00000000000000000000000000000000000000000000000000
1268;1261668.00000000000000000000000000000000000000000000000000
1269;1261708.00000000000000000000000000000000000000000000000000
1270;1261724.00000000000000000000000000000000000000000000000000
1271;1261468.00000000000000000000000000000000000000000000000000
1272;1260720.00000000000000000000000000000000000000000000000000
1273;1260720.00000000000000000000000000000000000000000000000000
1274;1260648.00000000000000000000000000000000000000000000000000
1275;1260648.00000000000000000000000000000000000000000000000000
1276;1260908.00000000000000000000000000000000000000000000000000
1277;1260684.00000000000000000000000000000000000000000000000000
1278;1260804.00000000000000000000000000000000000000000000000000
1279;1261064.00000000000000000000000000000000000000000000000000
1280;1261320.00000000000000000000000000000000000000000000000000
1281;1261448.00000000000000000000000000000000000000000000000000
1282;1261456.00000000000000000000000000000000000000000000000000
1283;1261496.00000000000000000000000000000000000000000000000000
1284;1261512.00000000000000000000000000000000000000000000000000
1285;1261576.00000000000000000000000000000000000000000000000000
1286;1261576.00000000000000000000000000000000000000000000000000
1287;1261260.00000000000000000000000000000000000000000000000000
1288;1261092.00000000000000000000000000000000000000000000000000
1289;1261092.00000000000000000000000000000000000000000000000000
1290;1261128.00000000000000000000000000000000000000000000000000
1291;1261128.00000000000000000000000000000000000000000000000000
1292;1261092.00000000000000000000000000000000000000000000000000
1293;1261128.00000000000000000000000000000000000000000000000000
1294;1261112.00000000000000000000000000000000000000000000000000
1295;1261560.00000000000000000000000000000000000000000000000000
1296;1261568.00000000000000000000000000000000000000000000000000
1297;1261624.00000000000000000000000000000000000000000000000000
1298;1261600.00000000000000000000000000000000000000000000000000
1299;1261616.00000000000000000000000000000000000000000000000000
1300;1261692.00000000000000000000000000000000000000000000000000
1301;1261692.00000000000000000000000000000000000000000000000000
1302;1261460.00000000000000000000000000000000000000000000000000
1303;1261144.00000000000000000000000000000000000000000000000000
1304;1261404.00000000000000000000000000000000000000000000000000
1305;1261148.00000000000000000000000000000000000000000000000000
1306;1261148.00000000000000000000000000000000000000000000000000
1307;1261148.00000000000000000000000000000000000000000000000000
1308;1261144.00000000000000000000000000000000000000000000000000
1309;1261644.00000000000000000000000000000000000000000000000000
1310;1261708.00000000000000000000000000000000000000000000000000
1311;1261580.00000000000000000000000000000000000000000000000000
1312;1261648.00000000000000000000000000000000000000000000000000
1313;1261768.00000000000000000000000000000000000000000000000000
1314;1261744.00000000000000000000000000000000000000000000000000
1315;1261768.00000000000000000000000000000000000000000000000000
1316;1261756.00000000000000000000000000000000000000000000000000
1317;1261680.00000000000000000000000000000000000000000000000000
1318;1261112.00000000000000000000000000000000000000000000000000
1319;1261044.00000000000000000000000000000000000000000000000000
1320;1261108.00000000000000000000000000000000000000000000000000
1321;1261168.00000000000000000000000000000000000000000000000000
1322;1261108.00000000000000000000000000000000000000000000000000
1323;1261108.00000000000000000000000000000000000000000000000000
1324;1261496.00000000000000000000000000000000000000000000000000
1325;1261532.00000000000000000000000000000000000000000000000000
1326;1261544.00000000000000000000000000000000000000000000000000
1327;1261672.00000000000000000000000000000000000000000000000000
1328;1261280.00000000000000000000000000000000000000000000000000
1329;1261484.00000000000000000000000000000000000000000000000000
1330;1261552.00000000000000000000000000000000000000000000000000
1331;1261296.00000000000000000000000000000000000000000000000000
1332;1261352.00000000000000000000000000000000000000000000000000
1333;1261216.00000000000000000000000000000000000000000000000000
1334;1261096.00000000000000000000000000000000000000000000000000
1335;1261164.00000000000000000000000000000000000000000000000000
1336;1261096.00000000000000000000000000000000000000000000000000
1337;1261100.00000000000000000000000000000000000000000000000000
1338;1261168.00000000000000000000000000000000000000000000000000
1339;1261536.00000000000000000000000000000000000000000000000000
1340;1261556.00000000000000000000000000000000000000000000000000
1341;1261744.00000000000000000000000000000000000000000000000000
1342;1261756.00000000000000000000000000000000000000000000000000
1343;1261756.00000000000000000000000000000000000000000000000000
1344;1267380.00000000000000000000000000000000000000000000000000
1345;1267348.00000000000000000000000000000000000000000000000000
1346;1267360.00000000000000000000000000000000000000000000000000
1347;1268288.00000000000000000000000000000000000000000000000000
1348;1268584.00000000000000000000000000000000000000000000000000
1349;1268684.00000000000000000000000000000000000000000000000000
1350;1268424.00000000000000000000000000000000000000000000000000
1351;1268684.00000000000000000000000000000000000000000000000000
1352;1268424.00000000000000000000000000000000000000000000000000
1353;1268496.00000000000000000000000000000000000000000000000000
1354;1269168.00000000000000000000000000000000000000000000000000
1355;1269232.00000000000000000000000000000000000000000000000000
1356;1269232.00000000000000000000000000000000000000000000000000
1357;1269252.00000000000000000000000000000000000000000000000000
1358;1269228.00000000000000000000000000000000000000000000000000
1359;1268908.00000000000000000000000000000000000000000000000000
1360;1269264.00000000000000000000000000000000000000000000000000
1361;1269276.00000000000000000000000000000000000000000000000000
1362;1269636.00000000000000000000000000000000000000000000000000
1363;1270088.00000000000000000000000000000000000000000000000000
1364;1270156.00000000000000000000000000000000000000000000000000
1365;1270348.00000000000000000000000000000000000000000000000000
1366;1270160.00000000000000000000000000000000000000000000000000
1367;1270092.00000000000000000000000000000000000000000000000000
1368;1270216.00000000000000000000000000000000000000000000000000
1369;1270088.00000000000000000000000000000000000000000000000000
1370;1270964.00000000000000000000000000000000000000000000000000
1371;1270692.00000000000000000000000000000000000000000000000000
1372;1270980.00000000000000000000000000000000000000000000000000
1373;1270920.00000000000000000000000000000000000000000000000000
1374;1270976.00000000000000000000000000000000000000000000000000
1375;1270920.00000000000000000000000000000000000000000000000000
1376;1270932.00000000000000000000000000000000000000000000000000
1377;1270752.00000000000000000000000000000000000000000000000000
1378;1270132.00000000000000000000000000000000000000000000000000
1379;1270200.00000000000000000000000000000000000000000000000000
1380;1270256.00000000000000000000000000000000000000000000000000
1381;1270128.00000000000000000000000000000000000000000000000000
1382;1270164.00000000000000000000000000000000000000000000000000
1383;1270132.00000000000000000000000000000000000000000000000000
1384;1270588.00000000000000000000000000000000000000000000000000
1385;1270656.00000000000000000000000000000000000000000000000000
1386;1270872.00000000000000000000000000000000000000000000000000
1387;1270880.00000000000000000000000000000000000000000000000000
1388;1270880.00000000000000000000000000000000000000000000000000
1389;1270880.00000000000000000000000000000000000000000000000000
1390;1270976.00000000000000000000000000000000000000000000000000
1391;1270936.00000000000000000000000000000000000000000000000000
1392;1270876.00000000000000000000000000000000000000000000000000
1393;1270832.00000000000000000000000000000000000000000000000000
1394;1270572.00000000000000000000000000000000000000000000000000
1395;1270796.00000000000000000000000000000000000000000000000000
1396;1270536.00000000000000000000000000000000000000000000000000
1397;1270796.00000000000000000000000000000000000000000000000000
1398;1270536.00000000000000000000000000000000000000000000000000
1399;1270540.00000000000000000000000000000000000000000000000000
1400;1270972.00000000000000000000000000000000000000000000000000
1401;1271008.00000000000000000000000000000000000000000000000000
1402;1270676.00000000000000000000000000000000000000000000000000
1403;1271028.00000000000000000000000000000000000000000000000000
1404;1270932.00000000000000000000000000000000000000000000000000
1405;1270980.00000000000000000000000000000000000000000000000000
1406;1270988.00000000000000000000000000000000000000000000000000
1407;1270960.00000000000000000000000000000000000000000000000000
1408;1270728.00000000000000000000000000000000000000000000000000
1409;1270640.00000000000000000000000000000000000000000000000000
1410;1270828.00000000000000000000000000000000000000000000000000
1411;1270796.00000000000000000000000000000000000000000000000000
1412;1270608.00000000000000000000000000000000000000000000000000
1413;1270796.00000000000000000000000000000000000000000000000000
1414;1270604.00000000000000000000000000000000000000000000000000
1415;1271280.00000000000000000000000000000000000000000000000000
1416;1271196.00000000000000000000000000000000000000000000000000
1417;1271212.00000000000000000000000000000000000000000000000000
1418;1271208.00000000000000000000000000000000000000000000000000
1419;1271212.00000000000000000000000000000000000000000000000000
1420;1271208.00000000000000000000000000000000000000000000000000
1421;1271236.00000000000000000000000000000000000000000000000000
1422;1271236.00000000000000000000000000000000000000000000000000
1423;1270980.00000000000000000000000000000000000000000000000000
1424;1270388.00000000000000000000000000000000000000000000000000
1425;1270320.00000000000000000000000000000000000000000000000000
1426;1270576.00000000000000000000000000000000000000000000000000
1427;1270352.00000000000000000000000000000000000000000000000000
1428;1270356.00000000000000000000000000000000000000000000000000
1429;1270448.00000000000000000000000000000000000000000000000000
1430;1270316.00000000000000000000000000000000000000000000000000
1431;1270752.00000000000000000000000000000000000000000000000000
1432;1271008.00000000000000000000000000000000000000000000000000
1433;1271308.00000000000000000000000000000000000000000000000000
1434;1271140.00000000000000000000000000000000000000000000000000
1435;1271048.00000000000000000000000000000000000000000000000000
1436;1271196.00000000000000000000000000000000000000000000000000
1437;1271156.00000000000000000000000000000000000000000000000000
1438;1271128.00000000000000000000000000000000000000000000000000
1439;1270828.00000000000000000000000000000000000000000000000000
1440;1271284.00000000000000000000000000000000000000000000000000
1441;1271192.00000000000000000000000000000000000000000000000000
1442;1271200.00000000000000000000000000000000000000000000000000
1443;1271196.00000000000000000000000000000000000000000000000000
1444;1271196.00000000000000000000000000000000000000000000000000
1445;1271268.00000000000000000000000000000000000000000000000000
1446;1271456.00000000000000000000000000000000000000000000000000
1447;1271324.00000000000000000000000000000000000000000000000000
1448;1271200.00000000000000000000000000000000000000000000000000
1449;1271584.00000000000000000000000000000000000000000000000000
1450;1272056.00000000000000000000000000000000000000000000000000
1451;1272072.00000000000000000000000000000000000000000000000000
1452;1272084.00000000000000000000000000000000000000000000000000
1453;1272152.00000000000000000000000000000000000000000000000000
1454;1271780.00000000000000000000000000000000000000000000000000
1455;1272052.00000000000000000000000000000000000000000000000000
1456;1272176.00000000000000000000000000000000000000000000000000
1457;1272184.00000000000000000000000000000000000000000000000000
1458;1272160.00000000000000000000000000000000000000000000000000
1459;1271740.00000000000000000000000000000000000000000000000000
1460;1271916.00000000000000000000000000000000000000000000000000
1461;1271844.00000000000000000000000000000000000000000000000000
1462;1271948.00000000000000000000000000000000000000000000000000
1463;1271844.00000000000000000000000000000000000000000000000000
1464;1271948.00000000000000000000000000000000000000000000000000
1465;1271948.00000000000000000000000000000000000000000000000000
1466;1271728.00000000000000000000000000000000000000000000000000
1467;1272224.00000000000000000000000000000000000000000000000000
1468;1272180.00000000000000000000000000000000000000000000000000
1469;1272192.00000000000000000000000000000000000000000000000000
1470;1272236.00000000000000000000000000000000000000000000000000
1471;1272196.00000000000000000000000000000000000000000000000000
1472;1272252.00000000000000000000000000000000000000000000000000
1473;1272196.00000000000000000000000000000000000000000000000000
1474;1272196.00000000000000000000000000000000000000000000000000
1475;1272196.00000000000000000000000000000000000000000000000000
1476;1271968.00000000000000000000000000000000000000000000000000
1477;1271760.00000000000000000000000000000000000000000000000000
1478;1271796.00000000000000000000000000000000000000000000000000
1479;1271824.00000000000000000000000000000000000000000000000000
1480;1271792.00000000000000000000000000000000000000000000000000
1481;1271756.00000000000000000000000000000000000000000000000000
1482;1271792.00000000000000000000000000000000000000000000000000
1483;1272192.00000000000000000000000000000000000000000000000000
1484;1272252.00000000000000000000000000000000000000000000000000
1485;1272252.00000000000000000000000000000000000000000000000000
1486;1272252.00000000000000000000000000000000000000000000000000
1487;1272248.00000000000000000000000000000000000000000000000000
1488;1272252.00000000000000000000000000000000000000000000000000
1489;1272056.00000000000000000000000000000000000000000000000000
1490;1272360.00000000000000000000000000000000000000000000000000
1491;1271912.00000000000000000000000000000000000000000000000000
1492;1271908.00000000000000000000000000000000000000000000000000
1493;1271904.00000000000000000000000000000000000000000000000000
1494;1272164.00000000000000000000000000000000000000000000000000
1495;1272164.00000000000000000000000000000000000000000000000000
1496;1271908.00000000000000000000000000000000000000000000000000
1497;1272164.00000000000000000000000000000000000000000000000000
1498;1272352.00000000000000000000000000000000000000000000000000
1499;1272408.00000000000000000000000000000000000000000000000000
1500;1272352.00000000000000000000000000000000000000000000000000
1501;1272196.00000000000000000000000000000000000000000000000000
1502;1272452.00000000000000000000000000000000000000000000000000
1503;1272452.00000000000000000000000000000000000000000000000000
1504;1272620.00000000000000000000000000000000000000000000000000
1505;1272408.00000000000000000000000000000000000000000000000000
1506;1271912.00000000000000000000000000000000000000000000000000
1507;1271912.00000000000000000000000000000000000000000000000000
1508;1271912.00000000000000000000000000000000000000000000000000
1509;1271912.00000000000000000000000000000000000000000000000000
1510;1272168.00000000000000000000000000000000000000000000000000
1511;1271912.00000000000000000000000000000000000000000000000000
1512;1271976.00000000000000000000000000000000000000000000000000
1513;1272340.00000000000000000000000000000000000000000000000000
1514;1272372.00000000000000000000000000000000000000000000000000
1515;1272116.00000000000000000000000000000000000000000000000000
1516;1272284.00000000000000000000000000000000000000000000000000
1517;1272468.00000000000000000000000000000000000000000000000000
1518;1272172.00000000000000000000000000000000000000000000000000
1519;1272048.00000000000000000000000000000000000000000000000000
1520;1272396.00000000000000000000000000000000000000000000000000
1521;1271852.00000000000000000000000000000000000000000000000000
1522;1271916.00000000000000000000000000000000000000000000000000
1523;1271844.00000000000000000000000000000000000000000000000000
1524;1271880.00000000000000000000000000000000000000000000000000
1525;1272104.00000000000000000000000000000000000000000000000000
1526;1271848.00000000000000000000000000000000000000000000000000
1527;1271848.00000000000000000000000000000000000000000000000000
1528;1272348.00000000000000000000000000000000000000000000000000
1529;1272272.00000000000000000000000000000000000000000000000000
1530;1272176.00000000000000000000000000000000000000000000000000
1531;1272392.00000000000000000000000000000000000000000000000000
1532;1272412.00000000000000000000000000000000000000000000000000
1533;1272476.00000000000000000000000000000000000000000000000000
1534;1272476.00000000000000000000000000000000000000000000000000
1535;1272420.00000000000000000000000000000000000000000000000000
1536;1271520.00000000000000000000000000000000000000000000000000
1537;1271488.00000000000000000000000000000000000000000000000000
1538;1271488.00000000000000000000000000000000000000000000000000
1539;1271584.00000000000000000000000000000000000000000000000000
1540;1271524.00000000000000000000000000000000000000000000000000
1541;1271452.00000000000000000000000000000000000000000000000000
1542;1272452.00000000000000000000000000000000000000000000000000
1543;1272240.00000000000000000000000000000000000000000000000000
1544;1272244.00000000000000000000000000000000000000000000000000
1545;1272428.00000000000000000000000000000000000000000000000000
1546;1272372.00000000000000000000000000000000000000000000000000
1547;1272464.00000000000000000000000000000000000000000000000000
1548;1272588.00000000000000000000000000000000000000000000000000
1549;1272592.00000000000000000000000000000000000000000000000000
1550;1272016.00000000000000000000000000000000000000000000000000
1551;1271968.00000000000000000000000000000000000000000000000000
1552;1272188.00000000000000000000000000000000000000000000000000
1553;1272056.00000000000000000000000000000000000000000000000000
1554;1272188.00000000000000000000000000000000000000000000000000
1555;1271968.00000000000000000000000000000000000000000000000000
1556;1272424.00000000000000000000000000000000000000000000000000
1557;1272464.00000000000000000000000000000000000000000000000000
1558;1272424.00000000000000000000000000000000000000000000000000
1559;1272424.00000000000000000000000000000000000000000000000000
1560;1272428.00000000000000000000000000000000000000000000000000
1561;1272464.00000000000000000000000000000000000000000000000000
1562;1272108.00000000000000000000000000000000000000000000000000
1563;1272428.00000000000000000000000000000000000000000000000000
1564;1272428.00000000000000000000000000000000000000000000000000
1565;1271712.00000000000000000000000000000000000000000000000000
1566;1271520.00000000000000000000000000000000000000000000000000
1567;1271456.00000000000000000000000000000000000000000000000000
1568;1271712.00000000000000000000000000000000000000000000000000
1569;1271712.00000000000000000000000000000000000000000000000000
1570;1271712.00000000000000000000000000000000000000000000000000
1571;1271456.00000000000000000000000000000000000000000000000000
1572;1272236.00000000000000000000000000000000000000000000000000
1573;1272180.00000000000000000000000000000000000000000000000000
1574;1271924.00000000000000000000000000000000000000000000000000
1575;1272180.00000000000000000000000000000000000000000000000000
1576;1272244.00000000000000000000000000000000000000000000000000
1577;1272244.00000000000000000000000000000000000000000000000000
1578;1272308.00000000000000000000000000000000000000000000000000
1579;1272048.00000000000000000000000000000000000000000000000000
1580;1271868.00000000000000000000000000000000000000000000000000
1581;1272056.00000000000000000000000000000000000000000000000000
1582;1271936.00000000000000000000000000000000000000000000000000
1583;1271936.00000000000000000000000000000000000000000000000000
1584;1271872.00000000000000000000000000000000000000000000000000
1585;1271872.00000000000000000000000000000000000000000000000000
1586;1272372.00000000000000000000000000000000000000000000000000
1587;1272368.00000000000000000000000000000000000000000000000000
1588;1272376.00000000000000000000000000000000000000000000000000
1589;1272124.00000000000000000000000000000000000000000000000000
1590;1272320.00000000000000000000000000000000000000000000000000
1591;1272476.00000000000000000000000000000000000000000000000000
1592;1272480.00000000000000000000000000000000000000000000000000
1593;1272580.00000000000000000000000000000000000000000000000000
1594;1271996.00000000000000000000000000000000000000000000000000
1595;1271936.00000000000000000000000000000000000000000000000000
1596;1272000.00000000000000000000000000000000000000000000000000
1597;1272000.00000000000000000000000000000000000000000000000000
1598;1272192.00000000000000000000000000000000000000000000000000
1599;1272192.00000000000000000000000000000000000000000000000000
1600;1272192.00000000000000000000000000000000000000000000000000
1601;1272412.00000000000000000000000000000000000000000000000000
1602;1272380.00000000000000000000000000000000000000000000000000
1603;1272384.00000000000000000000000000000000000000000000000000
1604;1271976.00000000000000000000000000000000000000000000000000
1605;1272380.00000000000000000000000000000000000000000000000000
1606;1272384.00000000000000000000000000000000000000000000000000
1607;1272484.00000000000000000000000000000000000000000000000000
1608;1272188.00000000000000000000000000000000000000000000000000
1609;1271940.00000000000000000000000000000000000000000000000000
1610;1272068.00000000000000000000000000000000000000000000000000
1611;1272064.00000000000000000000000000000000000000000000000000
1612;1271976.00000000000000000000000000000000000000000000000000
1613;1272200.00000000000000000000000000000000000000000000000000
1614;1271940.00000000000000000000000000000000000000000000000000
1615;1272332.00000000000000000000000000000000000000000000000000
1616;1272372.00000000000000000000000000000000000000000000000000
1617;1272372.00000000000000000000000000000000000000000000000000
1618;1272392.00000000000000000000000000000000000000000000000000
1619;1272392.00000000000000000000000000000000000000000000000000
1620;1272392.00000000000000000000000000000000000000000000000000
1621;1272196.00000000000000000000000000000000000000000000000000
1622;1272396.00000000000000000000000000000000000000000000000000
1623;1272452.00000000000000000000000000000000000000000000000000
1624;1272140.00000000000000000000000000000000000000000000000000
1625;1272172.00000000000000000000000000000000000000000000000000
1626;1272280.00000000000000000000000000000000000000000000000000
1627;1272128.00000000000000000000000000000000000000000000000000
1628;1272160.00000000000000000000000000000000000000000000000000
1629;1272192.00000000000000000000000000000000000000000000000000
1630;1272540.00000000000000000000000000000000000000000000000000
1631;1272540.00000000000000000000000000000000000000000000000000
1632;1272484.00000000000000000000000000000000000000000000000000
1633;1272540.00000000000000000000000000000000000000000000000000
1634;1272484.00000000000000000000000000000000000000000000000000
1635;1272484.00000000000000000000000000000000000000000000000000
1636;1272308.00000000000000000000000000000000000000000000000000
1637;1272548.00000000000000000000000000000000000000000000000000
1638;1271716.00000000000000000000000000000000000000000000000000
1639;1271756.00000000000000000000000000000000000000000000000000
1640;1272012.00000000000000000000000000000000000000000000000000
1641;1271820.00000000000000000000000000000000000000000000000000
1642;1272012.00000000000000000000000000000000000000000000000000
1643;1271820.00000000000000000000000000000000000000000000000000
1644;1271756.00000000000000000000000000000000000000000000000000
1645;1272604.00000000000000000000000000000000000000000000000000
1646;1272548.00000000000000000000000000000000000000000000000000
1647;1272548.00000000000000000000000000000000000000000000000000
1648;1272548.00000000000000000000000000000000000000000000000000
1649;1272704.00000000000000000000000000000000000000000000000000
1650;1272608.00000000000000000000000000000000000000000000000000
1651;1272292.00000000000000000000000000000000000000000000000000
1652;1272416.00000000000000000000000000000000000000000000000000
1653;1272416.00000000000000000000000000000000000000000000000000
1654;1272224.00000000000000000000000000000000000000000000000000
1655;1272416.00000000000000000000000000000000000000000000000000
1656;1272276.00000000000000000000000000000000000000000000000000
1657;1272160.00000000000000000000000000000000000000000000000000
1658;1272532.00000000000000000000000000000000000000000000000000
1659;1272532.00000000000000000000000000000000000000000000000000
1660;1272596.00000000000000000000000000000000000000000000000000
1661;1272752.00000000000000000000000000000000000000000000000000
1662;1272644.00000000000000000000000000000000000000000000000000
1663;1272604.00000000000000000000000000000000000000000000000000
1664;1272668.00000000000000000000000000000000000000000000000000
1665;1272692.00000000000000000000000000000000000000000000000000
1666;1272440.00000000000000000000000000000000000000000000000000
1667;1273324.00000000000000000000000000000000000000000000000000
1668;1273308.00000000000000000000000000000000000000000000000000
1669;1273060.00000000000000000000000000000000000000000000000000
1670;1273064.00000000000000000000000000000000000000000000000000
1671;1273060.00000000000000000000000000000000000000000000000000
1672;1273320.00000000000000000000000000000000000000000000000000
1673;1273508.00000000000000000000000000000000000000000000000000
1674;1273640.00000000000000000000000000000000000000000000000000
1675;1273704.00000000000000000000000000000000000000000000000000
1676;1273704.00000000000000000000000000000000000000000000000000
1677;1273452.00000000000000000000000000000000000000000000000000
1678;1273652.00000000000000000000000000000000000000000000000000
1679;1273656.00000000000000000000000000000000000000000000000000
1680;1273312.00000000000000000000000000000000000000000000000000
1681;1273344.00000000000000000000000000000000000000000000000000
1682;1273216.00000000000000000000000000000000000000000000000000
1683;1273220.00000000000000000000000000000000000000000000000000
1684;1273220.00000000000000000000000000000000000000000000000000
1685;1273220.00000000000000000000000000000000000000000000000000
1686;1273284.00000000000000000000000000000000000000000000000000
1687;1273644.00000000000000000000000000000000000000000000000000
1688;1273644.00000000000000000000000000000000000000000000000000
1689;1273588.00000000000000000000000000000000000000000000000000
1690;1273528.00000000000000000000000000000000000000000000000000
1691;1273660.00000000000000000000000000000000000000000000000000
1692;1273660.00000000000000000000000000000000000000000000000000
1693;1273280.00000000000000000000000000000000000000000000000000
1694;1273680.00000000000000000000000000000000000000000000000000
1695;1273696.00000000000000000000000000000000000000000000000000
1696;1273248.00000000000000000000000000000000000000000000000000
1697;1273176.00000000000000000000000000000000000000000000000000
1698;1273176.00000000000000000000000000000000000000000000000000
1699;1273212.00000000000000000000000000000000000000000000000000
1700;1273436.00000000000000000000000000000000000000000000000000
1701;1273180.00000000000000000000000000000000000000000000000000
1702;1273404.00000000000000000000000000000000000000000000000000
1703;1273660.00000000000000000000000000000000000000000000000000
1704;1273680.00000000000000000000000000000000000000000000000000
1705;1273440.00000000000000000000000000000000000000000000000000
1706;1273752.00000000000000000000000000000000000000000000000000
1707;1273752.00000000000000000000000000000000000000000000000000
1708;1273696.00000000000000000000000000000000000000000000000000
1709;1273652.00000000000000000000000000000000000000000000000000
1710;1273344.00000000000000000000000000000000000000000000000000
1711;1273408.00000000000000000000000000000000000000000000000000
1712;1273316.00000000000000000000000000000000000000000000000000
1713;1273408.00000000000000000000000000000000000000000000000000
1714;1273348.00000000000000000000000000000000000000000000000000
1715;1273280.00000000000000000000000000000000000000000000000000
1716;1273312.00000000000000000000000000000000000000000000000000
1717;1273624.00000000000000000000000000000000000000000000000000
1718;1273628.00000000000000000000000000000000000000000000000000
1719;1273852.00000000000000000000000000000000000000000000000000
1720;1273756.00000000000000000000000000000000000000000000000000
1721;1273756.00000000000000000000000000000000000000000000000000
1722;1273752.00000000000000000000000000000000000000000000000000
1723;1273752.00000000000000000000000000000000000000000000000000
1724;1273816.00000000000000000000000000000000000000000000000000
1725;1273504.00000000000000000000000000000000000000000000000000
1726;1273384.00000000000000000000000000000000000000000000000000
1727;1273328.00000000000000000000000000000000000000000000000000
1728;1273472.00000000000000000000000000000000000000000000000000
1729;1273300.00000000000000000000000000000000000000000000000000
1730;1273328.00000000000000000000000000000000000000000000000000
1731;1273392.00000000000000000000000000000000000000000000000000
1732;1273640.00000000000000000000000000000000000000000000000000
1733;1273636.00000000000000000000000000000000000000000000000000
1734;1273680.00000000000000000000000000000000000000000000000000
1735;1273644.00000000000000000000000000000000000000000000000000
1736;1273476.00000000000000000000000000000000000000000000000000
1737;1273884.00000000000000000000000000000000000000000000000000
1738;1273792.00000000000000000000000000000000000000000000000000
1739;1273920.00000000000000000000000000000000000000000000000000
1740;1273808.00000000000000000000000000000000000000000000000000
1741;1273540.00000000000000000000000000000000000000000000000000
1742;1273284.00000000000000000000000000000000000000000000000000
1743;1273508.00000000000000000000000000000000000000000000000000
1744;1273252.00000000000000000000000000000000000000000000000000
1745;1273476.00000000000000000000000000000000000000000000000000
1746;1273316.00000000000000000000000000000000000000000000000000
1747;1273252.00000000000000000000000000000000000000000000000000
1748;1273556.00000000000000000000000000000000000000000000000000
1749;1273768.00000000000000000000000000000000000000000000000000
1750;1273720.00000000000000000000000000000000000000000000000000
1751;1273720.00000000000000000000000000000000000000000000000000
1752;1273520.00000000000000000000000000000000000000000000000000
1753;1273780.00000000000000000000000000000000000000000000000000
1754;1273776.00000000000000000000000000000000000000000000000000
1755;1273732.00000000000000000000000000000000000000000000000000
1756;1273464.00000000000000000000000000000000000000000000000000
1757;1273592.00000000000000000000000000000000000000000000000000
1758;1273336.00000000000000000000000000000000000000000000000000
1759;1273464.00000000000000000000000000000000000000000000000000
1760;1273592.00000000000000000000000000000000000000000000000000
1761;1273336.00000000000000000000000000000000000000000000000000
1762;1273768.00000000000000000000000000000000000000000000000000
1763;1273768.00000000000000000000000000000000000000000000000000
1764;1274072.00000000000000000000000000000000000000000000000000
1765;1273808.00000000000000000000000000000000000000000000000000
1766;1273808.00000000000000000000000000000000000000000000000000
1767;1273864.00000000000000000000000000000000000000000000000000
1768;1273884.00000000000000000000000000000000000000000000000000
1769;1273520.00000000000000000000000000000000000000000000000000
1770;1272952.00000000000000000000000000000000000000000000000000
1771;1273144.00000000000000000000000000000000000000000000000000
1772;1272920.00000000000000000000000000000000000000000000000000
1773;1272920.00000000000000000000000000000000000000000000000000
1774;1273040.00000000000000000000000000000000000000000000000000
1775;1272984.00000000000000000000000000000000000000000000000000
1776;1273348.00000000000000000000000000000000000000000000000000
1777;1273676.00000000000000000000000000000000000000000000000000
1778;1273736.00000000000000000000000000000000000000000000000000
1779;1273824.00000000000000000000000000000000000000000000000000
1780;1273824.00000000000000000000000000000000000000000000000000
1781;1273696.00000000000000000000000000000000000000000000000000
1782;1273824.00000000000000000000000000000000000000000000000000
1783;1273636.00000000000000000000000000000000000000000000000000
1784;1273484.00000000000000000000000000000000000000000000000000
1785;1273444.00000000000000000000000000000000000000000000000000
1786;1273636.00000000000000000000000000000000000000000000000000
1787;1273380.00000000000000000000000000000000000000000000000000
1788;1273412.00000000000000000000000000000000000000000000000000
1789;1273380.00000000000000000000000000000000000000000000000000
1790;1273380.00000000000000000000000000000000000000000000000000
1791;1273816.00000000000000000000000000000000000000000000000000
1792;1273812.00000000000000000000000000000000000000000000000000
1793;1273920.00000000000000000000000000000000000000000000000000
1794;1273820.00000000000000000000000000000000000000000000000000
1795;1273692.00000000000000000000000000000000000000000000000000
1796;1273880.00000000000000000000000000000000000000000000000000
1797;1273920.00000000000000000000000000000000000000000000000000
1798;1273508.00000000000000000000000000000000000000000000000000
1799;1273904.00000000000000000000000000000000000000000000000000
1800;1273448.00000000000000000000000000000000000000000000000000
1801;1273536.00000000000000000000000000000000000000000000000000
1802;1273448.00000000000000000000000000000000000000000000000000
1803;1273448.00000000000000000000000000000000000000000000000000
1804;1273672.00000000000000000000000000000000000000000000000000
1805;1273484.00000000000000000000000000000000000000000000000000
1806;1273448.00000000000000000000000000000000000000000000000000
1807;1273812.00000000000000000000000000000000000000000000000000
1808;1273824.00000000000000000000000000000000000000000000000000
1809;1273932.00000000000000000000000000000000000000000000000000
1810;1273892.00000000000000000000000000000000000000000000000000
1811;1273876.00000000000000000000000000000000000000000000000000
1812;1273708.00000000000000000000000000000000000000000000000000
1813;1273832.00000000000000000000000000000000000000000000000000
1814;1273480.00000000000000000000000000000000000000000000000000
1815;1273480.00000000000000000000000000000000000000000000000000
1816;1273416.00000000000000000000000000000000000000000000000000
1817;1273600.00000000000000000000000000000000000000000000000000
1818;1273672.00000000000000000000000000000000000000000000000000
1819;1273540.00000000000000000000000000000000000000000000000000
1820;1273480.00000000000000000000000000000000000000000000000000
1821;1273752.00000000000000000000000000000000000000000000000000
1822;1273972.00000000000000000000000000000000000000000000000000
1823;1273824.00000000000000000000000000000000000000000000000000
1824;1273828.00000000000000000000000000000000000000000000000000
1825;1273884.00000000000000000000000000000000000000000000000000
1826;1273680.00000000000000000000000000000000000000000000000000
1827;1274036.00000000000000000000000000000000000000000000000000
1828;1273940.00000000000000000000000000000000000000000000000000
1829;1272968.00000000000000000000000000000000000000000000000000
1830;1272968.00000000000000000000000000000000000000000000000000
1831;1273036.00000000000000000000000000000000000000000000000000
1832;1273000.00000000000000000000000000000000000000000000000000
1833;1273032.00000000000000000000000000000000000000000000000000
1834;1273032.00000000000000000000000000000000000000000000000000
1835;1273400.00000000000000000000000000000000000000000000000000
1836;1273720.00000000000000000000000000000000000000000000000000
1837;1273720.00000000000000000000000000000000000000000000000000
1838;1273720.00000000000000000000000000000000000000000000000000
1839;1273720.00000000000000000000000000000000000000000000000000
1840;1273720.00000000000000000000000000000000000000000000000000
1841;1273776.00000000000000000000000000000000000000000000000000
1842;1273720.00000000000000000000000000000000000000000000000000
1843;1273720.00000000000000000000000000000000000000000000000000
1844;1273720.00000000000000000000000000000000000000000000000000
1845;1274052.00000000000000000000000000000000000000000000000000
1846;1273988.00000000000000000000000000000000000000000000000000
1847;1274244.00000000000000000000000000000000000000000000000000
1848;1274020.00000000000000000000000000000000000000000000000000
1849;1274244.00000000000000000000000000000000000000000000000000
1850;1273988.00000000000000000000000000000000000000000000000000
1851;1274852.00000000000000000000000000000000000000000000000000
1852;1274940.00000000000000000000000000000000000000000000000000
1853;1275004.00000000000000000000000000000000000000000000000000
1854;1275044.00000000000000000000000000000000000000000000000000
1855;1274980.00000000000000000000000000000000000000000000000000
1856;1275000.00000000000000000000000000000000000000000000000000
1857;1275068.00000000000000000000000000000000000000000000000000
1858;1275084.00000000000000000000000000000000000000000000000000
1859;1274948.00000000000000000000000000000000000000000000000000
1860;1274636.00000000000000000000000000000000000000000000000000
1861;1274596.00000000000000000000000000000000000000000000000000
1862;1274856.00000000000000000000000000000000000000000000000000
1863;1274856.00000000000000000000000000000000000000000000000000
1864;1274856.00000000000000000000000000000000000000000000000000
1865;1275056.00000000000000000000000000000000000000000000000000
1866;1275092.00000000000000000000000000000000000000000000000000
1867;1275064.00000000000000000000000000000000000000000000000000
1868;1274944.00000000000000000000000000000000000000000000000000
1869;1275076.00000000000000000000000000000000000000000000000000
1870;1274988.00000000000000000000000000000000000000000000000000
1871;1275072.00000000000000000000000000000000000000000000000000
1872;1275136.00000000000000000000000000000000000000000000000000
1873;1274280.00000000000000000000000000000000000000000000000000
1874;1274336.00000000000000000000000000000000000000000000000000
1875;1274472.00000000000000000000000000000000000000000000000000
1876;1274472.00000000000000000000000000000000000000000000000000
1877;1274472.00000000000000000000000000000000000000000000000000
1878;1274248.00000000000000000000000000000000000000000000000000
1879;1274472.00000000000000000000000000000000000000000000000000
1880;1274888.00000000000000000000000000000000000000000000000000
1881;1274988.00000000000000000000000000000000000000000000000000
1882;1274988.00000000000000000000000000000000000000000000000000
1883;1274932.00000000000000000000000000000000000000000000000000
1884;1274592.00000000000000000000000000000000000000000000000000
1885;1274892.00000000000000000000000000000000000000000000000000
1886;1274652.00000000000000000000000000000000000000000000000000
1887;1274764.00000000000000000000000000000000000000000000000000
1888;1274692.00000000000000000000000000000000000000000000000000
1889;1274916.00000000000000000000000000000000000000000000000000
1890;1274660.00000000000000000000000000000000000000000000000000
1891;1274724.00000000000000000000000000000000000000000000000000
1892;1274916.00000000000000000000000000000000000000000000000000
1893;1274660.00000000000000000000000000000000000000000000000000
1894;1275112.00000000000000000000000000000000000000000000000000
1895;1274868.00000000000000000000000000000000000000000000000000
1896;1275244.00000000000000000000000000000000000000000000000000
1897;1275244.00000000000000000000000000000000000000000000000000
1898;1275084.00000000000000000000000000000000000000000000000000
1899;1275084.00000000000000000000000000000000000000000000000000
1900;1275144.00000000000000000000000000000000000000000000000000
1901;1275140.00000000000000000000000000000000000000000000000000
1902;1273996.00000000000000000000000000000000000000000000000000
1903;1274268.00000000000000000000000000000000000000000000000000
1904;1274528.00000000000000000000000000000000000000000000000000
1905;1274304.00000000000000000000000000000000000000000000000000
1906;1274256.00000000000000000000000000000000000000000000000000
1907;1274424.00000000000000000000000000000000000000000000000000
1908;1274304.00000000000000000000000000000000000000000000000000
1909;1274892.00000000000000000000000000000000000000000000000000
1910;1275032.00000000000000000000000000000000000000000000000000
1911;1275216.00000000000000000000000000000000000000000000000000
1912;1275048.00000000000000000000000000000000000000000000000000
1913;1275020.00000000000000000000000000000000000000000000000000
1914;1275020.00000000000000000000000000000000000000000000000000
1915;1275084.00000000000000000000000000000000000000000000000000
1916;1275196.00000000000000000000000000000000000000000000000000
1917;1274692.00000000000000000000000000000000000000000000000000
1918;1274696.00000000000000000000000000000000000000000000000000
1919;1274728.00000000000000000000000000000000000000000000000000
1920;1274916.00000000000000000000000000000000000000000000000000
1921;1274916.00000000000000000000000000000000000000000000000000
1922;1274692.00000000000000000000000000000000000000000000000000
1923;1274884.00000000000000000000000000000000000000000000000000
1924;1274872.00000000000000000000000000000000000000000000000000
1925;1275148.00000000000000000000000000000000000000000000000000
1926;1275124.00000000000000000000000000000000000000000000000000
1927;1275252.00000000000000000000000000000000000000000000000000
1928;1275252.00000000000000000000000000000000000000000000000000
1929;1275052.00000000000000000000000000000000000000000000000000
1930;1275252.00000000000000000000000000000000000000000000000000
1931;1275152.00000000000000000000000000000000000000000000000000
1932;1275016.00000000000000000000000000000000000000000000000000
1933;1274864.00000000000000000000000000000000000000000000000000
1934;1275088.00000000000000000000000000000000000000000000000000
1935;1274896.00000000000000000000000000000000000000000000000000
1936;1274864.00000000000000000000000000000000000000000000000000
1937;1275120.00000000000000000000000000000000000000000000000000
1938;1275284.00000000000000000000000000000000000000000000000000
1939;1275244.00000000000000000000000000000000000000000000000000
1940;1274924.00000000000000000000000000000000000000000000000000
1941;1275244.00000000000000000000000000000000000000000000000000
1942;1275188.00000000000000000000000000000000000000000000000000
1943;1275060.00000000000000000000000000000000000000000000000000
1944;1275188.00000000000000000000000000000000000000000000000000
1945;1275008.00000000000000000000000000000000000000000000000000
1946;1274076.00000000000000000000000000000000000000000000000000
1947;1274340.00000000000000000000000000000000000000000000000000
1948;1274600.00000000000000000000000000000000000000000000000000
1949;1274600.00000000000000000000000000000000000000000000000000
1950;1274340.00000000000000000000000000000000000000000000000000
1951;1274380.00000000000000000000000000000000000000000000000000
1952;1274340.00000000000000000000000000000000000000000000000000
1953;1275148.00000000000000000000000000000000000000000000000000
1954;1275164.00000000000000000000000000000000000000000000000000
1955;1275120.00000000000000000000000000000000000000000000000000
1956;1275184.00000000000000000000000000000000000000000000000000
1957;1275312.00000000000000000000000000000000000000000000000000
1958;1275312.00000000000000000000000000000000000000000000000000
1959;1275464.00000000000000000000000000000000000000000000000000
1960;1275312.00000000000000000000000000000000000000000000000000
1961;1274924.00000000000000000000000000000000000000000000000000
1962;1274956.00000000000000000000000000000000000000000000000000
1963;1275148.00000000000000000000000000000000000000000000000000
1964;1275048.00000000000000000000000000000000000000000000000000
1965;1275180.00000000000000000000000000000000000000000000000000
1966;1274940.00000000000000000000000000000000000000000000000000
1967;1275344.00000000000000000000000000000000000000000000000000
1968;1275304.00000000000000000000000000000000000000000000000000
1969;1275460.00000000000000000000000000000000000000000000000000
1970;1275380.00000000000000000000000000000000000000000000000000
1971;1275340.00000000000000000000000000000000000000000000000000
1972;1275352.00000000000000000000000000000000000000000000000000
1973;1275408.00000000000000000000000000000000000000000000000000
1974;1275488.00000000000000000000000000000000000000000000000000
1975;1275144.00000000000000000000000000000000000000000000000000
1976;1274844.00000000000000000000000000000000000000000000000000
1977;1275100.00000000000000000000000000000000000000000000000000
1978;1274876.00000000000000000000000000000000000000000000000000
1979;1274844.00000000000000000000000000000000000000000000000000
1980;1274844.00000000000000000000000000000000000000000000000000
1981;1274908.00000000000000000000000000000000000000000000000000
1982;1274972.00000000000000000000000000000000000000000000000000
1983;1275248.00000000000000000000000000000000000000000000000000
1984;1275264.00000000000000000000000000000000000000000000000000
1985;1275268.00000000000000000000000000000000000000000000000000
1986;1275324.00000000000000000000000000000000000000000000000000
1987;1275268.00000000000000000000000000000000000000000000000000
1988;1275328.00000000000000000000000000000000000000000000000000
1989;1275328.00000000000000000000000000000000000000000000000000
1990;1275124.00000000000000000000000000000000000000000000000000
1991;1274852.00000000000000000000000000000000000000000000000000
1992;1274852.00000000000000000000000000000000000000000000000000
1993;1275108.00000000000000000000000000000000000000000000000000
1994;1274916.00000000000000000000000000000000000000000000000000
1995;1275108.00000000000000000000000000000000000000000000000000
1996;1274852.00000000000000000000000000000000000000000000000000
1997;1275124.00000000000000000000000000000000000000000000000000
1998;1275180.00000000000000000000000000000000000000000000000000
1999;1274988.00000000000000000000000000000000000000000000000000
2000;1275376.00000000000000000000000000000000000000000000000000
2001;1275376.00000000000000000000000000000000000000000000000000
2002;1275416.00000000000000000000000000000000000000000000000000
2003;1275384.00000000000000000000000000000000000000000000000000
2004;1275612.00000000000000000000000000000000000000000000000000
2005;1275480.00000000000000000000000000000000000000000000000000
2006;1274988.00000000000000000000000000000000000000000000000000
2007;1275180.00000000000000000000000000000000000000000000000000
2008;1274924.00000000000000000000000000000000000000000000000000
2009;1274956.00000000000000000000000000000000000000000000000000
2010;1275180.00000000000000000000000000000000000000000000000000
2011;1275180.00000000000000000000000000000000000000000000000000
2012;1274988.00000000000000000000000000000000000000000000000000
2013;1275248.00000000000000000000000000000000000000000000000000
2014;1275320.00000000000000000000000000000000000000000000000000
2015;1275348.00000000000000000000000000000000000000000000000000
2016;1275304.00000000000000000000000000000000000000000000000000
2017;1275324.00000000000000000000000000000000000000000000000000
2018;1275336.00000000000000000000000000000000000000000000000000
2019;1275412.00000000000000000000000000000000000000000000000000
2020;1275224.00000000000000000000000000000000000000000000000000
2021;1274588.00000000000000000000000000000000000000000000000000
2022;1274520.00000000000000000000000000000000000000000000000000
2023;1274780.00000000000000000000000000000000000000000000000000
2024;1274780.00000000000000000000000000000000000000000000000000
2025;1274780.00000000000000000000000000000000000000000000000000
2026;1274704.00000000000000000000000000000000000000000000000000
2027;1275032.00000000000000000000000000000000000000000000000000
2028;1275304.00000000000000000000000000000000000000000000000000
2029;1275376.00000000000000000000000000000000000000000000000000
2030;1275636.00000000000000000000000000000000000000000000000000
2031;1275544.00000000000000000000000000000000000000000000000000
2032;1275372.00000000000000000000000000000000000000000000000000
2033;1275444.00000000000000000000000000000000000000000000000000
2034;1275444.00000000000000000000000000000000000000000000000000
2035;1275012.00000000000000000000000000000000000000000000000000
2036;1275080.00000000000000000000000000000000000000000000000000
2037;1275268.00000000000000000000000000000000000000000000000000
2038;1275076.00000000000000000000000000000000000000000000000000
2039;1275076.00000000000000000000000000000000000000000000000000
2040;1275008.00000000000000000000000000000000000000000000000000
2041;1275448.00000000000000000000000000000000000000000000000000
2042;1275392.00000000000000000000000000000000000000000000000000
2043;1275452.00000000000000000000000000000000000000000000000000
2044;1275396.00000000000000000000000000000000000000000000000000
2045;1275468.00000000000000000000000000000000000000000000000000
2046;1275516.00000000000000000000000000000000000000000000000000
2047;1275636.00000000000000000000000000000000000000000000000000
2048;1275156.00000000000000000000000000000000000000000000000000
2049;1274968.00000000000000000000000000000000000000000000000000
2050;1274968.00000000000000000000000000000000000000000000000000
2051;1274964.00000000000000000000000000000000000000000000000000
2052;1275032.00000000000000000000000000000000000000000000000000
2053;1274968.00000000000000000000000000000000000000000000000000
2054;1275224.00000000000000000000000000000000000000000000000000
2055;1275432.00000000000000000000000000000000000000000000000000
2056;1275600.00000000000000000000000000000000000000000000000000
2057;1275472.00000000000000000000000000000000000000000000000000
2058;1275416.00000000000000000000000000000000000000000000000000
2059;1275472.00000000000000000000000000000000000000000000000000
2060;1275420.00000000000000000000000000000000000000000000000000
2061;1275460.00000000000000000000000000000000000000000000000000
2062;1275548.00000000000000000000000000000000000000000000000000
2063;1275092.00000000000000000000000000000000000000000000000000
2064;1275068.00000000000000000000000000000000000000000000000000
2065;1275096.00000000000000000000000000000000000000000000000000
2066;1275152.00000000000000000000000000000000000000000000000000
2067;1275288.00000000000000000000000000000000000000000000000000
2068;1275064.00000000000000000000000000000000000000000000000000
2069;1275032.00000000000000000000000000000000000000000000000000
2070;1275520.00000000000000000000000000000000000000000000000000
2071;1275468.00000000000000000000000000000000000000000000000000
2072;1275484.00000000000000000000000000000000000000000000000000
2073;1275504.00000000000000000000000000000000000000000000000000
2074;1275728.00000000000000000000000000000000000000000000000000
2075;1275532.00000000000000000000000000000000000000000000000000
2076;1275616.00000000000000000000000000000000000000000000000000
2077;1275688.00000000000000000000000000000000000000000000000000
2078;1274596.00000000000000000000000000000000000000000000000000
2079;1274724.00000000000000000000000000000000000000000000000000
2080;1274632.00000000000000000000000000000000000000000000000000
2081;1274852.00000000000000000000000000000000000000000000000000
2082;1274820.00000000000000000000000000000000000000000000000000
2083;1274628.00000000000000000000000000000000000000000000000000
2084;1275392.00000000000000000000000000000000000000000000000000
2085;1275532.00000000000000000000000000000000000000000000000000
2086;1275648.00000000000000000000000000000000000000000000000000
2087;1275364.00000000000000000000000000000000000000000000000000
2088;1275552.00000000000000000000000000000000000000000000000000
2089;1275492.00000000000000000000000000000000000000000000000000
2090;1275552.00000000000000000000000000000000000000000000000000
2091;1275296.00000000000000000000000000000000000000000000000000
2092;1275260.00000000000000000000000000000000000000000000000000
2093;1275108.00000000000000000000000000000000000000000000000000
2094;1275108.00000000000000000000000000000000000000000000000000
2095;1275144.00000000000000000000000000000000000000000000000000
2096;1275108.00000000000000000000000000000000000000000000000000
2097;1275108.00000000000000000000000000000000000000000000000000
2098;1275428.00000000000000000000000000000000000000000000000000
2099;1275428.00000000000000000000000000000000000000000000000000
2100;1275360.00000000000000000000000000000000000000000000000000
2101;1275528.00000000000000000000000000000000000000000000000000
2102;1275484.00000000000000000000000000000000000000000000000000
2103;1275492.00000000000000000000000000000000000000000000000000
2104;1275492.00000000000000000000000000000000000000000000000000
2105;1274708.00000000000000000000000000000000000000000000000000
2106;1274708.00000000000000000000000000000000000000000000000000
2107;1274824.00000000000000000000000000000000000000000000000000
2108;1274708.00000000000000000000000000000000000000000000000000
2109;1274928.00000000000000000000000000000000000000000000000000
2110;1274928.00000000000000000000000000000000000000000000000000
2111;1275156.00000000000000000000000000000000000000000000000000
2112;1275276.00000000000000000000000000000000000000000000000000
2113;1275228.00000000000000000000000000000000000000000000000000
2114;1275544.00000000000000000000000000000000000000000000000000
2115;1275564.00000000000000000000000000000000000000000000000000
2116;1275736.00000000000000000000000000000000000000000000000000
2117;1275776.00000000000000000000000000000000000000000000000000
2118;1275548.00000000000000000000000000000000000000000000000000
2119;1275532.00000000000000000000000000000000000000000000000000
2120;1274752.00000000000000000000000000000000000000000000000000
2121;1274784.00000000000000000000000000000000000000000000000000
2122;1274872.00000000000000000000000000000000000000000000000000
2123;1274752.00000000000000000000000000000000000000000000000000
2124;1274752.00000000000000000000000000000000000000000000000000
2125;1274752.00000000000000000000000000000000000000000000000000
2126;1275564.00000000000000000000000000000000000000000000000000
2127;1275520.00000000000000000000000000000000000000000000000000
2128;1275584.00000000000000000000000000000000000000000000000000
2129;1275568.00000000000000000000000000000000000000000000000000
2130;1275528.00000000000000000000000000000000000000000000000000
2131;1275528.00000000000000000000000000000000000000000000000000
2132;1275732.00000000000000000000000000000000000000000000000000
2133;1275432.00000000000000000000000000000000000000000000000000
2134;1274768.00000000000000000000000000000000000000000000000000
2135;1274836.00000000000000000000000000000000000000000000000000
2136;1274920.00000000000000000000000000000000000000000000000000
2137;1274768.00000000000000000000000000000000000000000000000000
2138;1274992.00000000000000000000000000000000000000000000000000
2139;1274896.00000000000000000000000000000000000000000000000000
2140;1275512.00000000000000000000000000000000000000000000000000
2141;1275656.00000000000000000000000000000000000000000000000000
2142;1275408.00000000000000000000000000000000000000000000000000
2143;1275664.00000000000000000000000000000000000000000000000000
2144;1275592.00000000000000000000000000000000000000000000000000
2145;1275668.00000000000000000000000000000000000000000000000000
2146;1275592.00000000000000000000000000000000000000000000000000
2147;1275392.00000000000000000000000000000000000000000000000000
2148;1274900.00000000000000000000000000000000000000000000000000
2149;1274784.00000000000000000000000000000000000000000000000000
2150;1274816.00000000000000000000000000000000000000000000000000
2151;1274972.00000000000000000000000000000000000000000000000000
2152;1275004.00000000000000000000000000000000000000000000000000
2153;1274876.00000000000000000000000000000000000000000000000000
2154;1275480.00000000000000000000000000000000000000000000000000
2155;1275520.00000000000000000000000000000000000000000000000000
2156;1275424.00000000000000000000000000000000000000000000000000
2157;1275816.00000000000000000000000000000000000000000000000000
2158;1275816.00000000000000000000000000000000000000000000000000
2159;1275812.00000000000000000000000000000000000000000000000000
2160;1275824.00000000000000000000000000000000000000000000000000
2161;1275784.00000000000000000000000000000000000000000000000000
2162;1274648.00000000000000000000000000000000000000000000000000
2163;1275000.00000000000000000000000000000000000000000000000000
2164;1275104.00000000000000000000000000000000000000000000000000
2165;1274916.00000000000000000000000000000000000000000000000000
2166;1274844.00000000000000000000000000000000000000000000000000
2167;1274880.00000000000000000000000000000000000000000000000000
2168;1274848.00000000000000000000000000000000000000000000000000
2169;1275316.00000000000000000000000000000000000000000000000000
2170;1275588.00000000000000000000000000000000000000000000000000
2171;1275600.00000000000000000000000000000000000000000000000000
2172;1275600.00000000000000000000000000000000000000000000000000
2173;1275600.00000000000000000000000000000000000000000000000000
2174;1275728.00000000000000000000000000000000000000000000000000
2175;1275616.00000000000000000000000000000000000000000000000000
2176;1275000.00000000000000000000000000000000000000000000000000
2177;1274924.00000000000000000000000000000000000000000000000000
2178;1274896.00000000000000000000000000000000000000000000000000
2179;1274856.00000000000000000000000000000000000000000000000000
2180;1275084.00000000000000000000000000000000000000000000000000
2181;1274860.00000000000000000000000000000000000000000000000000
2182;1274924.00000000000000000000000000000000000000000000000000
2183;1275624.00000000000000000000000000000000000000000000000000
2184;1275540.00000000000000000000000000000000000000000000000000
2185;1275712.00000000000000000000000000000000000000000000000000
2186;1275616.00000000000000000000000000000000000000000000000000
2187;1275616.00000000000000000000000000000000000000000000000000
2188;1275744.00000000000000000000000000000000000000000000000000
2189;1275680.00000000000000000000000000000000000000000000000000
2190;1275720.00000000000000000000000000000000000000000000000000
2191;1275612.00000000000000000000000000000000000000000000000000
2192;1275420.00000000000000000000000000000000000000000000000000
2193;1275388.00000000000000000000000000000000000000000000000000
2194;1275388.00000000000000000000000000000000000000000000000000
2195;1275644.00000000000000000000000000000000000000000000000000
2196;1275512.00000000000000000000000000000000000000000000000000
2197;1275732.00000000000000000000000000000000000000000000000000
2198;1275788.00000000000000000000000000000000000000000000000000
2199;1275788.00000000000000000000000000000000000000000000000000
2200;1275488.00000000000000000000000000000000000000000000000000
2201;1275348.00000000000000000000000000000000000000000000000000
2202;1275604.00000000000000000000000000000000000000000000000000
2203;1275612.00000000000000000000000000000000000000000000000000
2204;1275716.00000000000000000000000000000000000000000000000000
2205;1275412.00000000000000000000000000000000000000000000000000
2206;1275328.00000000000000000000000000000000000000000000000000
2207;1275360.00000000000000000000000000000000000000000000000000
2208;1275492.00000000000000000000000000000000000000000000000000
2209;1275460.00000000000000000000000000000000000000000000000000
2210;1275268.00000000000000000000000000000000000000000000000000
2211;1275492.00000000000000000000000000000000000000000000000000
2212;1275268.00000000000000000000000000000000000000000000000000
2213;1275612.00000000000000000000000000000000000000000000000000
2214;1275356.00000000000000000000000000000000000000000000000000
2215;1275740.00000000000000000000000000000000000000000000000000
2216;1275748.00000000000000000000000000000000000000000000000000
2217;1275704.00000000000000000000000000000000000000000000000000
2218;1275644.00000000000000000000000000000000000000000000000000
2219;1275660.00000000000000000000000000000000000000000000000000
2220;1275616.00000000000000000000000000000000000000000000000000
2221;1275736.00000000000000000000000000000000000000000000000000
2222;1275736.00000000000000000000000000000000000000000000000000
2223;1275276.00000000000000000000000000000000000000000000000000
2224;1275344.00000000000000000000000000000000000000000000000000
2225;1275340.00000000000000000000000000000000000000000000000000
2226;1275344.00000000000000000000000000000000000000000000000000
2227;1275344.00000000000000000000000000000000000000000000000000
2228;1275532.00000000000000000000000000000000000000000000000000
2229;1275864.00000000000000000000000000000000000000000000000000
2230;1275808.00000000000000000000000000000000000000000000000000
2231;1275768.00000000000000000000000000000000000000000000000000
2232;1275776.00000000000000000000000000000000000000000000000000
2233;1275776.00000000000000000000000000000000000000000000000000
2234;1275776.00000000000000000000000000000000000000000000000000
2235;1275832.00000000000000000000000000000000000000000000000000
2236;1274648.00000000000000000000000000000000000000000000000000
2237;1275196.00000000000000000000000000000000000000000000000000
2238;1275196.00000000000000000000000000000000000000000000000000
2239;1274936.00000000000000000000000000000000000000000000000000
2240;1275196.00000000000000000000000000000000000000000000000000
2241;1275004.00000000000000000000000000000000000000000000000000
2242;1275004.00000000000000000000000000000000000000000000000000
2243;1275468.00000000000000000000000000000000000000000000000000
2244;1275664.00000000000000000000000000000000000000000000000000
2245;1275664.00000000000000000000000000000000000000000000000000
2246;1275664.00000000000000000000000000000000000000000000000000
2247;1275456.00000000000000000000000000000000000000000000000000
2248;1275672.00000000000000000000000000000000000000000000000000
2249;1275816.00000000000000000000000000000000000000000000000000
2250;1274904.00000000000000000000000000000000000000000000000000
2251;1275160.00000000000000000000000000000000000000000000000000
2252;1274968.00000000000000000000000000000000000000000000000000
2253;1274972.00000000000000000000000000000000000000000000000000
2254;1274968.00000000000000000000000000000000000000000000000000
2255;1274972.00000000000000000000000000000000000000000000000000
2256;1275808.00000000000000000000000000000000000000000000000000
2257;1275824.00000000000000000000000000000000000000000000000000
2258;1275992.00000000000000000000000000000000000000000000000000
2259;1275844.00000000000000000000000000000000000000000000000000
2260;1275844.00000000000000000000000000000000000000000000000000
2261;1275784.00000000000000000000000000000000000000000000000000
2262;1275840.00000000000000000000000000000000000000000000000000
2263;1275976.00000000000000000000000000000000000000000000000000
2264;1275604.00000000000000000000000000000000000000000000000000
2265;1275352.00000000000000000000000000000000000000000000000000
2266;1275352.00000000000000000000000000000000000000000000000000
2267;1275352.00000000000000000000000000000000000000000000000000
2268;1275416.00000000000000000000000000000000000000000000000000
2269;1275416.00000000000000000000000000000000000000000000000000
2270;1275820.00000000000000000000000000000000000000000000000000
2271;1275668.00000000000000000000000000000000000000000000000000
2272;1275732.00000000000000000000000000000000000000000000000000
2273;1275860.00000000000000000000000000000000000000000000000000
2274;1276032.00000000000000000000000000000000000000000000000000
2275;1276052.00000000000000000000000000000000000000000000000000
2276;1275676.00000000000000000000000000000000000000000000000000
2277;1276004.00000000000000000000000000000000000000000000000000
2278;1276124.00000000000000000000000000000000000000000000000000
2279;1275592.00000000000000000000000000000000000000000000000000
2280;1275464.00000000000000000000000000000000000000000000000000
2281;1275720.00000000000000000000000000000000000000000000000000
2282;1275720.00000000000000000000000000000000000000000000000000
2283;1275720.00000000000000000000000000000000000000000000000000
2284;1275464.00000000000000000000000000000000000000000000000000
2285;1275496.00000000000000000000000000000000000000000000000000
2286;1276004.00000000000000000000000000000000000000000000000000
2287;1275916.00000000000000000000000000000000000000000000000000
2288;1276160.00000000000000000000000000000000000000000000000000
2289;1276224.00000000000000000000000000000000000000000000000000
2290;1275856.00000000000000000000000000000000000000000000000000
2291;1275904.00000000000000000000000000000000000000000000000000
2292;1275776.00000000000000000000000000000000000000000000000000
2293;1276032.00000000000000000000000000000000000000000000000000
2294;1275880.00000000000000000000000000000000000000000000000000
2295;1275732.00000000000000000000000000000000000000000000000000
2296;1275668.00000000000000000000000000000000000000000000000000
2297;1275732.00000000000000000000000000000000000000000000000000
2298;1275732.00000000000000000000000000000000000000000000000000
2299;1275636.00000000000000000000000000000000000000000000000000
2300;1275604.00000000000000000000000000000000000000000000000000
2301;1275604.00000000000000000000000000000000000000000000000000
2302;1276028.00000000000000000000000000000000000000000000000000
2303;1276024.00000000000000000000000000000000000000000000000000
2304;1275968.00000000000000000000000000000000000000000000000000
2305;1275976.00000000000000000000000000000000000000000000000000
2306;1276076.00000000000000000000000000000000000000000000000000
2307;1276040.00000000000000000000000000000000000000000000000000
2308;1275980.00000000000000000000000000000000000000000000000000
2309;1275496.00000000000000000000000000000000000000000000000000
2310;1275628.00000000000000000000000000000000000000000000000000
2311;1275568.00000000000000000000000000000000000000000000000000
2312;1275564.00000000000000000000000000000000000000000000000000
2313;1275568.00000000000000000000000000000000000000000000000000
2314;1275536.00000000000000000000000000000000000000000000000000
2315;1275816.00000000000000000000000000000000000000000000000000
2316;1275504.00000000000000000000000000000000000000000000000000
2317;1275816.00000000000000000000000000000000000000000000000000
2318;1275888.00000000000000000000000000000000000000000000000000
2319;1275212.00000000000000000000000000000000000000000000000000
2320;1276000.00000000000000000000000000000000000000000000000000
2321;1275992.00000000000000000000000000000000000000000000000000
2322;1275796.00000000000000000000000000000000000000000000000000
2323;1275632.00000000000000000000000000000000000000000000000000
2324;1275744.00000000000000000000000000000000000000000000000000
2325;1275568.00000000000000000000000000000000000000000000000000
2326;1275536.00000000000000000000000000000000000000000000000000
2327;1275572.00000000000000000000000000000000000000000000000000
2328;1275536.00000000000000000000000000000000000000000000000000
2329;1275940.00000000000000000000000000000000000000000000000000
2330;1275940.00000000000000000000000000000000000000000000000000
2331;1275940.00000000000000000000000000000000000000000000000000
2332;1275940.00000000000000000000000000000000000000000000000000
2333;1275976.00000000000000000000000000000000000000000000000000
2334;1275868.00000000000000000000000000000000000000000000000000
2335;1275860.00000000000000000000000000000000000000000000000000
2336;1275876.00000000000000000000000000000000000000000000000000
2337;1275888.00000000000000000000000000000000000000000000000000
2338;1275064.00000000000000000000000000000000000000000000000000
2339;1275000.00000000000000000000000000000000000000000000000000
2340;1275256.00000000000000000000000000000000000000000000000000
2341;1275128.00000000000000000000000000000000000000000000000000
2342;1275032.00000000000000000000000000000000000000000000000000
2343;1275068.00000000000000000000000000000000000000000000000000
2344;1275584.00000000000000000000000000000000000000000000000000
2345;1275844.00000000000000000000000000000000000000000000000000
2346;1275860.00000000000000000000000000000000000000000000000000
2347;1275592.00000000000000000000000000000000000000000000000000
2348;1275672.00000000000000000000000000000000000000000000000000
2349;1275612.00000000000000000000000000000000000000000000000000
2350;1275872.00000000000000000000000000000000000000000000000000
2351;1275944.00000000000000000000000000000000000000000000000000
2352;1275904.00000000000000000000000000000000000000000000000000
2353;1275348.00000000000000000000000000000000000000000000000000
2354;1275380.00000000000000000000000000000000000000000000000000
2355;1275340.00000000000000000000000000000000000000000000000000
2356;1275568.00000000000000000000000000000000000000000000000000
2357;1275568.00000000000000000000000000000000000000000000000000
2358;1275412.00000000000000000000000000000000000000000000000000
2359;1275732.00000000000000000000000000000000000000000000000000
2360;1275748.00000000000000000000000000000000000000000000000000
2361;1275760.00000000000000000000000000000000000000000000000000
2362;1275760.00000000000000000000000000000000000000000000000000
2363;1275760.00000000000000000000000000000000000000000000000000
2364;1275760.00000000000000000000000000000000000000000000000000
2365;1275760.00000000000000000000000000000000000000000000000000
2366;1275972.00000000000000000000000000000000000000000000000000
2367;1275560.00000000000000000000000000000000000000000000000000
2368;1275412.00000000000000000000000000000000000000000000000000
2369;1275632.00000000000000000000000000000000000000000000000000
2370;1275412.00000000000000000000000000000000000000000000000000
2371;1275440.00000000000000000000000000000000000000000000000000
2372;1275376.00000000000000000000000000000000000000000000000000
2373;1275444.00000000000000000000000000000000000000000000000000
2374;1275820.00000000000000000000000000000000000000000000000000
2375;1275816.00000000000000000000000000000000000000000000000000
2376;1275504.00000000000000000000000000000000000000000000000000
2377;1275952.00000000000000000000000000000000000000000000000000
2378;1275820.00000000000000000000000000000000000000000000000000
2379;1275820.00000000000000000000000000000000000000000000000000
2380;1275828.00000000000000000000000000000000000000000000000000
2381;1275532.00000000000000000000000000000000000000000000000000
2382;1275056.00000000000000000000000000000000000000000000000000
2383;1275056.00000000000000000000000000000000000000000000000000
2384;1275124.00000000000000000000000000000000000000000000000000
2385;1274984.00000000000000000000000000000000000000000000000000
2386;1275212.00000000000000000000000000000000000000000000000000
2387;1274984.00000000000000000000000000000000000000000000000000
2388;1275476.00000000000000000000000000000000000000000000000000
2389;1275744.00000000000000000000000000000000000000000000000000
2390;1275856.00000000000000000000000000000000000000000000000000
2391;1275972.00000000000000000000000000000000000000000000000000
2392;1275824.00000000000000000000000000000000000000000000000000
2393;1275824.00000000000000000000000000000000000000000000000000
2394;1275972.00000000000000000000000000000000000000000000000000
2395;1275764.00000000000000000000000000000000000000000000000000
2396;1275824.00000000000000000000000000000000000000000000000000
2397;1275412.00000000000000000000000000000000000000000000000000
2398;1275380.00000000000000000000000000000000000000000000000000
2399;1275444.00000000000000000000000000000000000000000000000000
2400;1275380.00000000000000000000000000000000000000000000000000
2401;1275636.00000000000000000000000000000000000000000000000000
2402;1275380.00000000000000000000000000000000000000000000000000
2403;1275760.00000000000000000000000000000000000000000000000000
2404;1275700.00000000000000000000000000000000000000000000000000
2405;1275760.00000000000000000000000000000000000000000000000000
2406;1275760.00000000000000000000000000000000000000000000000000
2407;1275756.00000000000000000000000000000000000000000000000000
2408;1275912.00000000000000000000000000000000000000000000000000
2409;1275756.00000000000000000000000000000000000000000000000000
2410;1275820.00000000000000000000000000000000000000000000000000
2411;1275820.00000000000000000000000000000000000000000000000000
2412;1275500.00000000000000000000000000000000000000000000000000
2413;1275408.00000000000000000000000000000000000000000000000000
2414;1275500.00000000000000000000000000000000000000000000000000
2415;1275372.00000000000000000000000000000000000000000000000000
2416;1275376.00000000000000000000000000000000000000000000000000
2417;1275444.00000000000000000000000000000000000000000000000000
2418;1275820.00000000000000000000000000000000000000000000000000
2419;1275772.00000000000000000000000000000000000000000000000000
2420;1275828.00000000000000000000000000000000000000000000000000
2421;1275964.00000000000000000000000000000000000000000000000000
2422;1275772.00000000000000000000000000000000000000000000000000
2423;1275872.00000000000000000000000000000000000000000000000000
2424;1275832.00000000000000000000000000000000000000000000000000
2425;1275832.00000000000000000000000000000000000000000000000000
2426;1275568.00000000000000000000000000000000000000000000000000
2427;1275644.00000000000000000000000000000000000000000000000000
2428;1275516.00000000000000000000000000000000000000000000000000
2429;1275388.00000000000000000000000000000000000000000000000000
2430;1275384.00000000000000000000000000000000000000000000000000
2431;1275516.00000000000000000000000000000000000000000000000000
2432;1275424.00000000000000000000000000000000000000000000000000
2433;1275712.00000000000000000000000000000000000000000000000000
2434;1275772.00000000000000000000000000000000000000000000000000
2435;1275768.00000000000000000000000000000000000000000000000000
2436;1275768.00000000000000000000000000000000000000000000000000
2437;1275812.00000000000000000000000000000000000000000000000000
2438;1275712.00000000000000000000000000000000000000000000000000
2439;1275776.00000000000000000000000000000000000000000000000000
2440;1275776.00000000000000000000000000000000000000000000000000
2441;1275036.00000000000000000000000000000000000000000000000000
2442;1275100.00000000000000000000000000000000000000000000000000
2443;1275036.00000000000000000000000000000000000000000000000000
2444;1275068.00000000000000000000000000000000000000000000000000
2445;1275292.00000000000000000000000000000000000000000000000000
2446;1275032.00000000000000000000000000000000000000000000000000
2447;1275516.00000000000000000000000000000000000000000000000000
2448;1275772.00000000000000000000000000000000000000000000000000
2449;1275828.00000000000000000000000000000000000000000000000000
2450;1275828.00000000000000000000000000000000000000000000000000
2451;1275572.00000000000000000000000000000000000000000000000000
2452;1275832.00000000000000000000000000000000000000000000000000
2453;1275832.00000000000000000000000000000000000000000000000000
2454;1275828.00000000000000000000000000000000000000000000000000
2455;1275828.00000000000000000000000000000000000000000000000000
2456;1275572.00000000000000000000000000000000000000000000000000
2457;1275344.00000000000000000000000000000000000000000000000000
2458;1275344.00000000000000000000000000000000000000000000000000
2459;1275120.00000000000000000000000000000000000000000000000000
2460;1275120.00000000000000000000000000000000000000000000000000
2461;1275344.00000000000000000000000000000000000000000000000000
2462;1275088.00000000000000000000000000000000000000000000000000
2463;1275568.00000000000000000000000000000000000000000000000000
2464;1275508.00000000000000000000000000000000000000000000000000
2465;1275864.00000000000000000000000000000000000000000000000000
2466;1275764.00000000000000000000000000000000000000000000000000
2467;1275820.00000000000000000000000000000000000000000000000000
2468;1275864.00000000000000000000000000000000000000000000000000
2469;1275832.00000000000000000000000000000000000000000000000000
2470;1275848.00000000000000000000000000000000000000000000000000
2471;1275136.00000000000000000000000000000000000000000000000000
2472;1275036.00000000000000000000000000000000000000000000000000
2473;1275072.00000000000000000000000000000000000000000000000000
2474;1275128.00000000000000000000000000000000000000000000000000
2475;1275260.00000000000000000000000000000000000000000000000000
2476;1275004.00000000000000000000000000000000000000000000000000
2477;1275004.00000000000000000000000000000000000000000000000000
2478;1275812.00000000000000000000000000000000000000000000000000
2479;1275828.00000000000000000000000000000000000000000000000000
2480;758248.00000000000000000000000000000000000000000000000000
