Second;RAM_KB
0;6276.00000000000000000000000000000000000000000000000000
1;312904.00000000000000000000000000000000000000000000000000
2;373708.00000000000000000000000000000000000000000000000000
3;691756.00000000000000000000000000000000000000000000000000
4;748480.00000000000000000000000000000000000000000000000000
5;777456.00000000000000000000000000000000000000000000000000
6;814548.00000000000000000000000000000000000000000000000000
7;823644.00000000000000000000000000000000000000000000000000
8;824100.00000000000000000000000000000000000000000000000000
9;825240.00000000000000000000000000000000000000000000000000
10;826636.00000000000000000000000000000000000000000000000000
11;828880.00000000000000000000000000000000000000000000000000
12;833784.00000000000000000000000000000000000000000000000000
13;905844.00000000000000000000000000000000000000000000000000
14;918432.00000000000000000000000000000000000000000000000000
15;918432.00000000000000000000000000000000000000000000000000
16;933760.00000000000000000000000000000000000000000000000000
17;977812.00000000000000000000000000000000000000000000000000
18;985544.00000000000000000000000000000000000000000000000000
19;991216.00000000000000000000000000000000000000000000000000
20;995664.00000000000000000000000000000000000000000000000000
21;1001564.00000000000000000000000000000000000000000000000000
22;1006708.00000000000000000000000000000000000000000000000000
23;1013652.00000000000000000000000000000000000000000000000000
24;1018944.00000000000000000000000000000000000000000000000000
25;1025280.00000000000000000000000000000000000000000000000000
26;1029104.00000000000000000000000000000000000000000000000000
27;1038008.00000000000000000000000000000000000000000000000000
28;1044460.00000000000000000000000000000000000000000000000000
29;1049780.00000000000000000000000000000000000000000000000000
30;1054756.00000000000000000000000000000000000000000000000000
31;1060608.00000000000000000000000000000000000000000000000000
32;1066084.00000000000000000000000000000000000000000000000000
33;1070500.00000000000000000000000000000000000000000000000000
34;1077032.00000000000000000000000000000000000000000000000000
35;1079140.00000000000000000000000000000000000000000000000000
36;1087180.00000000000000000000000000000000000000000000000000
37;1090992.00000000000000000000000000000000000000000000000000
38;1098136.00000000000000000000000000000000000000000000000000
39;1103584.00000000000000000000000000000000000000000000000000
40;1107484.00000000000000000000000000000000000000000000000000
41;1112820.00000000000000000000000000000000000000000000000000
42;1118272.00000000000000000000000000000000000000000000000000
43;1123492.00000000000000000000000000000000000000000000000000
44;1127816.00000000000000000000000000000000000000000000000000
45;1134132.00000000000000000000000000000000000000000000000000
46;1138960.00000000000000000000000000000000000000000000000000
47;1144916.00000000000000000000000000000000000000000000000000
48;1151908.00000000000000000000000000000000000000000000000000
49;1155868.00000000000000000000000000000000000000000000000000
50;1160500.00000000000000000000000000000000000000000000000000
51;1165772.00000000000000000000000000000000000000000000000000
52;1175672.00000000000000000000000000000000000000000000000000
53;1177128.00000000000000000000000000000000000000000000000000
54;1182008.00000000000000000000000000000000000000000000000000
55;1183940.00000000000000000000000000000000000000000000000000
56;1421800.00000000000000000000000000000000000000000000000000
57;1421800.00000000000000000000000000000000000000000000000000
58;1421800.00000000000000000000000000000000000000000000000000
59;1421676.00000000000000000000000000000000000000000000000000
60;1421676.00000000000000000000000000000000000000000000000000
61;1421668.00000000000000000000000000000000000000000000000000
62;1421612.00000000000000000000000000000000000000000000000000
63;1421768.00000000000000000000000000000000000000000000000000
64;1421612.00000000000000000000000000000000000000000000000000
65;1421524.00000000000000000000000000000000000000000000000000
66;1421620.00000000000000000000000000000000000000000000000000
67;1421528.00000000000000000000000000000000000000000000000000
68;1421620.00000000000000000000000000000000000000000000000000
69;1421616.00000000000000000000000000000000000000000000000000
70;1421620.00000000000000000000000000000000000000000000000000
71;1421560.00000000000000000000000000000000000000000000000000
72;1421616.00000000000000000000000000000000000000000000000000
73;1421744.00000000000000000000000000000000000000000000000000
74;1421744.00000000000000000000000000000000000000000000000000
75;1421552.00000000000000000000000000000000000000000000000000
76;1421552.00000000000000000000000000000000000000000000000000
77;1421552.00000000000000000000000000000000000000000000000000
78;1421552.00000000000000000000000000000000000000000000000000
79;1421520.00000000000000000000000000000000000000000000000000
80;1421588.00000000000000000000000000000000000000000000000000
81;1421648.00000000000000000000000000000000000000000000000000
82;1421744.00000000000000000000000000000000000000000000000000
83;1421520.00000000000000000000000000000000000000000000000000
84;1421588.00000000000000000000000000000000000000000000000000
85;1421588.00000000000000000000000000000000000000000000000000
86;1421520.00000000000000000000000000000000000000000000000000
87;1421520.00000000000000000000000000000000000000000000000000
88;1421556.00000000000000000000000000000000000000000000000000
89;1421520.00000000000000000000000000000000000000000000000000
90;1421588.00000000000000000000000000000000000000000000000000
91;1421644.00000000000000000000000000000000000000000000000000
92;1421744.00000000000000000000000000000000000000000000000000
93;1389240.00000000000000000000000000000000000000000000000000
94;1322048.00000000000000000000000000000000000000000000000000
95;1325080.00000000000000000000000000000000000000000000000000
96;1326736.00000000000000000000000000000000000000000000000000
97;1329476.00000000000000000000000000000000000000000000000000
98;1332412.00000000000000000000000000000000000000000000000000
99;1335428.00000000000000000000000000000000000000000000000000
100;1337684.00000000000000000000000000000000000000000000000000
101;1340528.00000000000000000000000000000000000000000000000000
102;1343184.00000000000000000000000000000000000000000000000000
103;1345200.00000000000000000000000000000000000000000000000000
104;1347900.00000000000000000000000000000000000000000000000000
105;1350624.00000000000000000000000000000000000000000000000000
106;1355956.00000000000000000000000000000000000000000000000000
107;1358032.00000000000000000000000000000000000000000000000000
108;1364480.00000000000000000000000000000000000000000000000000
109;1366784.00000000000000000000000000000000000000000000000000
110;1369800.00000000000000000000000000000000000000000000000000
111;1372408.00000000000000000000000000000000000000000000000000
112;1374400.00000000000000000000000000000000000000000000000000
113;1377784.00000000000000000000000000000000000000000000000000
114;1382556.00000000000000000000000000000000000000000000000000
115;1383036.00000000000000000000000000000000000000000000000000
116;1384132.00000000000000000000000000000000000000000000000000
117;1387332.00000000000000000000000000000000000000000000000000
118;1387800.00000000000000000000000000000000000000000000000000
119;1388576.00000000000000000000000000000000000000000000000000
120;1391172.00000000000000000000000000000000000000000000000000
121;1398188.00000000000000000000000000000000000000000000000000
122;1398640.00000000000000000000000000000000000000000000000000
123;1399628.00000000000000000000000000000000000000000000000000
124;1405652.00000000000000000000000000000000000000000000000000
125;1405820.00000000000000000000000000000000000000000000000000
126;1407988.00000000000000000000000000000000000000000000000000
127;1412148.00000000000000000000000000000000000000000000000000
128;1417620.00000000000000000000000000000000000000000000000000
129;1419500.00000000000000000000000000000000000000000000000000
130;1421968.00000000000000000000000000000000000000000000000000
131;1424476.00000000000000000000000000000000000000000000000000
132;1428476.00000000000000000000000000000000000000000000000000
133;1430324.00000000000000000000000000000000000000000000000000
134;1430580.00000000000000000000000000000000000000000000000000
135;1430584.00000000000000000000000000000000000000000000000000
136;1430620.00000000000000000000000000000000000000000000000000
137;1430620.00000000000000000000000000000000000000000000000000
138;1430624.00000000000000000000000000000000000000000000000000
139;1430116.00000000000000000000000000000000000000000000000000
140;1430556.00000000000000000000000000000000000000000000000000
141;1430560.00000000000000000000000000000000000000000000000000
142;1430624.00000000000000000000000000000000000000000000000000
143;1430556.00000000000000000000000000000000000000000000000000
144;1430624.00000000000000000000000000000000000000000000000000
145;1430992.00000000000000000000000000000000000000000000000000
146;1430992.00000000000000000000000000000000000000000000000000
147;1430992.00000000000000000000000000000000000000000000000000
148;1430988.00000000000000000000000000000000000000000000000000
149;1430928.00000000000000000000000000000000000000000000000000
150;1430992.00000000000000000000000000000000000000000000000000
151;1431056.00000000000000000000000000000000000000000000000000
152;1431056.00000000000000000000000000000000000000000000000000
153;1431056.00000000000000000000000000000000000000000000000000
154;1431056.00000000000000000000000000000000000000000000000000
155;1431060.00000000000000000000000000000000000000000000000000
156;1431060.00000000000000000000000000000000000000000000000000
157;1430992.00000000000000000000000000000000000000000000000000
158;1430996.00000000000000000000000000000000000000000000000000
159;1430996.00000000000000000000000000000000000000000000000000
160;1431060.00000000000000000000000000000000000000000000000000
161;1430932.00000000000000000000000000000000000000000000000000
162;1430996.00000000000000000000000000000000000000000000000000
163;1430996.00000000000000000000000000000000000000000000000000
164;1430992.00000000000000000000000000000000000000000000000000
165;1431060.00000000000000000000000000000000000000000000000000
166;1431060.00000000000000000000000000000000000000000000000000
167;1430996.00000000000000000000000000000000000000000000000000
168;1430996.00000000000000000000000000000000000000000000000000
169;1430936.00000000000000000000000000000000000000000000000000
170;1430996.00000000000000000000000000000000000000000000000000
171;1326472.00000000000000000000000000000000000000000000000000
172;1329040.00000000000000000000000000000000000000000000000000
173;1331604.00000000000000000000000000000000000000000000000000
174;1333028.00000000000000000000000000000000000000000000000000
175;1335404.00000000000000000000000000000000000000000000000000
176;1338136.00000000000000000000000000000000000000000000000000
177;1340004.00000000000000000000000000000000000000000000000000
178;1341376.00000000000000000000000000000000000000000000000000
179;1343956.00000000000000000000000000000000000000000000000000
180;1345468.00000000000000000000000000000000000000000000000000
181;1348376.00000000000000000000000000000000000000000000000000
182;1350276.00000000000000000000000000000000000000000000000000
183;1352800.00000000000000000000000000000000000000000000000000
184;1355920.00000000000000000000000000000000000000000000000000
185;1357648.00000000000000000000000000000000000000000000000000
186;1364504.00000000000000000000000000000000000000000000000000
187;1366856.00000000000000000000000000000000000000000000000000
188;1370468.00000000000000000000000000000000000000000000000000
189;1372080.00000000000000000000000000000000000000000000000000
190;1373968.00000000000000000000000000000000000000000000000000
191;1375960.00000000000000000000000000000000000000000000000000
192;1379576.00000000000000000000000000000000000000000000000000
193;1381356.00000000000000000000000000000000000000000000000000
194;1387656.00000000000000000000000000000000000000000000000000
195;1388628.00000000000000000000000000000000000000000000000000
196;1389452.00000000000000000000000000000000000000000000000000
197;1389996.00000000000000000000000000000000000000000000000000
198;1392068.00000000000000000000000000000000000000000000000000
199;1392428.00000000000000000000000000000000000000000000000000
200;1393424.00000000000000000000000000000000000000000000000000
201;1402936.00000000000000000000000000000000000000000000000000
202;1403000.00000000000000000000000000000000000000000000000000
203;1403432.00000000000000000000000000000000000000000000000000
204;1403720.00000000000000000000000000000000000000000000000000
205;1407768.00000000000000000000000000000000000000000000000000
206;1409340.00000000000000000000000000000000000000000000000000
207;1411636.00000000000000000000000000000000000000000000000000
208;1415340.00000000000000000000000000000000000000000000000000
209;1416776.00000000000000000000000000000000000000000000000000
210;1422232.00000000000000000000000000000000000000000000000000
211;1423472.00000000000000000000000000000000000000000000000000
212;1427864.00000000000000000000000000000000000000000000000000
213;1427864.00000000000000000000000000000000000000000000000000
214;1427616.00000000000000000000000000000000000000000000000000
215;1427672.00000000000000000000000000000000000000000000000000
216;1427612.00000000000000000000000000000000000000000000000000
217;1427548.00000000000000000000000000000000000000000000000000
218;1427672.00000000000000000000000000000000000000000000000000
219;1427548.00000000000000000000000000000000000000000000000000
220;1427612.00000000000000000000000000000000000000000000000000
221;1427612.00000000000000000000000000000000000000000000000000
222;1427612.00000000000000000000000000000000000000000000000000
223;1427804.00000000000000000000000000000000000000000000000000
224;1427672.00000000000000000000000000000000000000000000000000
225;1428160.00000000000000000000000000000000000000000000000000
226;1428160.00000000000000000000000000000000000000000000000000
227;1428156.00000000000000000000000000000000000000000000000000
228;1428160.00000000000000000000000000000000000000000000000000
229;1428096.00000000000000000000000000000000000000000000000000
230;1428156.00000000000000000000000000000000000000000000000000
231;1428100.00000000000000000000000000000000000000000000000000
232;1428096.00000000000000000000000000000000000000000000000000
233;1428344.00000000000000000000000000000000000000000000000000
234;1428156.00000000000000000000000000000000000000000000000000
235;1428100.00000000000000000000000000000000000000000000000000
236;1428032.00000000000000000000000000000000000000000000000000
237;1428096.00000000000000000000000000000000000000000000000000
238;1428156.00000000000000000000000000000000000000000000000000
239;1428160.00000000000000000000000000000000000000000000000000
240;1428096.00000000000000000000000000000000000000000000000000
241;1428100.00000000000000000000000000000000000000000000000000
242;1428160.00000000000000000000000000000000000000000000000000
243;1428032.00000000000000000000000000000000000000000000000000
244;1428096.00000000000000000000000000000000000000000000000000
245;1428288.00000000000000000000000000000000000000000000000000
246;1428100.00000000000000000000000000000000000000000000000000
247;1428032.00000000000000000000000000000000000000000000000000
248;1428096.00000000000000000000000000000000000000000000000000
249;1428288.00000000000000000000000000000000000000000000000000
250;1428100.00000000000000000000000000000000000000000000000000
251;1428160.00000000000000000000000000000000000000000000000000
252;1331308.00000000000000000000000000000000000000000000000000
253;1333284.00000000000000000000000000000000000000000000000000
254;1334276.00000000000000000000000000000000000000000000000000
255;1336960.00000000000000000000000000000000000000000000000000
256;1338808.00000000000000000000000000000000000000000000000000
257;1340708.00000000000000000000000000000000000000000000000000
258;1343248.00000000000000000000000000000000000000000000000000
259;1344496.00000000000000000000000000000000000000000000000000
260;1347292.00000000000000000000000000000000000000000000000000
261;1349312.00000000000000000000000000000000000000000000000000
262;1352200.00000000000000000000000000000000000000000000000000
263;1354080.00000000000000000000000000000000000000000000000000
264;1356380.00000000000000000000000000000000000000000000000000
265;1357648.00000000000000000000000000000000000000000000000000
266;1363916.00000000000000000000000000000000000000000000000000
267;1366188.00000000000000000000000000000000000000000000000000
268;1369100.00000000000000000000000000000000000000000000000000
269;1370668.00000000000000000000000000000000000000000000000000
270;1374404.00000000000000000000000000000000000000000000000000
271;1376732.00000000000000000000000000000000000000000000000000
272;1378860.00000000000000000000000000000000000000000000000000
273;1381724.00000000000000000000000000000000000000000000000000
274;1384288.00000000000000000000000000000000000000000000000000
275;1388828.00000000000000000000000000000000000000000000000000
276;1389800.00000000000000000000000000000000000000000000000000
277;1390244.00000000000000000000000000000000000000000000000000
278;1391612.00000000000000000000000000000000000000000000000000
279;1392936.00000000000000000000000000000000000000000000000000
280;1394028.00000000000000000000000000000000000000000000000000
281;1394136.00000000000000000000000000000000000000000000000000
282;1403384.00000000000000000000000000000000000000000000000000
283;1403432.00000000000000000000000000000000000000000000000000
284;1403704.00000000000000000000000000000000000000000000000000
285;1404120.00000000000000000000000000000000000000000000000000
286;1408604.00000000000000000000000000000000000000000000000000
287;1409884.00000000000000000000000000000000000000000000000000
288;1412928.00000000000000000000000000000000000000000000000000
289;1416172.00000000000000000000000000000000000000000000000000
290;1423284.00000000000000000000000000000000000000000000000000
291;1423400.00000000000000000000000000000000000000000000000000
292;1424444.00000000000000000000000000000000000000000000000000
293;1430416.00000000000000000000000000000000000000000000000000
294;1431268.00000000000000000000000000000000000000000000000000
295;1431472.00000000000000000000000000000000000000000000000000
296;1431584.00000000000000000000000000000000000000000000000000
297;1431076.00000000000000000000000000000000000000000000000000
298;1431736.00000000000000000000000000000000000000000000000000
299;1431692.00000000000000000000000000000000000000000000000000
300;1431752.00000000000000000000000000000000000000000000000000
301;1431752.00000000000000000000000000000000000000000000000000
302;1431816.00000000000000000000000000000000000000000000000000
303;1431816.00000000000000000000000000000000000000000000000000
304;1431748.00000000000000000000000000000000000000000000000000
305;1431752.00000000000000000000000000000000000000000000000000
306;1432152.00000000000000000000000000000000000000000000000000
307;1432152.00000000000000000000000000000000000000000000000000
308;1432148.00000000000000000000000000000000000000000000000000
309;1432152.00000000000000000000000000000000000000000000000000
310;1432216.00000000000000000000000000000000000000000000000000
311;1432216.00000000000000000000000000000000000000000000000000
312;1432152.00000000000000000000000000000000000000000000000000
313;1432152.00000000000000000000000000000000000000000000000000
314;1432152.00000000000000000000000000000000000000000000000000
315;1432136.00000000000000000000000000000000000000000000000000
316;1432148.00000000000000000000000000000000000000000000000000
317;1432148.00000000000000000000000000000000000000000000000000
318;1432088.00000000000000000000000000000000000000000000000000
319;1432148.00000000000000000000000000000000000000000000000000
320;1432148.00000000000000000000000000000000000000000000000000
321;1432088.00000000000000000000000000000000000000000000000000
322;1432144.00000000000000000000000000000000000000000000000000
323;1432144.00000000000000000000000000000000000000000000000000
324;1432212.00000000000000000000000000000000000000000000000000
325;1432212.00000000000000000000000000000000000000000000000000
326;1432212.00000000000000000000000000000000000000000000000000
327;1432220.00000000000000000000000000000000000000000000000000
328;1432220.00000000000000000000000000000000000000000000000000
329;1432220.00000000000000000000000000000000000000000000000000
330;1431712.00000000000000000000000000000000000000000000000000
331;1432220.00000000000000000000000000000000000000000000000000
332;1334236.00000000000000000000000000000000000000000000000000
333;1336252.00000000000000000000000000000000000000000000000000
334;1339788.00000000000000000000000000000000000000000000000000
335;1339736.00000000000000000000000000000000000000000000000000
336;1342432.00000000000000000000000000000000000000000000000000
337;1343736.00000000000000000000000000000000000000000000000000
338;1346264.00000000000000000000000000000000000000000000000000
339;1348108.00000000000000000000000000000000000000000000000000
340;1351144.00000000000000000000000000000000000000000000000000
341;1351572.00000000000000000000000000000000000000000000000000
342;1355304.00000000000000000000000000000000000000000000000000
343;1356992.00000000000000000000000000000000000000000000000000
344;1359924.00000000000000000000000000000000000000000000000000
345;1361832.00000000000000000000000000000000000000000000000000
346;1364404.00000000000000000000000000000000000000000000000000
347;1366100.00000000000000000000000000000000000000000000000000
348;1372080.00000000000000000000000000000000000000000000000000
349;1372864.00000000000000000000000000000000000000000000000000
350;1377060.00000000000000000000000000000000000000000000000000
351;1378292.00000000000000000000000000000000000000000000000000
352;1383100.00000000000000000000000000000000000000000000000000
353;1384756.00000000000000000000000000000000000000000000000000
354;1389436.00000000000000000000000000000000000000000000000000
355;1391728.00000000000000000000000000000000000000000000000000
356;1393576.00000000000000000000000000000000000000000000000000
357;1393892.00000000000000000000000000000000000000000000000000
358;1396204.00000000000000000000000000000000000000000000000000
359;1399316.00000000000000000000000000000000000000000000000000
360;1399368.00000000000000000000000000000000000000000000000000
361;1399704.00000000000000000000000000000000000000000000000000
362;1404036.00000000000000000000000000000000000000000000000000
363;1404628.00000000000000000000000000000000000000000000000000
364;1405084.00000000000000000000000000000000000000000000000000
365;1413060.00000000000000000000000000000000000000000000000000
366;1413500.00000000000000000000000000000000000000000000000000
367;1413436.00000000000000000000000000000000000000000000000000
368;1414452.00000000000000000000000000000000000000000000000000
369;1416828.00000000000000000000000000000000000000000000000000
370;1424652.00000000000000000000000000000000000000000000000000
371;1425120.00000000000000000000000000000000000000000000000000
372;1427032.00000000000000000000000000000000000000000000000000
373;1428916.00000000000000000000000000000000000000000000000000
374;1430208.00000000000000000000000000000000000000000000000000
375;1430216.00000000000000000000000000000000000000000000000000
376;1430284.00000000000000000000000000000000000000000000000000
377;1430220.00000000000000000000000000000000000000000000000000
378;1430284.00000000000000000000000000000000000000000000000000
379;1430316.00000000000000000000000000000000000000000000000000
380;1430316.00000000000000000000000000000000000000000000000000
381;1430284.00000000000000000000000000000000000000000000000000
382;1430284.00000000000000000000000000000000000000000000000000
383;1430284.00000000000000000000000000000000000000000000000000
384;1430316.00000000000000000000000000000000000000000000000000
385;1430320.00000000000000000000000000000000000000000000000000
386;1430384.00000000000000000000000000000000000000000000000000
387;1431308.00000000000000000000000000000000000000000000000000
388;1431340.00000000000000000000000000000000000000000000000000
389;1431340.00000000000000000000000000000000000000000000000000
390;1431340.00000000000000000000000000000000000000000000000000
391;1430832.00000000000000000000000000000000000000000000000000
392;1431308.00000000000000000000000000000000000000000000000000
393;1431184.00000000000000000000000000000000000000000000000000
394;1431248.00000000000000000000000000000000000000000000000000
395;1431212.00000000000000000000000000000000000000000000000000
396;1431212.00000000000000000000000000000000000000000000000000
397;1431248.00000000000000000000000000000000000000000000000000
398;1431220.00000000000000000000000000000000000000000000000000
399;1431208.00000000000000000000000000000000000000000000000000
400;1431208.00000000000000000000000000000000000000000000000000
401;1431208.00000000000000000000000000000000000000000000000000
402;1431208.00000000000000000000000000000000000000000000000000
403;1431240.00000000000000000000000000000000000000000000000000
404;1431208.00000000000000000000000000000000000000000000000000
405;1431208.00000000000000000000000000000000000000000000000000
406;1431144.00000000000000000000000000000000000000000000000000
407;1431208.00000000000000000000000000000000000000000000000000
408;1431240.00000000000000000000000000000000000000000000000000
409;1431240.00000000000000000000000000000000000000000000000000
410;1431208.00000000000000000000000000000000000000000000000000
411;1431208.00000000000000000000000000000000000000000000000000
412;1328264.00000000000000000000000000000000000000000000000000
413;1330336.00000000000000000000000000000000000000000000000000
414;1332864.00000000000000000000000000000000000000000000000000
415;1335528.00000000000000000000000000000000000000000000000000
416;1337476.00000000000000000000000000000000000000000000000000
417;1339544.00000000000000000000000000000000000000000000000000
418;1341468.00000000000000000000000000000000000000000000000000
419;1343688.00000000000000000000000000000000000000000000000000
420;1345708.00000000000000000000000000000000000000000000000000
421;1348352.00000000000000000000000000000000000000000000000000
422;1351812.00000000000000000000000000000000000000000000000000
423;1353252.00000000000000000000000000000000000000000000000000
424;1355808.00000000000000000000000000000000000000000000000000
425;1357632.00000000000000000000000000000000000000000000000000
426;1359200.00000000000000000000000000000000000000000000000000
427;1362264.00000000000000000000000000000000000000000000000000
428;1364308.00000000000000000000000000000000000000000000000000
429;1370532.00000000000000000000000000000000000000000000000000
430;1373380.00000000000000000000000000000000000000000000000000
431;1378416.00000000000000000000000000000000000000000000000000
432;1379736.00000000000000000000000000000000000000000000000000
433;1383160.00000000000000000000000000000000000000000000000000
434;1383820.00000000000000000000000000000000000000000000000000
435;1386776.00000000000000000000000000000000000000000000000000
436;1391400.00000000000000000000000000000000000000000000000000
437;1392248.00000000000000000000000000000000000000000000000000
438;1394092.00000000000000000000000000000000000000000000000000
439;1396668.00000000000000000000000000000000000000000000000000
440;1398880.00000000000000000000000000000000000000000000000000
441;1399864.00000000000000000000000000000000000000000000000000
442;1400776.00000000000000000000000000000000000000000000000000
443;1409640.00000000000000000000000000000000000000000000000000
444;1410028.00000000000000000000000000000000000000000000000000
445;1410804.00000000000000000000000000000000000000000000000000
446;1412956.00000000000000000000000000000000000000000000000000
447;1417564.00000000000000000000000000000000000000000000000000
448;1418976.00000000000000000000000000000000000000000000000000
449;1420396.00000000000000000000000000000000000000000000000000
450;1421236.00000000000000000000000000000000000000000000000000
451;1427200.00000000000000000000000000000000000000000000000000
452;1427524.00000000000000000000000000000000000000000000000000
453;1427492.00000000000000000000000000000000000000000000000000
454;1428920.00000000000000000000000000000000000000000000000000
455;1431264.00000000000000000000000000000000000000000000000000
456;1432640.00000000000000000000000000000000000000000000000000
457;1432644.00000000000000000000000000000000000000000000000000
458;1432584.00000000000000000000000000000000000000000000000000
459;1432580.00000000000000000000000000000000000000000000000000
460;1432644.00000000000000000000000000000000000000000000000000
461;1432680.00000000000000000000000000000000000000000000000000
462;1432676.00000000000000000000000000000000000000000000000000
463;1432644.00000000000000000000000000000000000000000000000000
464;1432680.00000000000000000000000000000000000000000000000000
465;1432676.00000000000000000000000000000000000000000000000000
466;1432640.00000000000000000000000000000000000000000000000000
467;1432644.00000000000000000000000000000000000000000000000000
468;1432736.00000000000000000000000000000000000000000000000000
469;1432672.00000000000000000000000000000000000000000000000000
470;1432676.00000000000000000000000000000000000000000000000000
471;1432736.00000000000000000000000000000000000000000000000000
472;1432736.00000000000000000000000000000000000000000000000000
473;1432768.00000000000000000000000000000000000000000000000000
474;1432736.00000000000000000000000000000000000000000000000000
475;1432676.00000000000000000000000000000000000000000000000000
476;1432736.00000000000000000000000000000000000000000000000000
477;1432768.00000000000000000000000000000000000000000000000000
478;1432260.00000000000000000000000000000000000000000000000000
479;1432736.00000000000000000000000000000000000000000000000000
480;1432732.00000000000000000000000000000000000000000000000000
481;1432736.00000000000000000000000000000000000000000000000000
482;1432676.00000000000000000000000000000000000000000000000000
483;1432736.00000000000000000000000000000000000000000000000000
484;1432768.00000000000000000000000000000000000000000000000000
485;1432732.00000000000000000000000000000000000000000000000000
486;1432672.00000000000000000000000000000000000000000000000000
487;1432736.00000000000000000000000000000000000000000000000000
488;1432768.00000000000000000000000000000000000000000000000000
489;1432736.00000000000000000000000000000000000000000000000000
490;1432736.00000000000000000000000000000000000000000000000000
491;1432736.00000000000000000000000000000000000000000000000000
492;1432768.00000000000000000000000000000000000000000000000000
493;1432728.00000000000000000000000000000000000000000000000000
494;1336944.00000000000000000000000000000000000000000000000000
495;1339044.00000000000000000000000000000000000000000000000000
496;1342948.00000000000000000000000000000000000000000000000000
497;1343412.00000000000000000000000000000000000000000000000000
498;1345704.00000000000000000000000000000000000000000000000000
499;1346996.00000000000000000000000000000000000000000000000000
500;1348700.00000000000000000000000000000000000000000000000000
501;1350280.00000000000000000000000000000000000000000000000000
502;1352812.00000000000000000000000000000000000000000000000000
503;1355752.00000000000000000000000000000000000000000000000000
504;1357916.00000000000000000000000000000000000000000000000000
505;1360764.00000000000000000000000000000000000000000000000000
506;1363600.00000000000000000000000000000000000000000000000000
507;1365284.00000000000000000000000000000000000000000000000000
508;1367628.00000000000000000000000000000000000000000000000000
509;1370384.00000000000000000000000000000000000000000000000000
510;1375540.00000000000000000000000000000000000000000000000000
511;1377656.00000000000000000000000000000000000000000000000000
512;1380568.00000000000000000000000000000000000000000000000000
513;1382676.00000000000000000000000000000000000000000000000000
514;1383812.00000000000000000000000000000000000000000000000000
515;1387396.00000000000000000000000000000000000000000000000000
516;1389648.00000000000000000000000000000000000000000000000000
517;1394592.00000000000000000000000000000000000000000000000000
518;1396584.00000000000000000000000000000000000000000000000000
519;1397984.00000000000000000000000000000000000000000000000000
520;1399340.00000000000000000000000000000000000000000000000000
521;1400580.00000000000000000000000000000000000000000000000000
522;1402448.00000000000000000000000000000000000000000000000000
523;1406864.00000000000000000000000000000000000000000000000000
524;1408548.00000000000000000000000000000000000000000000000000
525;1409764.00000000000000000000000000000000000000000000000000
526;1411100.00000000000000000000000000000000000000000000000000
527;1419696.00000000000000000000000000000000000000000000000000
528;1420864.00000000000000000000000000000000000000000000000000
529;1422208.00000000000000000000000000000000000000000000000000
530;1422468.00000000000000000000000000000000000000000000000000
531;1427620.00000000000000000000000000000000000000000000000000
532;1427776.00000000000000000000000000000000000000000000000000
533;1428888.00000000000000000000000000000000000000000000000000
534;1430376.00000000000000000000000000000000000000000000000000
535;1430660.00000000000000000000000000000000000000000000000000
536;1432988.00000000000000000000000000000000000000000000000000
537;1434700.00000000000000000000000000000000000000000000000000
538;1434636.00000000000000000000000000000000000000000000000000
539;1434636.00000000000000000000000000000000000000000000000000
540;1434636.00000000000000000000000000000000000000000000000000
541;1434668.00000000000000000000000000000000000000000000000000
542;1434668.00000000000000000000000000000000000000000000000000
543;1434636.00000000000000000000000000000000000000000000000000
544;1434572.00000000000000000000000000000000000000000000000000
545;1434572.00000000000000000000000000000000000000000000000000
546;1434636.00000000000000000000000000000000000000000000000000
547;1434636.00000000000000000000000000000000000000000000000000
548;1434636.00000000000000000000000000000000000000000000000000
549;1434660.00000000000000000000000000000000000000000000000000
550;1434692.00000000000000000000000000000000000000000000000000
551;1434660.00000000000000000000000000000000000000000000000000
552;1434696.00000000000000000000000000000000000000000000000000
553;1434692.00000000000000000000000000000000000000000000000000
554;1434692.00000000000000000000000000000000000000000000000000
555;1434184.00000000000000000000000000000000000000000000000000
556;1434692.00000000000000000000000000000000000000000000000000
557;1434692.00000000000000000000000000000000000000000000000000
558;1434184.00000000000000000000000000000000000000000000000000
559;1434692.00000000000000000000000000000000000000000000000000
560;1434660.00000000000000000000000000000000000000000000000000
561;1434660.00000000000000000000000000000000000000000000000000
562;1434660.00000000000000000000000000000000000000000000000000
563;1434660.00000000000000000000000000000000000000000000000000
564;1434660.00000000000000000000000000000000000000000000000000
565;1434660.00000000000000000000000000000000000000000000000000
566;1434660.00000000000000000000000000000000000000000000000000
567;1434660.00000000000000000000000000000000000000000000000000
568;1434660.00000000000000000000000000000000000000000000000000
569;1434660.00000000000000000000000000000000000000000000000000
570;1434596.00000000000000000000000000000000000000000000000000
571;1434660.00000000000000000000000000000000000000000000000000
572;1434660.00000000000000000000000000000000000000000000000000
573;1434660.00000000000000000000000000000000000000000000000000
574;1434688.00000000000000000000000000000000000000000000000000
575;1338160.00000000000000000000000000000000000000000000000000
576;1340760.00000000000000000000000000000000000000000000000000
577;1342596.00000000000000000000000000000000000000000000000000
578;1345028.00000000000000000000000000000000000000000000000000
579;1346688.00000000000000000000000000000000000000000000000000
580;1348784.00000000000000000000000000000000000000000000000000
581;1350304.00000000000000000000000000000000000000000000000000
582;1352740.00000000000000000000000000000000000000000000000000
583;1354504.00000000000000000000000000000000000000000000000000
584;1356936.00000000000000000000000000000000000000000000000000
585;1358780.00000000000000000000000000000000000000000000000000
586;1362384.00000000000000000000000000000000000000000000000000
587;1364804.00000000000000000000000000000000000000000000000000
588;1368048.00000000000000000000000000000000000000000000000000
589;1369952.00000000000000000000000000000000000000000000000000
590;1375292.00000000000000000000000000000000000000000000000000
591;1377676.00000000000000000000000000000000000000000000000000
592;1381440.00000000000000000000000000000000000000000000000000
593;1383908.00000000000000000000000000000000000000000000000000
594;1387392.00000000000000000000000000000000000000000000000000
595;1389196.00000000000000000000000000000000000000000000000000
596;1391484.00000000000000000000000000000000000000000000000000
597;1393112.00000000000000000000000000000000000000000000000000
598;1397924.00000000000000000000000000000000000000000000000000
599;1398420.00000000000000000000000000000000000000000000000000
600;1400376.00000000000000000000000000000000000000000000000000
601;1401864.00000000000000000000000000000000000000000000000000
602;1404064.00000000000000000000000000000000000000000000000000
603;1404460.00000000000000000000000000000000000000000000000000
604;1413024.00000000000000000000000000000000000000000000000000
605;1414368.00000000000000000000000000000000000000000000000000
606;1415652.00000000000000000000000000000000000000000000000000
607;1415928.00000000000000000000000000000000000000000000000000
608;1419540.00000000000000000000000000000000000000000000000000
609;1420560.00000000000000000000000000000000000000000000000000
610;1421592.00000000000000000000000000000000000000000000000000
611;1423648.00000000000000000000000000000000000000000000000000
612;1431288.00000000000000000000000000000000000000000000000000
613;1431300.00000000000000000000000000000000000000000000000000
614;1432820.00000000000000000000000000000000000000000000000000
615;1433460.00000000000000000000000000000000000000000000000000
616;1432500.00000000000000000000000000000000000000000000000000
617;1432364.00000000000000000000000000000000000000000000000000
618;1432300.00000000000000000000000000000000000000000000000000
619;1432364.00000000000000000000000000000000000000000000000000
620;1432364.00000000000000000000000000000000000000000000000000
621;1432300.00000000000000000000000000000000000000000000000000
622;1432364.00000000000000000000000000000000000000000000000000
623;1432364.00000000000000000000000000000000000000000000000000
624;1432300.00000000000000000000000000000000000000000000000000
625;1432236.00000000000000000000000000000000000000000000000000
626;1432268.00000000000000000000000000000000000000000000000000
627;1432364.00000000000000000000000000000000000000000000000000
628;1432364.00000000000000000000000000000000000000000000000000
629;1432460.00000000000000000000000000000000000000000000000000
630;1432460.00000000000000000000000000000000000000000000000000
631;1432460.00000000000000000000000000000000000000000000000000
632;1432268.00000000000000000000000000000000000000000000000000
633;1432272.00000000000000000000000000000000000000000000000000
634;1432268.00000000000000000000000000000000000000000000000000
635;1432272.00000000000000000000000000000000000000000000000000
636;1432364.00000000000000000000000000000000000000000000000000
637;1432268.00000000000000000000000000000000000000000000000000
638;1432268.00000000000000000000000000000000000000000000000000
639;1432268.00000000000000000000000000000000000000000000000000
640;1432364.00000000000000000000000000000000000000000000000000
641;1432364.00000000000000000000000000000000000000000000000000
642;1432364.00000000000000000000000000000000000000000000000000
643;1432300.00000000000000000000000000000000000000000000000000
644;1432364.00000000000000000000000000000000000000000000000000
645;1432300.00000000000000000000000000000000000000000000000000
646;1432364.00000000000000000000000000000000000000000000000000
647;1432588.00000000000000000000000000000000000000000000000000
648;1432460.00000000000000000000000000000000000000000000000000
649;1432364.00000000000000000000000000000000000000000000000000
650;1432300.00000000000000000000000000000000000000000000000000
651;1432516.00000000000000000000000000000000000000000000000000
652;1432484.00000000000000000000000000000000000000000000000000
653;1338320.00000000000000000000000000000000000000000000000000
654;1339108.00000000000000000000000000000000000000000000000000
655;1340664.00000000000000000000000000000000000000000000000000
656;1342992.00000000000000000000000000000000000000000000000000
657;1344300.00000000000000000000000000000000000000000000000000
658;1346400.00000000000000000000000000000000000000000000000000
659;1349084.00000000000000000000000000000000000000000000000000
660;1351184.00000000000000000000000000000000000000000000000000
661;1354576.00000000000000000000000000000000000000000000000000
662;1356472.00000000000000000000000000000000000000000000000000
663;1359004.00000000000000000000000000000000000000000000000000
664;1360532.00000000000000000000000000000000000000000000000000
665;1362572.00000000000000000000000000000000000000000000000000
666;1365944.00000000000000000000000000000000000000000000000000
667;1367904.00000000000000000000000000000000000000000000000000
668;1369992.00000000000000000000000000000000000000000000000000
669;1372260.00000000000000000000000000000000000000000000000000
670;1377768.00000000000000000000000000000000000000000000000000
671;1379756.00000000000000000000000000000000000000000000000000
672;1380912.00000000000000000000000000000000000000000000000000
673;1386128.00000000000000000000000000000000000000000000000000
674;1387504.00000000000000000000000000000000000000000000000000
675;1389904.00000000000000000000000000000000000000000000000000
676;1391576.00000000000000000000000000000000000000000000000000
677;1393752.00000000000000000000000000000000000000000000000000
678;1396728.00000000000000000000000000000000000000000000000000
679;1397988.00000000000000000000000000000000000000000000000000
680;1398500.00000000000000000000000000000000000000000000000000
681;1399152.00000000000000000000000000000000000000000000000000
682;1403308.00000000000000000000000000000000000000000000000000
683;1404384.00000000000000000000000000000000000000000000000000
684;1405012.00000000000000000000000000000000000000000000000000
685;1413884.00000000000000000000000000000000000000000000000000
686;1415072.00000000000000000000000000000000000000000000000000
687;1416112.00000000000000000000000000000000000000000000000000
688;1416924.00000000000000000000000000000000000000000000000000
689;1422864.00000000000000000000000000000000000000000000000000
690;1422828.00000000000000000000000000000000000000000000000000
691;1424416.00000000000000000000000000000000000000000000000000
692;1424908.00000000000000000000000000000000000000000000000000
693;1426256.00000000000000000000000000000000000000000000000000
694;1434260.00000000000000000000000000000000000000000000000000
695;1434704.00000000000000000000000000000000000000000000000000
696;1435684.00000000000000000000000000000000000000000000000000
697;1435684.00000000000000000000000000000000000000000000000000
698;1437012.00000000000000000000000000000000000000000000000000
699;1437008.00000000000000000000000000000000000000000000000000
700;1436976.00000000000000000000000000000000000000000000000000
701;1437008.00000000000000000000000000000000000000000000000000
702;1437008.00000000000000000000000000000000000000000000000000
703;1437008.00000000000000000000000000000000000000000000000000
704;1437008.00000000000000000000000000000000000000000000000000
705;1436976.00000000000000000000000000000000000000000000000000
706;1436912.00000000000000000000000000000000000000000000000000
707;1436912.00000000000000000000000000000000000000000000000000
708;1437008.00000000000000000000000000000000000000000000000000
709;1436976.00000000000000000000000000000000000000000000000000
710;1436976.00000000000000000000000000000000000000000000000000
711;1436976.00000000000000000000000000000000000000000000000000
712;1436912.00000000000000000000000000000000000000000000000000
713;1436912.00000000000000000000000000000000000000000000000000
714;1436976.00000000000000000000000000000000000000000000000000
715;1436912.00000000000000000000000000000000000000000000000000
716;1436912.00000000000000000000000000000000000000000000000000
717;1436912.00000000000000000000000000000000000000000000000000
718;1436976.00000000000000000000000000000000000000000000000000
719;1436976.00000000000000000000000000000000000000000000000000
720;1436976.00000000000000000000000000000000000000000000000000
721;1436976.00000000000000000000000000000000000000000000000000
722;1437008.00000000000000000000000000000000000000000000000000
723;1436984.00000000000000000000000000000000000000000000000000
724;1436984.00000000000000000000000000000000000000000000000000
725;1436492.00000000000000000000000000000000000000000000000000
726;1437004.00000000000000000000000000000000000000000000000000
727;1436968.00000000000000000000000000000000000000000000000000
728;1436968.00000000000000000000000000000000000000000000000000
729;1436904.00000000000000000000000000000000000000000000000000
730;1436968.00000000000000000000000000000000000000000000000000
731;1436968.00000000000000000000000000000000000000000000000000
732;1436968.00000000000000000000000000000000000000000000000000
733;1437000.00000000000000000000000000000000000000000000000000
734;1437000.00000000000000000000000000000000000000000000000000
735;1346796.00000000000000000000000000000000000000000000000000
736;1339728.00000000000000000000000000000000000000000000000000
737;1341412.00000000000000000000000000000000000000000000000000
738;1342580.00000000000000000000000000000000000000000000000000
739;1344276.00000000000000000000000000000000000000000000000000
740;1345856.00000000000000000000000000000000000000000000000000
741;1348532.00000000000000000000000000000000000000000000000000
742;1350700.00000000000000000000000000000000000000000000000000
743;1353536.00000000000000000000000000000000000000000000000000
744;1353844.00000000000000000000000000000000000000000000000000
745;1356056.00000000000000000000000000000000000000000000000000
746;1358524.00000000000000000000000000000000000000000000000000
747;1360984.00000000000000000000000000000000000000000000000000
748;1363088.00000000000000000000000000000000000000000000000000
749;1366480.00000000000000000000000000000000000000000000000000
750;1368036.00000000000000000000000000000000000000000000000000
751;1370880.00000000000000000000000000000000000000000000000000
752;1372596.00000000000000000000000000000000000000000000000000
753;1377912.00000000000000000000000000000000000000000000000000
754;1379096.00000000000000000000000000000000000000000000000000
755;1380776.00000000000000000000000000000000000000000000000000
756;1383912.00000000000000000000000000000000000000000000000000
757;1385880.00000000000000000000000000000000000000000000000000
758;1389252.00000000000000000000000000000000000000000000000000
759;1391604.00000000000000000000000000000000000000000000000000
760;1394264.00000000000000000000000000000000000000000000000000
761;1397568.00000000000000000000000000000000000000000000000000
762;1398700.00000000000000000000000000000000000000000000000000
763;1399016.00000000000000000000000000000000000000000000000000
764;1402580.00000000000000000000000000000000000000000000000000
765;1404216.00000000000000000000000000000000000000000000000000
766;1405120.00000000000000000000000000000000000000000000000000
767;1406036.00000000000000000000000000000000000000000000000000
768;1415892.00000000000000000000000000000000000000000000000000
769;1417544.00000000000000000000000000000000000000000000000000
770;1417804.00000000000000000000000000000000000000000000000000
771;1419512.00000000000000000000000000000000000000000000000000
772;1424032.00000000000000000000000000000000000000000000000000
773;1424812.00000000000000000000000000000000000000000000000000
774;1424492.00000000000000000000000000000000000000000000000000
775;1426832.00000000000000000000000000000000000000000000000000
776;1428356.00000000000000000000000000000000000000000000000000
777;1434484.00000000000000000000000000000000000000000000000000
778;1434552.00000000000000000000000000000000000000000000000000
779;1434820.00000000000000000000000000000000000000000000000000
780;1436028.00000000000000000000000000000000000000000000000000
781;1436080.00000000000000000000000000000000000000000000000000
782;1436080.00000000000000000000000000000000000000000000000000
783;1436080.00000000000000000000000000000000000000000000000000
784;1435572.00000000000000000000000000000000000000000000000000
785;1436016.00000000000000000000000000000000000000000000000000
786;1435956.00000000000000000000000000000000000000000000000000
787;1436016.00000000000000000000000000000000000000000000000000
788;1436016.00000000000000000000000000000000000000000000000000
789;1436080.00000000000000000000000000000000000000000000000000
790;1436016.00000000000000000000000000000000000000000000000000
791;1435956.00000000000000000000000000000000000000000000000000
792;1436056.00000000000000000000000000000000000000000000000000
793;1436056.00000000000000000000000000000000000000000000000000
794;1436052.00000000000000000000000000000000000000000000000000
795;1436116.00000000000000000000000000000000000000000000000000
796;1435608.00000000000000000000000000000000000000000000000000
797;1435988.00000000000000000000000000000000000000000000000000
798;1436036.00000000000000000000000000000000000000000000000000
799;1435988.00000000000000000000000000000000000000000000000000
800;1436052.00000000000000000000000000000000000000000000000000
801;1436116.00000000000000000000000000000000000000000000000000
802;1436116.00000000000000000000000000000000000000000000000000
803;1436048.00000000000000000000000000000000000000000000000000
804;1436052.00000000000000000000000000000000000000000000000000
805;1436056.00000000000000000000000000000000000000000000000000
806;1436056.00000000000000000000000000000000000000000000000000
807;1436056.00000000000000000000000000000000000000000000000000
808;1436120.00000000000000000000000000000000000000000000000000
809;1436120.00000000000000000000000000000000000000000000000000
810;1436052.00000000000000000000000000000000000000000000000000
811;1435992.00000000000000000000000000000000000000000000000000
812;1436056.00000000000000000000000000000000000000000000000000
813;1436056.00000000000000000000000000000000000000000000000000
814;1436120.00000000000000000000000000000000000000000000000000
815;1436120.00000000000000000000000000000000000000000000000000
816;1436056.00000000000000000000000000000000000000000000000000
817;1435996.00000000000000000000000000000000000000000000000000
818;1336696.00000000000000000000000000000000000000000000000000
819;1338048.00000000000000000000000000000000000000000000000000
820;1339480.00000000000000000000000000000000000000000000000000
821;1342076.00000000000000000000000000000000000000000000000000
822;1344072.00000000000000000000000000000000000000000000000000
823;1346644.00000000000000000000000000000000000000000000000000
824;1348248.00000000000000000000000000000000000000000000000000
825;1349952.00000000000000000000000000000000000000000000000000
826;1351760.00000000000000000000000000000000000000000000000000
827;1354124.00000000000000000000000000000000000000000000000000
828;1357780.00000000000000000000000000000000000000000000000000
829;1360792.00000000000000000000000000000000000000000000000000
830;1362564.00000000000000000000000000000000000000000000000000
831;1365952.00000000000000000000000000000000000000000000000000
832;1367728.00000000000000000000000000000000000000000000000000
833;1370524.00000000000000000000000000000000000000000000000000
834;1375420.00000000000000000000000000000000000000000000000000
835;1377528.00000000000000000000000000000000000000000000000000
836;1378608.00000000000000000000000000000000000000000000000000
837;1381940.00000000000000000000000000000000000000000000000000
838;1384088.00000000000000000000000000000000000000000000000000
839;1387556.00000000000000000000000000000000000000000000000000
840;1390720.00000000000000000000000000000000000000000000000000
841;1394984.00000000000000000000000000000000000000000000000000
842;1395744.00000000000000000000000000000000000000000000000000
843;1396212.00000000000000000000000000000000000000000000000000
844;1400020.00000000000000000000000000000000000000000000000000
845;1401964.00000000000000000000000000000000000000000000000000
846;1402652.00000000000000000000000000000000000000000000000000
847;1404628.00000000000000000000000000000000000000000000000000
848;1405884.00000000000000000000000000000000000000000000000000
849;1407064.00000000000000000000000000000000000000000000000000
850;1408492.00000000000000000000000000000000000000000000000000
851;1416208.00000000000000000000000000000000000000000000000000
852;1417692.00000000000000000000000000000000000000000000000000
853;1420368.00000000000000000000000000000000000000000000000000
854;1425424.00000000000000000000000000000000000000000000000000
855;1425492.00000000000000000000000000000000000000000000000000
856;1425948.00000000000000000000000000000000000000000000000000
857;1426788.00000000000000000000000000000000000000000000000000
858;1427964.00000000000000000000000000000000000000000000000000
859;1436176.00000000000000000000000000000000000000000000000000
860;1436656.00000000000000000000000000000000000000000000000000
861;1436656.00000000000000000000000000000000000000000000000000
862;1437820.00000000000000000000000000000000000000000000000000
863;1437820.00000000000000000000000000000000000000000000000000
864;1437852.00000000000000000000000000000000000000000000000000
865;1437816.00000000000000000000000000000000000000000000000000
866;1437760.00000000000000000000000000000000000000000000000000
867;1437852.00000000000000000000000000000000000000000000000000
868;1437836.00000000000000000000000000000000000000000000000000
869;1437776.00000000000000000000000000000000000000000000000000
870;1437832.00000000000000000000000000000000000000000000000000
871;1437860.00000000000000000000000000000000000000000000000000
872;1437868.00000000000000000000000000000000000000000000000000
873;1438160.00000000000000000000000000000000000000000000000000
874;1438160.00000000000000000000000000000000000000000000000000
875;1438100.00000000000000000000000000000000000000000000000000
876;1438156.00000000000000000000000000000000000000000000000000
877;1438192.00000000000000000000000000000000000000000000000000
878;1438160.00000000000000000000000000000000000000000000000000
879;1438100.00000000000000000000000000000000000000000000000000
880;1438156.00000000000000000000000000000000000000000000000000
881;1437684.00000000000000000000000000000000000000000000000000
882;1438192.00000000000000000000000000000000000000000000000000
883;1438160.00000000000000000000000000000000000000000000000000
884;1438160.00000000000000000000000000000000000000000000000000
885;1438160.00000000000000000000000000000000000000000000000000
886;1438160.00000000000000000000000000000000000000000000000000
887;1438156.00000000000000000000000000000000000000000000000000
888;1438192.00000000000000000000000000000000000000000000000000
889;1438196.00000000000000000000000000000000000000000000000000
890;1438160.00000000000000000000000000000000000000000000000000
891;1438160.00000000000000000000000000000000000000000000000000
892;1438160.00000000000000000000000000000000000000000000000000
893;1438100.00000000000000000000000000000000000000000000000000
894;1438156.00000000000000000000000000000000000000000000000000
895;1438156.00000000000000000000000000000000000000000000000000
896;1438156.00000000000000000000000000000000000000000000000000
897;1438192.00000000000000000000000000000000000000000000000000
898;1401508.00000000000000000000000000000000000000000000000000
899;1340676.00000000000000000000000000000000000000000000000000
900;1342256.00000000000000000000000000000000000000000000000000
901;1344088.00000000000000000000000000000000000000000000000000
902;1346636.00000000000000000000000000000000000000000000000000
903;1348344.00000000000000000000000000000000000000000000000000
904;1350756.00000000000000000000000000000000000000000000000000
905;1352352.00000000000000000000000000000000000000000000000000
906;1355312.00000000000000000000000000000000000000000000000000
907;1356676.00000000000000000000000000000000000000000000000000
908;1358024.00000000000000000000000000000000000000000000000000
909;1359924.00000000000000000000000000000000000000000000000000
910;1362368.00000000000000000000000000000000000000000000000000
911;1364960.00000000000000000000000000000000000000000000000000
912;1367564.00000000000000000000000000000000000000000000000000
913;1369328.00000000000000000000000000000000000000000000000000
914;1371448.00000000000000000000000000000000000000000000000000
915;1376284.00000000000000000000000000000000000000000000000000
916;1378220.00000000000000000000000000000000000000000000000000
917;1380324.00000000000000000000000000000000000000000000000000
918;1382900.00000000000000000000000000000000000000000000000000
919;1385048.00000000000000000000000000000000000000000000000000
920;1386128.00000000000000000000000000000000000000000000000000
921;1390564.00000000000000000000000000000000000000000000000000
922;1392184.00000000000000000000000000000000000000000000000000
923;1393392.00000000000000000000000000000000000000000000000000
924;1398128.00000000000000000000000000000000000000000000000000
925;1399868.00000000000000000000000000000000000000000000000000
926;1401260.00000000000000000000000000000000000000000000000000
927;1401840.00000000000000000000000000000000000000000000000000
928;1403584.00000000000000000000000000000000000000000000000000
929;1405296.00000000000000000000000000000000000000000000000000
930;1409496.00000000000000000000000000000000000000000000000000
931;1410868.00000000000000000000000000000000000000000000000000
932;1411868.00000000000000000000000000000000000000000000000000
933;1412376.00000000000000000000000000000000000000000000000000
934;1413436.00000000000000000000000000000000000000000000000000
935;1421632.00000000000000000000000000000000000000000000000000
936;1422592.00000000000000000000000000000000000000000000000000
937;1424260.00000000000000000000000000000000000000000000000000
938;1425524.00000000000000000000000000000000000000000000000000
939;1426416.00000000000000000000000000000000000000000000000000
940;1431868.00000000000000000000000000000000000000000000000000
941;1432020.00000000000000000000000000000000000000000000000000
942;1432640.00000000000000000000000000000000000000000000000000
943;1434668.00000000000000000000000000000000000000000000000000
944;1435052.00000000000000000000000000000000000000000000000000
945;1435112.00000000000000000000000000000000000000000000000000
946;1435112.00000000000000000000000000000000000000000000000000
947;1435176.00000000000000000000000000000000000000000000000000
948;1435112.00000000000000000000000000000000000000000000000000
949;1435112.00000000000000000000000000000000000000000000000000
950;1435112.00000000000000000000000000000000000000000000000000
951;1435176.00000000000000000000000000000000000000000000000000
952;1435176.00000000000000000000000000000000000000000000000000
953;1435108.00000000000000000000000000000000000000000000000000
954;1435176.00000000000000000000000000000000000000000000000000
955;1435176.00000000000000000000000000000000000000000000000000
956;1435112.00000000000000000000000000000000000000000000000000
957;1435108.00000000000000000000000000000000000000000000000000
958;1435112.00000000000000000000000000000000000000000000000000
959;1435108.00000000000000000000000000000000000000000000000000
960;1435112.00000000000000000000000000000000000000000000000000
961;1435176.00000000000000000000000000000000000000000000000000
962;1435052.00000000000000000000000000000000000000000000000000
963;1435112.00000000000000000000000000000000000000000000000000
964;1435112.00000000000000000000000000000000000000000000000000
965;1435112.00000000000000000000000000000000000000000000000000
966;1435112.00000000000000000000000000000000000000000000000000
967;1435112.00000000000000000000000000000000000000000000000000
968;1435176.00000000000000000000000000000000000000000000000000
969;1435112.00000000000000000000000000000000000000000000000000
970;1435048.00000000000000000000000000000000000000000000000000
971;1435112.00000000000000000000000000000000000000000000000000
972;1435176.00000000000000000000000000000000000000000000000000
973;1435112.00000000000000000000000000000000000000000000000000
974;1435176.00000000000000000000000000000000000000000000000000
975;1435176.00000000000000000000000000000000000000000000000000
976;1435172.00000000000000000000000000000000000000000000000000
977;1435172.00000000000000000000000000000000000000000000000000
978;1435172.00000000000000000000000000000000000000000000000000
979;1435108.00000000000000000000000000000000000000000000000000
980;1435112.00000000000000000000000000000000000000000000000000
981;1435176.00000000000000000000000000000000000000000000000000
982;1337128.00000000000000000000000000000000000000000000000000
983;1339600.00000000000000000000000000000000000000000000000000
984;1341476.00000000000000000000000000000000000000000000000000
985;1344536.00000000000000000000000000000000000000000000000000
986;1345932.00000000000000000000000000000000000000000000000000
987;1348900.00000000000000000000000000000000000000000000000000
988;1350480.00000000000000000000000000000000000000000000000000
989;1362280.00000000000000000000000000000000000000000000000000
990;1363972.00000000000000000000000000000000000000000000000000
991;1366416.00000000000000000000000000000000000000000000000000
992;1367884.00000000000000000000000000000000000000000000000000
993;1369644.00000000000000000000000000000000000000000000000000
994;1371188.00000000000000000000000000000000000000000000000000
995;1374968.00000000000000000000000000000000000000000000000000
996;1377164.00000000000000000000000000000000000000000000000000
997;1378460.00000000000000000000000000000000000000000000000000
998;1383220.00000000000000000000000000000000000000000000000000
999;1384548.00000000000000000000000000000000000000000000000000
1000;1386752.00000000000000000000000000000000000000000000000000
1001;1387888.00000000000000000000000000000000000000000000000000
1002;1389800.00000000000000000000000000000000000000000000000000
1003;1392820.00000000000000000000000000000000000000000000000000
1004;1395072.00000000000000000000000000000000000000000000000000
1005;1399060.00000000000000000000000000000000000000000000000000
1006;1402436.00000000000000000000000000000000000000000000000000
1007;1404428.00000000000000000000000000000000000000000000000000
1008;1410460.00000000000000000000000000000000000000000000000000
1009;1412428.00000000000000000000000000000000000000000000000000
1010;1414300.00000000000000000000000000000000000000000000000000
1011;1417512.00000000000000000000000000000000000000000000000000
1012;1420876.00000000000000000000000000000000000000000000000000
1013;1423444.00000000000000000000000000000000000000000000000000
1014;1426268.00000000000000000000000000000000000000000000000000
1015;1428528.00000000000000000000000000000000000000000000000000
1016;1432620.00000000000000000000000000000000000000000000000000
1017;1433892.00000000000000000000000000000000000000000000000000
1018;1436660.00000000000000000000000000000000000000000000000000
1019;1438152.00000000000000000000000000000000000000000000000000
1020;1444064.00000000000000000000000000000000000000000000000000
1021;1445656.00000000000000000000000000000000000000000000000000
1022;1448744.00000000000000000000000000000000000000000000000000
1023;1450720.00000000000000000000000000000000000000000000000000
1024;1452636.00000000000000000000000000000000000000000000000000
1025;1456112.00000000000000000000000000000000000000000000000000
1026;1457564.00000000000000000000000000000000000000000000000000
1027;1457696.00000000000000000000000000000000000000000000000000
1028;1457492.00000000000000000000000000000000000000000000000000
1029;1457492.00000000000000000000000000000000000000000000000000
1030;1457560.00000000000000000000000000000000000000000000000000
1031;1457492.00000000000000000000000000000000000000000000000000
1032;1457492.00000000000000000000000000000000000000000000000000
1033;1457620.00000000000000000000000000000000000000000000000000
1034;1457560.00000000000000000000000000000000000000000000000000
1035;1457556.00000000000000000000000000000000000000000000000000
1036;1457560.00000000000000000000000000000000000000000000000000
1037;1457620.00000000000000000000000000000000000000000000000000
1038;1457560.00000000000000000000000000000000000000000000000000
1039;1457632.00000000000000000000000000000000000000000000000000
1040;1457632.00000000000000000000000000000000000000000000000000
1041;1457632.00000000000000000000000000000000000000000000000000
1042;1457632.00000000000000000000000000000000000000000000000000
1043;1457504.00000000000000000000000000000000000000000000000000
1044;1457504.00000000000000000000000000000000000000000000000000
1045;1457504.00000000000000000000000000000000000000000000000000
1046;1457540.00000000000000000000000000000000000000000000000000
1047;1457728.00000000000000000000000000000000000000000000000000
1048;1457632.00000000000000000000000000000000000000000000000000
1049;1457628.00000000000000000000000000000000000000000000000000
1050;1457568.00000000000000000000000000000000000000000000000000
1051;1457572.00000000000000000000000000000000000000000000000000
1052;1457632.00000000000000000000000000000000000000000000000000
1053;1457632.00000000000000000000000000000000000000000000000000
1054;1457504.00000000000000000000000000000000000000000000000000
1055;1457504.00000000000000000000000000000000000000000000000000
1056;1457504.00000000000000000000000000000000000000000000000000
1057;1457536.00000000000000000000000000000000000000000000000000
1058;1457728.00000000000000000000000000000000000000000000000000
1059;1457712.00000000000000000000000000000000000000000000000000
1060;1457628.00000000000000000000000000000000000000000000000000
1061;1457568.00000000000000000000000000000000000000000000000000
1062;1457572.00000000000000000000000000000000000000000000000000
1063;1457568.00000000000000000000000000000000000000000000000000
1064;1457572.00000000000000000000000000000000000000000000000000
1065;1457632.00000000000000000000000000000000000000000000000000
1066;1358600.00000000000000000000000000000000000000000000000000
1067;1360164.00000000000000000000000000000000000000000000000000
1068;1361764.00000000000000000000000000000000000000000000000000
1069;1363904.00000000000000000000000000000000000000000000000000
1070;1366088.00000000000000000000000000000000000000000000000000
1071;1368092.00000000000000000000000000000000000000000000000000
1072;1370600.00000000000000000000000000000000000000000000000000
1073;1373264.00000000000000000000000000000000000000000000000000
1074;1374696.00000000000000000000000000000000000000000000000000
1075;1377552.00000000000000000000000000000000000000000000000000
1076;1381200.00000000000000000000000000000000000000000000000000
1077;1381936.00000000000000000000000000000000000000000000000000
1078;1385000.00000000000000000000000000000000000000000000000000
1079;1386952.00000000000000000000000000000000000000000000000000
1080;1390188.00000000000000000000000000000000000000000000000000
1081;1391908.00000000000000000000000000000000000000000000000000
1082;1397552.00000000000000000000000000000000000000000000000000
1083;1399280.00000000000000000000000000000000000000000000000000
1084;1401940.00000000000000000000000000000000000000000000000000
1085;1403760.00000000000000000000000000000000000000000000000000
1086;1407164.00000000000000000000000000000000000000000000000000
1087;1408920.00000000000000000000000000000000000000000000000000
1088;1411140.00000000000000000000000000000000000000000000000000
1089;1417516.00000000000000000000000000000000000000000000000000
1090;1420584.00000000000000000000000000000000000000000000000000
1091;1422148.00000000000000000000000000000000000000000000000000
1092;1425136.00000000000000000000000000000000000000000000000000
1093;1427272.00000000000000000000000000000000000000000000000000
1094;1430500.00000000000000000000000000000000000000000000000000
1095;1433340.00000000000000000000000000000000000000000000000000
1096;1434700.00000000000000000000000000000000000000000000000000
1097;1435088.00000000000000000000000000000000000000000000000000
1098;1443752.00000000000000000000000000000000000000000000000000
1099;1444756.00000000000000000000000000000000000000000000000000
1100;1445480.00000000000000000000000000000000000000000000000000
1101;1447120.00000000000000000000000000000000000000000000000000
1102;1449400.00000000000000000000000000000000000000000000000000
1103;1454808.00000000000000000000000000000000000000000000000000
1104;1456664.00000000000000000000000000000000000000000000000000
1105;1459192.00000000000000000000000000000000000000000000000000
1106;1461904.00000000000000000000000000000000000000000000000000
1107;1463288.00000000000000000000000000000000000000000000000000
1108;1465192.00000000000000000000000000000000000000000000000000
1109;1465300.00000000000000000000000000000000000000000000000000
1110;1465200.00000000000000000000000000000000000000000000000000
1111;1465296.00000000000000000000000000000000000000000000000000
1112;1465300.00000000000000000000000000000000000000000000000000
1113;1465200.00000000000000000000000000000000000000000000000000
1114;1465260.00000000000000000000000000000000000000000000000000
1115;1465296.00000000000000000000000000000000000000000000000000
1116;1465264.00000000000000000000000000000000000000000000000000
1117;1465264.00000000000000000000000000000000000000000000000000
1118;1465200.00000000000000000000000000000000000000000000000000
1119;1465296.00000000000000000000000000000000000000000000000000
1120;1465296.00000000000000000000000000000000000000000000000000
1121;1464820.00000000000000000000000000000000000000000000000000
1122;1465296.00000000000000000000000000000000000000000000000000
1123;1465296.00000000000000000000000000000000000000000000000000
1124;1465232.00000000000000000000000000000000000000000000000000
1125;1465296.00000000000000000000000000000000000000000000000000
1126;1465232.00000000000000000000000000000000000000000000000000
1127;1465292.00000000000000000000000000000000000000000000000000
1128;1465328.00000000000000000000000000000000000000000000000000
1129;1465264.00000000000000000000000000000000000000000000000000
1130;1465332.00000000000000000000000000000000000000000000000000
1131;1465296.00000000000000000000000000000000000000000000000000
1132;1465296.00000000000000000000000000000000000000000000000000
1133;1465296.00000000000000000000000000000000000000000000000000
1134;1465296.00000000000000000000000000000000000000000000000000
1135;1465328.00000000000000000000000000000000000000000000000000
1136;1465296.00000000000000000000000000000000000000000000000000
1137;1465232.00000000000000000000000000000000000000000000000000
1138;1465292.00000000000000000000000000000000000000000000000000
1139;1465328.00000000000000000000000000000000000000000000000000
1140;1464820.00000000000000000000000000000000000000000000000000
1141;1465328.00000000000000000000000000000000000000000000000000
1142;1465328.00000000000000000000000000000000000000000000000000
1143;1465328.00000000000000000000000000000000000000000000000000
1144;1465328.00000000000000000000000000000000000000000000000000
1145;1354236.00000000000000000000000000000000000000000000000000
1146;1357072.00000000000000000000000000000000000000000000000000
1147;1358380.00000000000000000000000000000000000000000000000000
1148;1360588.00000000000000000000000000000000000000000000000000
1149;1363108.00000000000000000000000000000000000000000000000000
1150;1364648.00000000000000000000000000000000000000000000000000
1151;1366868.00000000000000000000000000000000000000000000000000
1152;1368320.00000000000000000000000000000000000000000000000000
1153;1370440.00000000000000000000000000000000000000000000000000
1154;1373896.00000000000000000000000000000000000000000000000000
1155;1375556.00000000000000000000000000000000000000000000000000
1156;1378328.00000000000000000000000000000000000000000000000000
1157;1380308.00000000000000000000000000000000000000000000000000
1158;1383952.00000000000000000000000000000000000000000000000000
1159;1385524.00000000000000000000000000000000000000000000000000
1160;1387780.00000000000000000000000000000000000000000000000000
1161;1393308.00000000000000000000000000000000000000000000000000
1162;1395560.00000000000000000000000000000000000000000000000000
1163;1397928.00000000000000000000000000000000000000000000000000
1164;1399332.00000000000000000000000000000000000000000000000000
1165;1402400.00000000000000000000000000000000000000000000000000
1166;1403912.00000000000000000000000000000000000000000000000000
1167;1406048.00000000000000000000000000000000000000000000000000
1168;1410804.00000000000000000000000000000000000000000000000000
1169;1412860.00000000000000000000000000000000000000000000000000
1170;1414784.00000000000000000000000000000000000000000000000000
1171;1416384.00000000000000000000000000000000000000000000000000
1172;1421008.00000000000000000000000000000000000000000000000000
1173;1424140.00000000000000000000000000000000000000000000000000
1174;1425736.00000000000000000000000000000000000000000000000000
1175;1428228.00000000000000000000000000000000000000000000000000
1176;1428980.00000000000000000000000000000000000000000000000000
1177;1429816.00000000000000000000000000000000000000000000000000
1178;1430972.00000000000000000000000000000000000000000000000000
1179;1441236.00000000000000000000000000000000000000000000000000
1180;1443308.00000000000000000000000000000000000000000000000000
1181;1446060.00000000000000000000000000000000000000000000000000
1182;1448044.00000000000000000000000000000000000000000000000000
1183;1453216.00000000000000000000000000000000000000000000000000
1184;1455564.00000000000000000000000000000000000000000000000000
1185;1457420.00000000000000000000000000000000000000000000000000
1186;1460120.00000000000000000000000000000000000000000000000000
1187;1462560.00000000000000000000000000000000000000000000000000
1188;1465920.00000000000000000000000000000000000000000000000000
1189;1466884.00000000000000000000000000000000000000000000000000
1190;1466896.00000000000000000000000000000000000000000000000000
1191;1466832.00000000000000000000000000000000000000000000000000
1192;1466768.00000000000000000000000000000000000000000000000000
1193;1466832.00000000000000000000000000000000000000000000000000
1194;1466896.00000000000000000000000000000000000000000000000000
1195;1466832.00000000000000000000000000000000000000000000000000
1196;1466768.00000000000000000000000000000000000000000000000000
1197;1466832.00000000000000000000000000000000000000000000000000
1198;1466832.00000000000000000000000000000000000000000000000000
1199;1466832.00000000000000000000000000000000000000000000000000
1200;1466832.00000000000000000000000000000000000000000000000000
1201;1466836.00000000000000000000000000000000000000000000000000
1202;1466836.00000000000000000000000000000000000000000000000000
1203;1466836.00000000000000000000000000000000000000000000000000
1204;1466836.00000000000000000000000000000000000000000000000000
1205;1466900.00000000000000000000000000000000000000000000000000
1206;1466900.00000000000000000000000000000000000000000000000000
1207;1466900.00000000000000000000000000000000000000000000000000
1208;1466900.00000000000000000000000000000000000000000000000000
1209;1466836.00000000000000000000000000000000000000000000000000
1210;1466836.00000000000000000000000000000000000000000000000000
1211;1466836.00000000000000000000000000000000000000000000000000
1212;1466772.00000000000000000000000000000000000000000000000000
1213;1466836.00000000000000000000000000000000000000000000000000
1214;1466836.00000000000000000000000000000000000000000000000000
1215;1466836.00000000000000000000000000000000000000000000000000
1216;1466772.00000000000000000000000000000000000000000000000000
1217;1466836.00000000000000000000000000000000000000000000000000
1218;1466900.00000000000000000000000000000000000000000000000000
1219;1466900.00000000000000000000000000000000000000000000000000
1220;1466836.00000000000000000000000000000000000000000000000000
1221;1466884.00000000000000000000000000000000000000000000000000
1222;1466900.00000000000000000000000000000000000000000000000000
1223;1466772.00000000000000000000000000000000000000000000000000
1224;1466836.00000000000000000000000000000000000000000000000000
1225;1466836.00000000000000000000000000000000000000000000000000
1226;1465680.00000000000000000000000000000000000000000000000000
1227;1358696.00000000000000000000000000000000000000000000000000
1228;1360512.00000000000000000000000000000000000000000000000000
1229;1363344.00000000000000000000000000000000000000000000000000
1230;1366468.00000000000000000000000000000000000000000000000000
1231;1367764.00000000000000000000000000000000000000000000000000
1232;1369496.00000000000000000000000000000000000000000000000000
1233;1371908.00000000000000000000000000000000000000000000000000
1234;1374508.00000000000000000000000000000000000000000000000000
1235;1377592.00000000000000000000000000000000000000000000000000
1236;1379312.00000000000000000000000000000000000000000000000000
1237;1380844.00000000000000000000000000000000000000000000000000
1238;1382884.00000000000000000000000000000000000000000000000000
1239;1385240.00000000000000000000000000000000000000000000000000
1240;1387996.00000000000000000000000000000000000000000000000000
1241;1389600.00000000000000000000000000000000000000000000000000
1242;1395616.00000000000000000000000000000000000000000000000000
1243;1396436.00000000000000000000000000000000000000000000000000
1244;1398896.00000000000000000000000000000000000000000000000000
1245;1401268.00000000000000000000000000000000000000000000000000
1246;1402476.00000000000000000000000000000000000000000000000000
1247;1405540.00000000000000000000000000000000000000000000000000
1248;1407576.00000000000000000000000000000000000000000000000000
1249;1412280.00000000000000000000000000000000000000000000000000
1250;1414528.00000000000000000000000000000000000000000000000000
1251;1417296.00000000000000000000000000000000000000000000000000
1252;1419940.00000000000000000000000000000000000000000000000000
1253;1423100.00000000000000000000000000000000000000000000000000
1254;1425372.00000000000000000000000000000000000000000000000000
1255;1430100.00000000000000000000000000000000000000000000000000
1256;1431668.00000000000000000000000000000000000000000000000000
1257;1433712.00000000000000000000000000000000000000000000000000
1258;1434744.00000000000000000000000000000000000000000000000000
1259;1444632.00000000000000000000000000000000000000000000000000
1260;1445504.00000000000000000000000000000000000000000000000000
1261;1448232.00000000000000000000000000000000000000000000000000
1262;1450272.00000000000000000000000000000000000000000000000000
1263;1457384.00000000000000000000000000000000000000000000000000
1264;1458204.00000000000000000000000000000000000000000000000000
1265;1460776.00000000000000000000000000000000000000000000000000
1266;1463076.00000000000000000000000000000000000000000000000000
1267;1467632.00000000000000000000000000000000000000000000000000
1268;1468756.00000000000000000000000000000000000000000000000000
1269;1468908.00000000000000000000000000000000000000000000000000
1270;1468912.00000000000000000000000000000000000000000000000000
1271;1468984.00000000000000000000000000000000000000000000000000
1272;1468984.00000000000000000000000000000000000000000000000000
1273;1468984.00000000000000000000000000000000000000000000000000
1274;1468984.00000000000000000000000000000000000000000000000000
1275;1468476.00000000000000000000000000000000000000000000000000
1276;1468920.00000000000000000000000000000000000000000000000000
1277;1468860.00000000000000000000000000000000000000000000000000
1278;1468920.00000000000000000000000000000000000000000000000000
1279;1468916.00000000000000000000000000000000000000000000000000
1280;1468956.00000000000000000000000000000000000000000000000000
1281;1468956.00000000000000000000000000000000000000000000000000
1282;1468956.00000000000000000000000000000000000000000000000000
1283;1469020.00000000000000000000000000000000000000000000000000
1284;1468956.00000000000000000000000000000000000000000000000000
1285;1468896.00000000000000000000000000000000000000000000000000
1286;1468956.00000000000000000000000000000000000000000000000000
1287;1469020.00000000000000000000000000000000000000000000000000
1288;1468956.00000000000000000000000000000000000000000000000000
1289;1469020.00000000000000000000000000000000000000000000000000
1290;1468956.00000000000000000000000000000000000000000000000000
1291;1468896.00000000000000000000000000000000000000000000000000
1292;1468956.00000000000000000000000000000000000000000000000000
1293;1468956.00000000000000000000000000000000000000000000000000
1294;1468956.00000000000000000000000000000000000000000000000000
1295;1469020.00000000000000000000000000000000000000000000000000
1296;1468956.00000000000000000000000000000000000000000000000000
1297;1468952.00000000000000000000000000000000000000000000000000
1298;1468892.00000000000000000000000000000000000000000000000000
1299;1468956.00000000000000000000000000000000000000000000000000
1300;1468956.00000000000000000000000000000000000000000000000000
1301;1469020.00000000000000000000000000000000000000000000000000
1302;1468512.00000000000000000000000000000000000000000000000000
1303;1468956.00000000000000000000000000000000000000000000000000
1304;1468956.00000000000000000000000000000000000000000000000000
1305;1469020.00000000000000000000000000000000000000000000000000
1306;1468952.00000000000000000000000000000000000000000000000000
1307;1357792.00000000000000000000000000000000000000000000000000
1308;1359156.00000000000000000000000000000000000000000000000000
1309;1361184.00000000000000000000000000000000000000000000000000
1310;1362764.00000000000000000000000000000000000000000000000000
1311;1364932.00000000000000000000000000000000000000000000000000
1312;1367300.00000000000000000000000000000000000000000000000000
1313;1368464.00000000000000000000000000000000000000000000000000
1314;1369468.00000000000000000000000000000000000000000000000000
1315;1371292.00000000000000000000000000000000000000000000000000
1316;1372352.00000000000000000000000000000000000000000000000000
1317;1373816.00000000000000000000000000000000000000000000000000
1318;1376476.00000000000000000000000000000000000000000000000000
1319;1378520.00000000000000000000000000000000000000000000000000
1320;1379640.00000000000000000000000000000000000000000000000000
1321;1381676.00000000000000000000000000000000000000000000000000
1322;1382724.00000000000000000000000000000000000000000000000000
1323;1384484.00000000000000000000000000000000000000000000000000
1324;1385232.00000000000000000000000000000000000000000000000000
1325;1387844.00000000000000000000000000000000000000000000000000
1326;1389844.00000000000000000000000000000000000000000000000000
1327;1391196.00000000000000000000000000000000000000000000000000
1328;1393084.00000000000000000000000000000000000000000000000000
1329;1397920.00000000000000000000000000000000000000000000000000
1330;1399144.00000000000000000000000000000000000000000000000000
1331;1400140.00000000000000000000000000000000000000000000000000
1332;1402324.00000000000000000000000000000000000000000000000000
1333;1404012.00000000000000000000000000000000000000000000000000
1334;1405668.00000000000000000000000000000000000000000000000000
1335;1406116.00000000000000000000000000000000000000000000000000
1336;1408460.00000000000000000000000000000000000000000000000000
1337;1410428.00000000000000000000000000000000000000000000000000
1338;1411760.00000000000000000000000000000000000000000000000000
1339;1417084.00000000000000000000000000000000000000000000000000
1340;1418764.00000000000000000000000000000000000000000000000000
1341;1420368.00000000000000000000000000000000000000000000000000
1342;1420608.00000000000000000000000000000000000000000000000000
1343;1422588.00000000000000000000000000000000000000000000000000
1344;1425264.00000000000000000000000000000000000000000000000000
1345;1426572.00000000000000000000000000000000000000000000000000
1346;1428068.00000000000000000000000000000000000000000000000000
1347;1430512.00000000000000000000000000000000000000000000000000
1348;1433460.00000000000000000000000000000000000000000000000000
1349;1434068.00000000000000000000000000000000000000000000000000
1350;1435252.00000000000000000000000000000000000000000000000000
1351;1435368.00000000000000000000000000000000000000000000000000
1352;1435888.00000000000000000000000000000000000000000000000000
1353;1445956.00000000000000000000000000000000000000000000000000
1354;1448204.00000000000000000000000000000000000000000000000000
1355;1449276.00000000000000000000000000000000000000000000000000
1356;1450616.00000000000000000000000000000000000000000000000000
1357;1453184.00000000000000000000000000000000000000000000000000
1358;1454696.00000000000000000000000000000000000000000000000000
1359;1456920.00000000000000000000000000000000000000000000000000
1360;1461600.00000000000000000000000000000000000000000000000000
1361;1463104.00000000000000000000000000000000000000000000000000
1362;1464000.00000000000000000000000000000000000000000000000000
1363;1465372.00000000000000000000000000000000000000000000000000
1364;1467024.00000000000000000000000000000000000000000000000000
1365;1467856.00000000000000000000000000000000000000000000000000
1366;1469168.00000000000000000000000000000000000000000000000000
1367;1469264.00000000000000000000000000000000000000000000000000
1368;1469264.00000000000000000000000000000000000000000000000000
1369;1469232.00000000000000000000000000000000000000000000000000
1370;1469232.00000000000000000000000000000000000000000000000000
1371;1469168.00000000000000000000000000000000000000000000000000
1372;1469168.00000000000000000000000000000000000000000000000000
1373;1469264.00000000000000000000000000000000000000000000000000
1374;1469232.00000000000000000000000000000000000000000000000000
1375;1469232.00000000000000000000000000000000000000000000000000
1376;1469232.00000000000000000000000000000000000000000000000000
1377;1469264.00000000000000000000000000000000000000000000000000
1378;1469232.00000000000000000000000000000000000000000000000000
1379;1469232.00000000000000000000000000000000000000000000000000
1380;1469232.00000000000000000000000000000000000000000000000000
1381;1469232.00000000000000000000000000000000000000000000000000
1382;1469232.00000000000000000000000000000000000000000000000000
1383;1469168.00000000000000000000000000000000000000000000000000
1384;1469232.00000000000000000000000000000000000000000000000000
1385;1469232.00000000000000000000000000000000000000000000000000
1386;1469168.00000000000000000000000000000000000000000000000000
1387;1469232.00000000000000000000000000000000000000000000000000
1388;1469232.00000000000000000000000000000000000000000000000000
1389;1469264.00000000000000000000000000000000000000000000000000
1390;1469232.00000000000000000000000000000000000000000000000000
1391;1469232.00000000000000000000000000000000000000000000000000
1392;1469232.00000000000000000000000000000000000000000000000000
1393;1469168.00000000000000000000000000000000000000000000000000
1394;1469232.00000000000000000000000000000000000000000000000000
1395;1469232.00000000000000000000000000000000000000000000000000
1396;1469232.00000000000000000000000000000000000000000000000000
1397;1469264.00000000000000000000000000000000000000000000000000
1398;1469264.00000000000000000000000000000000000000000000000000
1399;1469168.00000000000000000000000000000000000000000000000000
1400;1469232.00000000000000000000000000000000000000000000000000
1401;1469268.00000000000000000000000000000000000000000000000000
1402;1469168.00000000000000000000000000000000000000000000000000
1403;1469228.00000000000000000000000000000000000000000000000000
1404;1469228.00000000000000000000000000000000000000000000000000
1405;1469260.00000000000000000000000000000000000000000000000000
1406;1469264.00000000000000000000000000000000000000000000000000
1407;1469228.00000000000000000000000000000000000000000000000000
1408;1469260.00000000000000000000000000000000000000000000000000
1409;1469260.00000000000000000000000000000000000000000000000000
1410;1447576.00000000000000000000000000000000000000000000000000
1411;1447012.00000000000000000000000000000000000000000000000000
1412;1447188.00000000000000000000000000000000000000000000000000
1413;1447784.00000000000000000000000000000000000000000000000000
1414;1447328.00000000000000000000000000000000000000000000000000
1415;1447396.00000000000000000000000000000000000000000000000000
1416;1447472.00000000000000000000000000000000000000000000000000
1417;1447500.00000000000000000000000000000000000000000000000000
1418;1447508.00000000000000000000000000000000000000000000000000
1419;1447560.00000000000000000000000000000000000000000000000000
1420;1447524.00000000000000000000000000000000000000000000000000
1421;1447524.00000000000000000000000000000000000000000000000000
1422;1447360.00000000000000000000000000000000000000000000000000
1423;1447372.00000000000000000000000000000000000000000000000000
1424;1447192.00000000000000000000000000000000000000000000000000
1425;1447388.00000000000000000000000000000000000000000000000000
1426;1447140.00000000000000000000000000000000000000000000000000
1427;1447516.00000000000000000000000000000000000000000000000000
1428;1447504.00000000000000000000000000000000000000000000000000
1429;1447524.00000000000000000000000000000000000000000000000000
1430;1447592.00000000000000000000000000000000000000000000000000
1431;1447532.00000000000000000000000000000000000000000000000000
1432;1447388.00000000000000000000000000000000000000000000000000
1433;1448196.00000000000000000000000000000000000000000000000000
1434;1448052.00000000000000000000000000000000000000000000000000
1435;1448348.00000000000000000000000000000000000000000000000000
1436;1447612.00000000000000000000000000000000000000000000000000
1437;1448112.00000000000000000000000000000000000000000000000000
1438;1447788.00000000000000000000000000000000000000000000000000
1439;1448372.00000000000000000000000000000000000000000000000000
1440;1448044.00000000000000000000000000000000000000000000000000
1441;1448076.00000000000000000000000000000000000000000000000000
1442;1448108.00000000000000000000000000000000000000000000000000
1443;1448204.00000000000000000000000000000000000000000000000000
1444;1448392.00000000000000000000000000000000000000000000000000
1445;1448364.00000000000000000000000000000000000000000000000000
1446;1449016.00000000000000000000000000000000000000000000000000
1447;1448684.00000000000000000000000000000000000000000000000000
1448;1448780.00000000000000000000000000000000000000000000000000
1449;1448712.00000000000000000000000000000000000000000000000000
1450;1448644.00000000000000000000000000000000000000000000000000
1451;1448764.00000000000000000000000000000000000000000000000000
1452;1448692.00000000000000000000000000000000000000000000000000
1453;1448404.00000000000000000000000000000000000000000000000000
1454;1448756.00000000000000000000000000000000000000000000000000
1455;1448844.00000000000000000000000000000000000000000000000000
1456;1448988.00000000000000000000000000000000000000000000000000
1457;1450128.00000000000000000000000000000000000000000000000000
1458;1451488.00000000000000000000000000000000000000000000000000
1459;1453956.00000000000000000000000000000000000000000000000000
1460;1455156.00000000000000000000000000000000000000000000000000
1461;1456896.00000000000000000000000000000000000000000000000000
1462;1462440.00000000000000000000000000000000000000000000000000
1463;1462512.00000000000000000000000000000000000000000000000000
1464;1464436.00000000000000000000000000000000000000000000000000
1465;1466368.00000000000000000000000000000000000000000000000000
1466;1468412.00000000000000000000000000000000000000000000000000
1467;1468432.00000000000000000000000000000000000000000000000000
1468;1470312.00000000000000000000000000000000000000000000000000
1469;1470384.00000000000000000000000000000000000000000000000000
1470;1470320.00000000000000000000000000000000000000000000000000
1471;1470256.00000000000000000000000000000000000000000000000000
1472;1470320.00000000000000000000000000000000000000000000000000
1473;1470320.00000000000000000000000000000000000000000000000000
1474;1470384.00000000000000000000000000000000000000000000000000
1475;1470320.00000000000000000000000000000000000000000000000000
1476;1470256.00000000000000000000000000000000000000000000000000
1477;1470384.00000000000000000000000000000000000000000000000000
1478;1470384.00000000000000000000000000000000000000000000000000
1479;1470320.00000000000000000000000000000000000000000000000000
1480;1470384.00000000000000000000000000000000000000000000000000
1481;1470384.00000000000000000000000000000000000000000000000000
1482;1470480.00000000000000000000000000000000000000000000000000
1483;1470416.00000000000000000000000000000000000000000000000000
1484;1470544.00000000000000000000000000000000000000000000000000
1485;1470480.00000000000000000000000000000000000000000000000000
1486;1470480.00000000000000000000000000000000000000000000000000
1487;1470480.00000000000000000000000000000000000000000000000000
1488;1470544.00000000000000000000000000000000000000000000000000
1489;1470416.00000000000000000000000000000000000000000000000000
1490;1470480.00000000000000000000000000000000000000000000000000
1491;1470480.00000000000000000000000000000000000000000000000000
1492;1470480.00000000000000000000000000000000000000000000000000
1493;1470544.00000000000000000000000000000000000000000000000000
1494;1470036.00000000000000000000000000000000000000000000000000
1495;1470544.00000000000000000000000000000000000000000000000000
1496;1470480.00000000000000000000000000000000000000000000000000
1497;1470480.00000000000000000000000000000000000000000000000000
1498;1470480.00000000000000000000000000000000000000000000000000
1499;1470544.00000000000000000000000000000000000000000000000000
1500;1470480.00000000000000000000000000000000000000000000000000
1501;1470480.00000000000000000000000000000000000000000000000000
1502;1470480.00000000000000000000000000000000000000000000000000
1503;1470416.00000000000000000000000000000000000000000000000000
1504;1470480.00000000000000000000000000000000000000000000000000
1505;1470480.00000000000000000000000000000000000000000000000000
1506;1470480.00000000000000000000000000000000000000000000000000
1507;1470416.00000000000000000000000000000000000000000000000000
1508;1470416.00000000000000000000000000000000000000000000000000
1509;1470480.00000000000000000000000000000000000000000000000000
1510;1470544.00000000000000000000000000000000000000000000000000
1511;1451404.00000000000000000000000000000000000000000000000000
1512;1451072.00000000000000000000000000000000000000000000000000
1513;1450080.00000000000000000000000000000000000000000000000000
1514;1449832.00000000000000000000000000000000000000000000000000
1515;1449464.00000000000000000000000000000000000000000000000000
1516;1449608.00000000000000000000000000000000000000000000000000
1517;1449804.00000000000000000000000000000000000000000000000000
1518;1449988.00000000000000000000000000000000000000000000000000
1519;1448760.00000000000000000000000000000000000000000000000000
1520;1448516.00000000000000000000000000000000000000000000000000
1521;1449124.00000000000000000000000000000000000000000000000000
1522;1449100.00000000000000000000000000000000000000000000000000
1523;1449812.00000000000000000000000000000000000000000000000000
1524;1449016.00000000000000000000000000000000000000000000000000
1525;1449032.00000000000000000000000000000000000000000000000000
1526;1448496.00000000000000000000000000000000000000000000000000
1527;1448700.00000000000000000000000000000000000000000000000000
1528;1449096.00000000000000000000000000000000000000000000000000
1529;1449200.00000000000000000000000000000000000000000000000000
1530;1449140.00000000000000000000000000000000000000000000000000
1531;1449152.00000000000000000000000000000000000000000000000000
1532;1449240.00000000000000000000000000000000000000000000000000
1533;1449284.00000000000000000000000000000000000000000000000000
1534;1449440.00000000000000000000000000000000000000000000000000
1535;1449464.00000000000000000000000000000000000000000000000000
1536;1449444.00000000000000000000000000000000000000000000000000
1537;1449152.00000000000000000000000000000000000000000000000000
1538;1449452.00000000000000000000000000000000000000000000000000
1539;1449540.00000000000000000000000000000000000000000000000000
1540;1449464.00000000000000000000000000000000000000000000000000
1541;1449516.00000000000000000000000000000000000000000000000000
1542;1449664.00000000000000000000000000000000000000000000000000
1543;1449668.00000000000000000000000000000000000000000000000000
1544;1449628.00000000000000000000000000000000000000000000000000
1545;1449012.00000000000000000000000000000000000000000000000000
1546;1449696.00000000000000000000000000000000000000000000000000
1547;1449636.00000000000000000000000000000000000000000000000000
1548;1449688.00000000000000000000000000000000000000000000000000
1549;1449764.00000000000000000000000000000000000000000000000000
1550;1449764.00000000000000000000000000000000000000000000000000
1551;1449544.00000000000000000000000000000000000000000000000000
1552;1449744.00000000000000000000000000000000000000000000000000
1553;1449464.00000000000000000000000000000000000000000000000000
1554;1450112.00000000000000000000000000000000000000000000000000
1555;1450868.00000000000000000000000000000000000000000000000000
1556;1451416.00000000000000000000000000000000000000000000000000
1557;1451816.00000000000000000000000000000000000000000000000000
1558;1455856.00000000000000000000000000000000000000000000000000
1559;1456692.00000000000000000000000000000000000000000000000000
1560;1456940.00000000000000000000000000000000000000000000000000
1561;1458488.00000000000000000000000000000000000000000000000000
1562;1460708.00000000000000000000000000000000000000000000000000
1563;1461740.00000000000000000000000000000000000000000000000000
1564;1464068.00000000000000000000000000000000000000000000000000
1565;1466460.00000000000000000000000000000000000000000000000000
1566;1469044.00000000000000000000000000000000000000000000000000
1567;1470404.00000000000000000000000000000000000000000000000000
1568;1469884.00000000000000000000000000000000000000000000000000
1569;1469896.00000000000000000000000000000000000000000000000000
1570;1469832.00000000000000000000000000000000000000000000000000
1571;1469768.00000000000000000000000000000000000000000000000000
1572;1469892.00000000000000000000000000000000000000000000000000
1573;1470024.00000000000000000000000000000000000000000000000000
1574;1469832.00000000000000000000000000000000000000000000000000
1575;1469768.00000000000000000000000000000000000000000000000000
1576;1469832.00000000000000000000000000000000000000000000000000
1577;1469892.00000000000000000000000000000000000000000000000000
1578;1469832.00000000000000000000000000000000000000000000000000
1579;1469768.00000000000000000000000000000000000000000000000000
1580;1469896.00000000000000000000000000000000000000000000000000
1581;1469768.00000000000000000000000000000000000000000000000000
1582;1469832.00000000000000000000000000000000000000000000000000
1583;1470064.00000000000000000000000000000000000000000000000000
1584;1470000.00000000000000000000000000000000000000000000000000
1585;1470064.00000000000000000000000000000000000000000000000000
1586;1470004.00000000000000000000000000000000000000000000000000
1587;1470064.00000000000000000000000000000000000000000000000000
1588;1470000.00000000000000000000000000000000000000000000000000
1589;1470248.00000000000000000000000000000000000000000000000000
1590;1470000.00000000000000000000000000000000000000000000000000
1591;1470060.00000000000000000000000000000000000000000000000000
1592;1469936.00000000000000000000000000000000000000000000000000
1593;1470000.00000000000000000000000000000000000000000000000000
1594;1470000.00000000000000000000000000000000000000000000000000
1595;1469936.00000000000000000000000000000000000000000000000000
1596;1470004.00000000000000000000000000000000000000000000000000
1597;1469936.00000000000000000000000000000000000000000000000000
1598;1469936.00000000000000000000000000000000000000000000000000
1599;1470064.00000000000000000000000000000000000000000000000000
1600;1470064.00000000000000000000000000000000000000000000000000
1601;1470144.00000000000000000000000000000000000000000000000000
1602;1470000.00000000000000000000000000000000000000000000000000
1603;1470060.00000000000000000000000000000000000000000000000000
1604;1470064.00000000000000000000000000000000000000000000000000
1605;1470060.00000000000000000000000000000000000000000000000000
1606;1470000.00000000000000000000000000000000000000000000000000
1607;1470004.00000000000000000000000000000000000000000000000000
1608;1470000.00000000000000000000000000000000000000000000000000
1609;1470064.00000000000000000000000000000000000000000000000000
1610;1470000.00000000000000000000000000000000000000000000000000
1611;1470004.00000000000000000000000000000000000000000000000000
1612;1469936.00000000000000000000000000000000000000000000000000
1613;1469936.00000000000000000000000000000000000000000000000000
1614;1469936.00000000000000000000000000000000000000000000000000
1615;1469936.00000000000000000000000000000000000000000000000000
1616;1354328.00000000000000000000000000000000000000000000000000
1617;1355376.00000000000000000000000000000000000000000000000000
1618;1357064.00000000000000000000000000000000000000000000000000
1619;1357700.00000000000000000000000000000000000000000000000000
1620;1359136.00000000000000000000000000000000000000000000000000
1621;1361464.00000000000000000000000000000000000000000000000000
1622;1362900.00000000000000000000000000000000000000000000000000
1623;1364612.00000000000000000000000000000000000000000000000000
1624;1366508.00000000000000000000000000000000000000000000000000
1625;1368496.00000000000000000000000000000000000000000000000000
1626;1369812.00000000000000000000000000000000000000000000000000
1627;1371116.00000000000000000000000000000000000000000000000000
1628;1372956.00000000000000000000000000000000000000000000000000
1629;1374740.00000000000000000000000000000000000000000000000000
1630;1376364.00000000000000000000000000000000000000000000000000
1631;1378136.00000000000000000000000000000000000000000000000000
1632;1380384.00000000000000000000000000000000000000000000000000
1633;1381272.00000000000000000000000000000000000000000000000000
1634;1383956.00000000000000000000000000000000000000000000000000
1635;1385860.00000000000000000000000000000000000000000000000000
1636;1386956.00000000000000000000000000000000000000000000000000
1637;1388664.00000000000000000000000000000000000000000000000000
1638;1391664.00000000000000000000000000000000000000000000000000
1639;1395180.00000000000000000000000000000000000000000000000000
1640;1396808.00000000000000000000000000000000000000000000000000
1641;1398616.00000000000000000000000000000000000000000000000000
1642;1399816.00000000000000000000000000000000000000000000000000
1643;1402580.00000000000000000000000000000000000000000000000000
1644;1403012.00000000000000000000000000000000000000000000000000
1645;1405476.00000000000000000000000000000000000000000000000000
1646;1407208.00000000000000000000000000000000000000000000000000
1647;1408164.00000000000000000000000000000000000000000000000000
1648;1412932.00000000000000000000000000000000000000000000000000
1649;1414692.00000000000000000000000000000000000000000000000000
1650;1416068.00000000000000000000000000000000000000000000000000
1651;1417228.00000000000000000000000000000000000000000000000000
1652;1418904.00000000000000000000000000000000000000000000000000
1653;1421704.00000000000000000000000000000000000000000000000000
1654;1422424.00000000000000000000000000000000000000000000000000
1655;1424416.00000000000000000000000000000000000000000000000000
1656;1426476.00000000000000000000000000000000000000000000000000
1657;1428720.00000000000000000000000000000000000000000000000000
1658;1429360.00000000000000000000000000000000000000000000000000
1659;1429740.00000000000000000000000000000000000000000000000000
1660;1430792.00000000000000000000000000000000000000000000000000
1661;1431480.00000000000000000000000000000000000000000000000000
1662;1441044.00000000000000000000000000000000000000000000000000
1663;1442896.00000000000000000000000000000000000000000000000000
1664;1444156.00000000000000000000000000000000000000000000000000
1665;1446104.00000000000000000000000000000000000000000000000000
1666;1447836.00000000000000000000000000000000000000000000000000
1667;1449016.00000000000000000000000000000000000000000000000000
1668;1451012.00000000000000000000000000000000000000000000000000
1669;1456248.00000000000000000000000000000000000000000000000000
1670;1457368.00000000000000000000000000000000000000000000000000
1671;1458592.00000000000000000000000000000000000000000000000000
1672;1460984.00000000000000000000000000000000000000000000000000
1673;1463228.00000000000000000000000000000000000000000000000000
1674;1464716.00000000000000000000000000000000000000000000000000
1675;1465520.00000000000000000000000000000000000000000000000000
1676;1467048.00000000000000000000000000000000000000000000000000
1677;1467000.00000000000000000000000000000000000000000000000000
1678;1467000.00000000000000000000000000000000000000000000000000
1679;1466940.00000000000000000000000000000000000000000000000000
1680;1467000.00000000000000000000000000000000000000000000000000
1681;1467064.00000000000000000000000000000000000000000000000000
1682;1467000.00000000000000000000000000000000000000000000000000
1683;1467064.00000000000000000000000000000000000000000000000000
1684;1466996.00000000000000000000000000000000000000000000000000
1685;1466940.00000000000000000000000000000000000000000000000000
1686;1466940.00000000000000000000000000000000000000000000000000
1687;1467064.00000000000000000000000000000000000000000000000000
1688;1467064.00000000000000000000000000000000000000000000000000
1689;1467000.00000000000000000000000000000000000000000000000000
1690;1467000.00000000000000000000000000000000000000000000000000
1691;1467000.00000000000000000000000000000000000000000000000000
1692;1466996.00000000000000000000000000000000000000000000000000
1693;1466996.00000000000000000000000000000000000000000000000000
1694;1466936.00000000000000000000000000000000000000000000000000
1695;1466996.00000000000000000000000000000000000000000000000000
1696;1466996.00000000000000000000000000000000000000000000000000
1697;1466996.00000000000000000000000000000000000000000000000000
1698;1467060.00000000000000000000000000000000000000000000000000
1699;1467060.00000000000000000000000000000000000000000000000000
1700;1466996.00000000000000000000000000000000000000000000000000
1701;1466996.00000000000000000000000000000000000000000000000000
1702;1466932.00000000000000000000000000000000000000000000000000
1703;1466996.00000000000000000000000000000000000000000000000000
1704;1466936.00000000000000000000000000000000000000000000000000
1705;1466996.00000000000000000000000000000000000000000000000000
1706;1466996.00000000000000000000000000000000000000000000000000
1707;1466996.00000000000000000000000000000000000000000000000000
1708;1467060.00000000000000000000000000000000000000000000000000
1709;1467060.00000000000000000000000000000000000000000000000000
1710;1467060.00000000000000000000000000000000000000000000000000
1711;1466996.00000000000000000000000000000000000000000000000000
1712;1466996.00000000000000000000000000000000000000000000000000
1713;1467060.00000000000000000000000000000000000000000000000000
1714;1466992.00000000000000000000000000000000000000000000000000
1715;1467060.00000000000000000000000000000000000000000000000000
1716;1467060.00000000000000000000000000000000000000000000000000
1717;1466996.00000000000000000000000000000000000000000000000000
1718;1466996.00000000000000000000000000000000000000000000000000
1719;1466932.00000000000000000000000000000000000000000000000000
1720;1466996.00000000000000000000000000000000000000000000000000
1721;1443064.00000000000000000000000000000000000000000000000000
1722;1443144.00000000000000000000000000000000000000000000000000
1723;1443936.00000000000000000000000000000000000000000000000000
1724;1443208.00000000000000000000000000000000000000000000000000
1725;1443308.00000000000000000000000000000000000000000000000000
1726;1443560.00000000000000000000000000000000000000000000000000
1727;1444208.00000000000000000000000000000000000000000000000000
1728;1443536.00000000000000000000000000000000000000000000000000
1729;1443624.00000000000000000000000000000000000000000000000000
1730;1443844.00000000000000000000000000000000000000000000000000
1731;1443868.00000000000000000000000000000000000000000000000000
1732;1443732.00000000000000000000000000000000000000000000000000
1733;1443748.00000000000000000000000000000000000000000000000000
1734;1443756.00000000000000000000000000000000000000000000000000
1735;1443824.00000000000000000000000000000000000000000000000000
1736;1444392.00000000000000000000000000000000000000000000000000
1737;1443856.00000000000000000000000000000000000000000000000000
1738;1443824.00000000000000000000000000000000000000000000000000
1739;1444080.00000000000000000000000000000000000000000000000000
1740;1444360.00000000000000000000000000000000000000000000000000
1741;1444356.00000000000000000000000000000000000000000000000000
1742;1444424.00000000000000000000000000000000000000000000000000
1743;1444932.00000000000000000000000000000000000000000000000000
1744;1444528.00000000000000000000000000000000000000000000000000
1745;1444616.00000000000000000000000000000000000000000000000000
1746;1444688.00000000000000000000000000000000000000000000000000
1747;1444656.00000000000000000000000000000000000000000000000000
1748;1444912.00000000000000000000000000000000000000000000000000
1749;1445100.00000000000000000000000000000000000000000000000000
1750;1445196.00000000000000000000000000000000000000000000000000
1751;1446092.00000000000000000000000000000000000000000000000000
1752;1446544.00000000000000000000000000000000000000000000000000
1753;1446784.00000000000000000000000000000000000000000000000000
1754;1447084.00000000000000000000000000000000000000000000000000
1755;1447088.00000000000000000000000000000000000000000000000000
1756;1447784.00000000000000000000000000000000000000000000000000
1757;1447904.00000000000000000000000000000000000000000000000000
1758;1448856.00000000000000000000000000000000000000000000000000
1759;1453412.00000000000000000000000000000000000000000000000000
1760;1455440.00000000000000000000000000000000000000000000000000
1761;1457928.00000000000000000000000000000000000000000000000000
1762;1461208.00000000000000000000000000000000000000000000000000
1763;1464272.00000000000000000000000000000000000000000000000000
1764;1466092.00000000000000000000000000000000000000000000000000
1765;1467708.00000000000000000000000000000000000000000000000000
1766;1469084.00000000000000000000000000000000000000000000000000
1767;1469032.00000000000000000000000000000000000000000000000000
1768;1469088.00000000000000000000000000000000000000000000000000
1769;1469092.00000000000000000000000000000000000000000000000000
1770;1469124.00000000000000000000000000000000000000000000000000
1771;1468616.00000000000000000000000000000000000000000000000000
1772;1469088.00000000000000000000000000000000000000000000000000
1773;1469092.00000000000000000000000000000000000000000000000000
1774;1469128.00000000000000000000000000000000000000000000000000
1775;1468616.00000000000000000000000000000000000000000000000000
1776;1469032.00000000000000000000000000000000000000000000000000
1777;1468616.00000000000000000000000000000000000000000000000000
1778;1469448.00000000000000000000000000000000000000000000000000
1779;1469444.00000000000000000000000000000000000000000000000000
1780;1469388.00000000000000000000000000000000000000000000000000
1781;1469448.00000000000000000000000000000000000000000000000000
1782;1469444.00000000000000000000000000000000000000000000000000
1783;1469388.00000000000000000000000000000000000000000000000000
1784;1469448.00000000000000000000000000000000000000000000000000
1785;1469448.00000000000000000000000000000000000000000000000000
1786;1469448.00000000000000000000000000000000000000000000000000
1787;1469484.00000000000000000000000000000000000000000000000000
1788;1469448.00000000000000000000000000000000000000000000000000
1789;1469484.00000000000000000000000000000000000000000000000000
1790;1469480.00000000000000000000000000000000000000000000000000
1791;1469448.00000000000000000000000000000000000000000000000000
1792;1469448.00000000000000000000000000000000000000000000000000
1793;1469444.00000000000000000000000000000000000000000000000000
1794;1469388.00000000000000000000000000000000000000000000000000
1795;1469448.00000000000000000000000000000000000000000000000000
1796;1469448.00000000000000000000000000000000000000000000000000
1797;1469480.00000000000000000000000000000000000000000000000000
1798;1469444.00000000000000000000000000000000000000000000000000
1799;1469388.00000000000000000000000000000000000000000000000000
1800;1469388.00000000000000000000000000000000000000000000000000
1801;1469448.00000000000000000000000000000000000000000000000000
1802;1469484.00000000000000000000000000000000000000000000000000
1803;1469480.00000000000000000000000000000000000000000000000000
1804;1469448.00000000000000000000000000000000000000000000000000
1805;1451820.00000000000000000000000000000000000000000000000000
1806;1452436.00000000000000000000000000000000000000000000000000
1807;1452516.00000000000000000000000000000000000000000000000000
1808;1451840.00000000000000000000000000000000000000000000000000
1809;1451840.00000000000000000000000000000000000000000000000000
1810;1451836.00000000000000000000000000000000000000000000000000
1811;1451848.00000000000000000000000000000000000000000000000000
1812;1452116.00000000000000000000000000000000000000000000000000
1813;1452204.00000000000000000000000000000000000000000000000000
1814;1452200.00000000000000000000000000000000000000000000000000
1815;1452524.00000000000000000000000000000000000000000000000000
1816;1452128.00000000000000000000000000000000000000000000000000
1817;1452500.00000000000000000000000000000000000000000000000000
1818;1452280.00000000000000000000000000000000000000000000000000
1819;1452436.00000000000000000000000000000000000000000000000000
1820;1452508.00000000000000000000000000000000000000000000000000
1821;1452964.00000000000000000000000000000000000000000000000000
1822;1452624.00000000000000000000000000000000000000000000000000
1823;1452468.00000000000000000000000000000000000000000000000000
1824;1452560.00000000000000000000000000000000000000000000000000
1825;1452676.00000000000000000000000000000000000000000000000000
1826;1452596.00000000000000000000000000000000000000000000000000
1827;1452644.00000000000000000000000000000000000000000000000000
1828;1452668.00000000000000000000000000000000000000000000000000
1829;1452976.00000000000000000000000000000000000000000000000000
1830;1452944.00000000000000000000000000000000000000000000000000
1831;1453800.00000000000000000000000000000000000000000000000000
1832;1453244.00000000000000000000000000000000000000000000000000
1833;1453192.00000000000000000000000000000000000000000000000000
1834;1453212.00000000000000000000000000000000000000000000000000
1835;1453284.00000000000000000000000000000000000000000000000000
1836;1453340.00000000000000000000000000000000000000000000000000
1837;1454236.00000000000000000000000000000000000000000000000000
1838;1455864.00000000000000000000000000000000000000000000000000
1839;1460292.00000000000000000000000000000000000000000000000000
1840;1462804.00000000000000000000000000000000000000000000000000
1841;1465220.00000000000000000000000000000000000000000000000000
1842;1468864.00000000000000000000000000000000000000000000000000
1843;1471372.00000000000000000000000000000000000000000000000000
1844;1473564.00000000000000000000000000000000000000000000000000
1845;1473660.00000000000000000000000000000000000000000000000000
1846;1473656.00000000000000000000000000000000000000000000000000
1847;1473716.00000000000000000000000000000000000000000000000000
1848;1473776.00000000000000000000000000000000000000000000000000
1849;1473684.00000000000000000000000000000000000000000000000000
1850;1473652.00000000000000000000000000000000000000000000000000
1851;1473720.00000000000000000000000000000000000000000000000000
1852;1473780.00000000000000000000000000000000000000000000000000
1853;1473776.00000000000000000000000000000000000000000000000000
1854;1473780.00000000000000000000000000000000000000000000000000
1855;1473684.00000000000000000000000000000000000000000000000000
1856;1473688.00000000000000000000000000000000000000000000000000
1857;1473780.00000000000000000000000000000000000000000000000000
1858;1473780.00000000000000000000000000000000000000000000000000
1859;1473876.00000000000000000000000000000000000000000000000000
1860;1473688.00000000000000000000000000000000000000000000000000
1861;1473652.00000000000000000000000000000000000000000000000000
1862;1473780.00000000000000000000000000000000000000000000000000
1863;1473780.00000000000000000000000000000000000000000000000000
1864;1473780.00000000000000000000000000000000000000000000000000
1865;1473780.00000000000000000000000000000000000000000000000000
1866;1473652.00000000000000000000000000000000000000000000000000
1867;1473652.00000000000000000000000000000000000000000000000000
1868;1473652.00000000000000000000000000000000000000000000000000
1869;1473780.00000000000000000000000000000000000000000000000000
1870;1473780.00000000000000000000000000000000000000000000000000
1871;1473780.00000000000000000000000000000000000000000000000000
1872;1473684.00000000000000000000000000000000000000000000000000
1873;1473932.00000000000000000000000000000000000000000000000000
1874;1473776.00000000000000000000000000000000000000000000000000
1875;1473780.00000000000000000000000000000000000000000000000000
1876;1473720.00000000000000000000000000000000000000000000000000
1877;1473652.00000000000000000000000000000000000000000000000000
1878;1473780.00000000000000000000000000000000000000000000000000
1879;1473716.00000000000000000000000000000000000000000000000000
1880;1473776.00000000000000000000000000000000000000000000000000
1881;1473780.00000000000000000000000000000000000000000000000000
1882;1473776.00000000000000000000000000000000000000000000000000
1883;1454340.00000000000000000000000000000000000000000000000000
1884;1454596.00000000000000000000000000000000000000000000000000
1885;1454132.00000000000000000000000000000000000000000000000000
1886;1454168.00000000000000000000000000000000000000000000000000
1887;1454588.00000000000000000000000000000000000000000000000000
1888;1454592.00000000000000000000000000000000000000000000000000
1889;1454256.00000000000000000000000000000000000000000000000000
1890;1454620.00000000000000000000000000000000000000000000000000
1891;1455036.00000000000000000000000000000000000000000000000000
1892;1454872.00000000000000000000000000000000000000000000000000
1893;1454648.00000000000000000000000000000000000000000000000000
1894;1454844.00000000000000000000000000000000000000000000000000
1895;1454608.00000000000000000000000000000000000000000000000000
1896;1455404.00000000000000000000000000000000000000000000000000
1897;1454628.00000000000000000000000000000000000000000000000000
1898;1454976.00000000000000000000000000000000000000000000000000
1899;1455888.00000000000000000000000000000000000000000000000000
1900;1455792.00000000000000000000000000000000000000000000000000
1901;1455500.00000000000000000000000000000000000000000000000000
1902;1455052.00000000000000000000000000000000000000000000000000
1903;1455476.00000000000000000000000000000000000000000000000000
1904;1455488.00000000000000000000000000000000000000000000000000
1905;1455132.00000000000000000000000000000000000000000000000000
1906;1455552.00000000000000000000000000000000000000000000000000
1907;1455528.00000000000000000000000000000000000000000000000000
1908;1456476.00000000000000000000000000000000000000000000000000
1909;1456536.00000000000000000000000000000000000000000000000000
1910;1456004.00000000000000000000000000000000000000000000000000
1911;1456040.00000000000000000000000000000000000000000000000000
1912;1456056.00000000000000000000000000000000000000000000000000
1913;1456104.00000000000000000000000000000000000000000000000000
1914;1456196.00000000000000000000000000000000000000000000000000
1915;1456992.00000000000000000000000000000000000000000000000000
1916;1456380.00000000000000000000000000000000000000000000000000
1917;1456504.00000000000000000000000000000000000000000000000000
1918;1456860.00000000000000000000000000000000000000000000000000
1919;1461444.00000000000000000000000000000000000000000000000000
1920;1462924.00000000000000000000000000000000000000000000000000
1921;1465748.00000000000000000000000000000000000000000000000000
1922;1467872.00000000000000000000000000000000000000000000000000
1923;1474188.00000000000000000000000000000000000000000000000000
1924;1474240.00000000000000000000000000000000000000000000000000
1925;1475300.00000000000000000000000000000000000000000000000000
1926;1475300.00000000000000000000000000000000000000000000000000
1927;1475304.00000000000000000000000000000000000000000000000000
1928;1475268.00000000000000000000000000000000000000000000000000
1929;1475304.00000000000000000000000000000000000000000000000000
1930;1475300.00000000000000000000000000000000000000000000000000
1931;1475268.00000000000000000000000000000000000000000000000000
1932;1475172.00000000000000000000000000000000000000000000000000
1933;1475300.00000000000000000000000000000000000000000000000000
1934;1475204.00000000000000000000000000000000000000000000000000
1935;1475304.00000000000000000000000000000000000000000000000000
1936;1475292.00000000000000000000000000000000000000000000000000
1937;1475272.00000000000000000000000000000000000000000000000000
1938;1474796.00000000000000000000000000000000000000000000000000
1939;1475268.00000000000000000000000000000000000000000000000000
1940;1475272.00000000000000000000000000000000000000000000000000
1941;1475272.00000000000000000000000000000000000000000000000000
1942;1475272.00000000000000000000000000000000000000000000000000
1943;1474796.00000000000000000000000000000000000000000000000000
1944;1475208.00000000000000000000000000000000000000000000000000
1945;1475272.00000000000000000000000000000000000000000000000000
1946;1475304.00000000000000000000000000000000000000000000000000
1947;1475304.00000000000000000000000000000000000000000000000000
1948;1475268.00000000000000000000000000000000000000000000000000
1949;1475272.00000000000000000000000000000000000000000000000000
1950;1475272.00000000000000000000000000000000000000000000000000
1951;1475272.00000000000000000000000000000000000000000000000000
1952;1475304.00000000000000000000000000000000000000000000000000
1953;1475272.00000000000000000000000000000000000000000000000000
1954;1475212.00000000000000000000000000000000000000000000000000
1955;1475304.00000000000000000000000000000000000000000000000000
1956;1475208.00000000000000000000000000000000000000000000000000
1957;1475308.00000000000000000000000000000000000000000000000000
1958;1475268.00000000000000000000000000000000000000000000000000
1959;1475208.00000000000000000000000000000000000000000000000000
1960;1475304.00000000000000000000000000000000000000000000000000
1961;1475212.00000000000000000000000000000000000000000000000000
1962;1475272.00000000000000000000000000000000000000000000000000
1963;1475208.00000000000000000000000000000000000000000000000000
1964;1460996.00000000000000000000000000000000000000000000000000
1965;1460884.00000000000000000000000000000000000000000000000000
1966;1461036.00000000000000000000000000000000000000000000000000
1967;1460440.00000000000000000000000000000000000000000000000000
1968;1460968.00000000000000000000000000000000000000000000000000
1969;1460940.00000000000000000000000000000000000000000000000000
1970;1460968.00000000000000000000000000000000000000000000000000
1971;1460840.00000000000000000000000000000000000000000000000000
1972;1460760.00000000000000000000000000000000000000000000000000
1973;1460936.00000000000000000000000000000000000000000000000000
1974;1460960.00000000000000000000000000000000000000000000000000
1975;1460952.00000000000000000000000000000000000000000000000000
1976;1460956.00000000000000000000000000000000000000000000000000
1977;1461300.00000000000000000000000000000000000000000000000000
1978;1461004.00000000000000000000000000000000000000000000000000
1979;1460976.00000000000000000000000000000000000000000000000000
1980;1460996.00000000000000000000000000000000000000000000000000
1981;1461012.00000000000000000000000000000000000000000000000000
1982;1460848.00000000000000000000000000000000000000000000000000
1983;1461092.00000000000000000000000000000000000000000000000000
1984;1460852.00000000000000000000000000000000000000000000000000
1985;1461236.00000000000000000000000000000000000000000000000000
1986;1461260.00000000000000000000000000000000000000000000000000
1987;1461460.00000000000000000000000000000000000000000000000000
1988;1461440.00000000000000000000000000000000000000000000000000
1989;1461568.00000000000000000000000000000000000000000000000000
1990;1461492.00000000000000000000000000000000000000000000000000
1991;1461744.00000000000000000000000000000000000000000000000000
1992;1461808.00000000000000000000000000000000000000000000000000
1993;1462084.00000000000000000000000000000000000000000000000000
1994;1462196.00000000000000000000000000000000000000000000000000
1995;1461116.00000000000000000000000000000000000000000000000000
1996;1461452.00000000000000000000000000000000000000000000000000
1997;1461984.00000000000000000000000000000000000000000000000000
1998;1461596.00000000000000000000000000000000000000000000000000
1999;1461732.00000000000000000000000000000000000000000000000000
2000;1461784.00000000000000000000000000000000000000000000000000
2001;1461812.00000000000000000000000000000000000000000000000000
2002;1462172.00000000000000000000000000000000000000000000000000
2003;1461392.00000000000000000000000000000000000000000000000000
2004;1462248.00000000000000000000000000000000000000000000000000
2005;1462000.00000000000000000000000000000000000000000000000000
2006;1463668.00000000000000000000000000000000000000000000000000
2007;1465224.00000000000000000000000000000000000000000000000000
2008;1470012.00000000000000000000000000000000000000000000000000
2009;1469896.00000000000000000000000000000000000000000000000000
2010;1470884.00000000000000000000000000000000000000000000000000
2011;1470720.00000000000000000000000000000000000000000000000000
2012;1470660.00000000000000000000000000000000000000000000000000
2013;1470596.00000000000000000000000000000000000000000000000000
2014;1470660.00000000000000000000000000000000000000000000000000
2015;1470660.00000000000000000000000000000000000000000000000000
2016;1470844.00000000000000000000000000000000000000000000000000
2017;1470908.00000000000000000000000000000000000000000000000000
2018;1470720.00000000000000000000000000000000000000000000000000
2019;1470724.00000000000000000000000000000000000000000000000000
2020;1470908.00000000000000000000000000000000000000000000000000
2021;1470724.00000000000000000000000000000000000000000000000000
2022;1470664.00000000000000000000000000000000000000000000000000
2023;1470836.00000000000000000000000000000000000000000000000000
2024;1470836.00000000000000000000000000000000000000000000000000
2025;1470772.00000000000000000000000000000000000000000000000000
2026;1470832.00000000000000000000000000000000000000000000000000
2027;1470956.00000000000000000000000000000000000000000000000000
2028;1470832.00000000000000000000000000000000000000000000000000
2029;1470836.00000000000000000000000000000000000000000000000000
2030;1471028.00000000000000000000000000000000000000000000000000
2031;1471020.00000000000000000000000000000000000000000000000000
2032;1470964.00000000000000000000000000000000000000000000000000
2033;1470772.00000000000000000000000000000000000000000000000000
2034;1470772.00000000000000000000000000000000000000000000000000
2035;1470772.00000000000000000000000000000000000000000000000000
2036;1470840.00000000000000000000000000000000000000000000000000
2037;1470960.00000000000000000000000000000000000000000000000000
2038;1470968.00000000000000000000000000000000000000000000000000
2039;1470776.00000000000000000000000000000000000000000000000000
2040;1470712.00000000000000000000000000000000000000000000000000
2041;1470840.00000000000000000000000000000000000000000000000000
2042;1470776.00000000000000000000000000000000000000000000000000
2043;1470780.00000000000000000000000000000000000000000000000000
2044;1470776.00000000000000000000000000000000000000000000000000
2045;1470836.00000000000000000000000000000000000000000000000000
2046;1470840.00000000000000000000000000000000000000000000000000
2047;1470968.00000000000000000000000000000000000000000000000000
2048;1357768.00000000000000000000000000000000000000000000000000
2049;1358816.00000000000000000000000000000000000000000000000000
2050;1360248.00000000000000000000000000000000000000000000000000
2051;1362812.00000000000000000000000000000000000000000000000000
2052;1364600.00000000000000000000000000000000000000000000000000
2053;1366428.00000000000000000000000000000000000000000000000000
2054;1368228.00000000000000000000000000000000000000000000000000
2055;1370492.00000000000000000000000000000000000000000000000000
2056;1373148.00000000000000000000000000000000000000000000000000
2057;1375436.00000000000000000000000000000000000000000000000000
2058;1377644.00000000000000000000000000000000000000000000000000
2059;1379764.00000000000000000000000000000000000000000000000000
2060;1382036.00000000000000000000000000000000000000000000000000
2061;1384640.00000000000000000000000000000000000000000000000000
2062;1385976.00000000000000000000000000000000000000000000000000
2063;1393600.00000000000000000000000000000000000000000000000000
