RunID,os,cpu,physical_cores,system_ram_gb,gpu,GPU_ram_mb,cuda_version,training_type,game_name,batch_size,learning_rate,buffer_size,beta,epsilon,lambd,num_epoch,learning_rate_schedule,normalize,hidden_units,num_layers,vis_encode_type,reward_extrinsic_gamma,reward_extrinsic_strength,keep_checkpoints,max_steps,time_horizon,summary_freq
20251123-014754,Windows 11,"AMD64 Family 25 Model 33 Stepping 2, AuthenticAMD",8,34265653248,NVIDIA GeForce RTX 5080,16303,,ppo,3DBall,2048,0.000165,81920,0.001077,0.164,0.947,5,constant,TRUE,32,1,simple,,,5,1000000,512,12000
20251123-015841,Windows 11,"AMD64 Family 25 Model 33 Stepping 2, AuthenticAMD",8,34265653248,NVIDIA GeForce RTX 5080,16303,,ppo,3DBall,1024,3.30E-05,40960,0.004283,0.12,0.941,5,linear,FALSE,256,2,simple,,,5,1000000,128,12000
20251123-020847,Windows 11,"AMD64 Family 25 Model 33 Stepping 2, AuthenticAMD",8,34265653248,NVIDIA GeForce RTX 5080,16303,,ppo,3DBall,4096,0.000142,327680,0.004455,0.201,0.926,4,linear,TRUE,256,2,simple,,,5,500000,256,12000
20251123-021308,Windows 11,"AMD64 Family 25 Model 33 Stepping 2, AuthenticAMD",8,34265653248,NVIDIA GeForce RTX 5080,16303,,ppo,3DBall,2048,0.000271,163840,0.005538,0.196,0.916,4,constant,TRUE,64,1,simple,,,5,1000000,256,12000
20251123-022158,Windows 11,"AMD64 Family 25 Model 33 Stepping 2, AuthenticAMD",8,34265653248,NVIDIA GeForce RTX 5080,16303,,ppo,3DBall,2048,0.000184,163840,0.009037,0.125,0.941,5,linear,FALSE,256,3,simple,,,5,500000,128,12000
20251123-022714,Windows 11,"AMD64 Family 25 Model 33 Stepping 2, AuthenticAMD",8,34265653248,NVIDIA GeForce RTX 5080,16303,,ppo,3DBall,1024,0.000119,81920,0.00462,0.253,0.937,5,linear,TRUE,64,3,simple,,,5,100000,128,12000
20251123-022819,Windows 11,"AMD64 Family 25 Model 33 Stepping 2, AuthenticAMD",8,34265653248,NVIDIA GeForce RTX 5080,16303,,ppo,3DBall,1024,5.90E-05,20480,0.006401,0.286,0.93,3,constant,TRUE,32,2,simple,,,5,2000000,1024,12000
20251123-024301,Windows 11,"AMD64 Family 25 Model 33 Stepping 2, AuthenticAMD",8,34265653248,NVIDIA GeForce RTX 5080,16303,,ppo,3DBall,512,0.000232,40960,0.006051,0.282,0.915,3,constant,TRUE,64,1,simple,,,5,2000000,128,12000
20251123-025729,Windows 11,"AMD64 Family 25 Model 33 Stepping 2, AuthenticAMD",8,34265653248,NVIDIA GeForce RTX 5080,16303,,ppo,3DBall,4096,0.000129,81920,0.004336,0.184,0.938,4,linear,FALSE,64,2,simple,,,5,1000000,512,12000
20251123-030604,Windows 11,"AMD64 Family 25 Model 33 Stepping 2, AuthenticAMD",8,34265653248,NVIDIA GeForce RTX 5080,16303,,ppo,3DBall,4096,6.30E-05,163840,0.003198,0.176,0.936,8,linear,FALSE,64,1,simple,,,5,1000000,1024,12000
20251123-031702,Windows 11,"AMD64 Family 25 Model 33 Stepping 2, AuthenticAMD",8,34265653248,NVIDIA GeForce RTX 5080,16303,,ppo,3DBall,1024,0.000121,81920,0.00556,0.272,0.935,3,linear,TRUE,64,3,simple,,,5,250000,64,12000
20251123-031917,Windows 11,"AMD64 Family 25 Model 33 Stepping 2, AuthenticAMD",8,34265653248,NVIDIA GeForce RTX 5080,16303,,ppo,3DBall,4096,0.000182,163840,0.003243,0.219,0.927,8,linear,FALSE,128,2,simple,,,5,100000,2048,12000
20251123-032004,Windows 11,"AMD64 Family 25 Model 33 Stepping 2, AuthenticAMD",8,34265653248,NVIDIA GeForce RTX 5080,16303,,ppo,3DBall,4096,6.60E-05,163840,0.001795,0.284,0.907,8,constant,TRUE,128,1,simple,,,5,100000,2048,12000
20251123-032052,Windows 11,"AMD64 Family 25 Model 33 Stepping 2, AuthenticAMD",8,34265653248,NVIDIA GeForce RTX 5080,16303,,ppo,3DBall,2048,0.000188,81920,0.002583,0.203,0.936,4,linear,TRUE,256,3,simple,,,5,100000,256,12000
20251123-032155,Windows 11,"AMD64 Family 25 Model 33 Stepping 2, AuthenticAMD",8,34265653248,NVIDIA GeForce RTX 5080,16303,,ppo,3DBall,2048,0.000196,40960,0.001953,0.189,0.939,5,constant,FALSE,64,2,simple,,,5,100000,1024,12000
20251123-032256,Windows 11,"AMD64 Family 25 Model 33 Stepping 2, AuthenticAMD",8,34265653248,NVIDIA GeForce RTX 5080,16303,,ppo,3DBall,2048,7.40E-05,40960,0.008641,0.123,0.92,5,linear,FALSE,32,1,simple,,,5,250000,256,12000
20251123-032521,Windows 11,"AMD64 Family 25 Model 33 Stepping 2, AuthenticAMD",8,34265653248,NVIDIA GeForce RTX 5080,16303,,ppo,3DBall,1024,0.00012,20480,0.006944,0.26,0.94,10,linear,TRUE,128,3,simple,,,5,100000,1024,12000
20251123-032640,Windows 11,"AMD64 Family 25 Model 33 Stepping 2, AuthenticAMD",8,34265653248,NVIDIA GeForce RTX 5080,16303,,ppo,3DBall,4096,4.10E-05,327680,0.009836,0.283,0.917,5,linear,FALSE,512,2,simple,,,5,1000000,256,12000
20251123-033738,Windows 11,"AMD64 Family 25 Model 33 Stepping 2, AuthenticAMD",8,34265653248,NVIDIA GeForce RTX 5080,16303,,ppo,3DBall,512,0.000123,10240,0.005823,0.202,0.938,5,linear,FALSE,256,1,simple,,,5,500000,256,12000
20251123-034211,Windows 11,"AMD64 Family 25 Model 33 Stepping 2, AuthenticAMD",8,34265653248,NVIDIA GeForce RTX 5080,16303,,ppo,3DBall,512,0.000246,20480,0.009447,0.229,0.93,5,linear,TRUE,64,3,simple,,,5,100000,1024,12000
20251123-034315,Windows 11,"AMD64 Family 25 Model 33 Stepping 2, AuthenticAMD",8,34265653248,NVIDIA GeForce RTX 5080,16303,,ppo,3DBall,2048,9.60E-05,40960,0.002476,0.146,0.937,5,constant,TRUE,512,1,simple,,,5,100000,2048,12000
20251123-034419,Windows 11,"AMD64 Family 25 Model 33 Stepping 2, AuthenticAMD",8,34265653248,NVIDIA GeForce RTX 5080,16303,,ppo,3DBall,2048,4.80E-05,40960,0.009916,0.268,0.917,8,constant,TRUE,32,2,simple,,,5,1000000,128,12000
20251123-035450,Windows 11,"AMD64 Family 25 Model 33 Stepping 2, AuthenticAMD",8,34265653248,NVIDIA GeForce RTX 5080,16303,,ppo,3DBall,1024,0.00012,40960,0.002797,0.22,0.947,10,linear,TRUE,64,1,simple,,,5,100000,64,12000
20251123-035606,Windows 11,"AMD64 Family 25 Model 33 Stepping 2, AuthenticAMD",8,34265653248,NVIDIA GeForce RTX 5080,16303,,ppo,3DBall,512,4.70E-05,20480,0.002742,0.235,0.929,3,constant,FALSE,32,1,simple,,,5,250000,256,12000
20251123-035815,Windows 11,"AMD64 Family 25 Model 33 Stepping 2, AuthenticAMD",8,34265653248,NVIDIA GeForce RTX 5080,16303,,ppo,3DBall,4096,0.000148,163840,0.001393,0.18,0.92,8,constant,FALSE,64,2,simple,,,5,100000,64,12000
20251123-035903,Windows 11,"AMD64 Family 25 Model 33 Stepping 2, AuthenticAMD",8,34265653248,NVIDIA GeForce RTX 5080,16303,,ppo,3DBall,4096,0.000167,163840,0.004741,0.191,0.911,8,constant,TRUE,256,1,simple,,,5,100000,512,12000
20251123-035951,Windows 11,"AMD64 Family 25 Model 33 Stepping 2, AuthenticAMD",8,34265653248,NVIDIA GeForce RTX 5080,16303,,ppo,3DBall,1024,5.30E-05,20480,0.001799,0.194,0.908,5,linear,TRUE,256,2,simple,,,5,100000,64,12000
20251123-040056,Windows 11,"AMD64 Family 25 Model 33 Stepping 2, AuthenticAMD",8,34265653248,NVIDIA GeForce RTX 5080,16303,,ppo,3DBall,1024,0.000295,81920,0.002849,0.145,0.905,8,constant,TRUE,64,2,simple,,,5,500000,128,12000
20251123-040632,Windows 11,"AMD64 Family 25 Model 33 Stepping 2, AuthenticAMD",8,34265653248,NVIDIA GeForce RTX 5080,16303,,ppo,3DBall,2048,0.000284,40960,0.009072,0.225,0.942,8,constant,FALSE,256,2,simple,,,5,250000,256,12000
20251123-040931,Windows 11,"AMD64 Family 25 Model 33 Stepping 2, AuthenticAMD",8,34265653248,NVIDIA GeForce RTX 5080,16303,,ppo,3DBall,512,2.60E-05,10240,0.009625,0.231,0.92,4,linear,TRUE,256,2,simple,,,5,250000,512,12000
20251123-041152,Windows 11,"AMD64 Family 25 Model 33 Stepping 2, AuthenticAMD",8,34265653248,NVIDIA GeForce RTX 5080,16303,,ppo,3DBall,4096,7.10E-05,163840,0.005658,0.249,0.941,3,constant,TRUE,512,2,simple,,,5,2000000,1024,12000
20251123-042835,Windows 11,"AMD64 Family 25 Model 33 Stepping 2, AuthenticAMD",8,34265653248,NVIDIA GeForce RTX 5080,16303,,ppo,3DBall,2048,0.000217,81920,0.005766,0.136,0.95,5,constant,FALSE,128,3,simple,,,5,500000,2048,12000
20251123-043320,Windows 11,"AMD64 Family 25 Model 33 Stepping 2, AuthenticAMD",8,34265653248,NVIDIA GeForce RTX 5080,16303,,ppo,3DBall,512,6.80E-05,40960,0.007983,0.3,0.945,4,constant,FALSE,64,3,simple,,,5,1000000,2048,12000
20251123-044139,Windows 11,"AMD64 Family 25 Model 33 Stepping 2, AuthenticAMD",8,34265653248,NVIDIA GeForce RTX 5080,16303,,ppo,3DBall,1024,0.000196,20480,0.004243,0.176,0.939,5,linear,TRUE,64,3,simple,,,5,250000,128,12000
20251123-044403,Windows 11,"AMD64 Family 25 Model 33 Stepping 2, AuthenticAMD",8,34265653248,NVIDIA GeForce RTX 5080,16303,,ppo,3DBall,4096,0.000168,81920,0.007757,0.178,0.908,10,constant,FALSE,128,2,simple,,,5,100000,2048,12000
20251123-044520,Windows 11,"AMD64 Family 25 Model 33 Stepping 2, AuthenticAMD",8,34265653248,NVIDIA GeForce RTX 5080,16303,,ppo,3DBall,512,0.000253,20480,0.008347,0.133,0.92,8,linear,FALSE,256,3,simple,,,5,1000000,64,12000
20251123-045712,Windows 11,"AMD64 Family 25 Model 33 Stepping 2, AuthenticAMD",8,34265653248,NVIDIA GeForce RTX 5080,16303,,ppo,3DBall,1024,0.000113,20480,0.005919,0.259,0.947,8,linear,FALSE,256,1,simple,,,5,100000,512,12000
20251123-045823,Windows 11,"AMD64 Family 25 Model 33 Stepping 2, AuthenticAMD",8,34265653248,NVIDIA GeForce RTX 5080,16303,,ppo,3DBall,4096,0.000214,327680,0.005119,0.286,0.924,5,constant,TRUE,256,1,simple,,,5,1000000,256,12000
20251123-050758,Windows 11,"AMD64 Family 25 Model 33 Stepping 2, AuthenticAMD",8,34265653248,NVIDIA GeForce RTX 5080,16303,,ppo,3DBall,512,0.000225,40960,0.003671,0.292,0.948,10,constant,TRUE,256,3,simple,,,5,500000,128,12000
20251123-051451,Windows 11,"AMD64 Family 25 Model 33 Stepping 2, AuthenticAMD",8,34265653248,NVIDIA GeForce RTX 5080,16303,,ppo,3DBall,4096,0.000288,163840,0.005608,0.184,0.931,3,constant,FALSE,512,2,simple,,,5,100000,2048,12000
20251123-051540,Windows 11,"AMD64 Family 25 Model 33 Stepping 2, AuthenticAMD",8,34265653248,NVIDIA GeForce RTX 5080,16303,,ppo,3DBall,4096,0.000275,327680,0.006323,0.107,0.948,10,constant,TRUE,256,2,simple,,,5,500000,128,12000
20251123-052120,Windows 11,"AMD64 Family 25 Model 33 Stepping 2, AuthenticAMD",8,34265653248,NVIDIA GeForce RTX 5080,16303,,ppo,3DBall,4096,0.000281,163840,0.006995,0.28,0.949,8,constant,TRUE,256,2,simple,,,5,100000,512,12000
20251123-052209,Windows 11,"AMD64 Family 25 Model 33 Stepping 2, AuthenticAMD",8,34265653248,NVIDIA GeForce RTX 5080,16303,,ppo,3DBall,4096,0.00025,81920,0.007558,0.102,0.933,5,linear,TRUE,32,1,simple,,,5,2000000,512,12000
20251123-053940,Windows 11,"AMD64 Family 25 Model 33 Stepping 2, AuthenticAMD",8,34265653248,NVIDIA GeForce RTX 5080,16303,,ppo,3DBall,4096,1.10E-05,163840,0.007918,0.241,0.942,3,linear,TRUE,64,1,simple,,,5,500000,64,12000
20251123-054351,Windows 11,"AMD64 Family 25 Model 33 Stepping 2, AuthenticAMD",8,34265653248,NVIDIA GeForce RTX 5080,16303,,ppo,3DBall,4096,8.50E-05,327680,0.005218,0.29,0.915,5,linear,FALSE,128,1,simple,,,5,1000000,128,12000
20251123-055313,Windows 11,"AMD64 Family 25 Model 33 Stepping 2, AuthenticAMD",8,34265653248,NVIDIA GeForce RTX 5080,16303,,ppo,3DBall,2048,0.000181,81920,0.003258,0.278,0.904,8,constant,TRUE,64,3,simple,,,5,250000,512,12000
20251123-055609,Windows 11,"AMD64 Family 25 Model 33 Stepping 2, AuthenticAMD",8,34265653248,NVIDIA GeForce RTX 5080,16303,,ppo,3DBall,1024,0.000225,20480,0.003114,0.19,0.912,5,linear,TRUE,32,2,simple,,,5,250000,512,12000
20251123-055836,Windows 11,"AMD64 Family 25 Model 33 Stepping 2, AuthenticAMD",8,34265653248,NVIDIA GeForce RTX 5080,16303,,ppo,3DBall,512,3.10E-05,20480,0.007608,0.162,0.926,5,linear,TRUE,128,2,simple,,,5,500000,1024,12000
20251123-060316,Windows 11,"AMD64 Family 25 Model 33 Stepping 2, AuthenticAMD",8,34265653248,NVIDIA GeForce RTX 5080,16303,,ppo,3DBall,1024,0.000274,81920,0.005473,0.261,0.933,10,constant,TRUE,512,3,simple,,,5,2000000,512,12000
20251123-063633,Windows 11,"AMD64 Family 25 Model 33 Stepping 2, AuthenticAMD",8,34265653248,NVIDIA GeForce RTX 5080,16303,,ppo,3DBall,4096,9.60E-05,163840,0.008351,0.104,0.915,5,linear,TRUE,512,1,simple,,,5,2000000,2048,12000
20251123-065520,Windows 11,"AMD64 Family 25 Model 33 Stepping 2, AuthenticAMD",8,34265653248,NVIDIA GeForce RTX 5080,16303,,ppo,3DBall,4096,9.10E-05,327680,0.003536,0.17,0.935,10,linear,FALSE,256,1,simple,,,5,500000,64,12000
20251123-070039,Windows 11,"AMD64 Family 25 Model 33 Stepping 2, AuthenticAMD",8,34265653248,NVIDIA GeForce RTX 5080,16303,,ppo,3DBall,512,0.000167,40960,0.000899,0.292,0.937,4,constant,TRUE,64,1,simple,,,5,500000,1024,12000
20251123-070454,Windows 11,"AMD64 Family 25 Model 33 Stepping 2, AuthenticAMD",8,34265653248,NVIDIA GeForce RTX 5080,16303,,ppo,3DBall,1024,0.000191,40960,0.008342,0.126,0.945,3,constant,TRUE,128,1,simple,,,5,500000,128,12000
20251123-070857,Windows 11,"AMD64 Family 25 Model 33 Stepping 2, AuthenticAMD",8,34265653248,NVIDIA GeForce RTX 5080,16303,,ppo,3DBall,4096,8.40E-05,81920,0.003641,0.226,0.931,10,constant,FALSE,64,2,simple,,,5,1000000,256,12000
20251123-072051,Windows 11,"AMD64 Family 25 Model 33 Stepping 2, AuthenticAMD",8,34265653248,NVIDIA GeForce RTX 5080,16303,,ppo,3DBall,512,0.000262,20480,0.002637,0.203,0.944,3,constant,FALSE,64,3,simple,,,5,500000,128,12000
20251123-072446,Windows 11,"AMD64 Family 25 Model 33 Stepping 2, AuthenticAMD",8,34265653248,NVIDIA GeForce RTX 5080,16303,,ppo,3DBall,1024,0.000204,20480,0.00403,0.161,0.934,3,linear,TRUE,256,3,simple,,,5,500000,2048,12000
20251123-072849,Windows 11,"AMD64 Family 25 Model 33 Stepping 2, AuthenticAMD",8,34265653248,NVIDIA GeForce RTX 5080,16303,,ppo,3DBall,2048,0.000238,81920,0.009373,0.19,0.93,4,linear,TRUE,256,1,simple,,,5,2000000,128,12000
20251123-074443,Windows 11,"AMD64 Family 25 Model 33 Stepping 2, AuthenticAMD",8,34265653248,NVIDIA GeForce RTX 5080,16303,,ppo,3DBall,1024,5.30E-05,81920,0.006108,0.198,0.91,4,linear,TRUE,512,2,simple,,,5,100000,2048,12000
20251123-074550,Windows 11,"AMD64 Family 25 Model 33 Stepping 2, AuthenticAMD",8,34265653248,NVIDIA GeForce RTX 5080,16303,,ppo,3DBall,4096,4.50E-05,327680,0.009503,0.227,0.941,5,constant,TRUE,128,2,simple,,,5,2000000,256,12000
20251123-080433,Windows 11,"AMD64 Family 25 Model 33 Stepping 2, AuthenticAMD",8,34265653248,NVIDIA GeForce RTX 5080,16303,,ppo,3DBall,512,5.60E-05,40960,0.004338,0.216,0.931,10,linear,FALSE,512,2,simple,,,5,100000,256,12000
20251123-080605,Windows 11,"AMD64 Family 25 Model 33 Stepping 2, AuthenticAMD",8,34265653248,NVIDIA GeForce RTX 5080,16303,,ppo,3DBall,512,0.000117,20480,0.001568,0.266,0.927,5,linear,FALSE,128,2,simple,,,5,250000,128,12000
20251123-080832,Windows 11,"AMD64 Family 25 Model 33 Stepping 2, AuthenticAMD",8,34265653248,NVIDIA GeForce RTX 5080,16303,,ppo,3DBall,4096,9.70E-05,163840,0.000549,0.243,0.919,5,constant,FALSE,128,2,simple,,,5,2000000,64,12000
20251123-082617,Windows 11,"AMD64 Family 25 Model 33 Stepping 2, AuthenticAMD",8,34265653248,NVIDIA GeForce RTX 5080,16303,,ppo,3DBall,4096,9.70E-05,163840,0.000549,0.243,0.919,5,constant,FALSE,128,2,simple,,,5,2000000,64,12000
20251123-084406,Windows 11,"AMD64 Family 25 Model 33 Stepping 2, AuthenticAMD",8,34265653248,NVIDIA GeForce RTX 5080,16303,,ppo,3DBall,4096,0.000167,327680,0.008415,0.171,0.944,8,linear,TRUE,64,1,simple,,,5,500000,512,12000
20251123-084902,Windows 11,"AMD64 Family 25 Model 33 Stepping 2, AuthenticAMD",8,34265653248,NVIDIA GeForce RTX 5080,16303,,ppo,3DBall,512,8.90E-05,10240,0.001026,0.224,0.91,4,constant,TRUE,512,3,simple,,,5,2000000,256,12000
20251123-090918,Windows 11,"AMD64 Family 25 Model 33 Stepping 2, AuthenticAMD",8,34265653248,NVIDIA GeForce RTX 5080,16303,,ppo,3DBall,1024,3.80E-05,20480,0.004852,0.225,0.903,8,constant,TRUE,32,1,simple,,,5,500000,512,12000
20251123-091451,Windows 11,"AMD64 Family 25 Model 33 Stepping 2, AuthenticAMD",8,34265653248,NVIDIA GeForce RTX 5080,16303,,ppo,3DBall,1024,0.000269,81920,0.002786,0.266,0.938,8,constant,TRUE,256,1,simple,,,5,2000000,64,12000
20251123-093551,Windows 11,"AMD64 Family 25 Model 33 Stepping 2, AuthenticAMD",8,34265653248,NVIDIA GeForce RTX 5080,16303,,ppo,3DBall,1024,0.000234,20480,0.000485,0.192,0.947,5,constant,FALSE,64,1,simple,,,5,250000,2048,12000
20251123-093813,Windows 11,"AMD64 Family 25 Model 33 Stepping 2, AuthenticAMD",8,34265653248,NVIDIA GeForce RTX 5080,16303,,ppo,3DBall,2048,0.000195,40960,0.002754,0.108,0.937,10,linear,FALSE,256,1,simple,,,5,500000,1024,12000
20251123-094419,Windows 11,"AMD64 Family 25 Model 33 Stepping 2, AuthenticAMD",8,34265653248,NVIDIA GeForce RTX 5080,16303,,ppo,3DBall,1024,0.000127,20480,0.009522,0.233,0.902,10,constant,FALSE,32,3,simple,,,5,500000,128,12000
20251123-095015,Windows 11,"AMD64 Family 25 Model 33 Stepping 2, AuthenticAMD",8,34265653248,NVIDIA GeForce RTX 5080,16303,,ppo,3DBall,512,0.000238,40960,0.000772,0.195,0.91,4,constant,FALSE,32,2,simple,,,5,100000,64,12000
20251123-095114,Windows 11,"AMD64 Family 25 Model 33 Stepping 2, AuthenticAMD",8,34265653248,NVIDIA GeForce RTX 5080,16303,,ppo,3DBall,2048,0.000207,163840,0.009106,0.278,0.947,5,constant,FALSE,64,1,simple,,,5,100000,128,12000
20251123-095200,Windows 11,"AMD64 Family 25 Model 33 Stepping 2, AuthenticAMD",8,34265653248,NVIDIA GeForce RTX 5080,16303,,ppo,3DBall,2048,0.000104,163840,0.00331,0.102,0.913,5,linear,TRUE,128,1,simple,,,5,250000,128,12000
20251123-095415,Windows 11,"AMD64 Family 25 Model 33 Stepping 2, AuthenticAMD",8,34265653248,NVIDIA GeForce RTX 5080,16303,,ppo,3DBall,1024,0.000175,20480,0.006799,0.181,0.934,3,linear,FALSE,64,2,simple,,,5,2000000,1024,12000
20251123-100835,Windows 11,"AMD64 Family 25 Model 33 Stepping 2, AuthenticAMD",8,34265653248,NVIDIA GeForce RTX 5080,16303,,ppo,3DBall,512,0.000271,20480,0.003326,0.119,0.941,4,constant,FALSE,512,1,simple,,,5,1000000,128,12000
20251123-101643,Windows 11,"AMD64 Family 25 Model 33 Stepping 2, AuthenticAMD",8,34265653248,NVIDIA GeForce RTX 5080,16303,,ppo,3DBall,2048,0.000264,40960,0.008394,0.207,0.947,5,linear,TRUE,64,2,simple,,,5,500000,256,12000
20251123-102113,Windows 11,"AMD64 Family 25 Model 33 Stepping 2, AuthenticAMD",8,34265653248,NVIDIA GeForce RTX 5080,16303,,ppo,3DBall,1024,0.000245,81920,0.009053,0.152,0.928,10,linear,TRUE,32,2,simple,,,5,500000,512,12000
20251123-102730,Windows 11,"AMD64 Family 25 Model 33 Stepping 2, AuthenticAMD",8,34265653248,NVIDIA GeForce RTX 5080,16303,,ppo,3DBall,2048,9.40E-05,163840,0.004024,0.251,0.949,3,constant,FALSE,512,2,simple,,,5,500000,256,12000
20251123-103207,Windows 11,"AMD64 Family 25 Model 33 Stepping 2, AuthenticAMD",8,34265653248,NVIDIA GeForce RTX 5080,16303,,ppo,3DBall,1024,0.000213,20480,0.009115,0.245,0.95,3,linear,FALSE,512,1,simple,,,5,100000,2048,12000
20251123-103303,Windows 11,"AMD64 Family 25 Model 33 Stepping 2, AuthenticAMD",8,34265653248,NVIDIA GeForce RTX 5080,16303,,ppo,3DBall,4096,0.000264,327680,0.001425,0.202,0.921,8,linear,FALSE,512,2,simple,,,5,250000,128,12000
20251123-103450,Windows 11,"AMD64 Family 25 Model 33 Stepping 2, AuthenticAMD",8,34265653248,NVIDIA GeForce RTX 5080,16303,,ppo,3DBall,4096,9.10E-05,327680,0.009995,0.182,0.911,5,constant,TRUE,256,2,simple,,,5,1000000,1024,12000
20251123-104448,Windows 11,"AMD64 Family 25 Model 33 Stepping 2, AuthenticAMD",8,34265653248,NVIDIA GeForce RTX 5080,16303,,ppo,3DBall,1024,0.000243,81920,0.009042,0.215,0.944,8,linear,FALSE,256,3,simple,,,5,250000,2048,12000
20251123-104802,Windows 11,"AMD64 Family 25 Model 33 Stepping 2, AuthenticAMD",8,34265653248,NVIDIA GeForce RTX 5080,16303,,ppo,3DBall,1024,0.000142,81920,0.003126,0.281,0.924,3,constant,TRUE,32,3,simple,,,5,2000000,2048,12000
20251123-110241,Windows 11,"AMD64 Family 25 Model 33 Stepping 2, AuthenticAMD",8,34265653248,NVIDIA GeForce RTX 5080,16303,,ppo,3DBall,2048,0.000278,81920,0.006144,0.264,0.907,8,constant,TRUE,32,2,simple,,,5,250000,2048,12000
20251123-110536,Windows 11,"AMD64 Family 25 Model 33 Stepping 2, AuthenticAMD",8,34265653248,NVIDIA GeForce RTX 5080,16303,,ppo,3DBall,4096,7.90E-05,81920,0.007207,0.288,0.901,8,constant,TRUE,256,3,simple,,,5,2000000,256,12000
20251123-112831,Windows 11,"AMD64 Family 25 Model 33 Stepping 2, AuthenticAMD",8,34265653248,NVIDIA GeForce RTX 5080,16303,,ppo,3DBall,512,6.80E-05,20480,0.008063,0.17,0.937,4,constant,TRUE,512,2,simple,,,5,500000,1024,12000
20251123-113347,Windows 11,"AMD64 Family 25 Model 33 Stepping 2, AuthenticAMD",8,34265653248,NVIDIA GeForce RTX 5080,16303,,ppo,3DBall,2048,7.50E-05,163840,0.003323,0.184,0.949,5,linear,FALSE,512,3,simple,,,5,2000000,2048,12000
20251123-115952,Windows 11,"AMD64 Family 25 Model 33 Stepping 2, AuthenticAMD",8,34265653248,NVIDIA GeForce RTX 5080,16303,,ppo,3DBall,4096,6.80E-05,327680,0.001919,0.282,0.906,5,constant,FALSE,256,2,simple,,,5,2000000,64,12000
20251123-122212,Windows 11,"AMD64 Family 25 Model 33 Stepping 2, AuthenticAMD",8,34265653248,NVIDIA GeForce RTX 5080,16303,,ppo,3DBall,1024,0.000244,81920,0.003426,0.26,0.904,5,linear,TRUE,128,3,simple,,,5,250000,128,12000
20251123-122542,Windows 11,"AMD64 Family 25 Model 33 Stepping 2, AuthenticAMD",8,34265653248,NVIDIA GeForce RTX 5080,16303,,ppo,3DBall,4096,6.20E-05,327680,0.006119,0.121,0.921,10,linear,TRUE,256,2,simple,,,5,500000,1024,12000
20251123-123324,Windows 11,"AMD64 Family 25 Model 33 Stepping 2, AuthenticAMD",8,34265653248,NVIDIA GeForce RTX 5080,16303,,ppo,3DBall,2048,0.000239,81920,0.002372,0.158,0.936,3,constant,FALSE,128,1,simple,,,5,100000,2048,12000
20251123-123438,Windows 11,"AMD64 Family 25 Model 33 Stepping 2, AuthenticAMD",8,34265653248,NVIDIA GeForce RTX 5080,16303,,ppo,3DBall,2048,0.000293,81920,0.001004,0.162,0.911,4,linear,TRUE,256,2,simple,,,5,1000000,1024,12000
20251123-124607,Windows 11,"AMD64 Family 25 Model 33 Stepping 2, AuthenticAMD",8,34265653248,NVIDIA GeForce RTX 5080,16303,,ppo,3DBall,2048,0.000131,40960,0.004851,0.128,0.922,10,constant,TRUE,64,3,simple,,,5,100000,64,12000
20251123-124750,Windows 11,"AMD64 Family 25 Model 33 Stepping 2, AuthenticAMD",8,34265653248,NVIDIA GeForce RTX 5080,16303,,ppo,3DBall,1024,0.000148,40960,0.007612,0.277,0.948,3,linear,TRUE,512,2,simple,,,5,250000,128,12000
20251123-125102,Windows 11,"AMD64 Family 25 Model 33 Stepping 2, AuthenticAMD",8,34265653248,NVIDIA GeForce RTX 5080,16303,,ppo,3DBall,512,7.10E-05,10240,0.005653,0.262,0.936,10,linear,FALSE,64,3,simple,,,5,500000,1024,12000
20251123-125845,Windows 11,"AMD64 Family 25 Model 33 Stepping 2, AuthenticAMD",8,34265653248,NVIDIA GeForce RTX 5080,16303,,ppo,3DBall,4096,0.000149,327680,0.005933,0.102,0.92,3,constant,FALSE,128,2,simple,,,5,100000,512,12000
20251123-125948,Windows 11,"AMD64 Family 25 Model 33 Stepping 2, AuthenticAMD",8,34265653248,NVIDIA GeForce RTX 5080,16303,,ppo,3DBall,4096,0.000211,81920,0.002375,0.164,0.912,4,linear,FALSE,32,3,simple,,,5,100000,2048,12000
20251123-130109,Windows 11,"AMD64 Family 25 Model 33 Stepping 2, AuthenticAMD",8,34265653248,NVIDIA GeForce RTX 5080,16303,,ppo,3DBall,4096,5.20E-05,327680,0.002483,0.239,0.931,3,constant,FALSE,128,2,simple,,,5,2000000,512,12000
20251123-132316,Windows 11,"AMD64 Family 25 Model 33 Stepping 2, AuthenticAMD",8,34265653248,NVIDIA GeForce RTX 5080,16303,,ppo,3DBall,1024,0.000177,20480,0.008029,0.204,0.917,4,constant,TRUE,128,1,simple,,,5,500000,1024,12000
20251123-132903,Windows 11,"AMD64 Family 25 Model 33 Stepping 2, AuthenticAMD",8,34265653248,NVIDIA GeForce RTX 5080,16303,,ppo,3DBall,4096,0.000173,81920,0.001558,0.291,0.916,5,constant,FALSE,64,2,simple,,,5,100000,128,12000
20251123-133031,Windows 11,"AMD64 Family 25 Model 33 Stepping 2, AuthenticAMD",8,34265653248,NVIDIA GeForce RTX 5080,16303,,ppo,3DBall,1024,0.00012,40960,0.000243,0.225,0.9,8,linear,TRUE,128,2,simple,,,5,1000000,512,12000
20251123-134446,Windows 11,"AMD64 Family 25 Model 33 Stepping 2, AuthenticAMD",8,34265653248,NVIDIA GeForce RTX 5080,16303,,ppo,3DBall,512,6.10E-05,10240,0.000866,0.111,0.948,10,linear,TRUE,128,3,simple,,,5,100000,512,12000
20251123-134613,Windows 11,"AMD64 Family 25 Model 33 Stepping 2, AuthenticAMD",8,34265653248,NVIDIA GeForce RTX 5080,16303,,ppo,3DBall,1024,0.00027,20480,0.009294,0.219,0.91,5,linear,TRUE,256,1,simple,,,5,100000,2048,12000
20251123-134716,Windows 11,"AMD64 Family 25 Model 33 Stepping 2, AuthenticAMD",8,34265653248,NVIDIA GeForce RTX 5080,16303,,ppo,3DBall,1024,7.70E-05,40960,0.008996,0.268,0.947,10,linear,FALSE,128,3,simple,,,5,250000,2048,12000
20251123-135035,Windows 11,"AMD64 Family 25 Model 33 Stepping 2, AuthenticAMD",8,34265653248,NVIDIA GeForce RTX 5080,16303,,ppo,3DBall,1024,0.000147,20480,0.007704,0.297,0.945,5,linear,FALSE,512,3,simple,,,5,1000000,128,12000
20251123-140153,Windows 11,"AMD64 Family 25 Model 33 Stepping 2, AuthenticAMD",8,34265653248,NVIDIA GeForce RTX 5080,16303,,ppo,3DBall,512,0.000114,20480,0.001403,0.157,0.932,5,constant,TRUE,256,1,simple,,,5,100000,128,12000
20251123-140305,Windows 11,"AMD64 Family 25 Model 33 Stepping 2, AuthenticAMD",8,34265653248,NVIDIA GeForce RTX 5080,16303,,ppo,3DBall,4096,0.000293,163840,0.00432,0.195,0.931,3,constant,TRUE,512,3,simple,,,5,500000,128,12000
20251123-140826,Windows 11,"AMD64 Family 25 Model 33 Stepping 2, AuthenticAMD",8,34265653248,NVIDIA GeForce RTX 5080,16303,,ppo,3DBall,4096,0.000105,81920,0.000884,0.201,0.906,8,constant,TRUE,128,2,simple,,,5,250000,64,12000
20251123-141126,Windows 11,"AMD64 Family 25 Model 33 Stepping 2, AuthenticAMD",8,34265653248,NVIDIA GeForce RTX 5080,16303,,ppo,3DBall,2048,0.000139,81920,0.0077,0.124,0.911,10,constant,TRUE,512,2,simple,,,5,100000,2048,12000
20251123-141259,Windows 11,"AMD64 Family 25 Model 33 Stepping 2, AuthenticAMD",8,34265653248,NVIDIA GeForce RTX 5080,16303,,ppo,3DBall,512,0.000254,20480,0.005893,0.208,0.936,10,linear,TRUE,128,1,simple,,,5,500000,2048,12000
20251123-141905,Windows 11,"AMD64 Family 25 Model 33 Stepping 2, AuthenticAMD",8,34265653248,NVIDIA GeForce RTX 5080,16303,,ppo,3DBall,1024,1.50E-05,81920,0.004117,0.129,0.937,4,constant,TRUE,64,2,simple,,,5,1000000,1024,12000
20251123-142747,Windows 11,"AMD64 Family 25 Model 33 Stepping 2, AuthenticAMD",8,34265653248,NVIDIA GeForce RTX 5080,16303,,ppo,3DBall,512,0.000105,20480,0.001738,0.161,0.93,4,constant,FALSE,128,1,simple,,,5,2000000,512,12000
20251123-144344,Windows 11,"AMD64 Family 25 Model 33 Stepping 2, AuthenticAMD",8,34265653248,NVIDIA GeForce RTX 5080,16303,,ppo,3DBall,2048,6.90E-05,81920,0.007142,0.236,0.942,10,constant,TRUE,128,3,simple,,,5,100000,64,12000
20251123-144513,Windows 11,"AMD64 Family 25 Model 33 Stepping 2, AuthenticAMD",8,34265653248,NVIDIA GeForce RTX 5080,16303,,ppo,3DBall,4096,9.80E-05,327680,0.005261,0.178,0.932,10,constant,FALSE,512,1,simple,,,5,500000,64,12000
20251123-145114,Windows 11,"AMD64 Family 25 Model 33 Stepping 2, AuthenticAMD",8,34265653248,NVIDIA GeForce RTX 5080,16303,,ppo,3DBall,4096,6.50E-05,163840,0.006557,0.141,0.944,4,constant,FALSE,64,1,simple,,,5,250000,64,12000
20251123-145335,Windows 11,"AMD64 Family 25 Model 33 Stepping 2, AuthenticAMD",8,34265653248,NVIDIA GeForce RTX 5080,16303,,ppo,3DBall,2048,0.000227,81920,0.007029,0.174,0.946,3,linear,FALSE,256,3,simple,,,5,250000,128,12000
20251123-145612,Windows 11,"AMD64 Family 25 Model 33 Stepping 2, AuthenticAMD",8,34265653248,NVIDIA GeForce RTX 5080,16303,,ppo,3DBall,1024,0.00028,81920,0.000646,0.245,0.903,10,linear,FALSE,512,1,simple,,,5,2000000,128,12000
20251123-152106,Windows 11,"AMD64 Family 25 Model 33 Stepping 2, AuthenticAMD",8,34265653248,NVIDIA GeForce RTX 5080,16303,,ppo,3DBall,2048,0.000278,40960,0.002016,0.281,0.906,3,linear,FALSE,512,1,simple,,,5,2000000,1024,12000
20251123-153643,Windows 11,"AMD64 Family 25 Model 33 Stepping 2, AuthenticAMD",8,34265653248,NVIDIA GeForce RTX 5080,16303,,ppo,3DBall,2048,0.000281,40960,0.00094,0.151,0.943,8,linear,TRUE,128,2,simple,,,5,1000000,64,12000
20251123-154810,Windows 11,"AMD64 Family 25 Model 33 Stepping 2, AuthenticAMD",8,34265653248,NVIDIA GeForce RTX 5080,16303,,ppo,3DBall,1024,4.80E-05,81920,0.002106,0.176,0.935,4,linear,FALSE,32,2,simple,,,5,250000,1024,12000
20251123-155035,Windows 11,"AMD64 Family 25 Model 33 Stepping 2, AuthenticAMD",8,34265653248,NVIDIA GeForce RTX 5080,16303,,ppo,3DBall,512,0.000118,40960,0.005849,0.238,0.924,5,linear,TRUE,32,1,simple,,,5,100000,256,12000
20251123-155141,Windows 11,"AMD64 Family 25 Model 33 Stepping 2, AuthenticAMD",8,34265653248,NVIDIA GeForce RTX 5080,16303,,ppo,3DBall,2048,6.20E-05,81920,0.008313,0.299,0.921,8,constant,FALSE,64,1,simple,,,5,2000000,1024,12000
20251123-165723,Windows 11,"AMD64 Family 25 Model 33 Stepping 2, AuthenticAMD",8,34265653248,NVIDIA GeForce RTX 5080,16303,,ppo,3DBall,512,0.000269,20480,0.009581,0.263,0.941,3,linear,TRUE,128,3,simple,,,5,1000000,128,12000
20251123-171907,Windows 11,"AMD64 Family 25 Model 33 Stepping 2, AuthenticAMD",8,34265653248,NVIDIA GeForce RTX 5080,16303,,ppo,3DBall,4096,0.000188,81920,0.009046,0.243,0.928,3,constant,FALSE,128,3,simple,,,5,1000000,128,12000
20251123-172736,Windows 11,"AMD64 Family 25 Model 33 Stepping 2, AuthenticAMD",8,34265653248,NVIDIA GeForce RTX 5080,16303,,ppo,3DBall,1024,9.30E-05,20480,0.001498,0.158,0.905,5,constant,TRUE,512,3,simple,,,5,500000,512,12000
20251123-173350,Windows 11,"AMD64 Family 25 Model 33 Stepping 2, AuthenticAMD",8,34265653248,NVIDIA GeForce RTX 5080,16303,,ppo,3DBall,2048,0.000298,163840,0.004899,0.137,0.913,5,linear,TRUE,64,3,simple,,,5,2000000,256,12000
20251123-175416,Windows 11,"AMD64 Family 25 Model 33 Stepping 2, AuthenticAMD",8,34265653248,NVIDIA GeForce RTX 5080,16303,,ppo,3DBall,2048,0.000207,40960,0.000567,0.163,0.911,4,constant,TRUE,512,3,simple,,,5,250000,512,12000
20251123-175710,Windows 11,"AMD64 Family 25 Model 33 Stepping 2, AuthenticAMD",8,34265653248,NVIDIA GeForce RTX 5080,16303,,ppo,3DBall,512,9.10E-05,40960,0.003102,0.142,0.913,10,constant,TRUE,512,3,simple,,,5,100000,64,12000
20251123-175901,Windows 11,"AMD64 Family 25 Model 33 Stepping 2, AuthenticAMD",8,34265653248,NVIDIA GeForce RTX 5080,16303,,ppo,3DBall,2048,0.000105,40960,0.003241,0.237,0.935,3,constant,FALSE,128,2,simple,,,5,500000,256,12000
20251123-180311,Windows 11,"AMD64 Family 25 Model 33 Stepping 2, AuthenticAMD",8,34265653248,NVIDIA GeForce RTX 5080,16303,,ppo,3DBall,2048,0.000215,40960,0.002372,0.196,0.95,4,constant,FALSE,64,2,simple,,,5,2000000,128,12000
20251123-181912,Windows 11,"AMD64 Family 25 Model 33 Stepping 2, AuthenticAMD",8,34265653248,NVIDIA GeForce RTX 5080,16303,,ppo,3DBall,1024,0.000262,40960,0.001744,0.213,0.938,5,constant,TRUE,128,1,simple,,,5,500000,2048,12000
20251123-182347,Windows 11,"AMD64 Family 25 Model 33 Stepping 2, AuthenticAMD",8,34265653248,NVIDIA GeForce RTX 5080,16303,,ppo,3DBall,512,0.000281,10240,0.009641,0.133,0.904,3,constant,TRUE,32,3,simple,,,5,500000,2048,12000
20251123-182746,Windows 11,"AMD64 Family 25 Model 33 Stepping 2, AuthenticAMD",8,34265653248,NVIDIA GeForce RTX 5080,16303,,ppo,3DBall,4096,0.000233,327680,0.003097,0.196,0.947,3,constant,TRUE,128,3,simple,,,5,250000,2048,12000
20251123-182940,Windows 11,"AMD64 Family 25 Model 33 Stepping 2, AuthenticAMD",8,34265653248,NVIDIA GeForce RTX 5080,16303,,ppo,3DBall,512,0.00016,40960,0.000651,0.15,0.926,4,linear,FALSE,256,3,simple,,,5,1000000,1024,12000
20251123-183854,Windows 11,"AMD64 Family 25 Model 33 Stepping 2, AuthenticAMD",8,34265653248,NVIDIA GeForce RTX 5080,16303,,ppo,3DBall,1024,0.00016,40960,0.006629,0.219,0.938,5,constant,TRUE,256,2,simple,,,5,500000,2048,12000
20251123-184411,Windows 11,"AMD64 Family 25 Model 33 Stepping 2, AuthenticAMD",8,34265653248,NVIDIA GeForce RTX 5080,16303,,ppo,3DBall,4096,0.000262,81920,0.00762,0.256,0.93,10,linear,TRUE,256,3,simple,,,5,100000,64,12000
20251123-184549,Windows 11,"AMD64 Family 25 Model 33 Stepping 2, AuthenticAMD",8,34265653248,NVIDIA GeForce RTX 5080,16303,,ppo,3DBall,512,1.40E-05,20480,0.009752,0.119,0.923,10,constant,TRUE,512,3,simple,,,5,250000,64,12000
20251123-185041,Windows 11,"AMD64 Family 25 Model 33 Stepping 2, AuthenticAMD",8,34265653248,NVIDIA GeForce RTX 5080,16303,,ppo,3DBall,1024,2.20E-05,40960,0.009925,0.141,0.904,3,linear,FALSE,256,3,simple,,,5,500000,128,12000
20251123-185542,Windows 11,"AMD64 Family 25 Model 33 Stepping 2, AuthenticAMD",8,34265653248,NVIDIA GeForce RTX 5080,16303,,ppo,3DBall,1024,0.000175,81920,0.002308,0.292,0.943,5,constant,TRUE,32,3,simple,,,5,2000000,256,12000
20251123-191529,Windows 11,"AMD64 Family 25 Model 33 Stepping 2, AuthenticAMD",8,34265653248,NVIDIA GeForce RTX 5080,16303,,ppo,3DBall,512,0.000207,20480,0.004841,0.272,0.938,10,constant,FALSE,128,2,simple,,,5,2000000,512,12000
20251123-194316,Windows 11,"AMD64 Family 25 Model 33 Stepping 2, AuthenticAMD",8,34265653248,NVIDIA GeForce RTX 5080,16303,,ppo,3DBall,1024,3.80E-05,20480,0.000984,0.153,0.91,3,constant,TRUE,128,3,simple,,,5,100000,512,12000
20251123-194427,Windows 11,"AMD64 Family 25 Model 33 Stepping 2, AuthenticAMD",8,34265653248,NVIDIA GeForce RTX 5080,16303,,ppo,3DBall,4096,8.50E-05,327680,0.004911,0.188,0.942,8,linear,TRUE,64,3,simple,,,5,2000000,128,12000
20251123-201630,Windows 11,"AMD64 Family 25 Model 33 Stepping 2, AuthenticAMD",8,34265653248,NVIDIA GeForce RTX 5080,16303,,ppo,3DBall,1024,0.000251,20480,0.001689,0.286,0.948,4,linear,FALSE,512,2,simple,,,5,100000,2048,12000
20251123-201803,Windows 11,"AMD64 Family 25 Model 33 Stepping 2, AuthenticAMD",8,34265653248,NVIDIA GeForce RTX 5080,16303,,ppo,3DBall,512,6.10E-05,40960,0.006602,0.23,0.913,8,constant,FALSE,64,2,simple,,,5,2000000,64,12000
20251123-204722,Windows 11,"AMD64 Family 25 Model 33 Stepping 2, AuthenticAMD",8,34265653248,NVIDIA GeForce RTX 5080,16303,,ppo,3DBall,2048,0.000194,81920,0.007324,0.106,0.914,4,constant,TRUE,128,1,simple,,,5,100000,64,12000
20251123-204849,Windows 11,"AMD64 Family 25 Model 33 Stepping 2, AuthenticAMD",8,34265653248,NVIDIA GeForce RTX 5080,16303,,ppo,3DBall,512,0.000261,40960,0.001197,0.132,0.9,3,constant,TRUE,64,1,simple,,,5,100000,64,12000
20251123-205013,Windows 11,"AMD64 Family 25 Model 33 Stepping 2, AuthenticAMD",8,34265653248,NVIDIA GeForce RTX 5080,16303,,ppo,3DBall,2048,9.80E-05,40960,0.001982,0.298,0.907,10,linear,FALSE,128,1,simple,,,5,250000,256,12000
20251123-205439,Windows 11,"AMD64 Family 25 Model 33 Stepping 2, AuthenticAMD",8,34265653248,NVIDIA GeForce RTX 5080,16303,,ppo,3DBall,512,5.40E-05,10240,0.005604,0.198,0.91,5,linear,FALSE,64,1,simple,,,5,2000000,256,12000
20251123-211819,Windows 11,"AMD64 Family 25 Model 33 Stepping 2, AuthenticAMD",8,34265653248,NVIDIA GeForce RTX 5080,16303,,ppo,3DBall,1024,3.30E-05,81920,0.002216,0.158,0.905,5,constant,TRUE,64,3,simple,,,5,500000,2048,12000
20251123-212511,Windows 11,"AMD64 Family 25 Model 33 Stepping 2, AuthenticAMD",8,34265653248,NVIDIA GeForce RTX 5080,16303,,ppo,3DBall,512,0.000295,40960,0.004845,0.241,0.924,4,linear,TRUE,128,2,simple,,,5,500000,1024,12000
20251123-213112,Windows 11,"AMD64 Family 25 Model 33 Stepping 2, AuthenticAMD",8,34265653248,NVIDIA GeForce RTX 5080,16303,,ppo,3DBall,2048,0.000278,81920,0.00239,0.117,0.912,3,linear,TRUE,64,3,simple,,,5,2000000,2048,12000
20251123-215159,Windows 11,"AMD64 Family 25 Model 33 Stepping 2, AuthenticAMD",8,34265653248,NVIDIA GeForce RTX 5080,16303,,ppo,3DBall,2048,6.00E-05,81920,0.006519,0.121,0.909,4,linear,FALSE,32,1,simple,,,5,100000,1024,12000
20251123-215322,Windows 11,"AMD64 Family 25 Model 33 Stepping 2, AuthenticAMD",8,34265653248,NVIDIA GeForce RTX 5080,16303,,ppo,3DBall,2048,0.000167,40960,0.005559,0.216,0.947,8,linear,FALSE,64,2,simple,,,5,2000000,512,12000
20251122-222059,macOS,Apple M2,8,8589934592,Chipset Model: Apple M2,,,ppo,3DBall,512,0.000279,20480,0.003939,0.186,0.931,3,constant,TRUE,64,2,simple,,,5,2000000,1024,12000
20251122-230218,macOS,Apple M2,8,8589934592,Chipset Model: Apple M2,,,ppo,3DBall,4096,5.90E-05,163840,0.006767,0.154,0.915,3,linear,TRUE,256,1,simple,,,5,100000,256,12000
20251122-230332,macOS,Apple M2,8,8589934592,Chipset Model: Apple M2,,,ppo,3DBall,2048,0.000141,40960,0.001301,0.265,0.947,3,constant,FALSE,128,1,simple,,,5,500000,128,12000
20251122-231007,macOS,Apple M2,8,8589934592,Chipset Model: Apple M2,,,ppo,3DBall,2048,0.000157,40960,0.000438,0.101,0.922,8,constant,FALSE,64,2,simple,,,5,500000,512,12000
20251122-231737,macOS,Apple M2,8,8589934592,Chipset Model: Apple M2,,,ppo,3DBall,2048,3.40E-05,81920,0.001771,0.255,0.949,3,linear,FALSE,128,3,simple,,,5,1000000,128,12000
20251122-233113,macOS,Apple M2,8,8589934592,Chipset Model: Apple M2,,,ppo,3DBall,4096,0.000229,327680,0.008808,0.281,0.926,8,linear,TRUE,512,1,simple,,,5,500000,256,12000
20251122-233813,macOS,Apple M2,8,8589934592,Chipset Model: Apple M2,,,ppo,3DBall,4096,0.000223,163840,0.00446,0.139,0.941,5,linear,FALSE,512,3,simple,,,5,500000,1024,12000
20251122-234622,macOS,Apple M2,8,8589934592,Chipset Model: Apple M2,,,ppo,3DBall,2048,9.90E-05,163840,0.008701,0.233,0.911,4,constant,TRUE,32,1,simple,,,5,1000000,128,12000
20251122-235848,macOS,Apple M2,8,8589934592,Chipset Model: Apple M2,,,ppo,3DBall,2048,2.40E-05,40960,0.003483,0.137,0.901,10,linear,TRUE,64,3,simple,,,5,1000000,64,12000
20251123-013820,macOS,Apple M2,8,8589934592,Chipset Model: Apple M2,,,ppo,3DBall,512,9.60E-05,40960,0.002301,0.12,0.915,3,linear,FALSE,512,2,simple,,,5,1000000,256,12000
20251123-113435,macOS,Apple M2,8,8589934592,Chipset Model: Apple M2,,,ppo,3DBall,2048,5.10E-05,40960,0.005822,0.253,0.921,8,linear,FALSE,64,1,simple,,,5,2000000,1024,12000
20251123-120031,macOS,Apple M2,8,8589934592,Chipset Model: Apple M2,,,ppo,3DBall,1024,9.30E-05,20480,0.001326,0.254,0.922,5,constant,FALSE,256,1,simple,,,5,2000000,64,12000
20251123-122345,macOS,Apple M2,8,8589934592,Chipset Model: Apple M2,,,ppo,3DBall,512,0.000121,10240,0.008144,0.2,0.933,3,constant,FALSE,128,3,simple,,,5,250000,2048,12000
20251123-122642,macOS,Apple M2,8,8589934592,Chipset Model: Apple M2,,,ppo,3DBall,512,0.00029,10240,0.008188,0.231,0.942,10,constant,TRUE,32,3,simple,,,5,250000,1024,12000
20251123-123007,macOS,Apple M2,8,8589934592,Chipset Model: Apple M2,,,ppo,3DBall,2048,0.000112,40960,0.004635,0.17,0.934,5,constant,TRUE,512,1,simple,,,5,2000000,512,12000
20251123-125406,macOS,Apple M2,8,8589934592,Chipset Model: Apple M2,,,ppo,3DBall,1024,0.00023,81920,0.004823,0.157,0.913,3,constant,TRUE,128,1,simple,,,5,100000,256,12000
20251123-125522,macOS,Apple M2,8,8589934592,Chipset Model: Apple M2,,,ppo,3DBall,1024,0.000247,81920,0.007562,0.223,0.938,4,linear,FALSE,64,3,simple,,,5,500000,2048,12000
20251123-130138,macOS,Apple M2,8,8589934592,Chipset Model: Apple M2,,,ppo,3DBall,512,9.00E-05,40960,0.009152,0.223,0.947,10,linear,FALSE,128,3,simple,,,5,100000,64,12000
20251123-130306,macOS,Apple M2,8,8589934592,Chipset Model: Apple M2,,,ppo,3DBall,4096,0.000248,327680,0.008192,0.116,0.921,8,constant,TRUE,128,1,simple,,,5,1000000,512,12000
20251123-131656,macOS,Apple M2,8,8589934592,Chipset Model: Apple M2,,,ppo,3DBall,4096,0.000179,327680,0.001972,0.177,0.936,3,linear,FALSE,64,3,simple,,,5,500000,2048,12000
20251123-132300,macOS,Apple M2,8,8589934592,Chipset Model: Apple M2,,,ppo,3DBall,1024,5.10E-05,81920,0.00833,0.177,0.914,10,linear,FALSE,512,2,simple,,,5,1000000,64,12000
20251123-133841,macOS,Apple M2,8,8589934592,Chipset Model: Apple M2,,,ppo,3DBall,1024,2.90E-05,20480,0.004513,0.132,0.905,3,linear,TRUE,32,3,simple,,,5,500000,1024,12000
20251123-134442,macOS,Apple M2,8,8589934592,Chipset Model: Apple M2,,,ppo,3DBall,512,2.10E-05,10240,0.002595,0.148,0.92,10,constant,TRUE,256,1,simple,,,5,2000000,128,12000
20251123-141107,macOS,Apple M2,8,8589934592,Chipset Model: Apple M2,,,ppo,3DBall,1024,0.000151,81920,0.003588,0.232,0.92,3,constant,TRUE,128,1,simple,,,5,100000,64,12000
20251123-141223,macOS,Apple M2,8,8589934592,Chipset Model: Apple M2,,,ppo,3DBall,2048,8.40E-05,163840,0.006015,0.146,0.905,8,linear,FALSE,64,3,simple,,,5,100000,2048,12000
20251123-141336,macOS,Apple M2,8,8589934592,Chipset Model: Apple M2,,,ppo,3DBall,2048,0.000298,163840,0.000314,0.238,0.907,4,constant,TRUE,512,1,simple,,,5,1000000,512,12000
20251123-142603,macOS,Apple M2,8,8589934592,Chipset Model: Apple M2,,,ppo,3DBall,1024,0.000134,40960,0.002484,0.26,0.933,3,linear,TRUE,256,3,simple,,,5,2000000,256,12000
20251123-144926,macOS,Apple M2,8,8589934592,Chipset Model: Apple M2,,,ppo,3DBall,4096,0.000261,163840,0.005878,0.248,0.92,8,constant,TRUE,128,3,simple,,,5,2000000,64,12000
20251123-151634,macOS,Apple M2,8,8589934592,Chipset Model: Apple M2,,,ppo,3DBall,1024,2.50E-05,81920,0.005038,0.102,0.905,10,constant,FALSE,64,2,simple,,,5,2000000,1024,12000
20251123-154456,macOS,Apple M2,8,8589934592,Chipset Model: Apple M2,,,ppo,3DBall,512,0.000125,40960,0.000969,0.269,0.934,10,constant,TRUE,64,2,simple,,,5,500000,512,12000
20251123-155213,macOS,Apple M2,8,8589934592,Chipset Model: Apple M2,,,ppo,3DBall,512,7.90E-05,10240,0.007189,0.26,0.934,3,constant,TRUE,32,3,simple,,,5,2000000,128,12000
20251123-161351,macOS,Apple M2,8,8589934592,Chipset Model: Apple M2,,,ppo,3DBall,512,0.000293,20480,0.005673,0.271,0.949,4,linear,TRUE,128,2,simple,,,5,500000,1024,12000
20251123-161953,macOS,Apple M2,8,8589934592,Chipset Model: Apple M2,,,ppo,3DBall,1024,0.000105,40960,0.007929,0.186,0.943,10,constant,FALSE,64,2,simple,,,5,1000000,64,12000
20251123-163936,macOS,Apple M2,8,8589934592,Chipset Model: Apple M2,,,ppo,3DBall,2048,0.000191,40960,0.005825,0.173,0.914,8,constant,TRUE,512,3,simple,,,5,250000,64,12000
20251123-164335,macOS,Apple M2,8,8589934592,Chipset Model: Apple M2,,,ppo,3DBall,512,0.00022,10240,0.002983,0.267,0.914,3,linear,FALSE,64,3,simple,,,5,500000,128,12000
20251123-164912,macOS,Apple M2,8,8589934592,Chipset Model: Apple M2,,,ppo,3DBall,1024,0.000278,20480,0.003389,0.188,0.906,5,linear,FALSE,64,1,simple,,,5,100000,2048,12000
20251123-165029,macOS,Apple M2,8,8589934592,Chipset Model: Apple M2,,,ppo,3DBall,1024,0.000209,81920,0.000924,0.236,0.944,5,linear,FALSE,64,1,simple,,,5,2000000,128,12000
20251123-171407,macOS,Apple M2,8,8589934592,Chipset Model: Apple M2,,,ppo,3DBall,4096,0.000198,327680,0.008619,0.279,0.948,8,constant,FALSE,256,3,simple,,,5,250000,1024,12000
20251123-171702,macOS,Apple M2,8,8589934592,Chipset Model: Apple M2,,,ppo,3DBall,4096,0.000182,81920,0.003072,0.204,0.927,3,constant,TRUE,64,2,simple,,,5,500000,64,12000
20251123-172309,macOS,Apple M2,8,8589934592,Chipset Model: Apple M2,,,ppo,3DBall,512,6.00E-05,40960,0.001764,0.295,0.947,10,linear,TRUE,256,3,simple,,,5,500000,128,12000
20251123-173642,macOS,Apple M2,8,8589934592,Chipset Model: Apple M2,,,ppo,3DBall,512,5.20E-05,10240,0.002943,0.27,0.942,10,constant,FALSE,256,1,simple,,,5,2000000,64,12000
20251123-182301,macOS,Apple M2,8,8589934592,Chipset Model: Apple M2,,,ppo,3DBall,512,8.70E-05,40960,0.003486,0.136,0.917,3,constant,FALSE,256,3,simple,,,5,1000000,64,12000
20251123-184611,macOS,Apple M2,8,8589934592,Chipset Model: Apple M2,,,ppo,3DBall,512,0.000127,40960,0.004817,0.148,0.939,4,constant,TRUE,64,2,simple,,,5,1000000,64,12000
20251123-190314,macOS,Apple M2,8,8589934592,Chipset Model: Apple M2,,,ppo,3DBall,1024,0.00013,20480,0.005392,0.236,0.911,3,linear,TRUE,512,2,simple,,,5,100000,64,12000
20251123-190435,macOS,Apple M2,8,8589934592,Chipset Model: Apple M2,,,ppo,3DBall,4096,0.000173,81920,0.004534,0.18,0.937,10,constant,FALSE,64,1,simple,,,5,1000000,256,12000
20251123-192351,macOS,Apple M2,8,8589934592,Chipset Model: Apple M2,,,ppo,3DBall,2048,0.000183,163840,0.007161,0.224,0.9,8,constant,TRUE,32,3,simple,,,5,1000000,256,12000
20251123-193723,macOS,Apple M2,8,8589934592,Chipset Model: Apple M2,,,ppo,3DBall,512,3.70E-05,40960,0.003885,0.251,0.939,5,linear,FALSE,64,3,simple,,,5,250000,128,12000
20251123-194056,macOS,Apple M2,8,8589934592,Chipset Model: Apple M2,,,ppo,3DBall,2048,3.10E-05,163840,0.003732,0.156,0.937,10,constant,FALSE,512,3,simple,,,5,2000000,64,12000
20251123-202607,macOS,Apple M2,8,8589934592,Chipset Model: Apple M2,,,ppo,3DBall,4096,0.000196,81920,0.001182,0.208,0.93,10,constant,FALSE,512,1,simple,,,5,250000,64,12000
20251123-203059,macOS,Apple M2,8,8589934592,Chipset Model: Apple M2,,,ppo,3DBall,4096,1.50E-05,327680,0.009559,0.279,0.947,4,constant,TRUE,128,2,simple,,,5,500000,2048,12000
20251125-155424,macOS,Apple M2,8,8589934592,Chipset Model: Apple M2,,,ppo,Crawler,2048,0.000102,81920,0.005654,0.19,0.924,4,linear,FALSE,256,3,simple,,,5,1000000,64,12000
20251125-161808,macOS,Apple M2,8,8589934592,Chipset Model: Apple M2,,,ppo,Crawler,4096,4.20E-05,81920,0.003347,0.247,0.926,4,constant,TRUE,128,2,simple,,,5,250000,2048,12000
20251125-162650,macOS,Apple M2,8,8589934592,Chipset Model: Apple M2,,,ppo,Crawler,1024,5.00E-05,40960,0.003972,0.293,0.925,8,linear,TRUE,256,1,simple,,,5,250000,1024,12000
20251125-163243,macOS,Apple M2,8,8589934592,Chipset Model: Apple M2,,,ppo,Crawler,2048,0.000293,81920,0.001403,0.243,0.93,4,constant,FALSE,512,1,simple,,,5,250000,1024,12000
20251125-163807,macOS,Apple M2,8,8589934592,Chipset Model: Apple M2,,,ppo,Crawler,512,0.00018,40960,0.007519,0.187,0.924,3,constant,FALSE,256,1,simple,,,5,2000000,512,12000
20251125-171940,macOS,Apple M2,8,8589934592,Chipset Model: Apple M2,,,ppo,Crawler,1024,0.000242,81920,0.009234,0.189,0.941,5,linear,FALSE,256,3,simple,,,5,2000000,256,12000
20251125-180906,macOS,Apple M2,8,8589934592,Chipset Model: Apple M2,,,ppo,Crawler,4096,0.000208,163840,0.000252,0.287,0.924,4,linear,TRUE,256,2,simple,,,5,250000,64,12000
20251125-181514,macOS,Apple M2,8,8589934592,Chipset Model: Apple M2,,,ppo,Crawler,1024,0.000278,20480,0.006859,0.186,0.932,10,linear,FALSE,64,2,simple,,,5,500000,64,12000
20251125-182736,macOS,Apple M2,8,8589934592,Chipset Model: Apple M2,,,ppo,Crawler,2048,0.00026,81920,0.009101,0.193,0.922,3,linear,TRUE,64,1,simple,,,5,2000000,512,12000
20251125-191135,macOS,Apple M2,8,8589934592,Chipset Model: Apple M2,,,ppo,Crawler,1024,0.00022,81920,0.009322,0.157,0.915,10,linear,FALSE,32,3,simple,,,5,250000,1024,12000
20251125-191758,macOS,Apple M2,8,8589934592,Chipset Model: Apple M2,,,ppo,Crawler,512,0.000283,40960,0.005018,0.128,0.935,10,constant,FALSE,256,2,simple,,,5,2000000,256,12000
20251125-200635,macOS,Apple M2,8,8589934592,Chipset Model: Apple M2,,,ppo,Crawler,512,0.000123,20480,0.006019,0.296,0.932,10,constant,FALSE,128,1,simple,,,5,1000000,2048,12000
20251125-202945,macOS,Apple M2,8,8589934592,Chipset Model: Apple M2,,,ppo,Crawler,4096,0.000292,81920,0.007736,0.29,0.937,3,linear,TRUE,64,2,simple,,,5,500000,512,12000
20251125-204057,macOS,Apple M2,8,8589934592,Chipset Model: Apple M2,,,ppo,Crawler,4096,0.000254,81920,0.000539,0.171,0.914,4,constant,TRUE,256,1,simple,,,5,2000000,2048,12000
20251125-212621,macOS,Apple M2,8,8589934592,Chipset Model: Apple M2,,,ppo,Crawler,1024,2.20E-05,40960,0.009789,0.226,0.946,10,constant,TRUE,512,3,simple,,,5,250000,2048,12000
20251125-213347,macOS,Apple M2,8,8589934592,Chipset Model: Apple M2,,,ppo,Crawler,512,8.90E-05,20480,0.002071,0.145,0.933,10,linear,TRUE,256,3,simple,,,5,2000000,2048,12000
20251125-222515,macOS,Apple M2,8,8589934592,Chipset Model: Apple M2,,,ppo,Crawler,4096,0.000143,163840,0.001821,0.175,0.901,5,linear,TRUE,128,2,simple,,,5,500000,1024,12000
20251125-223725,macOS,Apple M2,8,8589934592,Chipset Model: Apple M2,,,ppo,Crawler,512,8.60E-05,40960,0.00344,0.3,0.929,4,constant,FALSE,512,1,simple,,,5,2000000,128,12000
20251125-232316,macOS,Apple M2,8,8589934592,Chipset Model: Apple M2,,,ppo,Crawler,512,7.20E-05,40960,0.001114,0.293,0.906,4,constant,FALSE,64,3,simple,,,5,250000,2048,12000
20251125-232910,macOS,Apple M2,8,8589934592,Chipset Model: Apple M2,,,ppo,Crawler,4096,0.000195,163840,0.001785,0.237,0.943,4,constant,FALSE,32,2,simple,,,5,250000,64,12000
20251125-233508,macOS,Apple M2,8,8589934592,Chipset Model: Apple M2,,,ppo,Crawler,2048,9.40E-05,81920,0.005132,0.225,0.939,4,linear,TRUE,32,2,simple,,,5,250000,512,12000
20251125-234111,macOS,Apple M2,8,8589934592,Chipset Model: Apple M2,,,ppo,Crawler,512,0.000189,40960,0.005634,0.108,0.931,3,constant,FALSE,256,1,simple,,,5,500000,512,12000
20251126-063500,macOS,Apple M2,8,8589934592,Chipset Model: Apple M2,,,ppo,Crawler,1024,0.000264,81920,0.009584,0.118,0.902,10,constant,FALSE,256,2,simple,,,5,100000,1024,12000
20251126-074438,macOS,Apple M2,8,8589934592,Chipset Model: Apple M2,,,ppo,Crawler,2048,0.000204,163840,0.001317,0.103,0.903,4,constant,FALSE,64,2,simple,,,5,500000,1024,12000
20251126-112043,macOS,Apple M2,8,8589934592,Chipset Model: Apple M2,,,ppo,Crawler,2048,4.60E-05,163840,0.003656,0.243,0.95,4,constant,FALSE,512,3,simple,,,5,250000,64,12000
20251126-112820,macOS,Apple M2,8,8589934592,Chipset Model: Apple M2,,,ppo,Crawler,4096,5.00E-05,163840,0.009116,0.212,0.911,5,linear,FALSE,128,3,simple,,,5,500000,128,12000
20251126-233714,macOS,Apple M2,8,8589934592,Chipset Model: Apple M2,,,ppo,3DBall,1024,0.000103,40960,0.00752,0.202,0.919,8,constant,FALSE,32,3,simple,,,5,250000,1024,12000
20251126-234132,macOS,Apple M2,8,8589934592,Chipset Model: Apple M2,,,ppo,3DBall,4096,0.000211,327680,0.004423,0.22,0.923,4,constant,TRUE,64,1,simple,,,5,2000000,512,12000
20251127-000557,macOS,Apple M2,8,8589934592,Chipset Model: Apple M2,,,ppo,3DBallHard,2048,0.00028,40960,0.005148,0.142,0.921,8,linear,FALSE,128,3,simple,,,5,100000,1024,12000
20251127-000746,macOS,Apple M2,8,8589934592,Chipset Model: Apple M2,,,ppo,Crawler,4096,0.000162,81920,0.00573,0.156,0.915,3,constant,TRUE,512,2,simple,,,5,500000,256,12000
20251127-001916,macOS,Apple M2,8,8589934592,Chipset Model: Apple M2,,,ppo,GridFoodCollector,4096,0.000159,163840,0.008613,0.261,0.939,3,linear,FALSE,64,1,simple,,,5,250000,1024,12000
20251127-093019,macOS,Apple M2,8,8589934592,Chipset Model: Apple M2,,,ppo,GridWorld,512,0.00017,10240,0.000761,0.199,0.931,8,linear,TRUE,32,3,simple,,,5,500000,64,12000
20251127-101754,macOS,Apple M2,8,8589934592,Chipset Model: Apple M2,,,ppo,Hallway,1024,0.000279,81920,0.008109,0.205,0.941,10,constant,TRUE,256,1,simple,,,5,250000,1024,12000
20251127-102213,macOS,Apple M2,8,8589934592,Chipset Model: Apple M2,,,ppo,PushBlock,2048,6.70E-05,163840,0.000124,0.184,0.908,5,linear,FALSE,512,1,simple,,,5,1000000,2048,12000
20251127-104007,macOS,Apple M2,8,8589934592,Chipset Model: Apple M2,,,ppo,Pyramids,1024,0.000119,81920,0.002295,0.278,0.922,3,linear,TRUE,64,2,simple,,,5,250000,64,12000
20251127-104534,macOS,Apple M2,8,8589934592,Chipset Model: Apple M2,,,ppo,Sorter,2048,5.60E-05,81920,0.007741,0.27,0.942,8,linear,TRUE,64,2,simple,,,5,500000,1024,12000
20251127-112104,macOS,Apple M2,8,8589934592,Chipset Model: Apple M2,,,ppo,Walker,2048,0.000127,40960,0.004604,0.141,0.937,4,constant,TRUE,64,2,simple,,,5,100000,512,12000
20251127-112351,macOS,Apple M2,8,8589934592,Chipset Model: Apple M2,,,ppo,Worm,4096,0.000259,163840,0.006102,0.113,0.918,4,constant,TRUE,512,3,simple,,,5,100000,128,12000
20251127-112512,macOS,Apple M2,8,8589934592,Chipset Model: Apple M2,,,sac,3DBall,512,0.000172,500000,,,,,constant,TRUE,32,2,simple,,,5,1000000,128,50000
20251127-130602,macOS,Apple M2,8,8589934592,Chipset Model: Apple M2,,,sac,3DBallHard,128,0.000196,50000,,,,,constant,FALSE,128,3,simple,,,5,500000,64,50000
20251127-140153,macOS,Apple M2,8,8589934592,Chipset Model: Apple M2,,,sac,Crawler,128,5.10E-05,500000,,,,,constant,TRUE,32,2,simple,,,5,250000,2048,25000
20251127-141734,macOS,Apple M2,8,8589934592,Chipset Model: Apple M2,,,sac,GridFoodCollector,128,0.000199,50000,,,,,constant,TRUE,128,2,simple,,,5,500000,512,25000
20251128-002347,macOS,Apple M2,8,8589934592,Chipset Model: Apple M2,,,ppo,3DBall,512,9.10E-05,20480,0.008273,0.283,0.906,4,constant,TRUE,64,3,simple,,,5,250000,2048,12000
20251128-012302,macOS,Apple M2,8,8589934592,Chipset Model: Apple M2,,,ppo,3DBall,512,0.000275,20480,0.008002,0.105,0.949,3,linear,FALSE,512,3,simple,,,5,250000,64,12000
20251128-012909,macOS,Apple M2,8,8589934592,Chipset Model: Apple M2,,,ppo,3DBall,2048,0.00015,163840,0.009739,0.284,0.93,8,constant,FALSE,32,3,simple,,,5,500000,512,12000
20251128-013416,macOS,Apple M2,8,8589934592,Chipset Model: Apple M2,,,ppo,3DBall,4096,7.90E-05,327680,0.004931,0.193,0.915,5,constant,FALSE,256,2,simple,,,5,500000,1024,12000
20251128-013842,macOS,Apple M2,8,8589934592,Chipset Model: Apple M2,,,ppo,3DBall,4096,0.000212,81920,0.005684,0.168,0.932,5,linear,TRUE,256,2,simple,,,5,250000,256,12000
20251128-014109,macOS,Apple M2,8,8589934592,Chipset Model: Apple M2,,,ppo,3DBall,2048,0.000243,163840,0.006949,0.134,0.916,5,constant,TRUE,32,1,simple,,,5,1000000,1024,12000
20251128-103628,macOS,Apple M2,8,8589934592,Chipset Model: Apple M2,,,ppo,3DBall,1024,0.000148,20480,0.000961,0.174,0.936,3,linear,TRUE,512,2,simple,,,5,250000,256,12000
20251128-103855,macOS,Apple M2,8,8589934592,Chipset Model: Apple M2,,,ppo,3DBall,2048,0.000198,163840,0.000916,0.143,0.902,3,linear,TRUE,512,1,simple,,,5,1000000,2048,12000
20251128-104758,macOS,Apple M2,8,8589934592,Chipset Model: Apple M2,,,ppo,3DBall,1024,5.00E-05,20480,0.003667,0.29,0.946,5,linear,TRUE,256,3,simple,,,5,100000,256,12000
20251128-104901,macOS,Apple M2,8,8589934592,Chipset Model: Apple M2,,,ppo,3DBall,2048,0.000184,40960,0.00279,0.229,0.923,5,linear,TRUE,64,3,simple,,,5,100000,128,12000
20251128-105005,macOS,Apple M2,8,8589934592,Chipset Model: Apple M2,,,ppo,3DBallHard,2048,0.000269,81920,0.002573,0.208,0.947,8,linear,TRUE,128,1,simple,,,5,1000000,64,12000
20251128-110341,macOS,Apple M2,8,8589934592,Chipset Model: Apple M2,,,ppo,3DBallHard,4096,0.000138,163840,0.001054,0.11,0.92,5,linear,FALSE,128,2,simple,,,5,1000000,256,12000
20251128-111901,macOS,Apple M2,8,8589934592,Chipset Model: Apple M2,,,ppo,3DBallHard,2048,0.000224,81920,0.008501,0.183,0.924,5,linear,TRUE,512,1,simple,,,5,1000000,2048,12000
20251128-115322,macOS,Apple M2,8,8589934592,Chipset Model: Apple M2,,,ppo,3DBallHard,2048,0.000285,81920,0.007001,0.187,0.928,8,constant,TRUE,64,3,simple,,,5,250000,256,12000
20251128-120126,macOS,Apple M2,8,8589934592,Chipset Model: Apple M2,,,ppo,3DBallHard,512,0.000242,40960,0.006475,0.109,0.931,5,constant,TRUE,256,1,simple,,,5,500000,1024,12000
20251128-121708,macOS,Apple M2,8,8589934592,Chipset Model: Apple M2,,,ppo,3DBallHard,512,1.00E-05,40960,0.003779,0.245,0.928,3,linear,FALSE,32,3,simple,,,5,250000,2048,12000
20251128-122229,macOS,Apple M2,8,8589934592,Chipset Model: Apple M2,,,ppo,3DBallHard,512,0.000202,40960,0.008324,0.293,0.934,3,constant,TRUE,128,3,simple,,,5,500000,256,12000
20251128-123312,macOS,Apple M2,8,8589934592,Chipset Model: Apple M2,,,ppo,3DBallHard,2048,0.000293,163840,0.009541,0.243,0.95,8,linear,FALSE,256,1,simple,,,5,2000000,1024,12000
20251128-131750,macOS,Apple M2,8,8589934592,Chipset Model: Apple M2,,,ppo,3DBallHard,512,8.50E-05,40960,0.000222,0.156,0.942,4,constant,TRUE,64,3,simple,,,5,500000,512,12000
20251128-132356,macOS,Apple M2,8,8589934592,Chipset Model: Apple M2,,,ppo,3DBallHard,4096,3.80E-05,327680,0.00885,0.226,0.914,4,constant,FALSE,64,3,simple,,,5,2000000,64,12000
20251128-134819,macOS,Apple M2,8,8589934592,Chipset Model: Apple M2,,,ppo,Crawler,512,0.000114,20480,0.000793,0.188,0.949,8,constant,TRUE,512,1,simple,,,5,1000000,64,12000
20251128-141227,macOS,Apple M2,8,8589934592,Chipset Model: Apple M2,,,ppo,Crawler,2048,0.000131,163840,0.003989,0.257,0.909,8,linear,TRUE,64,2,simple,,,5,500000,1024,12000
20251128-142442,macOS,Apple M2,8,8589934592,Chipset Model: Apple M2,,,ppo,Crawler,2048,0.000214,163840,0.005201,0.183,0.907,5,linear,TRUE,64,3,simple,,,5,250000,64,12000
20251128-143029,macOS,Apple M2,8,8589934592,Chipset Model: Apple M2,,,ppo,Crawler,4096,4.50E-05,81920,0.007499,0.138,0.947,10,constant,TRUE,32,3,simple,,,5,2000000,64,12000
20251128-151920,macOS,Apple M2,8,8589934592,Chipset Model: Apple M2,,,ppo,Crawler,512,0.000124,20480,0.003697,0.233,0.919,3,constant,FALSE,32,3,simple,,,5,2000000,1024,12000
20251128-213206,macOS,Apple M2,8,8589934592,Chipset Model: Apple M2,,,ppo,Crawler,512,0.000223,10240,0.009495,0.122,0.938,8,constant,TRUE,512,1,simple,,,5,2000000,512,12000
20251128-222043,macOS,Apple M2,8,8589934592,Chipset Model: Apple M2,,,ppo,Crawler,2048,0.000273,163840,0.000308,0.285,0.916,4,constant,FALSE,512,1,simple,,,5,250000,1024,12000
20251128-222624,macOS,Apple M2,8,8589934592,Chipset Model: Apple M2,,,ppo,Crawler,512,5.40E-05,10240,0.009911,0.132,0.912,10,linear,FALSE,64,3,simple,,,5,2000000,2048,12000
20251129-180333,macOS,Apple M2,8,8589934592,Chipset Model: Apple M2,,,ppo,Crawler,4096,0.000201,327680,0.002015,0.143,0.911,8,constant,FALSE,32,3,simple,,,5,250000,512,12000
20251129-180902,macOS,Apple M2,8,8589934592,Chipset Model: Apple M2,,,ppo,Crawler,4096,0.000241,327680,0.000421,0.188,0.932,3,constant,TRUE,128,3,simple,,,5,500000,2048,12000
20251129-182027,macOS,Apple M2,8,8589934592,Chipset Model: Apple M2,,,ppo,GridFoodCollector,512,0.000202,10240,0.001551,0.3,0.938,10,linear,FALSE,32,2,simple,,,5,1000000,1024,12000
20251129-211401,macOS,Apple M2,8,8589934592,Chipset Model: Apple M2,,,ppo,GridFoodCollector,2048,1.90E-05,81920,0.000926,0.181,0.933,4,linear,TRUE,512,1,simple,,,5,1000000,1024,12000
20251130-104145,macOS,Apple M2,8,8589934592,Chipset Model: Apple M2,,,ppo,GridFoodCollector,512,0.000103,20480,0.004101,0.251,0.912,3,constant,FALSE,512,3,simple,,,5,500000,64,12000
20251130-110559,macOS,Apple M2,8,8589934592,Chipset Model: Apple M2,,,ppo,GridFoodCollector,4096,0.000271,163840,0.007301,0.154,0.915,8,constant,TRUE,32,2,simple,,,5,2000000,512,12000
20251130-132848,macOS,Apple M2,8,8589934592,Chipset Model: Apple M2,,,ppo,GridFoodCollector,2048,0.000183,163840,0.002368,0.283,0.915,4,linear,TRUE,128,1,simple,,,5,250000,64,12000
20251130-134334,macOS,Apple M2,8,8589934592,Chipset Model: Apple M2,,,ppo,GridFoodCollector,512,0.000262,40960,0.005041,0.168,0.914,10,constant,FALSE,32,1,simple,,,5,2000000,256,12000
20251130-173223,macOS,Apple M2,8,8589934592,Chipset Model: Apple M2,,,ppo,GridFoodCollector,4096,0.000202,81920,0.003681,0.195,0.924,8,constant,TRUE,64,2,simple,,,5,1000000,256,12000
20251130-184119,macOS,Apple M2,8,8589934592,Chipset Model: Apple M2,,,ppo,GridFoodCollector,4096,0.000299,327680,0.005074,0.113,0.939,8,linear,FALSE,256,3,simple,,,5,500000,2048,12000
20251130-191152,macOS,Apple M2,8,8589934592,Chipset Model: Apple M2,,,ppo,GridFoodCollector,1024,0.000154,40960,0.006244,0.197,0.914,4,constant,FALSE,128,2,simple,,,5,250000,64,12000
20251130-192413,macOS,Apple M2,8,8589934592,Chipset Model: Apple M2,,,ppo,GridFoodCollector,4096,4.50E-05,327680,0.009057,0.187,0.926,4,linear,TRUE,256,2,simple,,,5,250000,2048,12000
20251130-193143,macOS,Apple M2,8,8589934592,Chipset Model: Apple M2,,,ppo,GridWorld,1024,0.000219,20480,0.001791,0.132,0.939,5,constant,TRUE,512,2,simple,,,5,100000,128,12000
20251201-124625,macOS,Apple M2,8,8589934592,Chipset Model: Apple M2,,,ppo,3DBall,512,0.000265,10240,0.004184,0.14,0.9,10,constant,TRUE,128,1,simple,,,5,100000,128,12000
20251201-124734,macOS,Apple M2,8,8589934592,Chipset Model: Apple M2,,,ppo,3DBall,512,0.000245,40960,0.003457,0.191,0.905,4,linear,FALSE,32,3,simple,,,5,1000000,2048,12000
20251201-125609,macOS,Apple M2,8,8589934592,Chipset Model: Apple M2,,,ppo,3DBall,512,0.000201,10240,0.000682,0.261,0.936,10,linear,TRUE,64,3,simple,,,5,2000000,256,12000
20251201-131718,macOS,Apple M2,8,8589934592,Chipset Model: Apple M2,,,ppo,3DBall,1024,0.000213,81920,0.008074,0.198,0.908,3,linear,TRUE,128,3,simple,,,5,500000,128,12000
20251201-132148,macOS,Apple M2,8,8589934592,Chipset Model: Apple M2,,,ppo,3DBall,2048,0.000252,163840,0.000262,0.158,0.913,10,linear,FALSE,512,2,simple,,,5,500000,128,12000
20251201-132837,macOS,Apple M2,8,8589934592,Chipset Model: Apple M2,,,ppo,3DBall,1024,0.000132,20480,0.000249,0.143,0.929,8,constant,TRUE,256,2,simple,,,5,1000000,128,12000
20251201-133850,macOS,Apple M2,8,8589934592,Chipset Model: Apple M2,,,ppo,3DBall,1024,0.000251,40960,0.002157,0.255,0.943,10,constant,TRUE,64,2,simple,,,5,1000000,64,12000
20251201-134922,macOS,Apple M2,8,8589934592,Chipset Model: Apple M2,,,ppo,3DBall,512,9.90E-05,20480,0.007609,0.152,0.926,8,constant,FALSE,32,2,simple,,,5,2000000,2048,12000
20251201-140845,macOS,Apple M2,8,8589934592,Chipset Model: Apple M2,,,ppo,3DBall,2048,0.000171,81920,0.000167,0.231,0.947,8,constant,TRUE,64,3,simple,,,5,1000000,256,12000
20251201-141843,macOS,Apple M2,8,8589934592,Chipset Model: Apple M2,,,ppo,3DBall,4096,8.50E-05,81920,0.00156,0.173,0.912,10,linear,TRUE,256,1,simple,,,5,500000,128,12000
20251201-142445,macOS,Apple M2,8,8589934592,Chipset Model: Apple M2,,,ppo,3DBallHard,2048,0.000187,81920,0.00161,0.2,0.912,3,constant,FALSE,128,2,simple,,,5,100000,512,12000
20251201-142608,macOS,Apple M2,8,8589934592,Chipset Model: Apple M2,,,ppo,3DBallHard,2048,0.000153,163840,0.007883,0.165,0.903,8,linear,FALSE,256,2,simple,,,5,1000000,128,12000
20251201-144151,macOS,Apple M2,8,8589934592,Chipset Model: Apple M2,,,ppo,3DBallHard,4096,0.000234,327680,0.004515,0.209,0.929,10,constant,FALSE,128,2,simple,,,5,2000000,512,12000
20251201-151218,macOS,Apple M2,8,8589934592,Chipset Model: Apple M2,,,ppo,3DBallHard,4096,0.000112,163840,0.000156,0.236,0.906,8,constant,FALSE,512,1,simple,,,5,500000,512,12000
20251201-151929,macOS,Apple M2,8,8589934592,Chipset Model: Apple M2,,,ppo,3DBallHard,4096,2.60E-05,163840,0.009902,0.175,0.932,4,constant,FALSE,256,1,simple,,,5,1000000,512,12000
20251201-154021,macOS,Apple M2,8,8589934592,Chipset Model: Apple M2,,,ppo,3DBall,4096,6.60E-05,163840,0.007242,0.266,0.946,5,constant,FALSE,128,2,simple,,,5,500000,1024,12000
20251201-154855,macOS,Apple M2,8,8589934592,Chipset Model: Apple M2,,,ppo,3DBall,4096,0.000282,327680,0.001946,0.249,0.925,10,linear,FALSE,128,3,simple,,,5,1000000,256,12000
20251201-161059,macOS,Apple M2,8,8589934592,Chipset Model: Apple M2,,,ppo,3DBall,512,0.000247,10240,0.009181,0.19,0.935,10,linear,TRUE,64,2,simple,,,5,1000000,2048,12000
20251201-162718,macOS,Apple M2,8,8589934592,Chipset Model: Apple M2,,,ppo,3DBall,1024,0.000281,40960,0.000977,0.235,0.925,10,constant,FALSE,256,1,simple,,,5,500000,1024,12000
20251201-163605,macOS,Apple M2,8,8589934592,Chipset Model: Apple M2,,,ppo,3DBall,1024,6.90E-05,40960,0.006547,0.134,0.937,3,constant,FALSE,256,2,simple,,,5,1000000,128,12000
20251201-165905,macOS,Apple M2,8,8589934592,Chipset Model: Apple M2,,,ppo,3DBall,512,0.000138,20480,0.002092,0.103,0.931,3,linear,FALSE,512,2,simple,,,5,2000000,256,12000
20251201-172939,macOS,Apple M2,8,8589934592,Chipset Model: Apple M2,,,ppo,3DBall,1024,0.000252,81920,0.001085,0.143,0.907,8,linear,FALSE,256,2,simple,,,5,100000,128,12000
20251201-173115,macOS,Apple M2,8,8589934592,Chipset Model: Apple M2,,,ppo,3DBall,512,0.000122,20480,0.000612,0.103,0.908,4,constant,TRUE,512,1,simple,,,5,1000000,256,12000
20251201-174720,macOS,Apple M2,8,8589934592,Chipset Model: Apple M2,,,ppo,3DBall,512,5.30E-05,20480,0.006151,0.289,0.901,5,constant,FALSE,256,2,simple,,,5,1000000,512,12000
20251201-181213,macOS,Apple M2,8,8589934592,Chipset Model: Apple M2,,,ppo,3DBall,512,2.60E-05,40960,0.008938,0.29,0.931,3,constant,TRUE,128,3,simple,,,5,500000,256,12000
20251201-181838,macOS,Apple M2,8,8589934592,Chipset Model: Apple M2,,,ppo,3DBallHard,2048,4.90E-05,81920,0.005134,0.213,0.932,5,constant,TRUE,256,2,simple,,,5,2000000,1024,12000
20251201-185227,macOS,Apple M2,8,8589934592,Chipset Model: Apple M2,,,ppo,3DBallHard,512,0.00029,40960,0.003439,0.265,0.909,3,linear,FALSE,32,2,simple,,,5,2000000,64,12000
20251201-193027,macOS,Apple M2,8,8589934592,Chipset Model: Apple M2,,,ppo,3DBallHard,4096,0.000154,163840,0.003593,0.107,0.932,5,linear,FALSE,32,1,simple,,,5,100000,512,12000
20251201-193200,macOS,Apple M2,8,8589934592,Chipset Model: Apple M2,,,ppo,3DBallHard,512,0.000126,40960,0.00932,0.252,0.947,10,constant,TRUE,64,2,simple,,,5,500000,128,12000
20251201-194126,macOS,Apple M2,8,8589934592,Chipset Model: Apple M2,,,ppo,3DBallHard,512,0.000116,10240,0.003086,0.147,0.908,4,constant,TRUE,32,3,simple,,,5,1000000,256,12000
20251201-195801,macOS,Apple M2,8,8589934592,Chipset Model: Apple M2,,,ppo,3DBallHard,512,0.000296,20480,0.007476,0.193,0.922,3,constant,FALSE,512,3,simple,,,5,500000,128,12000
20251201-200625,macOS,Apple M2,8,8589934592,Chipset Model: Apple M2,,,ppo,3DBallHard,4096,0.000299,81920,0.000319,0.2,0.903,4,constant,FALSE,32,1,simple,,,5,500000,512,12000
20251201-201426,macOS,Apple M2,8,8589934592,Chipset Model: Apple M2,,,ppo,3DBallHard,1024,0.000251,20480,0.005305,0.287,0.918,10,linear,FALSE,256,3,simple,,,5,2000000,64,12000
20251201-205233,macOS,Apple M2,8,8589934592,Chipset Model: Apple M2,,,ppo,3DBallHard,1024,0.000289,81920,0.008201,0.274,0.9,4,linear,FALSE,128,2,simple,,,5,250000,2048,12000
20251201-205638,macOS,Apple M2,8,8589934592,Chipset Model: Apple M2,,,ppo,3DBallHard,1024,0.000134,81920,0.007785,0.111,0.913,8,constant,FALSE,256,2,simple,,,5,100000,1024,12000
20251201-205827,macOS,Apple M2,8,8589934592,Chipset Model: Apple M2,,,ppo,Crawler,512,0.000253,20480,0.006178,0.195,0.908,5,constant,TRUE,32,2,simple,,,5,2000000,64,12000
20251201-214841,macOS,Apple M2,8,8589934592,Chipset Model: Apple M2,,,ppo,Crawler,512,0.000147,40960,0.004464,0.295,0.914,8,constant,FALSE,128,2,simple,,,5,2000000,512,12000
20251201-224232,macOS,Apple M2,8,8589934592,Chipset Model: Apple M2,,,ppo,Crawler,1024,0.000151,40960,0.008799,0.183,0.945,8,constant,TRUE,64,1,simple,,,5,500000,256,12000
20251201-225557,macOS,Apple M2,8,8589934592,Chipset Model: Apple M2,,,ppo,Crawler,1024,6.40E-05,20480,0.000961,0.223,0.917,10,linear,FALSE,256,1,simple,,,5,500000,128,12000
20251201-230949,macOS,Apple M2,8,8589934592,Chipset Model: Apple M2,,,ppo,Crawler,2048,0.0001,40960,0.009543,0.162,0.909,3,constant,TRUE,128,3,simple,,,5,2000000,2048,12000
20251201-235932,macOS,Apple M2,8,8589934592,Chipset Model: Apple M2,,,ppo,Crawler,4096,0.000136,163840,0.006378,0.158,0.942,10,constant,TRUE,64,3,simple,,,5,250000,64,12000
20251202-000636,macOS,Apple M2,8,8589934592,Chipset Model: Apple M2,,,ppo,Crawler,2048,0.000225,40960,0.007265,0.269,0.918,5,linear,FALSE,512,3,simple,,,5,250000,64,12000
20251202-001356,macOS,Apple M2,8,8589934592,Chipset Model: Apple M2,,,ppo,Crawler,2048,7.30E-05,163840,0.007904,0.166,0.91,4,constant,FALSE,32,1,simple,,,5,1000000,256,12000
20251202-003904,macOS,Apple M2,8,8589934592,Chipset Model: Apple M2,,,ppo,Crawler,2048,7.40E-05,40960,0.003495,0.276,0.942,5,constant,FALSE,64,2,simple,,,5,100000,512,12000
20251202-004145,macOS,Apple M2,8,8589934592,Chipset Model: Apple M2,,,ppo,Crawler,4096,0.000123,81920,0.005302,0.197,0.936,5,constant,FALSE,512,3,simple,,,5,1000000,1024,12000
20251202-010949,macOS,Apple M2,8,8589934592,Chipset Model: Apple M2,,,ppo,GridFoodCollector,2048,0.000143,40960,0.001362,0.156,0.933,5,linear,TRUE,128,3,simple,,,5,1000000,512,12000
20251202-163955,macOS,Apple M2,8,8589934592,Chipset Model: Apple M2,,,ppo,3DBall,512,0.000203,20480,0.006693,0.192,0.937,8,constant,TRUE,64,1,simple,,,5,250000,2048,12000
20251202-164250,macOS,Apple M2,8,8589934592,Chipset Model: Apple M2,,,ppo,3DBall,4096,0.0001,81920,0.002989,0.222,0.907,5,constant,FALSE,512,2,simple,,,5,1000000,256,12000
20251202-165302,macOS,Apple M2,8,8589934592,Chipset Model: Apple M2,,,ppo,3DBall,1024,0.000213,81920,0.006502,0.219,0.917,5,constant,TRUE,64,1,simple,,,5,500000,64,12000
20251202-165744,macOS,Apple M2,8,8589934592,Chipset Model: Apple M2,,,ppo,3DBall,1024,4.20E-05,81920,0.007339,0.2,0.938,10,constant,FALSE,256,1,simple,,,5,100000,128,12000
20251202-165854,macOS,Apple M2,8,8589934592,Chipset Model: Apple M2,,,ppo,3DBall,1024,7.10E-05,40960,0.009942,0.141,0.91,10,linear,FALSE,256,2,simple,,,5,1000000,1024,12000
20251202-170958,macOS,Apple M2,8,8589934592,Chipset Model: Apple M2,,,ppo,3DBallHard,4096,0.000169,163840,0.000374,0.286,0.902,3,constant,TRUE,32,1,simple,,,5,500000,128,12000
20251202-171559,macOS,Apple M2,8,8589934592,Chipset Model: Apple M2,,,ppo,3DBallHard,512,0.000189,20480,0.003987,0.16,0.913,8,linear,FALSE,512,1,simple,,,5,250000,2048,12000
20251202-171932,macOS,Apple M2,8,8589934592,Chipset Model: Apple M2,,,ppo,3DBallHard,1024,6.00E-05,40960,0.000922,0.195,0.909,4,constant,TRUE,512,1,simple,,,5,2000000,256,12000
20251202-174357,macOS,Apple M2,8,8589934592,Chipset Model: Apple M2,,,ppo,3DBallHard,4096,5.40E-05,163840,0.004116,0.192,0.941,5,linear,FALSE,512,1,simple,,,5,500000,1024,12000
20251202-175044,macOS,Apple M2,8,8589934592,Chipset Model: Apple M2,,,ppo,3DBallHard,1024,0.000208,20480,0.003358,0.131,0.946,5,linear,TRUE,256,2,simple,,,5,2000000,1024,12000
20251202-181611,macOS,Apple M2,8,8589934592,Chipset Model: Apple M2,,,ppo,Crawler,4096,0.000224,327680,0.005663,0.163,0.936,10,linear,TRUE,256,1,simple,,,5,250000,2048,12000
20251202-182210,macOS,Apple M2,8,8589934592,Chipset Model: Apple M2,,,ppo,Crawler,1024,2.90E-05,40960,0.006837,0.227,0.918,10,constant,FALSE,256,3,simple,,,5,250000,64,12000
20251202-182914,macOS,Apple M2,8,8589934592,Chipset Model: Apple M2,,,ppo,Crawler,4096,7.90E-05,163840,0.006075,0.178,0.914,3,linear,FALSE,32,3,simple,,,5,250000,128,12000
20251202-183520,macOS,Apple M2,8,8589934592,Chipset Model: Apple M2,,,ppo,Crawler,1024,0.000102,81920,0.004467,0.219,0.931,4,linear,TRUE,32,2,simple,,,5,2000000,256,12000
20251202-192333,macOS,Apple M2,8,8589934592,Chipset Model: Apple M2,,,ppo,Crawler,512,4.60E-05,40960,0.005553,0.134,0.908,4,linear,FALSE,32,3,simple,,,5,250000,2048,12000
20251202-192948,macOS,Apple M2,8,8589934592,Chipset Model: Apple M2,,,ppo,GridFoodCollector,1024,4.20E-05,40960,0.003559,0.175,0.929,4,linear,FALSE,128,3,simple,,,5,2000000,64,12000
20251202-212009,macOS,Apple M2,8,8589934592,Chipset Model: Apple M2,,,ppo,GridFoodCollector,512,9.40E-05,40960,0.003871,0.121,0.943,5,linear,TRUE,64,2,simple,,,5,1000000,256,12000
20251203-123153,macOS,Apple M2,8,8589934592,Chipset Model: Apple M2,,,ppo,3DBall,4096,0.000297,81920,0.00496,0.295,0.931,4,linear,FALSE,32,3,simple,,,5,250000,64,12000
20251203-123414,macOS,Apple M2,8,8589934592,Chipset Model: Apple M2,,,ppo,3DBall,2048,4.20E-05,163840,0.002252,0.127,0.943,10,constant,FALSE,64,1,simple,,,5,100000,1024,12000
20251203-123504,macOS,Apple M2,8,8589934592,Chipset Model: Apple M2,,,ppo,3DBall,4096,0.000289,327680,0.00733,0.103,0.947,10,linear,FALSE,32,1,simple,,,5,250000,1024,12000
20251203-123701,macOS,Apple M2,8,8589934592,Chipset Model: Apple M2,,,ppo,3DBall,1024,2.80E-05,20480,0.001498,0.25,0.931,10,constant,FALSE,64,3,simple,,,5,1000000,512,12000
20251203-124739,macOS,Apple M2,8,8589934592,Chipset Model: Apple M2,,,ppo,3DBall,1024,0.0002,20480,0.004776,0.162,0.939,4,linear,FALSE,512,2,simple,,,5,500000,512,12000
20251203-125225,macOS,Apple M2,8,8589934592,Chipset Model: Apple M2,,,ppo,3DBallHard,2048,0.000256,40960,0.008344,0.261,0.914,10,constant,TRUE,32,3,simple,,,5,100000,512,12000
20251203-125356,macOS,Apple M2,8,8589934592,Chipset Model: Apple M2,,,ppo,3DBallHard,512,8.60E-05,40960,0.007297,0.127,0.935,4,constant,TRUE,32,3,simple,,,5,2000000,64,12000
20251203-131735,macOS,Apple M2,8,8589934592,Chipset Model: Apple M2,,,ppo,3DBallHard,1024,0.000157,20480,0.006105,0.248,0.903,10,constant,FALSE,128,3,simple,,,5,2000000,2048,12000
20251203-183957,macOS,Apple M2,8,8589934592,Chipset Model: Apple M2,,,ppo,3DBallHard,4096,9.50E-05,327680,0.006484,0.168,0.942,5,linear,FALSE,256,2,simple,,,5,2000000,2048,12000
20251203-191253,macOS,Apple M2,8,8589934592,Chipset Model: Apple M2,,,ppo,3DBallHard,512,0.00026,20480,0.002876,0.167,0.919,10,constant,TRUE,512,3,simple,,,5,2000000,1024,12000
20251203-224358,macOS,Apple M2,8,8589934592,Chipset Model: Apple M2,,,ppo,Crawler,2048,0.000141,81920,0.001453,0.14,0.935,5,constant,TRUE,512,2,simple,,,5,100000,512,12000
20251203-231504,macOS,Apple M2,8,8589934592,Chipset Model: Apple M2,,,ppo,Crawler,2048,6.50E-05,163840,0.009684,0.231,0.902,5,constant,TRUE,128,3,simple,,,5,500000,64,12000
20251204-100559,macOS,Apple M2,8,8589934592,Chipset Model: Apple M2,,,ppo,Crawler,512,0.000237,10240,0.002096,0.271,0.932,3,linear,FALSE,32,3,simple,,,5,500000,128,12000
20251204-101708,macOS,Apple M2,8,8589934592,Chipset Model: Apple M2,,,ppo,Crawler,4096,9.40E-05,327680,0.00154,0.251,0.939,8,constant,TRUE,32,2,simple,,,5,1000000,64,12000
20251204-104229,macOS,Apple M2,8,8589934592,Chipset Model: Apple M2,,,ppo,Crawler,4096,0.000158,327680,0.005236,0.286,0.937,4,linear,TRUE,512,3,simple,,,5,500000,128,12000
20251204-105510,macOS,Apple M2,8,8589934592,Chipset Model: Apple M2,,,ppo,GridFoodCollector,2048,0.000123,163840,0.001002,0.27,0.904,8,constant,TRUE,256,1,simple,,,5,100000,256,12000
20251204-105830,macOS,Apple M2,8,8589934592,Chipset Model: Apple M2,,,ppo,GridFoodCollector,4096,0.000175,163840,0.004808,0.122,0.926,8,constant,FALSE,128,1,simple,,,5,2000000,2048,12000
20251204-182329,macOS,Apple M2,8,8589934592,Chipset Model: Apple M2,,,ppo,GridFoodCollector,1024,0.000278,20480,0.00478,0.256,0.929,10,linear,TRUE,64,1,simple,,,5,100000,64,12000
20251204-183100,macOS,Apple M2,8,8589934592,Chipset Model: Apple M2,,,ppo,GridFoodCollector,1024,0.000272,20480,0.005136,0.132,0.905,10,linear,FALSE,32,1,simple,,,5,500000,2048,12000
20251204-191223,macOS,Apple M2,8,8589934592,Chipset Model: Apple M2,,,ppo,GridFoodCollector,2048,0.000278,163840,0.002713,0.289,0.911,8,constant,FALSE,256,1,simple,,,5,500000,512,12000
20251204-194311,macOS,Apple M2,8,8589934592,Chipset Model: Apple M2,,,ppo,Hallway,4096,0.000186,327680,0.001857,0.291,0.932,4,linear,FALSE,128,1,simple,,,5,500000,64,12000
20251204-201125,macOS,Apple M2,8,8589934592,Chipset Model: Apple M2,,,ppo,Hallway,1024,0.00012,40960,0.007972,0.27,0.922,3,linear,TRUE,64,1,simple,,,5,250000,64,12000
20251204-220108,macOS,Apple M2,8,8589934592,Chipset Model: Apple M2,,,ppo,Hallway,1024,0.000235,40960,0.004777,0.253,0.905,10,constant,TRUE,64,1,simple,,,5,100000,1024,12000
20251204-220300,macOS,Apple M2,8,8589934592,Chipset Model: Apple M2,,,ppo,Hallway,1024,0.00015,81920,0.00244,0.218,0.903,3,linear,TRUE,128,3,simple,,,5,500000,1024,12000
20251204-221022,macOS,Apple M2,8,8589934592,Chipset Model: Apple M2,,,ppo,Hallway,512,3.40E-05,40960,0.006609,0.129,0.931,8,linear,TRUE,512,1,simple,,,5,250000,512,12000
20251204-221443,macOS,Apple M2,8,8589934592,Chipset Model: Apple M2,,,ppo,PushBlock,1024,0.000186,40960,0.0058,0.143,0.902,8,linear,TRUE,512,3,simple,,,5,100000,2048,12000
20251204-221724,macOS,Apple M2,8,8589934592,Chipset Model: Apple M2,,,ppo,PushBlock,4096,4.20E-05,327680,0.00388,0.128,0.926,8,linear,TRUE,256,2,simple,,,5,500000,1024,12000
20251204-222823,macOS,Apple M2,8,8589934592,Chipset Model: Apple M2,,,ppo,PushBlock,512,3.90E-05,20480,0.001118,0.29,0.901,10,constant,FALSE,32,1,simple,,,5,1000000,512,12000
20251204-225151,macOS,Apple M2,8,8589934592,Chipset Model: Apple M2,,,ppo,PushBlock,512,4.50E-05,40960,0.003288,0.123,0.928,10,constant,FALSE,64,2,simple,,,5,100000,64,12000
20251204-225403,macOS,Apple M2,8,8589934592,Chipset Model: Apple M2,,,ppo,PushBlock,512,0.00017,20480,0.003397,0.271,0.931,10,linear,FALSE,128,1,simple,,,5,2000000,1024,12000
20251204-234349,macOS,Apple M2,8,8589934592,Chipset Model: Apple M2,,,ppo,Pyramids,2048,0.000127,81920,0.005948,0.252,0.949,4,constant,FALSE,32,3,simple,,,5,500000,2048,12000
20251205-093729,macOS,Apple M2,8,8589934592,Chipset Model: Apple M2,,,ppo,Pyramids,512,0.000118,10240,0.000385,0.142,0.907,8,linear,FALSE,512,3,simple,,,5,500000,64,12000
20251205-102133,macOS,Apple M2,8,8589934592,Chipset Model: Apple M2,,,ppo,Pyramids,2048,0.000146,81920,0.007115,0.117,0.901,10,linear,FALSE,512,1,simple,,,5,1000000,1024,12000
20251205-104806,macOS,Apple M2,8,8589934592,Chipset Model: Apple M2,,,ppo,Pyramids,4096,0.000206,327680,0.00829,0.286,0.935,10,linear,FALSE,64,2,simple,,,5,500000,128,12000
20251205-110012,macOS,Apple M2,8,8589934592,Chipset Model: Apple M2,,,ppo,Pyramids,1024,0.000264,40960,0.004975,0.142,0.945,10,linear,TRUE,256,2,simple,,,5,100000,2048,12000
20251205-110307,macOS,Apple M2,8,8589934592,Chipset Model: Apple M2,,,ppo,Sorter,2048,0.000153,81920,0.0066,0.189,0.906,10,constant,FALSE,256,2,simple,,,5,1000000,1024,12000
20251205-122613,macOS,Apple M2,8,8589934592,Chipset Model: Apple M2,,,ppo,Sorter,512,0.000237,10240,0.006541,0.21,0.91,8,linear,FALSE,256,3,simple,,,5,500000,128,12000
20251205-130848,macOS,Apple M2,8,8589934592,Chipset Model: Apple M2,,,ppo,Sorter,4096,0.00021,327680,0.004104,0.262,0.941,4,linear,FALSE,512,2,simple,,,5,1000000,128,12000
20251205-141141,macOS,Apple M2,8,8589934592,Chipset Model: Apple M2,,,ppo,Sorter,2048,0.000135,163840,0.003629,0.248,0.909,4,linear,FALSE,32,2,simple,,,5,1000000,256,12000
20251205-150547,macOS,Apple M2,8,8589934592,Chipset Model: Apple M2,,,ppo,Sorter,2048,0.000253,81920,0.007213,0.23,0.925,10,linear,TRUE,64,1,simple,,,5,1000000,2048,12000
20251205-162739,macOS,Apple M2,8,8589934592,Chipset Model: Apple M2,,,ppo,Walker,4096,0.000159,327680,0.00239,0.274,0.917,4,linear,FALSE,256,3,simple,,,5,100000,128,12000
20251205-163030,macOS,Apple M2,8,8589934592,Chipset Model: Apple M2,,,ppo,Walker,1024,3.10E-05,81920,0.002154,0.15,0.92,5,constant,FALSE,512,1,simple,,,5,500000,256,12000
20251205-214607,macOS,Apple M2,8,8589934592,Chipset Model: Apple M2,,,ppo,Walker,512,0.000255,10240,0.007711,0.148,0.916,5,linear,FALSE,256,1,simple,,,5,2000000,1024,12000
20251205-224534,macOS,Apple M2,8,8589934592,Chipset Model: Apple M2,,,ppo,Walker,4096,4.50E-05,163840,0.007837,0.249,0.916,10,constant,FALSE,32,3,simple,,,5,1000000,1024,12000
20251205-231901,macOS,Apple M2,8,8589934592,Chipset Model: Apple M2,,,ppo,Walker,1024,3.80E-05,40960,0.002118,0.293,0.928,4,constant,FALSE,256,3,simple,,,5,1000000,2048,12000
20251206-002706,macOS,Apple M2,8,8589934592,Chipset Model: Apple M2,,,ppo,Worm,4096,0.000239,81920,0.006642,0.235,0.92,3,constant,TRUE,256,1,simple,,,5,100000,2048,12000
20251206-002843,macOS,Apple M2,8,8589934592,Chipset Model: Apple M2,,,ppo,Worm,1024,0.000186,20480,0.005977,0.109,0.91,3,constant,FALSE,256,1,simple,,,5,500000,1024,12000
20251206-003556,macOS,Apple M2,8,8589934592,Chipset Model: Apple M2,,,ppo,Worm,512,0.000105,20480,0.002304,0.3,0.911,8,linear,FALSE,512,2,simple,,,5,250000,2048,12000
20251206-004026,macOS,Apple M2,8,8589934592,Chipset Model: Apple M2,,,ppo,Worm,2048,0.000295,81920,0.006165,0.177,0.948,10,constant,FALSE,256,1,simple,,,5,250000,64,12000
20251206-004441,macOS,Apple M2,8,8589934592,Chipset Model: Apple M2,,,ppo,Worm,2048,3.90E-05,163840,0.006314,0.147,0.931,10,constant,FALSE,512,3,simple,,,5,100000,256,12000
20251206-004608,macOS,Apple M2,8,8589934592,Chipset Model: Apple M2,,,sac,3DBall,512,0.000261,50000,,,,,constant,TRUE,64,2,simple,,,5,2000000,128,10000
20251206-223313,macOS,Apple M2,8,8589934592,Chipset Model: Apple M2,,,sac,3DBall,1024,0.000243,50000,,,,,constant,TRUE,128,3,simple,,,5,250000,1024,25000
20251206-232447,macOS,Apple M2,8,8589934592,Chipset Model: Apple M2,,,sac,3DBall,128,0.000176,200000,,,,,constant,FALSE,512,3,simple,,,5,2000000,1024,25000
20251207-115503,macOS,Apple M2,8,8589934592,Chipset Model: Apple M2,,,sac,3DBall,512,0.000126,500000,,,,,constant,TRUE,256,1,simple,,,5,250000,512,25000
20251207-121404,macOS,Apple M2,8,8589934592,Chipset Model: Apple M2,,,sac,3DBall,256,0.000286,500000,,,,,constant,TRUE,64,1,simple,,,5,250000,2048,25000
20251207-122623,macOS,Apple M2,8,8589934592,Chipset Model: Apple M2,,,sac,3DBallHard,128,4.00E-05,500000,,,,,constant,FALSE,128,3,simple,,,5,1000000,256,25000
20251207-133609,macOS,Apple M2,8,8589934592,Chipset Model: Apple M2,,,sac,3DBallHard,512,0.00021,500000,,,,,constant,TRUE,256,2,simple,,,5,500000,1024,50000
20251207-151005,macOS,Apple M2,8,8589934592,Chipset Model: Apple M2,,,sac,3DBallHard,1024,0.000213,100000,,,,,constant,TRUE,32,2,simple,,,5,100000,128,25000
20251207-152357,macOS,Apple M2,8,8589934592,Chipset Model: Apple M2,,,sac,3DBallHard,128,0.000169,200000,,,,,constant,FALSE,256,2,simple,,,5,2000000,256,50000
20251207-201929,macOS,Apple M2,8,8589934592,Chipset Model: Apple M2,,,sac,3DBallHard,512,4.30E-05,100000,,,,,constant,TRUE,64,3,simple,,,5,1000000,256,25000
20251207-215032,macOS,Apple M2,8,8589934592,Chipset Model: Apple M2,,,sac,Crawler,512,3.30E-05,500000,,,,,constant,FALSE,64,3,simple,,,5,250000,64,50000
20251207-222055,macOS,Apple M2,8,8589934592,Chipset Model: Apple M2,,,sac,Crawler,256,0.000177,200000,,,,,constant,FALSE,128,3,simple,,,5,250000,128,25000
20251207-225038,macOS,Apple M2,8,8589934592,Chipset Model: Apple M2,,,sac,Crawler,1024,6.00E-05,50000,,,,,constant,FALSE,512,1,simple,,,5,1000000,512,25000
20251208-155120,macOS,Apple M2,8,8589934592,Chipset Model: Apple M2,,,sac,Crawler,128,0.000104,500000,,,,,constant,TRUE,256,2,simple,,,5,2000000,2048,50000
20251208-192006,macOS,Apple M2,8,8589934592,Chipset Model: Apple M2,,,sac,Crawler,1024,0.00014,200000,,,,,constant,TRUE,256,2,simple,,,5,100000,512,25000
20251125-133528,Windows 11,"AMD64 Family 25 Model 33 Stepping 2, AuthenticAMD",8,34265653248,NVIDIA GeForce RTX 5080,16303,,ppo,3DBall,512,3.20E-05,20480,0.008328,0.211,0.939,8,linear,TRUE,32,2,simple,,,5,100000,256,12000
20251125-133647,Windows 11,"AMD64 Family 25 Model 33 Stepping 2, AuthenticAMD",8,34265653248,NVIDIA GeForce RTX 5080,16303,,ppo,3DBall,512,0.000144,40960,0.004578,0.157,0.948,3,constant,TRUE,32,3,simple,,,5,500000,256,12000
20251125-134106,Windows 11,AMD Ryzen 7 5700X 8-Core Processor,8,34265653248,NVIDIA GeForce RTX 5080,16303,,ppo,3DBall,4096,6.20E-05,163840,0.000441,0.214,0.918,4,linear,FALSE,256,3,simple,,,5,1000000,2048,12000
20251125-135114,Windows 11,AMD Ryzen 7 5700X 8-Core Processor,8,34265653248,NVIDIA GeForce RTX 5080,16303,,ppo,3DBall,4096,0.00027,163840,0.009338,0.284,0.941,5,constant,FALSE,64,1,simple,,,5,500000,128,12000
20251125-135648,Windows 11,AMD Ryzen 7 5700X 8-Core Processor,8,34265653248,NVIDIA GeForce RTX 5080,16303,,ppo,3DBall,4096,0.000116,163840,0.007948,0.213,0.915,10,constant,TRUE,32,3,simple,,,5,250000,128,12000
20251125-135946,Windows 11,AMD Ryzen 7 5700X 8-Core Processor,8,34265653248,NVIDIA GeForce RTX 5080,16303,,ppo,3DBall,2048,0.000196,40960,0.001918,0.208,0.907,8,linear,TRUE,128,1,simple,,,5,2000000,1024,12000
20251125-142107,Windows 11,AMD Ryzen 7 5700X 8-Core Processor,8,34265653248,NVIDIA GeForce RTX 5080,16303,,ppo,3DBall,512,0.000154,20480,0.007982,0.123,0.923,10,linear,FALSE,64,3,simple,,,5,500000,1024,12000
20251125-142746,Windows 11,AMD Ryzen 7 5700X 8-Core Processor,8,34265653248,NVIDIA GeForce RTX 5080,16303,,ppo,3DBall,1024,0.000136,81920,0.008917,0.14,0.917,8,constant,TRUE,512,3,simple,,,5,1000000,2048,12000
20251125-144409,Windows 11,AMD Ryzen 7 5700X 8-Core Processor,8,34265653248,NVIDIA GeForce RTX 5080,16303,,ppo,3DBall,2048,2.90E-05,40960,0.00084,0.225,0.919,10,linear,TRUE,32,2,simple,,,5,100000,256,12000
20251125-144533,Windows 11,AMD Ryzen 7 5700X 8-Core Processor,8,34265653248,NVIDIA GeForce RTX 5080,16303,,ppo,3DBall,2048,0.000259,40960,0.008583,0.249,0.928,4,constant,FALSE,256,2,simple,,,5,2000000,64,12000
20251125-150317,Windows 11,AMD Ryzen 7 5700X 8-Core Processor,8,34265653248,NVIDIA GeForce RTX 5080,16303,,ppo,3DBall,2048,1.60E-05,163840,0.001242,0.125,0.936,5,linear,TRUE,256,2,simple,,,5,250000,2048,12000
20251125-150540,Windows 11,AMD Ryzen 7 5700X 8-Core Processor,8,34265653248,NVIDIA GeForce RTX 5080,16303,,ppo,3DBall,4096,0.000276,81920,0.000921,0.12,0.907,8,constant,FALSE,512,1,simple,,,5,250000,256,12000
20251125-150842,Windows 11,AMD Ryzen 7 5700X 8-Core Processor,8,34265653248,NVIDIA GeForce RTX 5080,16303,,ppo,3DBall,512,0.000105,20480,0.006129,0.128,0.944,4,linear,FALSE,32,1,simple,,,5,2000000,64,12000
20251125-152506,Windows 11,AMD Ryzen 7 5700X 8-Core Processor,8,34265653248,NVIDIA GeForce RTX 5080,16303,,ppo,3DBall,1024,0.000122,40960,0.003488,0.133,0.938,10,constant,TRUE,256,2,simple,,,5,100000,2048,12000
20251125-152630,Windows 11,AMD Ryzen 7 5700X 8-Core Processor,8,34265653248,NVIDIA GeForce RTX 5080,16303,,ppo,3DBall,512,0.000205,20480,0.003381,0.183,0.95,5,constant,TRUE,512,3,simple,,,5,2000000,256,12000
20251125-154920,Windows 11,AMD Ryzen 7 5700X 8-Core Processor,8,34265653248,NVIDIA GeForce RTX 5080,16303,,ppo,3DBall,2048,0.000137,40960,0.004273,0.151,0.947,8,constant,FALSE,32,2,simple,,,5,2000000,1024,12000
20251125-161020,Windows 11,AMD Ryzen 7 5700X 8-Core Processor,8,34265653248,NVIDIA GeForce RTX 5080,16303,,ppo,3DBall,4096,4.90E-05,81920,0.00966,0.12,0.944,8,linear,FALSE,64,1,simple,,,5,500000,2048,12000
20251125-161632,Windows 11,AMD Ryzen 7 5700X 8-Core Processor,8,34265653248,NVIDIA GeForce RTX 5080,16303,,ppo,3DBall,512,6.30E-05,40960,0.005097,0.195,0.915,3,constant,FALSE,512,1,simple,,,5,250000,64,12000
20251125-161853,Windows 11,AMD Ryzen 7 5700X 8-Core Processor,8,34265653248,NVIDIA GeForce RTX 5080,16303,,ppo,3DBall,4096,0.000138,163840,0.00797,0.158,0.91,3,constant,TRUE,256,2,simple,,,5,2000000,256,12000
20251125-163953,Windows 11,AMD Ryzen 7 5700X 8-Core Processor,8,34265653248,NVIDIA GeForce RTX 5080,16303,,ppo,3DBall,1024,6.60E-05,40960,0.005609,0.194,0.933,5,linear,TRUE,128,3,simple,,,5,500000,512,12000
20251125-164552,Windows 11,AMD Ryzen 7 5700X 8-Core Processor,8,34265653248,NVIDIA GeForce RTX 5080,16303,,ppo,3DBall,2048,0.00024,163840,0.008713,0.254,0.936,8,linear,FALSE,128,2,simple,,,5,1000000,1024,12000
20251125-165747,Windows 11,AMD Ryzen 7 5700X 8-Core Processor,8,34265653248,NVIDIA GeForce RTX 5080,16303,,ppo,3DBall,2048,0.000283,81920,0.009334,0.233,0.913,8,linear,FALSE,128,3,simple,,,5,500000,128,12000
20251125-170415,Windows 11,AMD Ryzen 7 5700X 8-Core Processor,8,34265653248,NVIDIA GeForce RTX 5080,16303,,ppo,3DBall,2048,0.000245,40960,0.006296,0.275,0.929,8,linear,FALSE,64,3,simple,,,5,1000000,512,12000
20251125-171524,Windows 11,AMD Ryzen 7 5700X 8-Core Processor,8,34265653248,NVIDIA GeForce RTX 5080,16303,,ppo,3DBall,1024,1.80E-05,40960,0.008319,0.249,0.918,10,linear,FALSE,256,3,simple,,,5,1000000,1024,12000
20251125-173007,Windows 11,AMD Ryzen 7 5700X 8-Core Processor,8,34265653248,NVIDIA GeForce RTX 5080,16303,,ppo,3DBall,1024,4.00E-05,20480,0.008364,0.293,0.906,8,linear,TRUE,64,3,simple,,,5,250000,256,12000
20251125-173320,Windows 11,AMD Ryzen 7 5700X 8-Core Processor,8,34265653248,NVIDIA GeForce RTX 5080,16303,,ppo,3DBall,512,0.000206,20480,0.004054,0.223,0.92,10,constant,FALSE,256,3,simple,,,5,100000,64,12000
20251125-173453,Windows 11,AMD Ryzen 7 5700X 8-Core Processor,8,34265653248,NVIDIA GeForce RTX 5080,16303,,ppo,3DBall,1024,0.000147,40960,0.00827,0.209,0.916,8,linear,TRUE,256,2,simple,,,5,2000000,256,12000
20251125-175811,Windows 11,AMD Ryzen 7 5700X 8-Core Processor,8,34265653248,NVIDIA GeForce RTX 5080,16303,,ppo,3DBall,2048,9.30E-05,40960,0.004927,0.299,0.916,4,linear,TRUE,32,3,simple,,,5,2000000,2048,12000
20251125-181507,Windows 11,AMD Ryzen 7 5700X 8-Core Processor,8,34265653248,NVIDIA GeForce RTX 5080,16303,,ppo,3DBall,512,0.000215,20480,0.003937,0.29,0.942,10,constant,TRUE,512,2,simple,,,5,100000,64,12000
20251125-181647,Windows 11,AMD Ryzen 7 5700X 8-Core Processor,8,34265653248,NVIDIA GeForce RTX 5080,16303,,ppo,3DBall,512,0.000195,20480,0.006642,0.256,0.936,8,linear,FALSE,64,3,simple,,,5,2000000,2048,12000
20251125-183934,Windows 11,AMD Ryzen 7 5700X 8-Core Processor,8,34265653248,NVIDIA GeForce RTX 5080,16303,,ppo,3DBall,4096,6.90E-05,81920,0.00186,0.183,0.933,4,linear,TRUE,256,1,simple,,,5,250000,1024,12000
20251125-184207,Windows 11,AMD Ryzen 7 5700X 8-Core Processor,8,34265653248,NVIDIA GeForce RTX 5080,16303,,ppo,3DBall,2048,0.000267,163840,0.003995,0.216,0.923,5,constant,TRUE,64,2,simple,,,5,100000,64,12000
20251125-184300,Windows 11,AMD Ryzen 7 5700X 8-Core Processor,8,34265653248,NVIDIA GeForce RTX 5080,16303,,ppo,3DBall,1024,0.000248,40960,0.003932,0.172,0.912,10,linear,TRUE,32,1,simple,,,5,100000,128,12000
20251125-184424,Windows 11,AMD Ryzen 7 5700X 8-Core Processor,8,34265653248,NVIDIA GeForce RTX 5080,16303,,ppo,3DBall,1024,8.80E-05,40960,0.001842,0.282,0.904,8,linear,FALSE,32,2,simple,,,5,250000,512,12000
20251125-184732,Windows 11,AMD Ryzen 7 5700X 8-Core Processor,8,34265653248,NVIDIA GeForce RTX 5080,16303,,ppo,3DBall,4096,0.000154,81920,0.008742,0.131,0.927,5,linear,FALSE,512,2,simple,,,5,1000000,64,12000
20251125-185916,Windows 11,AMD Ryzen 7 5700X 8-Core Processor,8,34265653248,NVIDIA GeForce RTX 5080,16303,,ppo,3DBall,1024,0.000147,81920,0.00363,0.268,0.915,4,linear,FALSE,256,3,simple,,,5,2000000,64,12000
20251125-191804,Windows 11,AMD Ryzen 7 5700X 8-Core Processor,8,34265653248,NVIDIA GeForce RTX 5080,16303,,ppo,3DBall,4096,7.90E-05,81920,0.00857,0.155,0.902,3,constant,FALSE,64,3,simple,,,5,2000000,512,12000
20251125-193434,Windows 11,AMD Ryzen 7 5700X 8-Core Processor,8,34265653248,NVIDIA GeForce RTX 5080,16303,,ppo,3DBall,512,1.70E-05,10240,0.001977,0.294,0.942,8,linear,FALSE,32,2,simple,,,5,250000,128,12000
20251125-193747,Windows 11,AMD Ryzen 7 5700X 8-Core Processor,8,34265653248,NVIDIA GeForce RTX 5080,16303,,ppo,3DBall,4096,0.00011,81920,0.000207,0.292,0.913,8,linear,TRUE,32,2,simple,,,5,100000,1024,12000
20251125-193904,Windows 11,AMD Ryzen 7 5700X 8-Core Processor,8,34265653248,NVIDIA GeForce RTX 5080,16303,,ppo,3DBall,2048,0.000255,81920,0.002203,0.246,0.906,10,constant,TRUE,128,3,simple,,,5,100000,2048,12000
20251125-194032,Windows 11,AMD Ryzen 7 5700X 8-Core Processor,8,34265653248,NVIDIA GeForce RTX 5080,16303,,ppo,3DBall,4096,0.000127,81920,0.008001,0.28,0.92,3,constant,FALSE,512,3,simple,,,5,2000000,512,12000
20251125-200018,Windows 11,AMD Ryzen 7 5700X 8-Core Processor,8,34265653248,NVIDIA GeForce RTX 5080,16303,,ppo,3DBall,512,0.000179,40960,0.002002,0.299,0.941,4,constant,TRUE,128,1,simple,,,5,250000,128,12000
20251125-200249,Windows 11,AMD Ryzen 7 5700X 8-Core Processor,8,34265653248,NVIDIA GeForce RTX 5080,16303,,ppo,3DBall,2048,0.000271,81920,0.006469,0.203,0.909,5,constant,TRUE,64,3,simple,,,5,1000000,128,12000
20251125-201253,Windows 11,AMD Ryzen 7 5700X 8-Core Processor,8,34265653248,NVIDIA GeForce RTX 5080,16303,,ppo,3DBall,1024,0.000201,20480,0.004013,0.2,0.949,10,linear,FALSE,64,2,simple,,,5,1000000,512,12000
20251125-202546,Windows 11,AMD Ryzen 7 5700X 8-Core Processor,8,34265653248,NVIDIA GeForce RTX 5080,16303,,ppo,3DBall,4096,0.000171,81920,0.000605,0.143,0.92,8,constant,TRUE,64,3,simple,,,5,500000,1024,12000
20251125-203209,Windows 11,AMD Ryzen 7 5700X 8-Core Processor,8,34265653248,NVIDIA GeForce RTX 5080,16303,,ppo,3DBall,1024,0.000166,81920,0.008622,0.177,0.909,3,linear,FALSE,512,1,simple,,,5,100000,2048,12000
20251125-203314,Windows 11,AMD Ryzen 7 5700X 8-Core Processor,8,34265653248,NVIDIA GeForce RTX 5080,16303,,ppo,3DBall,1024,0.000216,81920,0.004348,0.238,0.943,8,constant,FALSE,32,2,simple,,,5,100000,2048,12000
20251125-203435,Windows 11,AMD Ryzen 7 5700X 8-Core Processor,8,34265653248,NVIDIA GeForce RTX 5080,16303,,ppo,3DBall,512,0.000281,40960,0.000439,0.226,0.903,10,constant,TRUE,128,3,simple,,,5,2000000,256,12000
20251125-210746,Windows 11,AMD Ryzen 7 5700X 8-Core Processor,8,34265653248,NVIDIA GeForce RTX 5080,16303,,ppo,3DBall,4096,0.000141,327680,0.007872,0.108,0.921,4,constant,TRUE,512,1,simple,,,5,250000,256,12000
20251125-211008,Windows 11,AMD Ryzen 7 5700X 8-Core Processor,8,34265653248,NVIDIA GeForce RTX 5080,16303,,ppo,3DBall,512,5.10E-05,40960,0.00942,0.135,0.927,5,constant,TRUE,256,1,simple,,,5,100000,256,12000
20251125-211127,Windows 11,AMD Ryzen 7 5700X 8-Core Processor,8,34265653248,NVIDIA GeForce RTX 5080,16303,,ppo,3DBall,4096,5.40E-05,163840,0.00579,0.288,0.913,4,linear,FALSE,256,1,simple,,,5,1000000,256,12000
20251125-212338,Windows 11,AMD Ryzen 7 5700X 8-Core Processor,8,34265653248,NVIDIA GeForce RTX 5080,16303,,ppo,3DBall,512,8.20E-05,10240,0.00994,0.252,0.945,8,constant,FALSE,512,3,simple,,,5,500000,2048,12000
20251125-213345,Windows 11,AMD Ryzen 7 5700X 8-Core Processor,8,34265653248,NVIDIA GeForce RTX 5080,16303,,ppo,3DBall,1024,2.60E-05,20480,0.001499,0.29,0.919,8,constant,TRUE,64,3,simple,,,5,500000,512,12000
20251125-214135,Windows 11,AMD Ryzen 7 5700X 8-Core Processor,8,34265653248,NVIDIA GeForce RTX 5080,16303,,ppo,3DBall,2048,9.20E-05,81920,0.005066,0.265,0.947,5,constant,FALSE,128,1,simple,,,5,250000,512,12000
20251125-214509,Windows 11,AMD Ryzen 7 5700X 8-Core Processor,8,34265653248,NVIDIA GeForce RTX 5080,16303,,ppo,3DBall,2048,0.000152,163840,0.000357,0.245,0.935,10,constant,FALSE,512,2,simple,,,5,1000000,512,12000
20251125-220618,Windows 11,AMD Ryzen 7 5700X 8-Core Processor,8,34265653248,NVIDIA GeForce RTX 5080,16303,,ppo,3DBall,512,0.000118,10240,0.009034,0.15,0.912,3,constant,FALSE,128,1,simple,,,5,250000,64,12000
20251125-220930,Windows 11,AMD Ryzen 7 5700X 8-Core Processor,8,34265653248,NVIDIA GeForce RTX 5080,16303,,ppo,3DBall,1024,0.000197,20480,0.005226,0.262,0.901,8,linear,TRUE,32,2,simple,,,5,2000000,512,12000
20251125-223552,Windows 11,AMD Ryzen 7 5700X 8-Core Processor,8,34265653248,NVIDIA GeForce RTX 5080,16303,,ppo,3DBall,4096,5.30E-05,81920,0.007581,0.153,0.94,8,linear,FALSE,128,1,simple,,,5,2000000,128,12000
20251125-230037,Windows 11,AMD Ryzen 7 5700X 8-Core Processor,8,34265653248,NVIDIA GeForce RTX 5080,16303,,ppo,3DBall,2048,1.60E-05,81920,0.005295,0.272,0.911,10,constant,TRUE,512,2,simple,,,5,500000,64,12000
20251125-231017,Windows 11,AMD Ryzen 7 5700X 8-Core Processor,8,34265653248,NVIDIA GeForce RTX 5080,16303,,ppo,3DBall,2048,0.000243,81920,0.007626,0.169,0.907,8,linear,TRUE,512,2,simple,,,5,100000,64,12000
20251125-231217,Windows 11,AMD Ryzen 7 5700X 8-Core Processor,8,34265653248,NVIDIA GeForce RTX 5080,16303,,ppo,3DBall,2048,0.000286,81920,0.00857,0.285,0.903,4,linear,FALSE,256,2,simple,,,5,500000,64,12000
20251125-231844,Windows 11,AMD Ryzen 7 5700X 8-Core Processor,8,34265653248,NVIDIA GeForce RTX 5080,16303,,ppo,3DBall,1024,2.90E-05,20480,0.000902,0.261,0.941,4,constant,FALSE,32,2,simple,,,5,100000,128,12000
20251125-232006,Windows 11,AMD Ryzen 7 5700X 8-Core Processor,8,34265653248,NVIDIA GeForce RTX 5080,16303,,ppo,3DBall,2048,0.000155,40960,0.008696,0.171,0.907,4,constant,FALSE,32,3,simple,,,5,250000,64,12000
20251125-232322,Windows 11,AMD Ryzen 7 5700X 8-Core Processor,8,34265653248,NVIDIA GeForce RTX 5080,16303,,ppo,3DBall,512,0.000106,20480,0.00955,0.16,0.928,4,constant,TRUE,64,3,simple,,,5,250000,2048,12000
20251125-232636,Windows 11,AMD Ryzen 7 5700X 8-Core Processor,8,34265653248,NVIDIA GeForce RTX 5080,16303,,ppo,3DBall,1024,0.000296,20480,0.008509,0.134,0.95,10,constant,TRUE,512,1,simple,,,5,2000000,1024,12000
20251125-235753,Windows 11,AMD Ryzen 7 5700X 8-Core Processor,8,34265653248,NVIDIA GeForce RTX 5080,16303,,ppo,3DBall,1024,4.60E-05,40960,0.004188,0.2,0.921,4,linear,FALSE,512,1,simple,,,5,250000,256,12000
20251126-000112,Windows 11,AMD Ryzen 7 5700X 8-Core Processor,8,34265653248,NVIDIA GeForce RTX 5080,16303,,ppo,3DBall,4096,0.000252,163840,0.008532,0.14,0.905,5,linear,FALSE,64,2,simple,,,5,100000,512,12000
20251126-000225,Windows 11,AMD Ryzen 7 5700X 8-Core Processor,8,34265653248,NVIDIA GeForce RTX 5080,16303,,ppo,3DBall,4096,0.000169,163840,0.000858,0.199,0.931,10,constant,FALSE,256,2,simple,,,5,1000000,1024,12000
20251126-001959,Windows 11,AMD Ryzen 7 5700X 8-Core Processor,8,34265653248,NVIDIA GeForce RTX 5080,16303,,ppo,3DBall,512,0.000193,40960,0.000437,0.289,0.937,10,linear,FALSE,256,2,simple,,,5,1000000,512,12000
20251126-003618,Windows 11,AMD Ryzen 7 5700X 8-Core Processor,8,34265653248,NVIDIA GeForce RTX 5080,16303,,ppo,3DBall,512,0.000168,10240,0.005545,0.118,0.946,4,linear,FALSE,32,1,simple,,,5,100000,64,12000
20251126-003742,Windows 11,AMD Ryzen 7 5700X 8-Core Processor,8,34265653248,NVIDIA GeForce RTX 5080,16303,,ppo,3DBall,4096,0.000162,163840,0.007467,0.184,0.946,3,constant,FALSE,256,2,simple,,,5,1000000,1024,12000
20251126-004912,Windows 11,AMD Ryzen 7 5700X 8-Core Processor,8,34265653248,NVIDIA GeForce RTX 5080,16303,,ppo,3DBall,512,7.60E-05,10240,0.004626,0.132,0.933,4,linear,TRUE,512,1,simple,,,5,100000,1024,12000
20251126-005042,Windows 11,AMD Ryzen 7 5700X 8-Core Processor,8,34265653248,NVIDIA GeForce RTX 5080,16303,,ppo,3DBall,4096,0.000269,327680,0.003456,0.192,0.94,4,linear,FALSE,64,1,simple,,,5,500000,2048,12000
20251126-005634,Windows 11,AMD Ryzen 7 5700X 8-Core Processor,8,34265653248,NVIDIA GeForce RTX 5080,16303,,ppo,3DBall,4096,0.000268,327680,0.009941,0.23,0.921,10,linear,TRUE,256,3,simple,,,5,1000000,128,12000
20251126-011600,Windows 11,AMD Ryzen 7 5700X 8-Core Processor,8,34265653248,NVIDIA GeForce RTX 5080,16303,,ppo,3DBall,1024,0.000217,20480,0.008558,0.247,0.934,4,linear,FALSE,512,1,simple,,,5,1000000,512,12000
20251126-012754,Windows 11,AMD Ryzen 7 5700X 8-Core Processor,8,34265653248,NVIDIA GeForce RTX 5080,16303,,ppo,3DBall,2048,0.000134,163840,0.00136,0.26,0.921,5,constant,TRUE,32,2,simple,,,5,1000000,1024,12000
20251126-014034,Windows 11,AMD Ryzen 7 5700X 8-Core Processor,8,34265653248,NVIDIA GeForce RTX 5080,16303,,ppo,3DBall,4096,0.000223,163840,0.008034,0.171,0.917,5,linear,TRUE,128,1,simple,,,5,100000,512,12000
20251126-014128,Windows 11,AMD Ryzen 7 5700X 8-Core Processor,8,34265653248,NVIDIA GeForce RTX 5080,16303,,ppo,3DBall,4096,0.000148,327680,0.005102,0.225,0.907,3,constant,FALSE,512,3,simple,,,5,100000,256,12000
20251126-014228,Windows 11,AMD Ryzen 7 5700X 8-Core Processor,8,34265653248,NVIDIA GeForce RTX 5080,16303,,ppo,3DBall,512,0.000269,10240,0.00704,0.176,0.928,8,linear,FALSE,128,1,simple,,,5,100000,64,12000
20251126-014347,Windows 11,AMD Ryzen 7 5700X 8-Core Processor,8,34265653248,NVIDIA GeForce RTX 5080,16303,,ppo,3DBall,2048,0.000287,40960,0.005344,0.198,0.901,4,constant,FALSE,32,1,simple,,,5,1000000,1024,12000
20251126-015248,Windows 11,AMD Ryzen 7 5700X 8-Core Processor,8,34265653248,NVIDIA GeForce RTX 5080,16303,,ppo,3DBall,512,0.000126,20480,0.006889,0.221,0.939,4,constant,FALSE,128,1,simple,,,5,500000,1024,12000
20251126-015730,Windows 11,AMD Ryzen 7 5700X 8-Core Processor,8,34265653248,NVIDIA GeForce RTX 5080,16303,,ppo,3DBall,4096,3.40E-05,327680,0.003249,0.135,0.949,5,constant,FALSE,512,2,simple,,,5,250000,64,12000
20251126-015932,Windows 11,AMD Ryzen 7 5700X 8-Core Processor,8,34265653248,NVIDIA GeForce RTX 5080,16303,,ppo,3DBall,4096,0.00023,163840,0.009776,0.131,0.92,3,constant,FALSE,512,3,simple,,,5,1000000,128,12000
20251126-021105,Windows 11,AMD Ryzen 7 5700X 8-Core Processor,8,34265653248,NVIDIA GeForce RTX 5080,16303,,ppo,3DBall,4096,0.000222,327680,0.002613,0.176,0.917,8,constant,FALSE,512,1,simple,,,5,1000000,512,12000
20251126-022532,Windows 11,AMD Ryzen 7 5700X 8-Core Processor,8,34265653248,NVIDIA GeForce RTX 5080,16303,,ppo,3DBall,2048,9.70E-05,81920,0.006101,0.133,0.901,10,linear,TRUE,512,2,simple,,,5,2000000,64,12000
20251126-025632,Windows 11,AMD Ryzen 7 5700X 8-Core Processor,8,34265653248,NVIDIA GeForce RTX 5080,16303,,ppo,3DBall,2048,0.000163,163840,0.003512,0.25,0.905,3,linear,FALSE,256,2,simple,,,5,1000000,512,12000
20251126-030524,Windows 11,AMD Ryzen 7 5700X 8-Core Processor,8,34265653248,NVIDIA GeForce RTX 5080,16303,,ppo,3DBall,1024,0.000229,81920,0.009212,0.22,0.933,10,constant,TRUE,64,2,simple,,,5,1000000,128,12000
20251126-031741,Windows 11,AMD Ryzen 7 5700X 8-Core Processor,8,34265653248,NVIDIA GeForce RTX 5080,16303,,ppo,3DBall,512,0.000156,40960,0.002508,0.265,0.944,5,linear,TRUE,512,2,simple,,,5,1000000,512,12000
20251126-032847,Windows 11,AMD Ryzen 7 5700X 8-Core Processor,8,34265653248,NVIDIA GeForce RTX 5080,16303,,ppo,3DBall,2048,0.000287,40960,0.005344,0.198,0.901,4,constant,FALSE,32,1,simple,,,5,1000000,1024,12000
20251126-033756,Windows 11,AMD Ryzen 7 5700X 8-Core Processor,8,34265653248,NVIDIA GeForce RTX 5080,16303,,ppo,3DBall,2048,0.000256,163840,0.005612,0.256,0.936,4,constant,FALSE,32,2,simple,,,5,500000,2048,12000
20251126-034236,Windows 11,AMD Ryzen 7 5700X 8-Core Processor,8,34265653248,NVIDIA GeForce RTX 5080,16303,,ppo,3DBall,4096,4.30E-05,327680,0.00299,0.281,0.923,5,linear,FALSE,64,3,simple,,,5,2000000,1024,12000
20251126-040116,Windows 11,AMD Ryzen 7 5700X 8-Core Processor,8,34265653248,NVIDIA GeForce RTX 5080,16303,,ppo,3DBall,2048,0.000284,163840,0.001363,0.233,0.917,10,constant,FALSE,256,1,simple,,,5,500000,512,12000
20251126-040732,Windows 11,AMD Ryzen 7 5700X 8-Core Processor,8,34265653248,NVIDIA GeForce RTX 5080,16303,,ppo,3DBall,512,5.70E-05,20480,0.000361,0.116,0.931,10,constant,TRUE,64,3,simple,,,5,1000000,128,12000
20251126-041950,Windows 11,AMD Ryzen 7 5700X 8-Core Processor,8,34265653248,NVIDIA GeForce RTX 5080,16303,,ppo,3DBall,2048,0.000294,81920,0.009798,0.241,0.916,4,linear,TRUE,512,3,simple,,,5,500000,2048,12000
20251126-042521,Windows 11,AMD Ryzen 7 5700X 8-Core Processor,8,34265653248,NVIDIA GeForce RTX 5080,16303,,ppo,3DBall,1024,8.90E-05,20480,0.001603,0.107,0.948,10,linear,TRUE,512,2,simple,,,5,250000,2048,12000
20251126-042910,Windows 11,AMD Ryzen 7 5700X 8-Core Processor,8,34265653248,NVIDIA GeForce RTX 5080,16303,,ppo,3DBall,2048,0.000159,81920,0.000826,0.169,0.906,4,constant,TRUE,128,1,simple,,,5,500000,256,12000
20251126-043338,Windows 11,AMD Ryzen 7 5700X 8-Core Processor,8,34265653248,NVIDIA GeForce RTX 5080,16303,,ppo,3DBall,512,8.00E-05,10240,0.005223,0.107,0.924,8,linear,FALSE,128,3,simple,,,5,250000,1024,12000
20251126-043640,Windows 11,AMD Ryzen 7 5700X 8-Core Processor,8,34265653248,NVIDIA GeForce RTX 5080,16303,,ppo,3DBall,512,0.000161,20480,0.002508,0.123,0.944,5,constant,TRUE,64,3,simple,,,5,1000000,2048,12000
20251126-044531,Windows 11,AMD Ryzen 7 5700X 8-Core Processor,8,34265653248,NVIDIA GeForce RTX 5080,16303,,ppo,3DBall,1024,4.90E-05,40960,0.009865,0.155,0.945,10,constant,TRUE,512,3,simple,,,5,500000,1024,12000
20251126-045400,Windows 11,AMD Ryzen 7 5700X 8-Core Processor,8,34265653248,NVIDIA GeForce RTX 5080,16303,,ppo,3DBall,512,3.10E-05,20480,0.009621,0.167,0.926,5,constant,FALSE,32,3,simple,,,5,1000000,512,12000
20251126-050310,Windows 11,AMD Ryzen 7 5700X 8-Core Processor,8,34265653248,NVIDIA GeForce RTX 5080,16303,,ppo,3DBall,4096,7.60E-05,81920,0.002959,0.242,0.937,5,constant,TRUE,32,1,simple,,,5,1000000,64,12000
20251126-051236,Windows 11,AMD Ryzen 7 5700X 8-Core Processor,8,34265653248,NVIDIA GeForce RTX 5080,16303,,ppo,3DBall,1024,2.60E-05,20480,0.001499,0.29,0.919,8,constant,TRUE,64,3,simple,,,5,500000,512,12000
20251126-051808,Windows 11,AMD Ryzen 7 5700X 8-Core Processor,8,34265653248,NVIDIA GeForce RTX 5080,16303,,ppo,3DBall,1024,9.10E-05,40960,0.008009,0.164,0.904,3,linear,TRUE,64,3,simple,,,5,500000,2048,12000
20251126-052222,Windows 11,AMD Ryzen 7 5700X 8-Core Processor,8,34265653248,NVIDIA GeForce RTX 5080,16303,,ppo,3DBall,4096,5.10E-05,81920,0.002426,0.16,0.925,3,constant,FALSE,128,1,simple,,,5,1000000,2048,12000
20251126-053020,Windows 11,AMD Ryzen 7 5700X 8-Core Processor,8,34265653248,NVIDIA GeForce RTX 5080,16303,,ppo,3DBall,2048,3.70E-05,81920,0.002215,0.279,0.929,5,constant,FALSE,256,1,simple,,,5,500000,512,12000
20251126-053506,Windows 11,AMD Ryzen 7 5700X 8-Core Processor,8,34265653248,NVIDIA GeForce RTX 5080,16303,,ppo,3DBall,512,0.000236,10240,0.007743,0.296,0.912,4,linear,FALSE,512,3,simple,,,5,2000000,2048,12000
20251126-055503,Windows 11,AMD Ryzen 7 5700X 8-Core Processor,8,34265653248,NVIDIA GeForce RTX 5080,16303,,ppo,3DBall,512,0.000257,20480,0.007168,0.17,0.935,8,constant,FALSE,64,3,simple,,,5,2000000,128,12000
20251126-061614,Windows 11,AMD Ryzen 7 5700X 8-Core Processor,8,34265653248,NVIDIA GeForce RTX 5080,16303,,ppo,3DBall,2048,0.000244,40960,0.008851,0.296,0.941,10,linear,FALSE,32,3,simple,,,5,500000,1024,12000
20251126-062211,Windows 11,AMD Ryzen 7 5700X 8-Core Processor,8,34265653248,NVIDIA GeForce RTX 5080,16303,,ppo,3DBall,1024,0.00015,20480,0.008858,0.294,0.915,5,constant,TRUE,512,2,simple,,,5,500000,512,12000
20251126-062716,Windows 11,AMD Ryzen 7 5700X 8-Core Processor,8,34265653248,NVIDIA GeForce RTX 5080,16303,,ppo,3DBall,1024,0.00011,20480,0.003929,0.259,0.919,5,linear,FALSE,128,1,simple,,,5,1000000,128,12000
20251126-063556,Windows 11,AMD Ryzen 7 5700X 8-Core Processor,8,34265653248,NVIDIA GeForce RTX 5080,16303,,ppo,3DBall,1024,0.000233,40960,0.001476,0.282,0.942,8,linear,TRUE,128,1,simple,,,5,500000,512,12000
20251126-064116,Windows 11,AMD Ryzen 7 5700X 8-Core Processor,8,34265653248,NVIDIA GeForce RTX 5080,16303,,ppo,3DBall,2048,0.000105,81920,0.00208,0.159,0.938,3,linear,FALSE,512,2,simple,,,5,2000000,256,12000
20251126-065746,Windows 11,AMD Ryzen 7 5700X 8-Core Processor,8,34265653248,NVIDIA GeForce RTX 5080,16303,,ppo,3DBall,1024,0.000224,40960,0.005678,0.278,0.906,10,constant,FALSE,256,3,simple,,,5,2000000,64,12000
20251126-072338,Windows 11,AMD Ryzen 7 5700X 8-Core Processor,8,34265653248,NVIDIA GeForce RTX 5080,16303,,ppo,3DBall,1024,8.50E-05,40960,0.004868,0.191,0.937,10,linear,FALSE,64,2,simple,,,5,250000,128,12000
20251126-072651,Windows 11,AMD Ryzen 7 5700X 8-Core Processor,8,34265653248,NVIDIA GeForce RTX 5080,16303,,ppo,3DBall,2048,2.00E-05,81920,0.003879,0.284,0.939,3,linear,TRUE,128,2,simple,,,5,250000,64,12000
20251126-072906,Windows 11,AMD Ryzen 7 5700X 8-Core Processor,8,34265653248,NVIDIA GeForce RTX 5080,16303,,ppo,3DBall,512,6.00E-05,10240,0.006921,0.114,0.94,3,linear,TRUE,32,3,simple,,,5,1000000,64,12000
20251126-073653,Windows 11,AMD Ryzen 7 5700X 8-Core Processor,8,34265653248,NVIDIA GeForce RTX 5080,16303,,ppo,3DBall,1024,0.000169,20480,0.005444,0.231,0.947,8,constant,FALSE,32,3,simple,,,5,1000000,512,12000
20251126-074711,Windows 11,AMD Ryzen 7 5700X 8-Core Processor,8,34265653248,NVIDIA GeForce RTX 5080,16303,,ppo,3DBall,4096,9.30E-05,81920,0.003723,0.147,0.95,10,linear,TRUE,256,2,simple,,,5,250000,128,12000
20251126-075037,Windows 11,AMD Ryzen 7 5700X 8-Core Processor,8,34265653248,NVIDIA GeForce RTX 5080,16303,,ppo,3DBall,4096,3.70E-05,327680,0.003951,0.249,0.941,10,constant,TRUE,32,1,simple,,,5,500000,64,12000
20251126-075554,Windows 11,AMD Ryzen 7 5700X 8-Core Processor,8,34265653248,NVIDIA GeForce RTX 5080,16303,,ppo,3DBall,1024,8.20E-05,40960,0.000448,0.145,0.907,3,linear,TRUE,512,2,simple,,,5,2000000,256,12000
20251126-081212,Windows 11,AMD Ryzen 7 5700X 8-Core Processor,8,34265653248,NVIDIA GeForce RTX 5080,16303,,ppo,3DBall,1024,0.000215,20480,0.007348,0.278,0.906,4,linear,FALSE,32,2,simple,,,5,100000,1024,12000
20251126-081312,Windows 11,AMD Ryzen 7 5700X 8-Core Processor,8,34265653248,NVIDIA GeForce RTX 5080,16303,,ppo,3DBall,4096,0.000287,327680,0.006137,0.121,0.925,4,constant,TRUE,256,2,simple,,,5,500000,64,12000
20251126-081730,Windows 11,AMD Ryzen 7 5700X 8-Core Processor,8,34265653248,NVIDIA GeForce RTX 5080,16303,,ppo,3DBall,1024,0.00015,20480,0.008858,0.294,0.915,5,constant,TRUE,512,2,simple,,,5,500000,512,12000
20251126-082236,Windows 11,AMD Ryzen 7 5700X 8-Core Processor,8,34265653248,NVIDIA GeForce RTX 5080,16303,,ppo,3DBall,512,0.000182,10240,0.002918,0.248,0.944,10,constant,TRUE,256,3,simple,,,5,500000,512,12000
20251126-082924,Windows 11,AMD Ryzen 7 5700X 8-Core Processor,8,34265653248,NVIDIA GeForce RTX 5080,16303,,ppo,3DBall,1024,0.000141,20480,0.001991,0.216,0.938,5,constant,FALSE,512,3,simple,,,5,100000,256,12000
20251126-083042,Windows 11,AMD Ryzen 7 5700X 8-Core Processor,8,34265653248,NVIDIA GeForce RTX 5080,16303,,ppo,Crawler,512,1.50E-05,20480,0.008918,0.215,0.927,10,constant,FALSE,128,3,simple,,,5,100000,128,12000
20251126-083229,Windows 11,AMD Ryzen 7 5700X 8-Core Processor,8,34265653248,NVIDIA GeForce RTX 5080,16303,,ppo,Crawler,4096,0.000196,81920,0.001354,0.252,0.932,4,constant,FALSE,512,1,simple,,,5,2000000,128,12000
20251126-085546,Windows 11,AMD Ryzen 7 5700X 8-Core Processor,8,34265653248,NVIDIA GeForce RTX 5080,16303,,ppo,Crawler,1024,0.000243,81920,0.005425,0.279,0.93,10,constant,TRUE,512,3,simple,,,5,250000,1024,12000
20251126-090127,Windows 11,AMD Ryzen 7 5700X 8-Core Processor,8,34265653248,NVIDIA GeForce RTX 5080,16303,,ppo,Crawler,1024,0.00017,20480,0.005715,0.119,0.929,8,linear,FALSE,256,1,simple,,,5,2000000,128,12000
20251126-093003,Windows 11,AMD Ryzen 7 5700X 8-Core Processor,8,34265653248,NVIDIA GeForce RTX 5080,16303,,ppo,Crawler,1024,9.60E-05,81920,0.007134,0.232,0.914,3,constant,TRUE,512,1,simple,,,5,250000,1024,12000
20251126-093315,Windows 11,AMD Ryzen 7 5700X 8-Core Processor,8,34265653248,NVIDIA GeForce RTX 5080,16303,,ppo,Crawler,4096,0.000266,81920,0.005421,0.272,0.901,10,constant,TRUE,128,2,simple,,,5,1000000,1024,12000
20251126-094904,Windows 11,AMD Ryzen 7 5700X 8-Core Processor,8,34265653248,NVIDIA GeForce RTX 5080,16303,,ppo,Crawler,4096,3.30E-05,81920,0.003383,0.284,0.916,3,constant,TRUE,256,3,simple,,,5,100000,512,12000
20251126-095033,Windows 11,AMD Ryzen 7 5700X 8-Core Processor,8,34265653248,NVIDIA GeForce RTX 5080,16303,,ppo,Crawler,1024,0.000232,40960,0.000598,0.137,0.934,5,constant,TRUE,256,1,simple,,,5,100000,1024,12000
20251126-095203,Windows 11,AMD Ryzen 7 5700X 8-Core Processor,8,34265653248,NVIDIA GeForce RTX 5080,16303,,ppo,Crawler,1024,0.000108,81920,0.009467,0.197,0.909,5,linear,TRUE,64,1,simple,,,5,500000,64,12000
20251126-095833,Windows 11,AMD Ryzen 7 5700X 8-Core Processor,8,34265653248,NVIDIA GeForce RTX 5080,16303,,ppo,Crawler,4096,0.000214,327680,0.003711,0.137,0.91,10,linear,FALSE,512,3,simple,,,5,250000,128,12000
20251126-100132,Windows 11,AMD Ryzen 7 5700X 8-Core Processor,8,34265653248,NVIDIA GeForce RTX 5080,16303,,ppo,Crawler,4096,0.000214,327680,0.001863,0.17,0.939,5,linear,TRUE,512,1,simple,,,5,500000,1024,12000
20251126-100816,Windows 11,AMD Ryzen 7 5700X 8-Core Processor,8,34265653248,NVIDIA GeForce RTX 5080,16303,,ppo,Crawler,4096,0.000241,327680,0.000879,0.271,0.945,10,constant,TRUE,64,3,simple,,,5,1000000,1024,12000
20251126-102511,Windows 11,AMD Ryzen 7 5700X 8-Core Processor,8,34265653248,NVIDIA GeForce RTX 5080,16303,,ppo,Crawler,4096,0.000261,327680,0.003708,0.273,0.925,10,linear,TRUE,64,1,simple,,,5,1000000,512,12000
20251126-104156,Windows 11,AMD Ryzen 7 5700X 8-Core Processor,8,34265653248,NVIDIA GeForce RTX 5080,16303,,ppo,Crawler,2048,0.000128,163840,0.000925,0.265,0.914,10,linear,FALSE,256,2,simple,,,5,1000000,256,12000
20251126-105903,Windows 11,AMD Ryzen 7 5700X 8-Core Processor,8,34265653248,NVIDIA GeForce RTX 5080,16303,,ppo,Crawler,2048,0.000259,163840,0.008829,0.168,0.928,4,linear,FALSE,32,2,simple,,,5,100000,64,12000
20251126-110010,Windows 11,AMD Ryzen 7 5700X 8-Core Processor,8,34265653248,NVIDIA GeForce RTX 5080,16303,,ppo,Crawler,4096,0.000124,81920,0.001527,0.21,0.931,5,constant,TRUE,128,2,simple,,,5,100000,128,12000
20251126-110145,Windows 11,AMD Ryzen 7 5700X 8-Core Processor,8,34265653248,NVIDIA GeForce RTX 5080,16303,,ppo,Crawler,2048,0.000241,40960,0.003738,0.209,0.933,3,constant,FALSE,32,1,simple,,,5,250000,512,12000
20251126-110444,Windows 11,AMD Ryzen 7 5700X 8-Core Processor,8,34265653248,NVIDIA GeForce RTX 5080,16303,,ppo,Crawler,1024,0.0002,20480,0.002977,0.153,0.947,5,linear,TRUE,64,2,simple,,,5,2000000,128,12000
20251126-112859,Windows 11,AMD Ryzen 7 5700X 8-Core Processor,8,34265653248,NVIDIA GeForce RTX 5080,16303,,ppo,Crawler,512,0.000178,10240,0.004018,0.118,0.938,3,constant,FALSE,128,2,simple,,,5,250000,1024,12000
20251126-113153,Windows 11,AMD Ryzen 7 5700X 8-Core Processor,8,34265653248,NVIDIA GeForce RTX 5080,16303,,ppo,Crawler,4096,0.000149,327680,0.006803,0.107,0.94,4,linear,FALSE,64,3,simple,,,5,500000,128,12000
20251126-113725,Windows 11,AMD Ryzen 7 5700X 8-Core Processor,8,34265653248,NVIDIA GeForce RTX 5080,16303,,ppo,Crawler,2048,0.000255,40960,0.007186,0.283,0.907,10,constant,FALSE,32,2,simple,,,5,500000,128,12000
20251126-114511,Windows 11,AMD Ryzen 7 5700X 8-Core Processor,8,34265653248,NVIDIA GeForce RTX 5080,16303,,ppo,Crawler,1024,0.000278,81920,0.000895,0.148,0.921,10,linear,FALSE,32,2,simple,,,5,100000,512,12000
20251126-114700,Windows 11,AMD Ryzen 7 5700X 8-Core Processor,8,34265653248,NVIDIA GeForce RTX 5080,16303,,ppo,Crawler,1024,0.000225,40960,0.002832,0.247,0.914,10,constant,FALSE,128,1,simple,,,5,250000,64,12000
20251126-115103,Windows 11,AMD Ryzen 7 5700X 8-Core Processor,8,34265653248,NVIDIA GeForce RTX 5080,16303,,ppo,Crawler,512,8.70E-05,10240,0.00619,0.108,0.949,4,constant,TRUE,64,1,simple,,,5,100000,512,12000
20251126-115228,Windows 11,AMD Ryzen 7 5700X 8-Core Processor,8,34265653248,NVIDIA GeForce RTX 5080,16303,,ppo,Crawler,2048,0.000101,163840,0.009995,0.199,0.929,4,linear,TRUE,256,2,simple,,,5,2000000,128,12000
20251126-121638,Windows 11,AMD Ryzen 7 5700X 8-Core Processor,8,34265653248,NVIDIA GeForce RTX 5080,16303,,ppo,Crawler,4096,3.70E-05,81920,0.009273,0.142,0.909,5,constant,FALSE,64,1,simple,,,5,500000,128,12000
20251126-122253,Windows 11,AMD Ryzen 7 5700X 8-Core Processor,8,34265653248,NVIDIA GeForce RTX 5080,16303,,ppo,Crawler,512,0.000223,40960,0.00937,0.116,0.949,3,constant,TRUE,512,3,simple,,,5,500000,256,12000
20251126-122940,Windows 11,AMD Ryzen 7 5700X 8-Core Processor,8,34265653248,NVIDIA GeForce RTX 5080,16303,,ppo,Crawler,2048,0.00025,40960,0.008999,0.133,0.936,10,linear,TRUE,128,1,simple,,,5,2000000,2048,12000
20251126-130025,Windows 11,AMD Ryzen 7 5700X 8-Core Processor,8,34265653248,NVIDIA GeForce RTX 5080,16303,,ppo,Crawler,1024,0.000198,40960,0.007561,0.119,0.919,5,linear,FALSE,256,2,simple,,,5,1000000,2048,12000
20251126-131303,Windows 11,AMD Ryzen 7 5700X 8-Core Processor,8,34265653248,NVIDIA GeForce RTX 5080,16303,,ppo,Crawler,4096,0.000112,163840,0.008006,0.273,0.919,10,constant,FALSE,32,3,simple,,,5,100000,256,12000
20251126-131421,Windows 11,AMD Ryzen 7 5700X 8-Core Processor,8,34265653248,NVIDIA GeForce RTX 5080,16303,,ppo,Crawler,4096,0.000139,163840,0.004875,0.157,0.917,3,constant,TRUE,256,2,simple,,,5,250000,256,12000
20251126-131733,Windows 11,AMD Ryzen 7 5700X 8-Core Processor,8,34265653248,NVIDIA GeForce RTX 5080,16303,,ppo,Crawler,4096,8.10E-05,163840,0.007282,0.109,0.95,3,linear,FALSE,512,1,simple,,,5,2000000,512,12000
20251126-133954,Windows 11,AMD Ryzen 7 5700X 8-Core Processor,8,34265653248,NVIDIA GeForce RTX 5080,16303,,ppo,Crawler,2048,0.000286,40960,0.00722,0.109,0.942,10,linear,TRUE,256,3,simple,,,5,250000,2048,12000
20251126-134435,Windows 11,AMD Ryzen 7 5700X 8-Core Processor,8,34265653248,NVIDIA GeForce RTX 5080,16303,,ppo,Crawler,1024,0.000273,40960,0.00155,0.154,0.928,8,linear,FALSE,512,2,simple,,,5,1000000,256,12000
20251126-140107,Windows 11,AMD Ryzen 7 5700X 8-Core Processor,8,34265653248,NVIDIA GeForce RTX 5080,16303,,ppo,Crawler,4096,0.000262,163840,0.003442,0.106,0.907,8,linear,FALSE,512,2,simple,,,5,2000000,256,12000
20251126-143457,Windows 11,AMD Ryzen 7 5700X 8-Core Processor,8,34265653248,NVIDIA GeForce RTX 5080,16303,,ppo,Crawler,1024,6.10E-05,40960,0.002354,0.227,0.913,4,linear,FALSE,64,2,simple,,,5,1000000,256,12000
20251126-144618,Windows 11,AMD Ryzen 7 5700X 8-Core Processor,8,34265653248,NVIDIA GeForce RTX 5080,16303,,ppo,Crawler,2048,9.20E-05,163840,0.005167,0.159,0.905,8,constant,TRUE,32,1,simple,,,5,2000000,1024,12000
20251126-151455,Windows 11,AMD Ryzen 7 5700X 8-Core Processor,8,34265653248,NVIDIA GeForce RTX 5080,16303,,ppo,Crawler,1024,0.000159,20480,0.004866,0.166,0.903,5,constant,FALSE,32,2,simple,,,5,250000,256,12000
20251126-151806,Windows 11,AMD Ryzen 7 5700X 8-Core Processor,8,34265653248,NVIDIA GeForce RTX 5080,16303,,ppo,Crawler,2048,0.000299,40960,0.003234,0.185,0.94,10,constant,TRUE,256,3,simple,,,5,100000,1024,12000
20251126-152001,Windows 11,AMD Ryzen 7 5700X 8-Core Processor,8,34265653248,NVIDIA GeForce RTX 5080,16303,,ppo,Crawler,512,0.000224,20480,0.006342,0.133,0.911,10,linear,FALSE,32,1,simple,,,5,100000,128,12000
20251126-152143,Windows 11,AMD Ryzen 7 5700X 8-Core Processor,8,34265653248,NVIDIA GeForce RTX 5080,16303,,ppo,Crawler,2048,9.00E-05,40960,0.008949,0.225,0.94,8,constant,TRUE,64,1,simple,,,5,2000000,2048,12000
20251126-155019,Windows 11,AMD Ryzen 7 5700X 8-Core Processor,8,34265653248,NVIDIA GeForce RTX 5080,16303,,ppo,Crawler,4096,0.000108,327680,0.002488,0.278,0.918,4,constant,TRUE,512,1,simple,,,5,500000,2048,12000
20251126-155712,Windows 11,AMD Ryzen 7 5700X 8-Core Processor,8,34265653248,NVIDIA GeForce RTX 5080,16303,,ppo,Crawler,2048,6.60E-05,163840,0.009468,0.255,0.922,8,constant,FALSE,512,1,simple,,,5,500000,512,12000
20251126-160545,Windows 11,AMD Ryzen 7 5700X 8-Core Processor,8,34265653248,NVIDIA GeForce RTX 5080,16303,,ppo,Crawler,512,0.000259,10240,0.007681,0.131,0.942,4,linear,TRUE,256,2,simple,,,5,500000,64,12000
20251126-161227,Windows 11,AMD Ryzen 7 5700X 8-Core Processor,8,34265653248,NVIDIA GeForce RTX 5080,16303,,ppo,Crawler,1024,0.000229,40960,0.002388,0.184,0.925,8,linear,TRUE,32,2,simple,,,5,2000000,2048,12000
20251126-164232,Windows 11,AMD Ryzen 7 5700X 8-Core Processor,8,34265653248,NVIDIA GeForce RTX 5080,16303,,ppo,Crawler,2048,0.000188,163840,0.008571,0.286,0.906,3,linear,TRUE,256,2,simple,,,5,500000,2048,12000
20251126-164918,Windows 11,AMD Ryzen 7 5700X 8-Core Processor,8,34265653248,NVIDIA GeForce RTX 5080,16303,,ppo,Crawler,2048,0.000283,40960,0.006136,0.12,0.934,8,constant,FALSE,256,2,simple,,,5,100000,512,12000
20251126-165059,Windows 11,AMD Ryzen 7 5700X 8-Core Processor,8,34265653248,NVIDIA GeForce RTX 5080,16303,,ppo,Crawler,4096,0.000286,163840,0.000859,0.217,0.922,10,constant,TRUE,256,3,simple,,,5,100000,512,12000
20251126-165223,Windows 11,AMD Ryzen 7 5700X 8-Core Processor,8,34265653248,NVIDIA GeForce RTX 5080,16303,,ppo,Crawler,4096,5.90E-05,327680,0.003671,0.274,0.901,10,linear,TRUE,32,3,simple,,,5,500000,1024,12000
20251126-170043,Windows 11,AMD Ryzen 7 5700X 8-Core Processor,8,34265653248,NVIDIA GeForce RTX 5080,16303,,ppo,Crawler,1024,0.000173,81920,0.000907,0.238,0.909,8,constant,TRUE,512,1,simple,,,5,2000000,1024,12000
20251126-173153,Windows 11,AMD Ryzen 7 5700X 8-Core Processor,8,34265653248,NVIDIA GeForce RTX 5080,16303,,ppo,Crawler,2048,0.000104,40960,0.001626,0.255,0.904,10,linear,TRUE,64,2,simple,,,5,500000,64,12000
20251126-174010,Windows 11,AMD Ryzen 7 5700X 8-Core Processor,8,34265653248,NVIDIA GeForce RTX 5080,16303,,ppo,Crawler,1024,6.00E-05,81920,0.009835,0.156,0.933,8,linear,TRUE,512,3,simple,,,5,250000,128,12000
20251126-174545,Windows 11,AMD Ryzen 7 5700X 8-Core Processor,8,34265653248,NVIDIA GeForce RTX 5080,16303,,ppo,Crawler,2048,0.000177,163840,0.002522,0.241,0.946,10,constant,TRUE,512,1,simple,,,5,100000,1024,12000
20251126-174708,Windows 11,AMD Ryzen 7 5700X 8-Core Processor,8,34265653248,NVIDIA GeForce RTX 5080,16303,,ppo,Crawler,2048,0.000162,40960,0.005826,0.142,0.945,8,constant,TRUE,32,2,simple,,,5,100000,2048,12000
20251126-174852,Windows 11,AMD Ryzen 7 5700X 8-Core Processor,8,34265653248,NVIDIA GeForce RTX 5080,16303,,ppo,Crawler,1024,7.00E-05,20480,0.004079,0.172,0.948,4,constant,FALSE,32,3,simple,,,5,2000000,128,12000
20251126-181215,Windows 11,AMD Ryzen 7 5700X 8-Core Processor,8,34265653248,NVIDIA GeForce RTX 5080,16303,,ppo,Crawler,512,0.000195,40960,0.006199,0.232,0.909,3,linear,FALSE,512,2,simple,,,5,1000000,512,12000
20251126-182452,Windows 11,AMD Ryzen 7 5700X 8-Core Processor,8,34265653248,NVIDIA GeForce RTX 5080,16303,,ppo,Crawler,512,0.000125,20480,0.004411,0.117,0.937,8,linear,TRUE,128,3,simple,,,5,500000,128,12000
20251126-183254,Windows 11,AMD Ryzen 7 5700X 8-Core Processor,8,34265653248,NVIDIA GeForce RTX 5080,16303,,ppo,Crawler,1024,0.000214,81920,0.000962,0.23,0.905,8,linear,TRUE,32,1,simple,,,5,100000,256,12000
20251126-183436,Windows 11,AMD Ryzen 7 5700X 8-Core Processor,8,34265653248,NVIDIA GeForce RTX 5080,16303,,ppo,Crawler,4096,0.000101,81920,0.003472,0.26,0.906,10,linear,TRUE,32,3,simple,,,5,500000,256,12000
20251126-184257,Windows 11,AMD Ryzen 7 5700X 8-Core Processor,8,34265653248,NVIDIA GeForce RTX 5080,16303,,ppo,Crawler,2048,0.000202,40960,0.007493,0.124,0.945,5,linear,TRUE,128,1,simple,,,5,1000000,64,12000
20251126-185629,Windows 11,AMD Ryzen 7 5700X 8-Core Processor,8,34265653248,NVIDIA GeForce RTX 5080,16303,,ppo,Crawler,1024,0.0001,81920,0.003255,0.198,0.93,3,constant,FALSE,512,1,simple,,,5,2000000,64,12000
20251126-192003,Windows 11,AMD Ryzen 7 5700X 8-Core Processor,8,34265653248,NVIDIA GeForce RTX 5080,16303,,ppo,Crawler,4096,0.000197,81920,0.006418,0.172,0.904,10,linear,FALSE,128,1,simple,,,5,500000,256,12000
20251126-193006,Windows 11,AMD Ryzen 7 5700X 8-Core Processor,8,34265653248,NVIDIA GeForce RTX 5080,16303,,ppo,Crawler,512,3.80E-05,20480,0.003475,0.112,0.942,10,constant,FALSE,512,2,simple,,,5,500000,2048,12000
20251126-194028,Windows 11,AMD Ryzen 7 5700X 8-Core Processor,8,34265653248,NVIDIA GeForce RTX 5080,16303,,ppo,Crawler,4096,0.000271,163840,0.003709,0.282,0.933,8,linear,TRUE,32,3,simple,,,5,1000000,256,12000
20251126-195628,Windows 11,AMD Ryzen 7 5700X 8-Core Processor,8,34265653248,NVIDIA GeForce RTX 5080,16303,,ppo,Crawler,2048,0.000297,81920,0.000595,0.296,0.945,10,constant,FALSE,128,3,simple,,,5,1000000,1024,12000
20251126-201354,Windows 11,AMD Ryzen 7 5700X 8-Core Processor,8,34265653248,NVIDIA GeForce RTX 5080,16303,,ppo,Crawler,2048,0.000104,81920,0.004928,0.175,0.913,10,constant,TRUE,64,1,simple,,,5,250000,128,12000
20251126-201834,Windows 11,AMD Ryzen 7 5700X 8-Core Processor,8,34265653248,NVIDIA GeForce RTX 5080,16303,,ppo,Crawler,512,2.60E-05,10240,0.004528,0.209,0.944,8,linear,FALSE,32,2,simple,,,5,250000,128,12000
20251126-202237,Windows 11,AMD Ryzen 7 5700X 8-Core Processor,8,34265653248,NVIDIA GeForce RTX 5080,16303,,ppo,Crawler,4096,0.00014,327680,0.004772,0.204,0.93,4,constant,FALSE,128,3,simple,,,5,1000000,2048,12000
20251126-203628,Windows 11,AMD Ryzen 7 5700X 8-Core Processor,8,34265653248,NVIDIA GeForce RTX 5080,16303,,ppo,Crawler,4096,0.000238,163840,0.003506,0.166,0.917,10,constant,FALSE,512,2,simple,,,5,250000,256,12000
20251126-204151,Windows 11,AMD Ryzen 7 5700X 8-Core Processor,8,34265653248,NVIDIA GeForce RTX 5080,16303,,ppo,Crawler,512,0.000172,20480,0.003264,0.164,0.926,4,linear,FALSE,32,1,simple,,,5,500000,1024,12000
20251126-204800,Windows 11,AMD Ryzen 7 5700X 8-Core Processor,8,34265653248,NVIDIA GeForce RTX 5080,16303,,ppo,Crawler,512,0.000226,10240,0.003329,0.28,0.917,5,constant,FALSE,64,1,simple,,,5,500000,64,12000
20251126-205447,Windows 11,AMD Ryzen 7 5700X 8-Core Processor,8,34265653248,NVIDIA GeForce RTX 5080,16303,,ppo,Crawler,2048,0.00021,40960,0.004825,0.206,0.93,4,linear,FALSE,256,1,simple,,,5,500000,2048,12000
20251126-210109,Windows 11,AMD Ryzen 7 5700X 8-Core Processor,8,34265653248,NVIDIA GeForce RTX 5080,16303,,ppo,Crawler,2048,2.60E-05,81920,0.0013,0.13,0.944,8,constant,FALSE,32,1,simple,,,5,2000000,256,12000
20251126-213054,Windows 11,AMD Ryzen 7 5700X 8-Core Processor,8,34265653248,NVIDIA GeForce RTX 5080,16303,,ppo,Crawler,512,3.10E-05,10240,0.003314,0.116,0.932,8,linear,TRUE,512,3,simple,,,5,250000,64,12000
20251126-213628,Windows 11,AMD Ryzen 7 5700X 8-Core Processor,8,34265653248,NVIDIA GeForce RTX 5080,16303,,ppo,Crawler,512,0.000158,40960,0.003751,0.134,0.938,8,constant,FALSE,32,2,simple,,,5,2000000,64,12000
20251126-220708,Windows 11,AMD Ryzen 7 5700X 8-Core Processor,8,34265653248,NVIDIA GeForce RTX 5080,16303,,ppo,Crawler,512,0.000127,40960,0.004985,0.242,0.909,8,constant,TRUE,256,2,simple,,,5,1000000,512,12000
20251126-222329,Windows 11,AMD Ryzen 7 5700X 8-Core Processor,8,34265653248,NVIDIA GeForce RTX 5080,16303,,ppo,Crawler,4096,2.40E-05,163840,0.001837,0.212,0.917,5,linear,TRUE,256,3,simple,,,5,2000000,512,12000
20251126-225144,Windows 11,AMD Ryzen 7 5700X 8-Core Processor,8,34265653248,NVIDIA GeForce RTX 5080,16303,,ppo,Crawler,512,5.90E-05,40960,0.000611,0.152,0.901,4,linear,FALSE,256,2,simple,,,5,1000000,128,12000
20251126-230449,Windows 11,AMD Ryzen 7 5700X 8-Core Processor,8,34265653248,NVIDIA GeForce RTX 5080,16303,,ppo,Crawler,1024,8.30E-05,81920,0.006268,0.249,0.937,10,constant,FALSE,64,3,simple,,,5,250000,256,12000
20251126-230922,Windows 11,AMD Ryzen 7 5700X 8-Core Processor,8,34265653248,NVIDIA GeForce RTX 5080,16303,,ppo,Crawler,1024,0.000243,40960,0.000657,0.127,0.935,3,constant,FALSE,512,3,simple,,,5,500000,128,12000
20251126-231616,Windows 11,AMD Ryzen 7 5700X 8-Core Processor,8,34265653248,NVIDIA GeForce RTX 5080,16303,,ppo,Crawler,1024,0.00015,81920,0.006505,0.12,0.923,8,constant,TRUE,64,1,simple,,,5,2000000,1024,12000
20251126-234633,Windows 11,AMD Ryzen 7 5700X 8-Core Processor,8,34265653248,NVIDIA GeForce RTX 5080,16303,,ppo,Crawler,1024,2.40E-05,81920,0.007014,0.106,0.913,3,linear,TRUE,512,2,simple,,,5,250000,2048,12000
20251126-235022,Windows 11,AMD Ryzen 7 5700X 8-Core Processor,8,34265653248,NVIDIA GeForce RTX 5080,16303,,ppo,Crawler,512,0.000136,40960,0.003121,0.256,0.917,10,constant,TRUE,512,1,simple,,,5,250000,64,12000
20251126-235506,Windows 11,AMD Ryzen 7 5700X 8-Core Processor,8,34265653248,NVIDIA GeForce RTX 5080,16303,,ppo,Crawler,4096,0.000112,81920,0.001438,0.273,0.915,8,constant,FALSE,32,1,simple,,,5,2000000,2048,12000
20251127-002410,Windows 11,AMD Ryzen 7 5700X 8-Core Processor,8,34265653248,NVIDIA GeForce RTX 5080,16303,,ppo,Crawler,1024,0.000141,81920,0.007173,0.275,0.944,10,constant,FALSE,64,2,simple,,,5,2000000,128,12000
20251127-005843,Windows 11,AMD Ryzen 7 5700X 8-Core Processor,8,34265653248,NVIDIA GeForce RTX 5080,16303,,ppo,Crawler,2048,0.000197,81920,0.006128,0.177,0.947,3,linear,TRUE,32,1,simple,,,5,100000,2048,12000
20251127-010024,Windows 11,AMD Ryzen 7 5700X 8-Core Processor,8,34265653248,NVIDIA GeForce RTX 5080,16303,,ppo,Crawler,4096,4.30E-05,327680,0.007706,0.253,0.944,10,constant,FALSE,128,1,simple,,,5,1000000,256,12000
20251127-012116,Windows 11,AMD Ryzen 7 5700X 8-Core Processor,8,34265653248,NVIDIA GeForce RTX 5080,16303,,ppo,Crawler,512,0.000176,10240,0.007759,0.268,0.901,5,constant,FALSE,256,2,simple,,,5,2000000,64,12000
20251127-015229,Windows 11,AMD Ryzen 7 5700X 8-Core Processor,8,34265653248,NVIDIA GeForce RTX 5080,16303,,ppo,Crawler,1024,0.000225,20480,0.005088,0.229,0.903,3,linear,FALSE,128,2,simple,,,5,100000,256,12000
20251127-015401,Windows 11,AMD Ryzen 7 5700X 8-Core Processor,8,34265653248,NVIDIA GeForce RTX 5080,16303,,ppo,Crawler,2048,0.000172,40960,0.004574,0.115,0.922,5,linear,FALSE,64,1,simple,,,5,2000000,128,12000
20251127-022006,Windows 11,AMD Ryzen 7 5700X 8-Core Processor,8,34265653248,NVIDIA GeForce RTX 5080,16303,,ppo,Crawler,4096,0.000167,327680,0.00593,0.178,0.905,3,linear,TRUE,128,3,simple,,,5,1000000,1024,12000
20251127-023319,Windows 11,AMD Ryzen 7 5700X 8-Core Processor,8,34265653248,NVIDIA GeForce RTX 5080,16303,,ppo,Crawler,1024,0.000248,20480,0.006014,0.276,0.912,10,constant,TRUE,64,3,simple,,,5,1000000,1024,12000
20251127-025206,Windows 11,AMD Ryzen 7 5700X 8-Core Processor,8,34265653248,NVIDIA GeForce RTX 5080,16303,,ppo,Crawler,2048,0.000235,81920,0.005097,0.154,0.909,4,linear,FALSE,128,2,simple,,,5,250000,64,12000
20251127-025625,Windows 11,AMD Ryzen 7 5700X 8-Core Processor,8,34265653248,NVIDIA GeForce RTX 5080,16303,,ppo,Crawler,2048,0.000154,40960,0.002497,0.153,0.949,5,linear,FALSE,512,1,simple,,,5,500000,64,12000
20251127-030541,Windows 11,AMD Ryzen 7 5700X 8-Core Processor,8,34265653248,NVIDIA GeForce RTX 5080,16303,,ppo,Crawler,2048,0.000266,40960,0.008169,0.138,0.906,5,linear,FALSE,128,1,simple,,,5,500000,64,12000
20251127-031328,Windows 11,AMD Ryzen 7 5700X 8-Core Processor,8,34265653248,NVIDIA GeForce RTX 5080,16303,,ppo,Crawler,2048,0.000145,163840,0.006345,0.198,0.903,4,constant,TRUE,256,2,simple,,,5,1000000,256,12000
20251127-032848,Windows 11,AMD Ryzen 7 5700X 8-Core Processor,8,34265653248,NVIDIA GeForce RTX 5080,16303,,ppo,Crawler,1024,0.000293,20480,0.006941,0.183,0.907,8,linear,TRUE,128,1,simple,,,5,1000000,1024,12000
20251127-034648,Windows 11,AMD Ryzen 7 5700X 8-Core Processor,8,34265653248,NVIDIA GeForce RTX 5080,16303,,ppo,Crawler,1024,2.50E-05,20480,0.008524,0.267,0.932,8,linear,TRUE,512,3,simple,,,5,1000000,2048,12000
20251127-040917,Windows 11,AMD Ryzen 7 5700X 8-Core Processor,8,34265653248,NVIDIA GeForce RTX 5080,16303,,ppo,Crawler,2048,0.000139,163840,0.000406,0.228,0.904,8,constant,FALSE,64,3,simple,,,5,500000,256,12000
20251127-041857,Windows 11,AMD Ryzen 7 5700X 8-Core Processor,8,34265653248,NVIDIA GeForce RTX 5080,16303,,ppo,Crawler,512,6.30E-05,10240,0.002171,0.121,0.915,5,linear,TRUE,128,2,simple,,,5,100000,256,12000
20251127-042033,Windows 11,AMD Ryzen 7 5700X 8-Core Processor,8,34265653248,NVIDIA GeForce RTX 5080,16303,,ppo,Crawler,1024,0.00028,81920,0.008991,0.169,0.925,3,constant,TRUE,256,2,simple,,,5,2000000,1024,12000
20251127-044734,Windows 11,AMD Ryzen 7 5700X 8-Core Processor,8,34265653248,NVIDIA GeForce RTX 5080,16303,,ppo,Crawler,512,0.0002,10240,0.004434,0.3,0.903,10,linear,TRUE,64,3,simple,,,5,100000,2048,12000
20251127-044957,Windows 11,AMD Ryzen 7 5700X 8-Core Processor,8,34265653248,NVIDIA GeForce RTX 5080,16303,,ppo,Crawler,4096,4.50E-05,163840,0.001554,0.134,0.913,10,linear,FALSE,512,2,simple,,,5,500000,512,12000
20251127-050305,Windows 11,AMD Ryzen 7 5700X 8-Core Processor,8,34265653248,NVIDIA GeForce RTX 5080,16303,,ppo,Crawler,4096,0.000133,163840,0.007431,0.268,0.944,5,linear,FALSE,512,3,simple,,,5,2000000,256,12000
20251127-054047,Windows 11,AMD Ryzen 7 5700X 8-Core Processor,8,34265653248,NVIDIA GeForce RTX 5080,16303,,ppo,Crawler,2048,9.30E-05,40960,0.002674,0.104,0.917,8,constant,FALSE,128,1,simple,,,5,500000,2048,12000
20251127-054848,Windows 11,AMD Ryzen 7 5700X 8-Core Processor,8,34265653248,NVIDIA GeForce RTX 5080,16303,,ppo,Crawler,512,3.00E-05,20480,0.006853,0.151,0.917,3,constant,FALSE,64,3,simple,,,5,500000,256,12000
20251127-055635,Windows 11,AMD Ryzen 7 5700X 8-Core Processor,8,34265653248,NVIDIA GeForce RTX 5080,16303,,ppo,Crawler,4096,0.000196,81920,0.006235,0.277,0.913,5,constant,TRUE,512,1,simple,,,5,2000000,2048,12000
20251127-062813,Windows 11,AMD Ryzen 7 5700X 8-Core Processor,8,34265653248,NVIDIA GeForce RTX 5080,16303,,ppo,Crawler,1024,0.000132,81920,0.000568,0.245,0.914,8,constant,TRUE,128,1,simple,,,5,1000000,128,12000
20251127-064553,Windows 11,AMD Ryzen 7 5700X 8-Core Processor,8,34265653248,NVIDIA GeForce RTX 5080,16303,,ppo,Crawler,4096,0.000256,163840,0.006591,0.291,0.91,8,constant,TRUE,512,2,simple,,,5,2000000,256,12000
20251127-072126,Windows 11,AMD Ryzen 7 5700X 8-Core Processor,8,34265653248,NVIDIA GeForce RTX 5080,16303,,ppo,Crawler,512,5.20E-05,20480,0.009436,0.157,0.917,3,constant,TRUE,128,1,simple,,,5,100000,256,12000
20251127-072249,Windows 11,AMD Ryzen 7 5700X 8-Core Processor,8,34265653248,NVIDIA GeForce RTX 5080,16303,,ppo,Crawler,4096,0.000128,163840,0.000234,0.225,0.942,10,linear,TRUE,512,3,simple,,,5,250000,512,12000
20251127-072809,Windows 11,AMD Ryzen 7 5700X 8-Core Processor,8,34265653248,NVIDIA GeForce RTX 5080,16303,,ppo,Crawler,2048,0.000227,40960,0.001139,0.122,0.905,10,constant,TRUE,32,1,simple,,,5,1000000,2048,12000
20251127-074636,Windows 11,AMD Ryzen 7 5700X 8-Core Processor,8,34265653248,NVIDIA GeForce RTX 5080,16303,,ppo,Crawler,4096,9.50E-05,163840,0.009868,0.161,0.921,10,constant,FALSE,64,2,simple,,,5,100000,2048,12000
20251127-074817,Windows 11,AMD Ryzen 7 5700X 8-Core Processor,8,34265653248,NVIDIA GeForce RTX 5080,16303,,ppo,Crawler,2048,0.000268,40960,0.006336,0.203,0.905,5,linear,FALSE,64,1,simple,,,5,1000000,1024,12000
20251127-080248,Windows 11,AMD Ryzen 7 5700X 8-Core Processor,8,34265653248,NVIDIA GeForce RTX 5080,16303,,ppo,Crawler,512,0.000123,40960,0.004521,0.147,0.946,8,constant,FALSE,32,1,simple,,,5,100000,64,12000
20251127-080429,Windows 11,AMD Ryzen 7 5700X 8-Core Processor,8,34265653248,NVIDIA GeForce RTX 5080,16303,,ppo,Crawler,2048,0.000291,81920,0.005906,0.294,0.935,4,linear,TRUE,128,1,simple,,,5,1000000,512,12000
20251127-081901,Windows 11,AMD Ryzen 7 5700X 8-Core Processor,8,34265653248,NVIDIA GeForce RTX 5080,16303,,ppo,Crawler,512,0.000209,20480,0.008852,0.134,0.911,3,linear,TRUE,256,3,simple,,,5,250000,1024,12000
20251127-082253,Windows 11,AMD Ryzen 7 5700X 8-Core Processor,8,34265653248,NVIDIA GeForce RTX 5080,16303,,ppo,Crawler,2048,2.40E-05,81920,0.006942,0.113,0.909,10,constant,FALSE,64,3,simple,,,5,100000,64,12000
20251127-082507,Windows 11,AMD Ryzen 7 5700X 8-Core Processor,8,34265653248,NVIDIA GeForce RTX 5080,16303,,ppo,Crawler,4096,2.40E-05,327680,0.00195,0.233,0.902,4,linear,FALSE,256,2,simple,,,5,2000000,2048,12000
20251127-085512,Windows 11,AMD Ryzen 7 5700X 8-Core Processor,8,34265653248,NVIDIA GeForce RTX 5080,16303,,ppo,Crawler,2048,5.40E-05,40960,0.000127,0.241,0.94,8,constant,FALSE,512,2,simple,,,5,250000,64,12000
20251127-085951,Windows 11,AMD Ryzen 7 5700X 8-Core Processor,8,34265653248,NVIDIA GeForce RTX 5080,16303,,ppo,Crawler,512,0.000261,10240,0.003659,0.179,0.907,4,linear,TRUE,32,2,simple,,,5,2000000,64,12000
20251127-092340,Windows 11,AMD Ryzen 7 5700X 8-Core Processor,8,34265653248,NVIDIA GeForce RTX 5080,16303,,ppo,Crawler,2048,0.000221,40960,0.000452,0.101,0.905,5,constant,TRUE,128,1,simple,,,5,2000000,2048,12000
20251127-094731,Windows 11,AMD Ryzen 7 5700X 8-Core Processor,8,34265653248,NVIDIA GeForce RTX 5080,16303,,ppo,Crawler,2048,0.000148,81920,0.005682,0.124,0.927,5,constant,FALSE,64,2,simple,,,5,2000000,256,12000
20251127-101125,Windows 11,AMD Ryzen 7 5700X 8-Core Processor,8,34265653248,NVIDIA GeForce RTX 5080,16303,,ppo,Crawler,4096,6.60E-05,327680,0.003479,0.232,0.906,4,constant,FALSE,32,3,simple,,,5,1000000,512,12000
20251127-102413,Windows 11,AMD Ryzen 7 5700X 8-Core Processor,8,34265653248,NVIDIA GeForce RTX 5080,16303,,ppo,Crawler,4096,0.000268,81920,0.00553,0.233,0.937,3,linear,FALSE,256,1,simple,,,5,2000000,2048,12000
20251127-104512,Windows 11,AMD Ryzen 7 5700X 8-Core Processor,8,34265653248,NVIDIA GeForce RTX 5080,16303,,ppo,GridFoodCollector,512,0.000176,20480,0.00804,0.113,0.901,4,constant,TRUE,256,2,simple,,,5,250000,512,12000
20251127-105422,Windows 11,AMD Ryzen 7 5700X 8-Core Processor,8,34265653248,NVIDIA GeForce RTX 5080,16303,,ppo,GridFoodCollector,1024,0.000205,40960,0.007034,0.236,0.901,4,linear,FALSE,64,1,simple,,,5,250000,128,12000
20251127-110303,Windows 11,AMD Ryzen 7 5700X 8-Core Processor,8,34265653248,NVIDIA GeForce RTX 5080,16303,,ppo,GridFoodCollector,1024,0.000294,40960,0.000531,0.132,0.941,5,linear,FALSE,32,1,simple,,,5,250000,128,12000
20251127-111206,Windows 11,AMD Ryzen 7 5700X 8-Core Processor,8,34265653248,NVIDIA GeForce RTX 5080,16303,,ppo,GridFoodCollector,512,8.40E-05,10240,0.000563,0.183,0.919,4,constant,FALSE,32,3,simple,,,5,2000000,2048,12000
20251127-122414,Windows 11,AMD Ryzen 7 5700X 8-Core Processor,8,34265653248,NVIDIA GeForce RTX 5080,16303,,ppo,GridFoodCollector,4096,0.000191,81920,0.004961,0.129,0.939,3,linear,TRUE,256,3,simple,,,5,500000,512,12000
20251127-124144,Windows 11,AMD Ryzen 7 5700X 8-Core Processor,8,34265653248,NVIDIA GeForce RTX 5080,16303,,ppo,GridFoodCollector,1024,0.000262,81920,0.0086,0.236,0.902,3,constant,TRUE,256,2,simple,,,5,500000,64,12000
20251127-125853,Windows 11,AMD Ryzen 7 5700X 8-Core Processor,8,34265653248,NVIDIA GeForce RTX 5080,16303,,ppo,GridFoodCollector,1024,0.000292,40960,0.003091,0.154,0.943,10,linear,FALSE,32,1,simple,,,5,250000,128,12000
20251127-130934,Windows 11,AMD Ryzen 7 5700X 8-Core Processor,8,34265653248,NVIDIA GeForce RTX 5080,16303,,ppo,GridFoodCollector,512,0.000216,10240,0.009675,0.278,0.933,4,linear,FALSE,512,2,simple,,,5,500000,128,12000
20251127-132832,Windows 11,AMD Ryzen 7 5700X 8-Core Processor,8,34265653248,NVIDIA GeForce RTX 5080,16303,,ppo,GridFoodCollector,2048,0.000132,40960,0.001222,0.271,0.947,5,linear,TRUE,512,3,simple,,,5,2000000,64,12000
20251127-145219,Windows 11,AMD Ryzen 7 5700X 8-Core Processor,8,34265653248,NVIDIA GeForce RTX 5080,16303,,ppo,GridFoodCollector,2048,0.000149,163840,0.007745,0.204,0.926,3,linear,FALSE,64,2,simple,,,5,100000,2048,12000
20251127-145558,Windows 11,AMD Ryzen 7 5700X 8-Core Processor,8,34265653248,NVIDIA GeForce RTX 5080,16303,,ppo,GridFoodCollector,1024,5.10E-05,81920,0.002883,0.287,0.912,10,linear,FALSE,64,2,simple,,,5,500000,512,12000
20251127-151905,Windows 11,AMD Ryzen 7 5700X 8-Core Processor,8,34265653248,NVIDIA GeForce RTX 5080,16303,,ppo,GridFoodCollector,4096,0.000115,327680,0.004907,0.206,0.923,10,constant,TRUE,128,1,simple,,,5,1000000,64,12000
20251127-160759,Windows 11,AMD Ryzen 7 5700X 8-Core Processor,8,34265653248,NVIDIA GeForce RTX 5080,16303,,ppo,GridFoodCollector,1024,1.00E-05,40960,0.006716,0.175,0.932,5,linear,TRUE,128,3,simple,,,5,250000,1024,12000
20251127-161742,Windows 11,AMD Ryzen 7 5700X 8-Core Processor,8,34265653248,NVIDIA GeForce RTX 5080,16303,,ppo,GridFoodCollector,1024,3.60E-05,40960,0.004071,0.255,0.911,10,linear,FALSE,32,2,simple,,,5,2000000,256,12000
20251127-175106,Windows 11,AMD Ryzen 7 5700X 8-Core Processor,8,34265653248,NVIDIA GeForce RTX 5080,16303,,ppo,GridFoodCollector,512,0.000251,20480,0.00549,0.152,0.912,10,linear,TRUE,64,3,simple,,,5,1000000,256,12000
20251127-184235,Windows 11,AMD Ryzen 7 5700X 8-Core Processor,8,34265653248,NVIDIA GeForce RTX 5080,16303,,ppo,GridFoodCollector,512,0.000261,10240,0.00871,0.272,0.905,8,constant,FALSE,32,2,simple,,,5,500000,512,12000
20251127-190634,Windows 11,AMD Ryzen 7 5700X 8-Core Processor,8,34265653248,NVIDIA GeForce RTX 5080,16303,,ppo,GridFoodCollector,512,0.00025,20480,0.003728,0.197,0.947,10,constant,TRUE,32,1,simple,,,5,100000,128,12000
20251127-191203,Windows 11,AMD Ryzen 7 5700X 8-Core Processor,8,34265653248,NVIDIA GeForce RTX 5080,16303,,ppo,GridFoodCollector,2048,0.000281,40960,0.002324,0.24,0.917,10,linear,TRUE,256,3,simple,,,5,250000,512,12000
20251127-192441,Windows 11,AMD Ryzen 7 5700X 8-Core Processor,8,34265653248,NVIDIA GeForce RTX 5080,16303,,ppo,GridFoodCollector,4096,4.10E-05,81920,0.004819,0.233,0.916,5,linear,FALSE,128,2,simple,,,5,100000,64,12000
20251127-192854,Windows 11,AMD Ryzen 7 5700X 8-Core Processor,8,34265653248,NVIDIA GeForce RTX 5080,16303,,ppo,GridFoodCollector,1024,0.000132,81920,0.006471,0.136,0.91,4,linear,TRUE,128,1,simple,,,5,250000,256,12000
20251127-193916,Windows 11,AMD Ryzen 7 5700X 8-Core Processor,8,34265653248,NVIDIA GeForce RTX 5080,16303,,ppo,GridFoodCollector,4096,0.000172,163840,0.002368,0.116,0.933,10,constant,TRUE,128,1,simple,,,5,1000000,256,12000
20251127-202919,Windows 11,AMD Ryzen 7 5700X 8-Core Processor,8,34265653248,NVIDIA GeForce RTX 5080,16303,,ppo,GridFoodCollector,4096,0.000172,163840,0.009069,0.285,0.936,10,linear,FALSE,64,1,simple,,,5,100000,64,12000
20251127-203232,Windows 11,AMD Ryzen 7 5700X 8-Core Processor,8,34265653248,NVIDIA GeForce RTX 5080,16303,,ppo,GridFoodCollector,512,0.000204,10240,0.003728,0.156,0.947,5,linear,TRUE,512,1,simple,,,5,2000000,256,12000
20251127-215120,Windows 11,AMD Ryzen 7 5700X 8-Core Processor,8,34265653248,NVIDIA GeForce RTX 5080,16303,,ppo,GridFoodCollector,512,0.000296,20480,0.003505,0.167,0.944,3,constant,TRUE,256,2,simple,,,5,2000000,256,12000
20251127-225943,Windows 11,AMD Ryzen 7 5700X 8-Core Processor,8,34265653248,NVIDIA GeForce RTX 5080,16303,,ppo,GridFoodCollector,1024,0.000114,20480,0.002267,0.149,0.908,5,constant,FALSE,512,1,simple,,,5,100000,64,12000
20251127-230340,Windows 11,AMD Ryzen 7 5700X 8-Core Processor,8,34265653248,NVIDIA GeForce RTX 5080,16303,,ppo,GridFoodCollector,512,5.20E-05,20480,0.004812,0.242,0.9,5,linear,FALSE,512,3,simple,,,5,1000000,256,12000
20251127-234433,Windows 11,AMD Ryzen 7 5700X 8-Core Processor,8,34265653248,NVIDIA GeForce RTX 5080,16303,,ppo,GridFoodCollector,2048,0.00016,81920,0.001029,0.264,0.928,5,constant,FALSE,64,1,simple,,,5,250000,512,12000
20251127-235321,Windows 11,AMD Ryzen 7 5700X 8-Core Processor,8,34265653248,NVIDIA GeForce RTX 5080,16303,,ppo,GridFoodCollector,1024,0.00026,20480,0.004416,0.13,0.928,4,linear,TRUE,512,2,simple,,,5,500000,512,12000
20251128-001211,Windows 11,AMD Ryzen 7 5700X 8-Core Processor,8,34265653248,NVIDIA GeForce RTX 5080,16303,,ppo,GridFoodCollector,512,0.000225,10240,0.002072,0.122,0.909,10,linear,FALSE,256,1,simple,,,5,1000000,1024,12000
20251128-005722,Windows 11,AMD Ryzen 7 5700X 8-Core Processor,8,34265653248,NVIDIA GeForce RTX 5080,16303,,ppo,GridFoodCollector,1024,0.000116,40960,0.009234,0.249,0.943,5,linear,TRUE,128,1,simple,,,5,1000000,1024,12000
20251128-013358,Windows 11,AMD Ryzen 7 5700X 8-Core Processor,8,34265653248,NVIDIA GeForce RTX 5080,16303,,ppo,GridFoodCollector,512,0.000164,40960,0.006878,0.126,0.945,10,linear,FALSE,128,1,simple,,,5,100000,2048,12000
20251128-013835,Windows 11,AMD Ryzen 7 5700X 8-Core Processor,8,34265653248,NVIDIA GeForce RTX 5080,16303,,ppo,GridFoodCollector,2048,0.000201,81920,0.005947,0.218,0.915,3,linear,FALSE,512,1,simple,,,5,500000,2048,12000
20251128-015651,Windows 11,AMD Ryzen 7 5700X 8-Core Processor,8,34265653248,NVIDIA GeForce RTX 5080,16303,,ppo,GridFoodCollector,1024,0.000231,40960,0.005788,0.123,0.946,10,constant,TRUE,64,3,simple,,,5,250000,1024,12000
20251128-020821,Windows 11,AMD Ryzen 7 5700X 8-Core Processor,8,34265653248,NVIDIA GeForce RTX 5080,16303,,ppo,GridFoodCollector,2048,0.000124,163840,0.003202,0.264,0.922,10,constant,FALSE,512,1,simple,,,5,250000,1024,12000
20251128-021935,Windows 11,AMD Ryzen 7 5700X 8-Core Processor,8,34265653248,NVIDIA GeForce RTX 5080,16303,,ppo,GridFoodCollector,2048,0.000273,40960,0.001674,0.277,0.908,5,constant,TRUE,512,3,simple,,,5,500000,512,12000
20251128-024026,Windows 11,AMD Ryzen 7 5700X 8-Core Processor,8,34265653248,NVIDIA GeForce RTX 5080,16303,,ppo,GridFoodCollector,2048,0.0001,81920,0.004169,0.29,0.934,4,constant,FALSE,256,3,simple,,,5,100000,256,12000
20251128-024419,Windows 11,AMD Ryzen 7 5700X 8-Core Processor,8,34265653248,NVIDIA GeForce RTX 5080,16303,,ppo,GridFoodCollector,4096,0.000203,327680,0.004501,0.264,0.938,3,linear,TRUE,128,2,simple,,,5,250000,512,12000
20251128-025145,Windows 11,AMD Ryzen 7 5700X 8-Core Processor,8,34265653248,NVIDIA GeForce RTX 5080,16303,,ppo,GridFoodCollector,1024,2.10E-05,20480,0.009933,0.161,0.9,10,constant,FALSE,512,3,simple,,,5,500000,2048,12000
20251128-031819,Windows 11,AMD Ryzen 7 5700X 8-Core Processor,8,34265653248,NVIDIA GeForce RTX 5080,16303,,ppo,GridFoodCollector,1024,0.000117,40960,0.003978,0.107,0.9,3,constant,TRUE,128,1,simple,,,5,500000,256,12000
20251128-033525,Windows 11,AMD Ryzen 7 5700X 8-Core Processor,8,34265653248,NVIDIA GeForce RTX 5080,16303,,ppo,GridFoodCollector,4096,8.90E-05,163840,0.00283,0.225,0.907,4,constant,TRUE,64,3,simple,,,5,2000000,1024,12000
20251128-044610,Windows 11,AMD Ryzen 7 5700X 8-Core Processor,8,34265653248,NVIDIA GeForce RTX 5080,16303,,ppo,GridFoodCollector,512,0.000164,20480,0.00767,0.279,0.904,4,linear,FALSE,256,2,simple,,,5,2000000,2048,12000
20251128-055821,Windows 11,AMD Ryzen 7 5700X 8-Core Processor,8,34265653248,NVIDIA GeForce RTX 5080,16303,,ppo,GridFoodCollector,2048,0.00017,81920,0.006595,0.293,0.92,5,linear,FALSE,32,2,simple,,,5,500000,64,12000
20251128-061658,Windows 11,AMD Ryzen 7 5700X 8-Core Processor,8,34265653248,NVIDIA GeForce RTX 5080,16303,,ppo,GridFoodCollector,2048,2.90E-05,40960,0.003527,0.139,0.941,3,linear,TRUE,32,1,simple,,,5,2000000,2048,12000
20251128-072403,Windows 11,AMD Ryzen 7 5700X 8-Core Processor,8,34265653248,NVIDIA GeForce RTX 5080,16303,,ppo,GridFoodCollector,4096,0.000107,163840,0.005707,0.133,0.949,4,constant,FALSE,512,1,simple,,,5,1000000,64,12000
20251128-080110,Windows 11,AMD Ryzen 7 5700X 8-Core Processor,8,34265653248,NVIDIA GeForce RTX 5080,16303,,ppo,GridFoodCollector,2048,0.000132,163840,0.002345,0.22,0.917,5,constant,FALSE,32,3,simple,,,5,250000,2048,12000
20251128-081015,Windows 11,AMD Ryzen 7 5700X 8-Core Processor,8,34265653248,NVIDIA GeForce RTX 5080,16303,,ppo,GridFoodCollector,512,0.000185,40960,0.009816,0.2,0.931,10,constant,FALSE,64,2,simple,,,5,500000,64,12000
20251128-083237,Windows 11,AMD Ryzen 7 5700X 8-Core Processor,8,34265653248,NVIDIA GeForce RTX 5080,16303,,ppo,GridFoodCollector,1024,9.70E-05,20480,0.008943,0.131,0.912,4,constant,TRUE,256,3,simple,,,5,2000000,256,12000
20251128-094453,Windows 11,AMD Ryzen 7 5700X 8-Core Processor,8,34265653248,NVIDIA GeForce RTX 5080,16303,,ppo,GridFoodCollector,512,2.30E-05,20480,0.007916,0.219,0.95,5,constant,TRUE,64,2,simple,,,5,1000000,512,12000
20251128-102621,Windows 11,AMD Ryzen 7 5700X 8-Core Processor,8,34265653248,NVIDIA GeForce RTX 5080,16303,,ppo,GridFoodCollector,1024,0.000236,40960,0.003173,0.24,0.901,3,constant,FALSE,128,3,simple,,,5,250000,128,12000
20251128-103636,Windows 11,AMD Ryzen 7 5700X 8-Core Processor,8,34265653248,NVIDIA GeForce RTX 5080,16303,,ppo,GridFoodCollector,4096,0.000181,81920,0.005179,0.205,0.95,8,linear,FALSE,256,3,simple,,,5,250000,1024,12000
20251128-104919,Windows 11,AMD Ryzen 7 5700X 8-Core Processor,8,34265653248,NVIDIA GeForce RTX 5080,16303,,ppo,GridFoodCollector,4096,0.000185,163840,0.009096,0.144,0.92,4,constant,FALSE,32,3,simple,,,5,1000000,64,12000
20251128-113116,Windows 11,AMD Ryzen 7 5700X 8-Core Processor,8,34265653248,NVIDIA GeForce RTX 5080,16303,,ppo,GridFoodCollector,512,8.60E-05,10240,0.006495,0.105,0.923,5,constant,FALSE,512,2,simple,,,5,100000,1024,12000
20251128-113709,Windows 11,AMD Ryzen 7 5700X 8-Core Processor,8,34265653248,NVIDIA GeForce RTX 5080,16303,,ppo,GridFoodCollector,2048,0.000265,163840,0.008146,0.11,0.908,4,linear,TRUE,32,2,simple,,,5,100000,512,12000
20251128-114110,Windows 11,AMD Ryzen 7 5700X 8-Core Processor,8,34265653248,NVIDIA GeForce RTX 5080,16303,,ppo,GridFoodCollector,1024,7.00E-05,81920,0.008905,0.164,0.921,4,linear,FALSE,512,3,simple,,,5,2000000,256,12000
20251128-130752,Windows 11,AMD Ryzen 7 5700X 8-Core Processor,8,34265653248,NVIDIA GeForce RTX 5080,16303,,ppo,GridFoodCollector,2048,6.30E-05,81920,0.002427,0.211,0.907,8,constant,FALSE,64,2,simple,,,5,100000,2048,12000
20251128-131354,Windows 11,AMD Ryzen 7 5700X 8-Core Processor,8,34265653248,NVIDIA GeForce RTX 5080,16303,,ppo,GridFoodCollector,4096,0.000127,327680,0.003415,0.278,0.928,5,constant,TRUE,256,2,simple,,,5,100000,256,12000
20251128-131746,Windows 11,AMD Ryzen 7 5700X 8-Core Processor,8,34265653248,NVIDIA GeForce RTX 5080,16303,,ppo,GridFoodCollector,512,0.000186,10240,0.006466,0.263,0.947,4,linear,FALSE,32,3,simple,,,5,250000,64,12000
20251128-132818,Windows 11,AMD Ryzen 7 5700X 8-Core Processor,8,34265653248,NVIDIA GeForce RTX 5080,16303,,ppo,GridFoodCollector,2048,0.000288,40960,0.007828,0.12,0.913,3,constant,FALSE,32,3,simple,,,5,250000,256,12000
20251128-133739,Windows 11,AMD Ryzen 7 5700X 8-Core Processor,8,34265653248,NVIDIA GeForce RTX 5080,16303,,ppo,GridFoodCollector,1024,0.000231,81920,0.007172,0.263,0.923,4,linear,FALSE,256,2,simple,,,5,500000,512,12000
20251128-135654,Windows 11,AMD Ryzen 7 5700X 8-Core Processor,8,34265653248,NVIDIA GeForce RTX 5080,16303,,ppo,GridFoodCollector,512,0.000139,10240,0.001719,0.182,0.938,4,linear,FALSE,32,3,simple,,,5,1000000,512,12000
20251128-143545,Windows 11,AMD Ryzen 7 5700X 8-Core Processor,8,34265653248,NVIDIA GeForce RTX 5080,16303,,ppo,GridFoodCollector,512,0.000243,20480,0.001177,0.217,0.912,3,constant,FALSE,64,2,simple,,,5,250000,128,12000
20251128-144601,Windows 11,AMD Ryzen 7 5700X 8-Core Processor,8,34265653248,NVIDIA GeForce RTX 5080,16303,,ppo,GridFoodCollector,512,0.000241,40960,0.008051,0.252,0.943,10,constant,TRUE,256,3,simple,,,5,1000000,64,12000
20251128-154246,Windows 11,AMD Ryzen 7 5700X 8-Core Processor,8,34265653248,NVIDIA GeForce RTX 5080,16303,,ppo,GridFoodCollector,2048,9.60E-05,40960,0.007417,0.216,0.925,8,linear,FALSE,128,3,simple,,,5,250000,64,12000
20251128-155523,Windows 11,AMD Ryzen 7 5700X 8-Core Processor,8,34265653248,NVIDIA GeForce RTX 5080,16303,,ppo,GridFoodCollector,512,7.40E-05,10240,0.005418,0.155,0.919,3,constant,TRUE,32,3,simple,,,5,250000,1024,12000
20251128-160554,Windows 11,AMD Ryzen 7 5700X 8-Core Processor,8,34265653248,NVIDIA GeForce RTX 5080,16303,,ppo,GridFoodCollector,2048,5.00E-05,163840,0.003831,0.115,0.925,3,constant,TRUE,512,1,simple,,,5,2000000,2048,12000
20251128-172258,Windows 11,AMD Ryzen 7 5700X 8-Core Processor,8,34265653248,NVIDIA GeForce RTX 5080,16303,,ppo,GridFoodCollector,4096,0.000123,163840,0.0068,0.248,0.933,4,constant,FALSE,512,1,simple,,,5,2000000,256,12000
20251128-184359,Windows 11,AMD Ryzen 7 5700X 8-Core Processor,8,34265653248,NVIDIA GeForce RTX 5080,16303,,ppo,GridFoodCollector,1024,0.000277,20480,0.00598,0.265,0.925,8,constant,TRUE,512,1,simple,,,5,1000000,2048,12000
20251128-193543,Windows 11,AMD Ryzen 7 5700X 8-Core Processor,8,34265653248,NVIDIA GeForce RTX 5080,16303,,ppo,GridFoodCollector,1024,5.70E-05,40960,0.005174,0.209,0.945,8,linear,FALSE,128,3,simple,,,5,1000000,256,12000
20251128-202447,Windows 11,AMD Ryzen 7 5700X 8-Core Processor,8,34265653248,NVIDIA GeForce RTX 5080,16303,,ppo,GridFoodCollector,4096,8.50E-05,163840,0.005525,0.283,0.903,4,constant,FALSE,32,3,simple,,,5,500000,64,12000
20251128-204607,Windows 11,AMD Ryzen 7 5700X 8-Core Processor,8,34265653248,NVIDIA GeForce RTX 5080,16303,,ppo,GridFoodCollector,2048,4.70E-05,40960,0.002763,0.164,0.902,5,constant,FALSE,128,1,simple,,,5,100000,512,12000
20251128-205104,Windows 11,AMD Ryzen 7 5700X 8-Core Processor,8,34265653248,NVIDIA GeForce RTX 5080,16303,,ppo,GridFoodCollector,512,6.50E-05,20480,0.007765,0.105,0.919,5,linear,TRUE,256,3,simple,,,5,2000000,64,12000
20251128-222245,Windows 11,AMD Ryzen 7 5700X 8-Core Processor,8,34265653248,NVIDIA GeForce RTX 5080,16303,,ppo,GridFoodCollector,4096,0.000202,163840,0.008205,0.113,0.918,5,constant,TRUE,128,2,simple,,,5,1000000,64,12000
20251128-230635,Windows 11,AMD Ryzen 7 5700X 8-Core Processor,8,34265653248,NVIDIA GeForce RTX 5080,16303,,ppo,GridFoodCollector,1024,0.000152,81920,0.006363,0.287,0.91,10,linear,TRUE,32,2,simple,,,5,500000,64,12000
20251128-233416,Windows 11,AMD Ryzen 7 5700X 8-Core Processor,8,34265653248,NVIDIA GeForce RTX 5080,16303,,ppo,GridFoodCollector,1024,0.000258,40960,0.007728,0.151,0.901,4,constant,TRUE,256,3,simple,,,5,100000,2048,12000
20251128-233931,Windows 11,AMD Ryzen 7 5700X 8-Core Processor,8,34265653248,NVIDIA GeForce RTX 5080,16303,,ppo,GridFoodCollector,1024,6.50E-05,40960,0.003957,0.103,0.903,8,constant,TRUE,256,3,simple,,,5,1000000,64,12000
20251129-002949,Windows 11,AMD Ryzen 7 5700X 8-Core Processor,8,34265653248,NVIDIA GeForce RTX 5080,16303,,ppo,GridFoodCollector,1024,0.000215,20480,0.00669,0.216,0.904,10,linear,TRUE,64,1,simple,,,5,1000000,256,12000
20251129-011422,Windows 11,AMD Ryzen 7 5700X 8-Core Processor,8,34265653248,NVIDIA GeForce RTX 5080,16303,,ppo,GridFoodCollector,2048,8.30E-05,81920,0.007618,0.208,0.937,3,linear,FALSE,256,1,simple,,,5,500000,512,12000
20251129-013135,Windows 11,AMD Ryzen 7 5700X 8-Core Processor,8,34265653248,NVIDIA GeForce RTX 5080,16303,,ppo,GridFoodCollector,2048,0.000286,163840,0.003741,0.106,0.942,10,constant,TRUE,32,3,simple,,,5,2000000,128,12000
20251129-030123,Windows 11,AMD Ryzen 7 5700X 8-Core Processor,8,34265653248,NVIDIA GeForce RTX 5080,16303,,ppo,GridFoodCollector,4096,0.000177,81920,0.005215,0.13,0.911,10,constant,TRUE,256,2,simple,,,5,250000,1024,12000
20251129-031243,Windows 11,AMD Ryzen 7 5700X 8-Core Processor,8,34265653248,NVIDIA GeForce RTX 5080,16303,,ppo,GridFoodCollector,2048,0.000129,81920,0.000323,0.288,0.945,3,constant,TRUE,256,2,simple,,,5,100000,64,12000
20251129-031617,Windows 11,AMD Ryzen 7 5700X 8-Core Processor,8,34265653248,NVIDIA GeForce RTX 5080,16303,,ppo,GridFoodCollector,1024,0.000229,81920,0.005724,0.187,0.912,8,constant,TRUE,256,2,simple,,,5,2000000,64,12000
20251129-044105,Windows 11,AMD Ryzen 7 5700X 8-Core Processor,8,34265653248,NVIDIA GeForce RTX 5080,16303,,ppo,GridFoodCollector,512,0.000185,40960,0.009816,0.2,0.931,10,constant,FALSE,64,2,simple,,,5,500000,64,12000
20251129-050334,Windows 11,AMD Ryzen 7 5700X 8-Core Processor,8,34265653248,NVIDIA GeForce RTX 5080,16303,,ppo,GridFoodCollector,1024,0.00024,81920,0.006753,0.114,0.913,8,constant,FALSE,256,2,simple,,,5,1000000,128,12000
20251129-054631,Windows 11,AMD Ryzen 7 5700X 8-Core Processor,8,34265653248,NVIDIA GeForce RTX 5080,16303,,ppo,GridFoodCollector,512,6.60E-05,10240,0.006119,0.277,0.905,3,constant,TRUE,256,1,simple,,,5,500000,1024,12000
20251129-060359,Windows 11,AMD Ryzen 7 5700X 8-Core Processor,8,34265653248,NVIDIA GeForce RTX 5080,16303,,ppo,GridFoodCollector,512,0.00019,20480,0.007935,0.231,0.932,8,linear,FALSE,64,1,simple,,,5,2000000,256,12000
20251129-072650,Windows 11,AMD Ryzen 7 5700X 8-Core Processor,8,34265653248,NVIDIA GeForce RTX 5080,16303,,ppo,GridFoodCollector,2048,0.000134,40960,0.009939,0.17,0.942,8,linear,TRUE,128,1,simple,,,5,500000,64,12000
20251129-074746,Windows 11,AMD Ryzen 7 5700X 8-Core Processor,8,34265653248,NVIDIA GeForce RTX 5080,16303,,ppo,GridFoodCollector,4096,0.000214,81920,0.007283,0.141,0.932,4,linear,TRUE,256,1,simple,,,5,100000,2048,12000
20251129-075208,Windows 11,AMD Ryzen 7 5700X 8-Core Processor,8,34265653248,NVIDIA GeForce RTX 5080,16303,,ppo,GridFoodCollector,4096,4.20E-05,327680,0.005717,0.163,0.906,3,constant,FALSE,128,2,simple,,,5,500000,1024,12000
20251129-080910,Windows 11,AMD Ryzen 7 5700X 8-Core Processor,8,34265653248,NVIDIA GeForce RTX 5080,16303,,ppo,GridFoodCollector,512,0.000191,20480,0.00461,0.234,0.947,8,constant,TRUE,256,2,simple,,,5,500000,64,12000
20251129-083041,Windows 11,AMD Ryzen 7 5700X 8-Core Processor,8,34265653248,NVIDIA GeForce RTX 5080,16303,,ppo,GridFoodCollector,4096,9.10E-05,163840,0.004741,0.253,0.911,5,constant,FALSE,32,1,simple,,,5,250000,1024,12000
20251129-083951,Windows 11,AMD Ryzen 7 5700X 8-Core Processor,8,34265653248,NVIDIA GeForce RTX 5080,16303,,ppo,GridFoodCollector,2048,8.90E-05,81920,0.000767,0.184,0.941,3,constant,TRUE,256,3,simple,,,5,100000,512,12000
20251129-084344,Windows 11,AMD Ryzen 7 5700X 8-Core Processor,8,34265653248,NVIDIA GeForce RTX 5080,16303,,ppo,GridFoodCollector,2048,0.000214,81920,0.005244,0.259,0.932,3,linear,TRUE,32,3,simple,,,5,100000,1024,12000
20251129-084752,Windows 11,AMD Ryzen 7 5700X 8-Core Processor,8,34265653248,NVIDIA GeForce RTX 5080,16303,,ppo,GridFoodCollector,512,0.000239,10240,0.008844,0.229,0.914,5,constant,TRUE,256,1,simple,,,5,100000,1024,12000
20251129-085222,Windows 11,AMD Ryzen 7 5700X 8-Core Processor,8,34265653248,NVIDIA GeForce RTX 5080,16303,,ppo,GridFoodCollector,512,4.20E-05,20480,0.002953,0.29,0.917,8,constant,FALSE,512,2,simple,,,5,1000000,256,12000
20251129-094035,Windows 11,AMD Ryzen 7 5700X 8-Core Processor,8,34265653248,NVIDIA GeForce RTX 5080,16303,,ppo,GridFoodCollector,512,0.000125,10240,0.008383,0.165,0.94,8,linear,FALSE,256,3,simple,,,5,500000,128,12000
20251129-100436,Windows 11,AMD Ryzen 7 5700X 8-Core Processor,8,34265653248,NVIDIA GeForce RTX 5080,16303,,ppo,GridFoodCollector,1024,2.80E-05,40960,0.001915,0.122,0.942,4,linear,FALSE,64,1,simple,,,5,500000,128,12000
20251129-102432,Windows 11,AMD Ryzen 7 5700X 8-Core Processor,8,34265653248,NVIDIA GeForce RTX 5080,16303,,ppo,GridFoodCollector,1024,0.000229,40960,0.008568,0.239,0.949,5,linear,TRUE,64,3,simple,,,5,2000000,64,12000
20251129-114712,Windows 11,AMD Ryzen 7 5700X 8-Core Processor,8,34265653248,NVIDIA GeForce RTX 5080,16303,,ppo,GridFoodCollector,4096,0.000116,81920,0.001936,0.187,0.941,5,constant,TRUE,128,1,simple,,,5,2000000,512,12000
20251129-130726,Windows 11,AMD Ryzen 7 5700X 8-Core Processor,8,34265653248,NVIDIA GeForce RTX 5080,16303,,ppo,GridFoodCollector,4096,0.000148,327680,0.001346,0.145,0.943,8,linear,FALSE,256,3,simple,,,5,100000,2048,12000
20251129-131149,Windows 11,AMD Ryzen 7 5700X 8-Core Processor,8,34265653248,NVIDIA GeForce RTX 5080,16303,,ppo,GridFoodCollector,1024,0.000234,81920,0.003617,0.115,0.936,3,constant,TRUE,256,3,simple,,,5,1000000,256,12000
20251129-135451,Windows 11,AMD Ryzen 7 5700X 8-Core Processor,8,34265653248,NVIDIA GeForce RTX 5080,16303,,ppo,GridFoodCollector,1024,0.000142,81920,0.00804,0.156,0.933,8,constant,FALSE,256,1,simple,,,5,500000,2048,12000
20251129-142203,Windows 11,AMD Ryzen 7 5700X 8-Core Processor,8,34265653248,NVIDIA GeForce RTX 5080,16303,,ppo,GridFoodCollector,1024,0.000124,81920,0.008809,0.141,0.925,4,constant,TRUE,64,3,simple,,,5,2000000,2048,12000
20251129-154014,Windows 11,AMD Ryzen 7 5700X 8-Core Processor,8,34265653248,NVIDIA GeForce RTX 5080,16303,,ppo,GridFoodCollector,4096,1.30E-05,163840,0.001125,0.141,0.913,3,constant,FALSE,32,3,simple,,,5,100000,64,12000
20251129-154405,Windows 11,AMD Ryzen 7 5700X 8-Core Processor,8,34265653248,NVIDIA GeForce RTX 5080,16303,,ppo,GridFoodCollector,1024,0.000151,81920,0.001274,0.157,0.939,4,constant,FALSE,512,1,simple,,,5,100000,64,12000
20251129-154842,Windows 11,AMD Ryzen 7 5700X 8-Core Processor,8,34265653248,NVIDIA GeForce RTX 5080,16303,,ppo,GridFoodCollector,1024,0.00029,40960,0.00777,0.247,0.935,8,constant,FALSE,64,2,simple,,,5,2000000,2048,12000
20251129-172806,Windows 11,AMD Ryzen 7 5700X 8-Core Processor,8,34265653248,NVIDIA GeForce RTX 5080,16303,,ppo,GridFoodCollector,512,5.30E-05,40960,0.006027,0.279,0.932,3,constant,FALSE,64,2,simple,,,5,500000,256,12000
20251129-174903,Windows 11,AMD Ryzen 7 5700X 8-Core Processor,8,34265653248,NVIDIA GeForce RTX 5080,16303,,ppo,GridFoodCollector,2048,0.000112,40960,0.000735,0.274,0.912,10,constant,FALSE,512,2,simple,,,5,500000,512,12000
20251129-181640,Windows 11,AMD Ryzen 7 5700X 8-Core Processor,8,34265653248,NVIDIA GeForce RTX 5080,16303,,ppo,GridFoodCollector,2048,0.000185,40960,0.006482,0.285,0.937,10,linear,TRUE,64,1,simple,,,5,100000,2048,12000
20251129-182139,Windows 11,AMD Ryzen 7 5700X 8-Core Processor,8,34265653248,NVIDIA GeForce RTX 5080,16303,,ppo,GridFoodCollector,4096,0.00012,327680,0.003497,0.238,0.92,10,constant,TRUE,512,2,simple,,,5,2000000,1024,12000
20251129-201740,Windows 11,AMD Ryzen 7 5700X 8-Core Processor,8,34265653248,NVIDIA GeForce RTX 5080,16303,,ppo,GridFoodCollector,1024,0.000288,81920,0.007289,0.153,0.942,10,linear,FALSE,512,3,simple,,,5,100000,512,12000
20251129-202454,Windows 11,AMD Ryzen 7 5700X 8-Core Processor,8,34265653248,NVIDIA GeForce RTX 5080,16303,,ppo,GridFoodCollector,1024,0.00029,40960,0.005892,0.159,0.949,4,linear,TRUE,256,1,simple,,,5,100000,256,12000
20251129-203010,Windows 11,AMD Ryzen 7 5700X 8-Core Processor,8,34265653248,NVIDIA GeForce RTX 5080,16303,,ppo,GridFoodCollector,4096,5.50E-05,163840,0.005385,0.196,0.905,10,constant,TRUE,512,2,simple,,,5,250000,1024,12000
20251129-204706,Windows 11,AMD Ryzen 7 5700X 8-Core Processor,8,34265653248,NVIDIA GeForce RTX 5080,16303,,ppo,GridFoodCollector,2048,5.80E-05,40960,0.003326,0.179,0.946,4,linear,FALSE,64,1,simple,,,5,1000000,256,12000
20251129-213446,Windows 11,AMD Ryzen 7 5700X 8-Core Processor,8,34265653248,NVIDIA GeForce RTX 5080,16303,,ppo,GridFoodCollector,2048,0.000286,40960,0.004468,0.122,0.934,8,linear,FALSE,128,3,simple,,,5,500000,64,12000
20251129-215934,Windows 11,AMD Ryzen 7 5700X 8-Core Processor,8,34265653248,NVIDIA GeForce RTX 5080,16303,,ppo,GridFoodCollector,2048,0.000244,40960,0.007563,0.142,0.938,8,linear,TRUE,64,3,simple,,,5,250000,512,12000
20251129-221127,Windows 11,AMD Ryzen 7 5700X 8-Core Processor,8,34265653248,NVIDIA GeForce RTX 5080,16303,,ppo,GridFoodCollector,512,2.10E-05,20480,0.006154,0.276,0.915,4,constant,TRUE,256,3,simple,,,5,1000000,64,12000
20251129-225918,Windows 11,AMD Ryzen 7 5700X 8-Core Processor,8,34265653248,NVIDIA GeForce RTX 5080,16303,,ppo,GridFoodCollector,1024,0.000272,40960,0.001781,0.235,0.93,10,constant,TRUE,32,2,simple,,,5,2000000,128,12000
20251130-004423,Windows 11,AMD Ryzen 7 5700X 8-Core Processor,8,34265653248,NVIDIA GeForce RTX 5080,16303,,ppo,GridFoodCollector,1024,6.20E-05,40960,0.008558,0.259,0.928,10,linear,TRUE,256,2,simple,,,5,500000,1024,12000
20251130-010911,Windows 11,AMD Ryzen 7 5700X 8-Core Processor,8,34265653248,NVIDIA GeForce RTX 5080,16303,,ppo,GridFoodCollector,1024,0.00019,81920,0.005761,0.266,0.932,10,linear,TRUE,128,2,simple,,,5,1000000,64,12000
20251130-015656,Windows 11,AMD Ryzen 7 5700X 8-Core Processor,8,34265653248,NVIDIA GeForce RTX 5080,16303,,ppo,GridFoodCollector,1024,6.80E-05,40960,0.004079,0.217,0.94,10,constant,FALSE,512,2,simple,,,5,250000,128,12000
20251130-020935,Windows 11,AMD Ryzen 7 5700X 8-Core Processor,8,34265653248,NVIDIA GeForce RTX 5080,16303,,ppo,GridFoodCollector,4096,6.40E-05,327680,0.009685,0.158,0.946,10,constant,FALSE,128,1,simple,,,5,1000000,64,12000
20251130-025732,Windows 11,AMD Ryzen 7 5700X 8-Core Processor,8,34265653248,NVIDIA GeForce RTX 5080,16303,,ppo,GridFoodCollector,2048,6.80E-05,81920,0.008382,0.239,0.908,4,constant,TRUE,64,1,simple,,,5,1000000,1024,12000
20251130-033535,Windows 11,AMD Ryzen 7 5700X 8-Core Processor,8,34265653248,NVIDIA GeForce RTX 5080,16303,,ppo,GridFoodCollector,512,0.000231,40960,0.004918,0.16,0.938,3,linear,TRUE,512,1,simple,,,5,250000,512,12000
20251130-034444,Windows 11,AMD Ryzen 7 5700X 8-Core Processor,8,34265653248,NVIDIA GeForce RTX 5080,16303,,ppo,GridFoodCollector,2048,0.000273,81920,0.005595,0.192,0.936,3,constant,FALSE,512,2,simple,,,5,100000,2048,12000
20251130-034919,Windows 11,AMD Ryzen 7 5700X 8-Core Processor,8,34265653248,NVIDIA GeForce RTX 5080,16303,,ppo,GridFoodCollector,1024,0.000216,20480,0.004237,0.122,0.909,5,constant,TRUE,256,3,simple,,,5,2000000,256,12000
20251130-050914,Windows 11,AMD Ryzen 7 5700X 8-Core Processor,8,34265653248,NVIDIA GeForce RTX 5080,16303,,ppo,PushBlock,4096,0.000273,327680,0.002799,0.104,0.939,5,linear,FALSE,64,3,simple,,,5,500000,1024,12000
20251130-051318,Windows 11,AMD Ryzen 7 5700X 8-Core Processor,8,34265653248,NVIDIA GeForce RTX 5080,16303,,ppo,PushBlock,2048,0.000111,40960,0.000497,0.106,0.904,10,linear,TRUE,128,2,simple,,,5,250000,256,12000
20251130-051631,Windows 11,AMD Ryzen 7 5700X 8-Core Processor,8,34265653248,NVIDIA GeForce RTX 5080,16303,,ppo,PushBlock,1024,2.90E-05,81920,0.009381,0.107,0.9,5,linear,FALSE,64,3,simple,,,5,250000,256,12000
20251130-051836,Windows 11,AMD Ryzen 7 5700X 8-Core Processor,8,34265653248,NVIDIA GeForce RTX 5080,16303,,ppo,PushBlock,4096,0.000165,163840,0.00327,0.164,0.9,10,constant,TRUE,64,2,simple,,,5,1000000,128,12000
20251130-053209,Windows 11,AMD Ryzen 7 5700X 8-Core Processor,8,34265653248,NVIDIA GeForce RTX 5080,16303,,ppo,PushBlock,2048,0.00012,40960,0.008504,0.267,0.909,4,constant,TRUE,256,3,simple,,,5,2000000,512,12000
20251130-055044,Windows 11,AMD Ryzen 7 5700X 8-Core Processor,8,34265653248,NVIDIA GeForce RTX 5080,16303,,ppo,PushBlock,4096,7.90E-05,327680,0.0076,0.179,0.914,5,constant,FALSE,32,3,simple,,,5,250000,2048,12000
20251130-055206,Windows 11,AMD Ryzen 7 5700X 8-Core Processor,8,34265653248,NVIDIA GeForce RTX 5080,16303,,ppo,PushBlock,1024,1.10E-05,81920,0.003924,0.173,0.922,10,linear,FALSE,64,2,simple,,,5,1000000,512,12000
20251130-060413,Windows 11,AMD Ryzen 7 5700X 8-Core Processor,8,34265653248,NVIDIA GeForce RTX 5080,16303,,ppo,PushBlock,2048,6.40E-05,163840,0.000537,0.102,0.937,8,linear,FALSE,64,1,simple,,,5,2000000,2048,12000
20251130-062638,Windows 11,AMD Ryzen 7 5700X 8-Core Processor,8,34265653248,NVIDIA GeForce RTX 5080,16303,,ppo,PushBlock,1024,0.000223,40960,0.007236,0.232,0.915,10,linear,FALSE,512,1,simple,,,5,2000000,64,12000
20251130-065413,Windows 11,AMD Ryzen 7 5700X 8-Core Processor,8,34265653248,NVIDIA GeForce RTX 5080,16303,,ppo,PushBlock,1024,5.50E-05,20480,0.003149,0.171,0.914,8,constant,TRUE,256,3,simple,,,5,100000,512,12000
20251130-065540,Windows 11,AMD Ryzen 7 5700X 8-Core Processor,8,34265653248,NVIDIA GeForce RTX 5080,16303,,ppo,PushBlock,2048,0.000135,40960,0.004341,0.107,0.918,4,constant,FALSE,256,3,simple,,,5,2000000,64,12000
20251130-071415,Windows 11,AMD Ryzen 7 5700X 8-Core Processor,8,34265653248,NVIDIA GeForce RTX 5080,16303,,ppo,PushBlock,1024,9.60E-05,20480,0.006059,0.259,0.908,5,constant,TRUE,256,3,simple,,,5,500000,128,12000
20251130-071927,Windows 11,AMD Ryzen 7 5700X 8-Core Processor,8,34265653248,NVIDIA GeForce RTX 5080,16303,,ppo,PushBlock,512,0.000213,40960,0.003192,0.215,0.947,10,linear,FALSE,64,1,simple,,,5,100000,64,12000
20251130-072045,Windows 11,AMD Ryzen 7 5700X 8-Core Processor,8,34265653248,NVIDIA GeForce RTX 5080,16303,,ppo,PushBlock,4096,2.30E-05,327680,0.00974,0.174,0.917,4,constant,TRUE,512,3,simple,,,5,2000000,512,12000
20251130-074239,Windows 11,AMD Ryzen 7 5700X 8-Core Processor,8,34265653248,NVIDIA GeForce RTX 5080,16303,,ppo,PushBlock,512,3.00E-05,10240,0.006758,0.193,0.922,10,linear,TRUE,32,3,simple,,,5,100000,512,12000
20251130-074406,Windows 11,AMD Ryzen 7 5700X 8-Core Processor,8,34265653248,NVIDIA GeForce RTX 5080,16303,,ppo,PushBlock,1024,2.60E-05,81920,0.006195,0.153,0.948,4,constant,FALSE,128,2,simple,,,5,100000,128,12000
20251130-074503,Windows 11,AMD Ryzen 7 5700X 8-Core Processor,8,34265653248,NVIDIA GeForce RTX 5080,16303,,ppo,PushBlock,1024,0.000106,20480,0.004919,0.201,0.914,5,constant,FALSE,128,3,simple,,,5,250000,1024,12000
20251130-074725,Windows 11,AMD Ryzen 7 5700X 8-Core Processor,8,34265653248,NVIDIA GeForce RTX 5080,16303,,ppo,PushBlock,4096,0.00017,81920,0.000184,0.221,0.917,8,constant,TRUE,512,1,simple,,,5,250000,64,12000
20251130-075041,Windows 11,AMD Ryzen 7 5700X 8-Core Processor,8,34265653248,NVIDIA GeForce RTX 5080,16303,,ppo,PushBlock,1024,0.000232,20480,0.000812,0.237,0.938,3,constant,TRUE,32,1,simple,,,5,100000,256,12000
20251130-075134,Windows 11,AMD Ryzen 7 5700X 8-Core Processor,8,34265653248,NVIDIA GeForce RTX 5080,16303,,ppo,PushBlock,4096,0.00011,163840,0.000995,0.181,0.926,4,constant,TRUE,256,3,simple,,,5,500000,64,12000
20251130-075620,Windows 11,AMD Ryzen 7 5700X 8-Core Processor,8,34265653248,NVIDIA GeForce RTX 5080,16303,,ppo,PushBlock,2048,0.00018,81920,0.002484,0.209,0.905,4,linear,TRUE,128,3,simple,,,5,2000000,256,12000
20251130-081338,Windows 11,AMD Ryzen 7 5700X 8-Core Processor,8,34265653248,NVIDIA GeForce RTX 5080,16303,,ppo,PushBlock,1024,0.000244,20480,0.002389,0.245,0.906,3,linear,TRUE,256,2,simple,,,5,1000000,2048,12000
20251130-082124,Windows 11,AMD Ryzen 7 5700X 8-Core Processor,8,34265653248,NVIDIA GeForce RTX 5080,16303,,ppo,PushBlock,4096,3.50E-05,163840,0.002932,0.287,0.934,4,linear,TRUE,512,1,simple,,,5,1000000,1024,12000
20251130-083011,Windows 11,AMD Ryzen 7 5700X 8-Core Processor,8,34265653248,NVIDIA GeForce RTX 5080,16303,,ppo,PushBlock,2048,0.000199,163840,0.005489,0.102,0.905,10,linear,TRUE,64,1,simple,,,5,500000,2048,12000
20251130-083530,Windows 11,AMD Ryzen 7 5700X 8-Core Processor,8,34265653248,NVIDIA GeForce RTX 5080,16303,,ppo,PushBlock,2048,4.40E-05,81920,0.006245,0.239,0.936,5,constant,FALSE,64,2,simple,,,5,250000,128,12000
20251130-083752,Windows 11,AMD Ryzen 7 5700X 8-Core Processor,8,34265653248,NVIDIA GeForce RTX 5080,16303,,ppo,PushBlock,2048,0.000157,40960,0.008873,0.12,0.915,3,constant,TRUE,64,1,simple,,,5,100000,128,12000
20251130-083844,Windows 11,AMD Ryzen 7 5700X 8-Core Processor,8,34265653248,NVIDIA GeForce RTX 5080,16303,,ppo,PushBlock,2048,0.0003,40960,0.00301,0.147,0.934,5,constant,TRUE,512,1,simple,,,5,1000000,128,12000
20251130-084816,Windows 11,AMD Ryzen 7 5700X 8-Core Processor,8,34265653248,NVIDIA GeForce RTX 5080,16303,,ppo,PushBlock,512,3.90E-05,20480,0.002153,0.165,0.928,5,constant,FALSE,64,2,simple,,,5,250000,1024,12000
20251130-085040,Windows 11,AMD Ryzen 7 5700X 8-Core Processor,8,34265653248,NVIDIA GeForce RTX 5080,16303,,ppo,PushBlock,4096,3.10E-05,163840,0.006721,0.143,0.946,10,constant,TRUE,32,1,simple,,,5,1000000,512,12000
20251130-090401,Windows 11,AMD Ryzen 7 5700X 8-Core Processor,8,34265653248,NVIDIA GeForce RTX 5080,16303,,ppo,PushBlock,1024,0.000186,81920,0.00809,0.101,0.917,5,constant,TRUE,512,3,simple,,,5,100000,512,12000
20251130-090523,Windows 11,AMD Ryzen 7 5700X 8-Core Processor,8,34265653248,NVIDIA GeForce RTX 5080,16303,,ppo,PushBlock,1024,2.00E-05,81920,0.009187,0.254,0.921,3,linear,FALSE,64,2,simple,,,5,1000000,64,12000
20251130-091242,Windows 11,AMD Ryzen 7 5700X 8-Core Processor,8,34265653248,NVIDIA GeForce RTX 5080,16303,,ppo,PushBlock,1024,7.20E-05,40960,0.007107,0.205,0.922,4,constant,TRUE,256,2,simple,,,5,1000000,1024,12000
20251130-092121,Windows 11,AMD Ryzen 7 5700X 8-Core Processor,8,34265653248,NVIDIA GeForce RTX 5080,16303,,ppo,PushBlock,512,0.000162,10240,0.002873,0.165,0.901,10,linear,FALSE,512,1,simple,,,5,500000,1024,12000
20251130-092812,Windows 11,AMD Ryzen 7 5700X 8-Core Processor,8,34265653248,NVIDIA GeForce RTX 5080,16303,,ppo,PushBlock,512,0.000123,20480,0.002096,0.26,0.914,3,linear,TRUE,64,2,simple,,,5,500000,256,12000
20251130-093157,Windows 11,AMD Ryzen 7 5700X 8-Core Processor,8,34265653248,NVIDIA GeForce RTX 5080,16303,,ppo,PushBlock,512,3.70E-05,20480,0.004365,0.219,0.925,8,linear,TRUE,128,3,simple,,,5,100000,1024,12000
20251130-093320,Windows 11,AMD Ryzen 7 5700X 8-Core Processor,8,34265653248,NVIDIA GeForce RTX 5080,16303,,ppo,PushBlock,4096,7.90E-05,81920,0.000734,0.23,0.913,10,linear,TRUE,64,1,simple,,,5,2000000,1024,12000
20251130-095922,Windows 11,AMD Ryzen 7 5700X 8-Core Processor,8,34265653248,NVIDIA GeForce RTX 5080,16303,,ppo,PushBlock,1024,5.80E-05,20480,0.006689,0.244,0.925,4,constant,FALSE,512,2,simple,,,5,2000000,64,12000
20251130-101921,Windows 11,AMD Ryzen 7 5700X 8-Core Processor,8,34265653248,NVIDIA GeForce RTX 5080,16303,,ppo,PushBlock,1024,8.00E-05,20480,0.008208,0.288,0.931,8,linear,FALSE,256,1,simple,,,5,100000,2048,12000
20251130-102044,Windows 11,AMD Ryzen 7 5700X 8-Core Processor,8,34265653248,NVIDIA GeForce RTX 5080,16303,,ppo,PushBlock,2048,0.000288,81920,0.002745,0.199,0.93,8,linear,TRUE,32,1,simple,,,5,250000,128,12000
20251130-102309,Windows 11,AMD Ryzen 7 5700X 8-Core Processor,8,34265653248,NVIDIA GeForce RTX 5080,16303,,ppo,PushBlock,4096,0.00014,163840,0.000599,0.222,0.916,3,constant,TRUE,512,1,simple,,,5,100000,512,12000
20251130-102352,Windows 11,AMD Ryzen 7 5700X 8-Core Processor,8,34265653248,NVIDIA GeForce RTX 5080,16303,,ppo,PushBlock,1024,0.000207,20480,0.008446,0.287,0.925,8,constant,FALSE,256,3,simple,,,5,2000000,2048,12000
20251130-104919,Windows 11,AMD Ryzen 7 5700X 8-Core Processor,8,34265653248,NVIDIA GeForce RTX 5080,16303,,ppo,PushBlock,2048,0.000223,81920,0.002887,0.133,0.94,3,constant,TRUE,32,2,simple,,,5,500000,64,12000
20251130-105311,Windows 11,AMD Ryzen 7 5700X 8-Core Processor,8,34265653248,NVIDIA GeForce RTX 5080,16303,,ppo,PushBlock,1024,0.000204,81920,0.007216,0.182,0.903,3,linear,FALSE,512,3,simple,,,5,100000,1024,12000
20251130-105421,Windows 11,AMD Ryzen 7 5700X 8-Core Processor,8,34265653248,NVIDIA GeForce RTX 5080,16303,,ppo,PushBlock,2048,0.000227,40960,0.001815,0.118,0.901,5,constant,TRUE,512,1,simple,,,5,100000,512,12000
20251130-105528,Windows 11,AMD Ryzen 7 5700X 8-Core Processor,8,34265653248,NVIDIA GeForce RTX 5080,16303,,ppo,PushBlock,2048,0.000197,81920,0.007287,0.234,0.923,4,constant,FALSE,256,2,simple,,,5,2000000,1024,12000
20251130-111308,Windows 11,AMD Ryzen 7 5700X 8-Core Processor,8,34265653248,NVIDIA GeForce RTX 5080,16303,,ppo,PushBlock,4096,0.000213,163840,0.007736,0.123,0.941,4,linear,TRUE,512,2,simple,,,5,1000000,128,12000
20251130-112306,Windows 11,AMD Ryzen 7 5700X 8-Core Processor,8,34265653248,NVIDIA GeForce RTX 5080,16303,,ppo,PushBlock,512,0.000255,40960,0.004782,0.11,0.912,8,linear,FALSE,32,2,simple,,,5,500000,64,12000
20251130-112848,Windows 11,AMD Ryzen 7 5700X 8-Core Processor,8,34265653248,NVIDIA GeForce RTX 5080,16303,,ppo,PushBlock,4096,8.70E-05,81920,0.008389,0.282,0.901,10,constant,TRUE,32,1,simple,,,5,100000,256,12000
20251130-113011,Windows 11,AMD Ryzen 7 5700X 8-Core Processor,8,34265653248,NVIDIA GeForce RTX 5080,16303,,ppo,PushBlock,1024,5.00E-05,20480,0.005107,0.149,0.915,8,linear,FALSE,64,2,simple,,,5,250000,2048,12000
20251130-113304,Windows 11,AMD Ryzen 7 5700X 8-Core Processor,8,34265653248,NVIDIA GeForce RTX 5080,16303,,ppo,PushBlock,512,4.60E-05,40960,0.002889,0.19,0.942,5,linear,TRUE,512,2,simple,,,5,250000,128,12000
20251130-113546,Windows 11,AMD Ryzen 7 5700X 8-Core Processor,8,34265653248,NVIDIA GeForce RTX 5080,16303,,ppo,PushBlock,512,4.90E-05,10240,0.007481,0.224,0.913,8,constant,TRUE,32,1,simple,,,5,100000,64,12000
20251130-113702,Windows 11,AMD Ryzen 7 5700X 8-Core Processor,8,34265653248,NVIDIA GeForce RTX 5080,16303,,ppo,PushBlock,1024,0.000244,20480,0.002389,0.245,0.906,3,linear,TRUE,256,2,simple,,,5,1000000,2048,12000
20251130-114507,Windows 11,AMD Ryzen 7 5700X 8-Core Processor,8,34265653248,NVIDIA GeForce RTX 5080,16303,,ppo,PushBlock,4096,0.000132,327680,0.007144,0.117,0.906,5,constant,TRUE,256,3,simple,,,5,500000,64,12000
20251130-114937,Windows 11,AMD Ryzen 7 5700X 8-Core Processor,8,34265653248,NVIDIA GeForce RTX 5080,16303,,ppo,PushBlock,512,0.000226,10240,0.00843,0.281,0.917,5,linear,FALSE,512,3,simple,,,5,2000000,64,12000
20251130-121630,Windows 11,AMD Ryzen 7 5700X 8-Core Processor,8,34265653248,NVIDIA GeForce RTX 5080,16303,,ppo,PushBlock,1024,0.0001,81920,0.007019,0.205,0.94,4,linear,TRUE,512,2,simple,,,5,2000000,1024,12000
20251130-124228,Windows 11,AMD Ryzen 7 5700X 8-Core Processor,8,34265653248,NVIDIA GeForce RTX 5080,16303,,ppo,PushBlock,1024,0.00023,20480,0.004401,0.28,0.911,3,constant,FALSE,128,1,simple,,,5,250000,128,12000
20251130-124502,Windows 11,AMD Ryzen 7 5700X 8-Core Processor,8,34265653248,NVIDIA GeForce RTX 5080,16303,,ppo,PushBlock,1024,0.000261,20480,0.006922,0.254,0.918,3,linear,TRUE,256,3,simple,,,5,500000,256,12000
20251130-125032,Windows 11,AMD Ryzen 7 5700X 8-Core Processor,8,34265653248,NVIDIA GeForce RTX 5080,16303,,ppo,PushBlock,1024,0.000146,81920,0.008544,0.265,0.937,5,linear,TRUE,128,2,simple,,,5,1000000,1024,12000
20251130-130142,Windows 11,AMD Ryzen 7 5700X 8-Core Processor,8,34265653248,NVIDIA GeForce RTX 5080,16303,,ppo,PushBlock,512,0.000242,40960,0.007924,0.162,0.946,10,constant,FALSE,128,2,simple,,,5,250000,64,12000
20251130-130526,Windows 11,AMD Ryzen 7 5700X 8-Core Processor,8,34265653248,NVIDIA GeForce RTX 5080,16303,,ppo,PushBlock,2048,9.90E-05,40960,0.008718,0.254,0.931,4,linear,TRUE,32,3,simple,,,5,500000,128,12000
20251130-130955,Windows 11,AMD Ryzen 7 5700X 8-Core Processor,8,34265653248,NVIDIA GeForce RTX 5080,16303,,ppo,PushBlock,4096,0.000245,81920,0.0042,0.237,0.925,10,linear,TRUE,256,3,simple,,,5,1000000,64,12000
20251130-132647,Windows 11,AMD Ryzen 7 5700X 8-Core Processor,8,34265653248,NVIDIA GeForce RTX 5080,16303,,ppo,PushBlock,512,0.000236,40960,0.009966,0.128,0.933,5,linear,FALSE,512,1,simple,,,5,2000000,128,12000
20251130-134730,Windows 11,AMD Ryzen 7 5700X 8-Core Processor,8,34265653248,NVIDIA GeForce RTX 5080,16303,,ppo,PushBlock,4096,0.000154,327680,0.000535,0.26,0.904,10,constant,TRUE,64,2,simple,,,5,100000,256,12000
20251130-134812,Windows 11,AMD Ryzen 7 5700X 8-Core Processor,8,34265653248,NVIDIA GeForce RTX 5080,16303,,ppo,PushBlock,4096,4.20E-05,327680,0.002033,0.114,0.912,8,constant,TRUE,64,3,simple,,,5,250000,512,12000
20251130-134940,Windows 11,AMD Ryzen 7 5700X 8-Core Processor,8,34265653248,NVIDIA GeForce RTX 5080,16303,,ppo,PushBlock,4096,2.70E-05,327680,0.004631,0.21,0.927,5,constant,FALSE,128,2,simple,,,5,500000,64,12000
20251130-135359,Windows 11,AMD Ryzen 7 5700X 8-Core Processor,8,34265653248,NVIDIA GeForce RTX 5080,16303,,ppo,PushBlock,4096,9.40E-05,163840,0.006821,0.23,0.904,10,linear,FALSE,512,2,simple,,,5,2000000,2048,12000
20251130-143102,Windows 11,AMD Ryzen 7 5700X 8-Core Processor,8,34265653248,NVIDIA GeForce RTX 5080,16303,,ppo,PushBlock,512,0.000296,10240,0.002005,0.268,0.903,10,linear,TRUE,128,3,simple,,,5,500000,256,12000
20251130-143926,Windows 11,AMD Ryzen 7 5700X 8-Core Processor,8,34265653248,NVIDIA GeForce RTX 5080,16303,,ppo,PushBlock,1024,3.40E-05,81920,0.002632,0.144,0.949,4,constant,TRUE,32,3,simple,,,5,2000000,256,12000
20251130-150123,Windows 11,AMD Ryzen 7 5700X 8-Core Processor,8,34265653248,NVIDIA GeForce RTX 5080,16303,,ppo,PushBlock,4096,0.00028,327680,0.004258,0.19,0.91,10,linear,FALSE,32,3,simple,,,5,100000,128,12000
20251130-150214,Windows 11,AMD Ryzen 7 5700X 8-Core Processor,8,34265653248,NVIDIA GeForce RTX 5080,16303,,ppo,PushBlock,4096,0.000131,163840,0.008178,0.258,0.916,8,constant,TRUE,256,2,simple,,,5,500000,2048,12000
20251130-151039,Windows 11,AMD Ryzen 7 5700X 8-Core Processor,8,34265653248,NVIDIA GeForce RTX 5080,16303,,ppo,PushBlock,2048,7.20E-05,163840,0.000903,0.124,0.95,5,linear,TRUE,32,3,simple,,,5,500000,128,12000
20251130-151639,Windows 11,AMD Ryzen 7 5700X 8-Core Processor,8,34265653248,NVIDIA GeForce RTX 5080,16303,,ppo,PushBlock,1024,0.000186,40960,0.003965,0.152,0.935,3,constant,TRUE,128,2,simple,,,5,100000,2048,12000
20251130-151744,Windows 11,AMD Ryzen 7 5700X 8-Core Processor,8,34265653248,NVIDIA GeForce RTX 5080,16303,,ppo,PushBlock,4096,0.000292,327680,0.009595,0.112,0.911,10,linear,TRUE,512,3,simple,,,5,1000000,2048,12000
20251130-154043,Windows 11,AMD Ryzen 7 5700X 8-Core Processor,8,34265653248,NVIDIA GeForce RTX 5080,16303,,ppo,PushBlock,1024,0.000283,81920,0.004892,0.187,0.923,3,constant,FALSE,512,1,simple,,,5,2000000,64,12000
20251130-160156,Windows 11,AMD Ryzen 7 5700X 8-Core Processor,8,34265653248,NVIDIA GeForce RTX 5080,16303,,ppo,PushBlock,4096,0.000167,327680,0.008363,0.126,0.941,10,linear,FALSE,64,3,simple,,,5,100000,512,12000
20251130-160255,Windows 11,AMD Ryzen 7 5700X 8-Core Processor,8,34265653248,NVIDIA GeForce RTX 5080,16303,,ppo,PushBlock,4096,0.000125,327680,0.006885,0.213,0.945,3,constant,TRUE,32,2,simple,,,5,500000,256,12000
20251130-160743,Windows 11,AMD Ryzen 7 5700X 8-Core Processor,8,34265653248,NVIDIA GeForce RTX 5080,16303,,ppo,PushBlock,2048,0.000119,163840,0.003269,0.117,0.944,10,linear,FALSE,64,3,simple,,,5,100000,1024,12000
20251130-160847,Windows 11,AMD Ryzen 7 5700X 8-Core Processor,8,34265653248,NVIDIA GeForce RTX 5080,16303,,ppo,PushBlock,2048,0.000153,163840,0.003776,0.295,0.924,10,constant,TRUE,256,1,simple,,,5,1000000,2048,12000
20251130-162627,Windows 11,AMD Ryzen 7 5700X 8-Core Processor,8,34265653248,NVIDIA GeForce RTX 5080,16303,,ppo,PushBlock,4096,0.0001,163840,0.008737,0.206,0.929,5,linear,TRUE,64,1,simple,,,5,2000000,1024,12000
20251130-165117,Windows 11,AMD Ryzen 7 5700X 8-Core Processor,8,34265653248,NVIDIA GeForce RTX 5080,16303,,ppo,PushBlock,2048,5.50E-05,163840,0.000803,0.226,0.938,4,linear,TRUE,256,1,simple,,,5,2000000,64,12000
20251130-171410,Windows 11,AMD Ryzen 7 5700X 8-Core Processor,8,34265653248,NVIDIA GeForce RTX 5080,16303,,ppo,PushBlock,4096,0.000249,163840,0.000355,0.187,0.945,10,linear,FALSE,64,1,simple,,,5,1000000,1024,12000
20251130-172943,Windows 11,AMD Ryzen 7 5700X 8-Core Processor,8,34265653248,NVIDIA GeForce RTX 5080,16303,,ppo,PushBlock,1024,2.10E-05,20480,0.003053,0.108,0.906,5,constant,TRUE,128,1,simple,,,5,500000,512,12000
20251130-173539,Windows 11,AMD Ryzen 7 5700X 8-Core Processor,8,34265653248,NVIDIA GeForce RTX 5080,16303,,ppo,PushBlock,1024,6.40E-05,81920,0.002062,0.112,0.907,10,linear,TRUE,32,1,simple,,,5,250000,256,12000
20251130-173900,Windows 11,AMD Ryzen 7 5700X 8-Core Processor,8,34265653248,NVIDIA GeForce RTX 5080,16303,,ppo,PushBlock,2048,8.20E-05,163840,0.005552,0.105,0.946,3,linear,TRUE,256,3,simple,,,5,2000000,64,12000
20251130-175737,Windows 11,AMD Ryzen 7 5700X 8-Core Processor,8,34265653248,NVIDIA GeForce RTX 5080,16303,,ppo,PushBlock,4096,0.00024,163840,0.003572,0.184,0.933,5,constant,TRUE,512,1,simple,,,5,2000000,1024,12000
20251130-181857,Windows 11,AMD Ryzen 7 5700X 8-Core Processor,8,34265653248,NVIDIA GeForce RTX 5080,16303,,ppo,PushBlock,2048,0.00017,163840,0.004092,0.163,0.908,4,linear,TRUE,128,3,simple,,,5,1000000,64,12000
20251130-182859,Windows 11,AMD Ryzen 7 5700X 8-Core Processor,8,34265653248,NVIDIA GeForce RTX 5080,16303,,ppo,PushBlock,2048,0.000197,40960,0.003358,0.293,0.933,3,linear,FALSE,32,1,simple,,,5,250000,512,12000
20251130-183113,Windows 11,AMD Ryzen 7 5700X 8-Core Processor,8,34265653248,NVIDIA GeForce RTX 5080,16303,,ppo,PushBlock,4096,0.000138,81920,0.008234,0.187,0.943,8,linear,FALSE,128,1,simple,,,5,500000,1024,12000
20251130-183724,Windows 11,AMD Ryzen 7 5700X 8-Core Processor,8,34265653248,NVIDIA GeForce RTX 5080,16303,,ppo,PushBlock,4096,0.000158,163840,0.008017,0.133,0.947,8,linear,TRUE,512,2,simple,,,5,100000,512,12000
20251130-183814,Windows 11,AMD Ryzen 7 5700X 8-Core Processor,8,34265653248,NVIDIA GeForce RTX 5080,16303,,ppo,PushBlock,1024,8.20E-05,20480,0.003041,0.265,0.906,5,constant,FALSE,32,2,simple,,,5,1000000,256,12000
20251130-184802,Windows 11,AMD Ryzen 7 5700X 8-Core Processor,8,34265653248,NVIDIA GeForce RTX 5080,16303,,ppo,PushBlock,1024,0.000274,81920,0.001707,0.142,0.9,4,constant,FALSE,512,1,simple,,,5,1000000,1024,12000
20251130-185746,Windows 11,AMD Ryzen 7 5700X 8-Core Processor,8,34265653248,NVIDIA GeForce RTX 5080,16303,,ppo,PushBlock,2048,6.70E-05,81920,0.000274,0.237,0.925,3,linear,FALSE,128,2,simple,,,5,250000,256,12000
20251130-185951,Windows 11,AMD Ryzen 7 5700X 8-Core Processor,8,34265653248,NVIDIA GeForce RTX 5080,16303,,ppo,PushBlock,1024,0.000145,40960,0.007707,0.188,0.923,3,linear,TRUE,256,2,simple,,,5,100000,64,12000
20251130-190053,Windows 11,AMD Ryzen 7 5700X 8-Core Processor,8,34265653248,NVIDIA GeForce RTX 5080,16303,,ppo,PushBlock,1024,0.000139,40960,0.006871,0.28,0.919,5,linear,TRUE,64,1,simple,,,5,500000,2048,12000
20251130-190610,Windows 11,AMD Ryzen 7 5700X 8-Core Processor,8,34265653248,NVIDIA GeForce RTX 5080,16303,,ppo,PushBlock,4096,0.00026,81920,0.000964,0.232,0.937,3,constant,TRUE,512,3,simple,,,5,500000,2048,12000
20251130-191217,Windows 11,AMD Ryzen 7 5700X 8-Core Processor,8,34265653248,NVIDIA GeForce RTX 5080,16303,,ppo,PushBlock,512,1.50E-05,10240,0.004594,0.165,0.903,5,linear,FALSE,32,2,simple,,,5,100000,128,12000
20251130-191341,Windows 11,AMD Ryzen 7 5700X 8-Core Processor,8,34265653248,NVIDIA GeForce RTX 5080,16303,,ppo,PushBlock,1024,0.000174,20480,0.002492,0.225,0.911,4,constant,FALSE,512,3,simple,,,5,2000000,64,12000
20251130-194556,Windows 11,AMD Ryzen 7 5700X 8-Core Processor,8,34265653248,NVIDIA GeForce RTX 5080,16303,,ppo,PushBlock,4096,0.000262,81920,0.00011,0.288,0.929,10,constant,TRUE,32,3,simple,,,5,2000000,64,12000
20251130-202250,Windows 11,AMD Ryzen 7 5700X 8-Core Processor,8,34265653248,NVIDIA GeForce RTX 5080,16303,,ppo,PushBlock,4096,0.0001,327680,0.008913,0.126,0.923,4,constant,TRUE,64,3,simple,,,5,500000,128,12000
20251130-202810,Windows 11,AMD Ryzen 7 5700X 8-Core Processor,8,34265653248,NVIDIA GeForce RTX 5080,16303,,ppo,PushBlock,2048,0.000254,40960,0.006863,0.192,0.945,5,linear,TRUE,512,1,simple,,,5,2000000,512,12000
20251130-205207,Windows 11,AMD Ryzen 7 5700X 8-Core Processor,8,34265653248,NVIDIA GeForce RTX 5080,16303,,ppo,PushBlock,2048,0.000155,40960,0.008456,0.292,0.912,8,linear,TRUE,128,2,simple,,,5,2000000,256,12000
20251130-213448,Windows 11,AMD Ryzen 7 5700X 8-Core Processor,8,34265653248,NVIDIA GeForce RTX 5080,16303,,ppo,PushBlock,4096,0.000124,163840,0.005723,0.119,0.91,3,linear,TRUE,128,3,simple,,,5,2000000,1024,12000
20251130-215501,Windows 11,AMD Ryzen 7 5700X 8-Core Processor,8,34265653248,NVIDIA GeForce RTX 5080,16303,,ppo,PushBlock,2048,5.20E-05,40960,0.009558,0.137,0.928,10,linear,FALSE,64,1,simple,,,5,1000000,2048,12000
20251130-220944,Windows 11,AMD Ryzen 7 5700X 8-Core Processor,8,34265653248,NVIDIA GeForce RTX 5080,16303,,ppo,PushBlock,2048,8.40E-05,40960,0.008002,0.109,0.925,3,linear,TRUE,512,2,simple,,,5,500000,1024,12000
20251130-221441,Windows 11,AMD Ryzen 7 5700X 8-Core Processor,8,34265653248,NVIDIA GeForce RTX 5080,16303,,ppo,PushBlock,4096,2.20E-05,163840,0.003245,0.262,0.905,3,linear,TRUE,512,3,simple,,,5,250000,1024,12000
20251130-221728,Windows 11,AMD Ryzen 7 5700X 8-Core Processor,8,34265653248,NVIDIA GeForce RTX 5080,16303,,ppo,PushBlock,1024,6.70E-05,40960,0.006547,0.269,0.926,10,linear,FALSE,64,1,simple,,,5,100000,2048,12000
20251130-221857,Windows 11,AMD Ryzen 7 5700X 8-Core Processor,8,34265653248,NVIDIA GeForce RTX 5080,16303,,ppo,PushBlock,2048,0.000263,163840,0.009275,0.267,0.921,5,linear,TRUE,256,1,simple,,,5,2000000,512,12000
20251130-224146,Windows 11,AMD Ryzen 7 5700X 8-Core Processor,8,34265653248,NVIDIA GeForce RTX 5080,16303,,ppo,PushBlock,2048,7.10E-05,163840,0.007595,0.199,0.939,5,linear,TRUE,512,1,simple,,,5,1000000,64,12000
20251130-225258,Windows 11,AMD Ryzen 7 5700X 8-Core Processor,8,34265653248,NVIDIA GeForce RTX 5080,16303,,ppo,PushBlock,2048,0.000237,163840,0.001997,0.261,0.903,5,constant,FALSE,128,3,simple,,,5,100000,128,12000
20251130-225344,Windows 11,AMD Ryzen 7 5700X 8-Core Processor,8,34265653248,NVIDIA GeForce RTX 5080,16303,,ppo,PushBlock,2048,6.80E-05,163840,0.001027,0.289,0.904,3,linear,FALSE,128,3,simple,,,5,500000,2048,12000
20251130-225916,Windows 11,AMD Ryzen 7 5700X 8-Core Processor,8,34265653248,NVIDIA GeForce RTX 5080,16303,,ppo,PushBlock,1024,0.000274,20480,0.000389,0.244,0.922,8,linear,TRUE,32,3,simple,,,5,250000,1024,12000
20251130-230334,Windows 11,AMD Ryzen 7 5700X 8-Core Processor,8,34265653248,NVIDIA GeForce RTX 5080,16303,,ppo,PushBlock,512,0.000159,40960,0.008176,0.175,0.912,4,linear,FALSE,256,3,simple,,,5,1000000,64,12000
20251130-231731,Windows 11,AMD Ryzen 7 5700X 8-Core Processor,8,34265653248,NVIDIA GeForce RTX 5080,16303,,ppo,PushBlock,4096,0.000206,327680,0.004244,0.279,0.911,3,linear,TRUE,128,2,simple,,,5,2000000,128,12000
20251130-233958,Windows 11,AMD Ryzen 7 5700X 8-Core Processor,8,34265653248,NVIDIA GeForce RTX 5080,16303,,ppo,PushBlock,4096,1.80E-05,327680,0.006481,0.127,0.907,3,constant,FALSE,64,2,simple,,,5,100000,128,12000
20251130-234054,Windows 11,AMD Ryzen 7 5700X 8-Core Processor,8,34265653248,NVIDIA GeForce RTX 5080,16303,,ppo,PushBlock,4096,0.000225,327680,0.004923,0.124,0.931,4,linear,FALSE,128,2,simple,,,5,100000,2048,12000
20251130-234201,Windows 11,AMD Ryzen 7 5700X 8-Core Processor,8,34265653248,NVIDIA GeForce RTX 5080,16303,,ppo,PushBlock,4096,4.10E-05,163840,0.003285,0.206,0.923,8,constant,TRUE,128,2,simple,,,5,100000,2048,12000
20251130-234309,Windows 11,AMD Ryzen 7 5700X 8-Core Processor,8,34265653248,NVIDIA GeForce RTX 5080,16303,,ppo,PushBlock,512,0.000153,40960,0.00172,0.226,0.914,4,linear,FALSE,256,3,simple,,,5,250000,128,12000
20251130-234618,Windows 11,AMD Ryzen 7 5700X 8-Core Processor,8,34265653248,NVIDIA GeForce RTX 5080,16303,,ppo,PushBlock,1024,7.50E-05,20480,0.003229,0.276,0.936,5,linear,FALSE,64,1,simple,,,5,100000,64,12000
20251130-234741,Windows 11,AMD Ryzen 7 5700X 8-Core Processor,8,34265653248,NVIDIA GeForce RTX 5080,16303,,ppo,PushBlock,512,9.90E-05,20480,0.005631,0.108,0.911,8,linear,TRUE,32,3,simple,,,5,250000,256,12000
20251130-235148,Windows 11,AMD Ryzen 7 5700X 8-Core Processor,8,34265653248,NVIDIA GeForce RTX 5080,16303,,ppo,PushBlock,1024,0.000212,20480,0.009206,0.129,0.904,3,constant,FALSE,512,2,simple,,,5,100000,64,12000
20251130-235313,Windows 11,AMD Ryzen 7 5700X 8-Core Processor,8,34265653248,NVIDIA GeForce RTX 5080,16303,,ppo,PushBlock,2048,0.000202,81920,0.005999,0.172,0.921,3,constant,FALSE,32,2,simple,,,5,250000,256,12000
20251130-235548,Windows 11,AMD Ryzen 7 5700X 8-Core Processor,8,34265653248,NVIDIA GeForce RTX 5080,16303,,ppo,PushBlock,1024,9.60E-05,81920,0.009025,0.223,0.918,4,linear,FALSE,128,1,simple,,,5,250000,64,12000
20251130-235856,Windows 11,AMD Ryzen 7 5700X 8-Core Processor,8,34265653248,NVIDIA GeForce RTX 5080,16303,,ppo,PushBlock,512,0.000244,40960,0.000871,0.237,0.928,4,constant,FALSE,128,1,simple,,,5,2000000,2048,12000
20251201-002335,Windows 11,AMD Ryzen 7 5700X 8-Core Processor,8,34265653248,NVIDIA GeForce RTX 5080,16303,,ppo,PushBlock,512,6.80E-05,20480,0.005858,0.219,0.932,3,linear,FALSE,512,3,simple,,,5,100000,2048,12000
20251201-002516,Windows 11,AMD Ryzen 7 5700X 8-Core Processor,8,34265653248,NVIDIA GeForce RTX 5080,16303,,sac,3DBall,128,0.000124,200000,,,,,constant,TRUE,128,1,simple,,,5,2000000,256,10000
20251201-020909,Windows 11,AMD Ryzen 7 5700X 8-Core Processor,8,34265653248,NVIDIA GeForce RTX 5080,16303,,sac,3DBall,1024,0.000299,500000,,,,,constant,TRUE,64,2,simple,,,5,250000,256,10000
20251201-030332,Windows 11,AMD Ryzen 7 5700X 8-Core Processor,8,34265653248,NVIDIA GeForce RTX 5080,16303,,sac,3DBall,1024,4.50E-05,200000,,,,,constant,FALSE,64,1,simple,,,5,250000,128,10000
20251201-043252,Windows 11,AMD Ryzen 7 5700X 8-Core Processor,8,34265653248,NVIDIA GeForce RTX 5080,16303,,sac,3DBall,128,0.000107,50000,,,,,constant,FALSE,128,1,simple,,,5,100000,1024,50000
20251201-044720,Windows 11,AMD Ryzen 7 5700X 8-Core Processor,8,34265653248,NVIDIA GeForce RTX 5080,16303,,sac,3DBall,256,0.000168,500000,,,,,constant,FALSE,128,1,simple,,,5,100000,64,10000
20251201-050012,Windows 11,AMD Ryzen 7 5700X 8-Core Processor,8,34265653248,NVIDIA GeForce RTX 5080,16303,,sac,3DBall,128,0.000107,100000,,,,,constant,TRUE,64,2,simple,,,5,2000000,64,10000
20251201-123614,Windows 11,AMD Ryzen 7 5700X 8-Core Processor,8,34265653248,NVIDIA GeForce RTX 5080,16303,,ppo,3DBall,512,4.60E-05,40960,0.009978,0.285,0.929,10,linear,TRUE,64,1,simple,,,5,500000,512,12000
20251201-124545,Windows 11,AMD Ryzen 7 5700X 8-Core Processor,8,34265653248,NVIDIA GeForce RTX 5080,16303,,ppo,3DBall,4096,0.000119,163840,0.008923,0.146,0.94,8,linear,FALSE,64,3,simple,,,5,100000,512,12000
20251201-124656,Windows 11,AMD Ryzen 7 5700X 8-Core Processor,8,34265653248,NVIDIA GeForce RTX 5080,16303,,ppo,3DBall,1024,0.000129,20480,0.003186,0.1,0.926,8,linear,FALSE,256,3,simple,,,5,100000,2048,12000
20251201-124850,Windows 11,AMD Ryzen 7 5700X 8-Core Processor,8,34265653248,NVIDIA GeForce RTX 5080,16303,,ppo,3DBall,4096,3.80E-05,163840,0.008782,0.162,0.907,4,linear,TRUE,64,3,simple,,,5,1000000,256,12000
20251201-130233,Windows 11,AMD Ryzen 7 5700X 8-Core Processor,8,34265653248,NVIDIA GeForce RTX 5080,16303,,ppo,3DBall,512,0.000205,20480,0.003051,0.157,0.94,4,constant,TRUE,512,1,simple,,,5,1000000,256,12000
20251201-131357,Windows 11,AMD Ryzen 7 5700X 8-Core Processor,8,34265653248,NVIDIA GeForce RTX 5080,16303,,ppo,3DBall,2048,9.20E-05,40960,0.002149,0.266,0.928,4,linear,FALSE,64,2,simple,,,5,250000,256,12000
20251201-131712,Windows 11,AMD Ryzen 7 5700X 8-Core Processor,8,34265653248,NVIDIA GeForce RTX 5080,16303,,ppo,3DBall,1024,0.000206,20480,0.003579,0.184,0.915,10,constant,FALSE,32,2,simple,,,5,100000,512,12000
20251201-131851,Windows 11,AMD Ryzen 7 5700X 8-Core Processor,8,34265653248,NVIDIA GeForce RTX 5080,16303,,ppo,3DBall,4096,0.000119,163840,0.001867,0.26,0.93,3,constant,TRUE,512,2,simple,,,5,1000000,1024,12000
20251201-133232,Windows 11,AMD Ryzen 7 5700X 8-Core Processor,8,34265653248,NVIDIA GeForce RTX 5080,16303,,ppo,3DBall,2048,0.000168,81920,0.004785,0.152,0.91,10,linear,FALSE,32,2,simple,,,5,100000,256,12000
20251201-133425,Windows 11,AMD Ryzen 7 5700X 8-Core Processor,8,34265653248,NVIDIA GeForce RTX 5080,16303,,ppo,3DBall,512,0.000137,10240,0.004912,0.106,0.906,4,linear,FALSE,256,1,simple,,,5,1000000,512,12000
20251201-134542,Windows 11,AMD Ryzen 7 5700X 8-Core Processor,8,34265653248,NVIDIA GeForce RTX 5080,16303,,ppo,3DBall,1024,0.000203,40960,0.005824,0.214,0.913,3,constant,TRUE,128,1,simple,,,5,1000000,512,12000
20251201-135654,Windows 11,AMD Ryzen 7 5700X 8-Core Processor,8,34265653248,NVIDIA GeForce RTX 5080,16303,,ppo,3DBall,4096,4.10E-05,327680,0.006936,0.272,0.937,3,linear,TRUE,512,3,simple,,,5,1000000,128,12000
20251201-141236,Windows 11,AMD Ryzen 7 5700X 8-Core Processor,8,34265653248,NVIDIA GeForce RTX 5080,16303,,ppo,3DBall,2048,0.00012,163840,0.003042,0.249,0.947,5,constant,TRUE,32,2,simple,,,5,2000000,128,12000
20251201-143240,Windows 11,AMD Ryzen 7 5700X 8-Core Processor,8,34265653248,NVIDIA GeForce RTX 5080,16303,,ppo,3DBall,2048,4.90E-05,163840,0.001481,0.165,0.932,8,linear,TRUE,256,2,simple,,,5,500000,128,12000
20251201-143942,Windows 11,AMD Ryzen 7 5700X 8-Core Processor,8,34265653248,NVIDIA GeForce RTX 5080,16303,,ppo,3DBall,512,0.000104,10240,0.009902,0.231,0.907,8,linear,FALSE,512,2,simple,,,5,250000,2048,12000
20251201-144333,Windows 11,AMD Ryzen 7 5700X 8-Core Processor,8,34265653248,NVIDIA GeForce RTX 5080,16303,,ppo,3DBall,512,0.000216,40960,0.00859,0.298,0.93,4,constant,FALSE,128,2,simple,,,5,250000,1024,12000
20251201-144611,Windows 11,AMD Ryzen 7 5700X 8-Core Processor,8,34265653248,NVIDIA GeForce RTX 5080,16303,,ppo,3DBall,512,0.000192,40960,0.000947,0.269,0.94,4,linear,TRUE,128,3,simple,,,5,1000000,2048,12000
20251201-145542,Windows 11,AMD Ryzen 7 5700X 8-Core Processor,8,34265653248,NVIDIA GeForce RTX 5080,16303,,ppo,3DBall,512,0.000217,10240,0.009588,0.156,0.915,10,linear,TRUE,256,3,simple,,,5,1000000,2048,12000
20251201-151119,Windows 11,AMD Ryzen 7 5700X 8-Core Processor,8,34265653248,NVIDIA GeForce RTX 5080,16303,,ppo,3DBall,512,1.70E-05,40960,0.005375,0.258,0.916,3,constant,FALSE,64,2,simple,,,5,100000,128,12000
20251201-151223,Windows 11,AMD Ryzen 7 5700X 8-Core Processor,8,34265653248,NVIDIA GeForce RTX 5080,16303,,ppo,3DBall,4096,9.40E-05,163840,0.009334,0.208,0.908,5,linear,FALSE,256,2,simple,,,5,500000,256,12000
20251201-151808,Windows 11,AMD Ryzen 7 5700X 8-Core Processor,8,34265653248,NVIDIA GeForce RTX 5080,16303,,ppo,Crawler,1024,8.40E-05,81920,0.008584,0.203,0.926,3,linear,TRUE,512,2,simple,,,5,250000,512,12000
20251201-152206,Windows 11,AMD Ryzen 7 5700X 8-Core Processor,8,34265653248,NVIDIA GeForce RTX 5080,16303,,ppo,Crawler,2048,0.000109,81920,0.001582,0.247,0.933,4,linear,TRUE,128,3,simple,,,5,250000,1024,12000
20251201-152601,Windows 11,AMD Ryzen 7 5700X 8-Core Processor,8,34265653248,NVIDIA GeForce RTX 5080,16303,,ppo,Crawler,4096,7.30E-05,327680,0.00189,0.122,0.906,3,linear,FALSE,256,2,simple,,,5,500000,2048,12000
20251201-153238,Windows 11,AMD Ryzen 7 5700X 8-Core Processor,8,34265653248,NVIDIA GeForce RTX 5080,16303,,ppo,Crawler,512,0.000111,40960,0.007769,0.19,0.931,8,constant,TRUE,32,1,simple,,,5,250000,2048,12000
20251201-153707,Windows 11,AMD Ryzen 7 5700X 8-Core Processor,8,34265653248,NVIDIA GeForce RTX 5080,16303,,ppo,Crawler,2048,6.60E-05,40960,0.009123,0.117,0.922,3,constant,TRUE,64,1,simple,,,5,1000000,512,12000
20251201-154927,Windows 11,AMD Ryzen 7 5700X 8-Core Processor,8,34265653248,NVIDIA GeForce RTX 5080,16303,,ppo,Crawler,2048,0.00024,81920,0.005861,0.108,0.915,3,linear,FALSE,128,3,simple,,,5,250000,64,12000
20251201-155302,Windows 11,AMD Ryzen 7 5700X 8-Core Processor,8,34265653248,NVIDIA GeForce RTX 5080,16303,,ppo,Crawler,4096,8.20E-05,81920,0.008171,0.105,0.919,4,constant,FALSE,256,2,simple,,,5,2000000,512,12000
20251201-162106,Windows 11,AMD Ryzen 7 5700X 8-Core Processor,8,34265653248,NVIDIA GeForce RTX 5080,16303,,ppo,Crawler,1024,3.40E-05,20480,0.004419,0.265,0.907,4,constant,TRUE,256,1,simple,,,5,250000,256,12000
20251201-162544,Windows 11,AMD Ryzen 7 5700X 8-Core Processor,8,34265653248,NVIDIA GeForce RTX 5080,16303,,ppo,Crawler,1024,0.00018,40960,0.006936,0.164,0.931,10,constant,TRUE,64,1,simple,,,5,500000,128,12000
20251201-163718,Windows 11,AMD Ryzen 7 5700X 8-Core Processor,8,34265653248,NVIDIA GeForce RTX 5080,16303,,ppo,Crawler,2048,2.40E-05,163840,0.001266,0.278,0.913,4,linear,FALSE,512,3,simple,,,5,100000,128,12000
20251201-163850,Windows 11,AMD Ryzen 7 5700X 8-Core Processor,8,34265653248,NVIDIA GeForce RTX 5080,16303,,ppo,Crawler,1024,0.000278,40960,0.007993,0.235,0.927,10,linear,FALSE,512,3,simple,,,5,2000000,512,12000
20251201-172913,Windows 11,AMD Ryzen 7 5700X 8-Core Processor,8,34265653248,NVIDIA GeForce RTX 5080,16303,,ppo,Crawler,2048,7.80E-05,163840,0.004368,0.122,0.903,4,linear,FALSE,256,3,simple,,,5,100000,64,12000
20251201-173039,Windows 11,AMD Ryzen 7 5700X 8-Core Processor,8,34265653248,NVIDIA GeForce RTX 5080,16303,,ppo,Crawler,1024,0.000257,40960,0.009502,0.158,0.906,5,linear,FALSE,512,2,simple,,,5,500000,128,12000
20251201-173900,Windows 11,AMD Ryzen 7 5700X 8-Core Processor,8,34265653248,NVIDIA GeForce RTX 5080,16303,,ppo,Crawler,1024,0.000247,20480,0.003982,0.263,0.934,3,linear,TRUE,256,1,simple,,,5,2000000,2048,12000
20251201-180511,Windows 11,AMD Ryzen 7 5700X 8-Core Processor,8,34265653248,NVIDIA GeForce RTX 5080,16303,,ppo,Crawler,1024,0.000196,40960,0.006621,0.199,0.911,8,constant,FALSE,128,1,simple,,,5,2000000,2048,12000
20251201-183924,Windows 11,AMD Ryzen 7 5700X 8-Core Processor,8,34265653248,NVIDIA GeForce RTX 5080,16303,,ppo,Crawler,2048,0.000145,81920,0.00211,0.112,0.924,4,linear,TRUE,128,3,simple,,,5,100000,1024,12000
20251201-184113,Windows 11,AMD Ryzen 7 5700X 8-Core Processor,8,34265653248,NVIDIA GeForce RTX 5080,16303,,ppo,Crawler,512,0.000245,20480,0.006655,0.233,0.909,5,linear,FALSE,32,1,simple,,,5,250000,64,12000
20251201-184521,Windows 11,AMD Ryzen 7 5700X 8-Core Processor,8,34265653248,NVIDIA GeForce RTX 5080,16303,,ppo,Crawler,512,0.000123,40960,0.007813,0.24,0.936,4,linear,FALSE,128,2,simple,,,5,1000000,2048,12000
20251201-190008,Windows 11,AMD Ryzen 7 5700X 8-Core Processor,8,34265653248,NVIDIA GeForce RTX 5080,16303,,ppo,Crawler,512,0.000219,20480,0.003041,0.224,0.913,8,linear,FALSE,32,2,simple,,,5,250000,512,12000
20251201-190453,Windows 11,AMD Ryzen 7 5700X 8-Core Processor,8,34265653248,NVIDIA GeForce RTX 5080,16303,,ppo,Crawler,2048,0.000243,40960,0.003463,0.179,0.905,4,linear,FALSE,64,3,simple,,,5,250000,512,12000
20251201-190858,Windows 11,AMD Ryzen 7 5700X 8-Core Processor,8,34265653248,NVIDIA GeForce RTX 5080,16303,,ppo,GridFoodCollector,2048,6.90E-05,40960,0.00617,0.238,0.904,8,linear,FALSE,64,1,simple,,,5,100000,2048,12000
20251201-191415,Windows 11,AMD Ryzen 7 5700X 8-Core Processor,8,34265653248,NVIDIA GeForce RTX 5080,16303,,ppo,GridFoodCollector,512,0.000249,10240,0.007334,0.269,0.918,5,constant,TRUE,32,1,simple,,,5,500000,1024,12000
20251201-193712,Windows 11,AMD Ryzen 7 5700X 8-Core Processor,8,34265653248,NVIDIA GeForce RTX 5080,16303,,ppo,GridFoodCollector,1024,0.000248,81920,0.000919,0.257,0.917,3,linear,FALSE,512,3,simple,,,5,2000000,64,12000
20251201-210617,Windows 11,AMD Ryzen 7 5700X 8-Core Processor,8,34265653248,NVIDIA GeForce RTX 5080,16303,,ppo,GridFoodCollector,1024,0.00013,20480,0.009679,0.262,0.947,5,linear,TRUE,128,1,simple,,,5,500000,1024,12000
20251201-212938,Windows 11,AMD Ryzen 7 5700X 8-Core Processor,8,34265653248,NVIDIA GeForce RTX 5080,16303,,ppo,GridFoodCollector,1024,0.000187,40960,0.005747,0.25,0.925,4,linear,TRUE,64,2,simple,,,5,500000,64,12000
20251201-215049,Windows 11,AMD Ryzen 7 5700X 8-Core Processor,8,34265653248,NVIDIA GeForce RTX 5080,16303,,ppo,GridFoodCollector,2048,9.30E-05,81920,0.002254,0.203,0.928,8,linear,FALSE,64,3,simple,,,5,2000000,64,12000
20251201-233335,Windows 11,AMD Ryzen 7 5700X 8-Core Processor,8,34265653248,NVIDIA GeForce RTX 5080,16303,,ppo,GridFoodCollector,2048,0.000248,40960,0.004582,0.219,0.949,8,constant,FALSE,64,1,simple,,,5,2000000,1024,12000
20251202-011246,Windows 11,AMD Ryzen 7 5700X 8-Core Processor,8,34265653248,NVIDIA GeForce RTX 5080,16303,,ppo,GridFoodCollector,2048,6.30E-05,40960,0.004144,0.16,0.916,8,linear,TRUE,512,1,simple,,,5,100000,64,12000
20251202-011751,Windows 11,AMD Ryzen 7 5700X 8-Core Processor,8,34265653248,NVIDIA GeForce RTX 5080,16303,,ppo,GridFoodCollector,512,0.000233,10240,0.002256,0.193,0.909,10,linear,FALSE,512,1,simple,,,5,500000,128,12000
20251202-014540,Windows 11,AMD Ryzen 7 5700X 8-Core Processor,8,34265653248,NVIDIA GeForce RTX 5080,16303,,ppo,GridFoodCollector,1024,0.000101,81920,0.00105,0.127,0.929,5,constant,TRUE,256,3,simple,,,5,500000,1024,12000
20251202-020854,Windows 11,AMD Ryzen 7 5700X 8-Core Processor,8,34265653248,NVIDIA GeForce RTX 5080,16303,,ppo,GridFoodCollector,1024,7.20E-05,40960,0.006172,0.296,0.921,5,linear,TRUE,128,2,simple,,,5,1000000,128,12000
20251202-024925,Windows 11,AMD Ryzen 7 5700X 8-Core Processor,8,34265653248,NVIDIA GeForce RTX 5080,16303,,ppo,GridFoodCollector,2048,0.000205,40960,0.004379,0.238,0.947,4,linear,TRUE,128,1,simple,,,5,100000,64,12000
20251202-025330,Windows 11,AMD Ryzen 7 5700X 8-Core Processor,8,34265653248,NVIDIA GeForce RTX 5080,16303,,ppo,GridFoodCollector,2048,0.000244,81920,0.002138,0.188,0.945,10,constant,TRUE,32,2,simple,,,5,100000,128,12000
20251202-025819,Windows 11,AMD Ryzen 7 5700X 8-Core Processor,8,34265653248,NVIDIA GeForce RTX 5080,16303,,ppo,GridFoodCollector,512,0.000164,10240,0.002172,0.264,0.944,3,linear,TRUE,256,3,simple,,,5,2000000,128,12000
20251202-041339,Windows 11,AMD Ryzen 7 5700X 8-Core Processor,8,34265653248,NVIDIA GeForce RTX 5080,16303,,ppo,GridFoodCollector,4096,0.000177,163840,0.00337,0.122,0.943,3,linear,FALSE,64,2,simple,,,5,500000,64,12000
20251202-043207,Windows 11,AMD Ryzen 7 5700X 8-Core Processor,8,34265653248,NVIDIA GeForce RTX 5080,16303,,ppo,GridFoodCollector,512,6.60E-05,20480,0.004009,0.185,0.908,8,constant,TRUE,256,1,simple,,,5,500000,256,12000
20251202-045420,Windows 11,AMD Ryzen 7 5700X 8-Core Processor,8,34265653248,NVIDIA GeForce RTX 5080,16303,,ppo,GridFoodCollector,512,1.80E-05,20480,0.00851,0.162,0.931,10,constant,TRUE,128,3,simple,,,5,500000,128,12000
20251202-051831,Windows 11,AMD Ryzen 7 5700X 8-Core Processor,8,34265653248,NVIDIA GeForce RTX 5080,16303,,ppo,GridFoodCollector,512,2.70E-05,10240,0.007412,0.257,0.937,4,constant,TRUE,32,2,simple,,,5,2000000,1024,12000
20251202-063312,Windows 11,AMD Ryzen 7 5700X 8-Core Processor,8,34265653248,NVIDIA GeForce RTX 5080,16303,,ppo,GridFoodCollector,2048,4.50E-05,81920,0.006127,0.208,0.901,4,linear,TRUE,128,1,simple,,,5,250000,2048,12000
20251202-064248,Windows 11,AMD Ryzen 7 5700X 8-Core Processor,8,34265653248,NVIDIA GeForce RTX 5080,16303,,ppo,GridFoodCollector,2048,4.40E-05,40960,0.008982,0.201,0.94,3,linear,TRUE,128,1,simple,,,5,2000000,128,12000
20251202-075407,Windows 11,AMD Ryzen 7 5700X 8-Core Processor,8,34265653248,NVIDIA GeForce RTX 5080,16303,,ppo,PushBlock,1024,0.00013,81920,0.005645,0.252,0.936,5,constant,TRUE,512,1,simple,,,5,250000,1024,12000
20251202-075623,Windows 11,AMD Ryzen 7 5700X 8-Core Processor,8,34265653248,NVIDIA GeForce RTX 5080,16303,,ppo,PushBlock,2048,0.000169,40960,0.006766,0.119,0.947,10,constant,TRUE,128,3,simple,,,5,500000,128,12000
20251202-080259,Windows 11,AMD Ryzen 7 5700X 8-Core Processor,8,34265653248,NVIDIA GeForce RTX 5080,16303,,ppo,PushBlock,1024,0.000254,81920,0.005637,0.115,0.921,3,constant,TRUE,128,3,simple,,,5,250000,512,12000
20251202-080450,Windows 11,AMD Ryzen 7 5700X 8-Core Processor,8,34265653248,NVIDIA GeForce RTX 5080,16303,,ppo,PushBlock,1024,1.80E-05,81920,0.009175,0.272,0.901,8,linear,FALSE,128,2,simple,,,5,1000000,2048,12000
20251202-081604,Windows 11,AMD Ryzen 7 5700X 8-Core Processor,8,34265653248,NVIDIA GeForce RTX 5080,16303,,ppo,PushBlock,512,8.20E-05,40960,0.009306,0.21,0.939,10,linear,FALSE,512,2,simple,,,5,250000,512,12000
20251202-082007,Windows 11,AMD Ryzen 7 5700X 8-Core Processor,8,34265653248,NVIDIA GeForce RTX 5080,16303,,ppo,PushBlock,4096,0.000255,327680,0.006261,0.198,0.919,5,constant,FALSE,256,1,simple,,,5,2000000,128,12000
20251202-083910,Windows 11,AMD Ryzen 7 5700X 8-Core Processor,8,34265653248,NVIDIA GeForce RTX 5080,16303,,ppo,PushBlock,1024,0.000172,40960,0.001258,0.217,0.904,4,constant,TRUE,64,2,simple,,,5,100000,256,12000
20251202-084008,Windows 11,AMD Ryzen 7 5700X 8-Core Processor,8,34265653248,NVIDIA GeForce RTX 5080,16303,,ppo,PushBlock,512,0.00017,10240,0.007937,0.199,0.908,8,linear,TRUE,32,1,simple,,,5,1000000,512,12000
20251202-085128,Windows 11,AMD Ryzen 7 5700X 8-Core Processor,8,34265653248,NVIDIA GeForce RTX 5080,16303,,ppo,PushBlock,512,0.000179,40960,0.005759,0.17,0.911,10,linear,TRUE,32,2,simple,,,5,2000000,1024,12000
20251202-091725,Windows 11,AMD Ryzen 7 5700X 8-Core Processor,8,34265653248,NVIDIA GeForce RTX 5080,16303,,ppo,PushBlock,512,0.000112,20480,0.002888,0.128,0.917,8,constant,TRUE,512,2,simple,,,5,250000,128,12000
20251202-092058,Windows 11,AMD Ryzen 7 5700X 8-Core Processor,8,34265653248,NVIDIA GeForce RTX 5080,16303,,ppo,PushBlock,1024,0.000169,81920,0.001018,0.128,0.906,5,constant,TRUE,32,3,simple,,,5,500000,64,12000
20251202-092537,Windows 11,AMD Ryzen 7 5700X 8-Core Processor,8,34265653248,NVIDIA GeForce RTX 5080,16303,,ppo,PushBlock,2048,0.000116,40960,0.004019,0.292,0.909,3,linear,TRUE,128,1,simple,,,5,250000,512,12000
20251202-092735,Windows 11,AMD Ryzen 7 5700X 8-Core Processor,8,34265653248,NVIDIA GeForce RTX 5080,16303,,ppo,PushBlock,2048,0.000293,81920,0.009586,0.294,0.931,8,constant,TRUE,64,1,simple,,,5,500000,1024,12000
20251202-093307,Windows 11,AMD Ryzen 7 5700X 8-Core Processor,8,34265653248,NVIDIA GeForce RTX 5080,16303,,ppo,PushBlock,512,0.000164,40960,0.00944,0.179,0.91,4,linear,FALSE,64,3,simple,,,5,250000,2048,12000
20251202-093515,Windows 11,AMD Ryzen 7 5700X 8-Core Processor,8,34265653248,NVIDIA GeForce RTX 5080,16303,,ppo,PushBlock,4096,0.000265,81920,0.007804,0.289,0.927,8,constant,FALSE,512,1,simple,,,5,100000,512,12000
20251202-093634,Windows 11,AMD Ryzen 7 5700X 8-Core Processor,8,34265653248,NVIDIA GeForce RTX 5080,16303,,ppo,PushBlock,4096,5.80E-05,81920,0.004784,0.277,0.924,5,constant,TRUE,256,1,simple,,,5,2000000,128,12000
20251202-095528,Windows 11,AMD Ryzen 7 5700X 8-Core Processor,8,34265653248,NVIDIA GeForce RTX 5080,16303,,ppo,PushBlock,512,0.000199,10240,0.000501,0.281,0.904,10,constant,TRUE,128,1,simple,,,5,250000,512,12000
20251202-095846,Windows 11,AMD Ryzen 7 5700X 8-Core Processor,8,34265653248,NVIDIA GeForce RTX 5080,16303,,ppo,PushBlock,1024,5.10E-05,40960,0.00679,0.213,0.922,5,constant,FALSE,256,1,simple,,,5,100000,128,12000
20251202-095946,Windows 11,AMD Ryzen 7 5700X 8-Core Processor,8,34265653248,NVIDIA GeForce RTX 5080,16303,,ppo,PushBlock,4096,0.000268,163840,0.00915,0.196,0.928,5,linear,TRUE,32,1,simple,,,5,2000000,1024,12000
20251202-101807,Windows 11,AMD Ryzen 7 5700X 8-Core Processor,8,34265653248,NVIDIA GeForce RTX 5080,16303,,ppo,PushBlock,1024,8.90E-05,81920,0.003015,0.214,0.91,4,linear,TRUE,128,1,simple,,,5,1000000,64,12000
20251202-102630,Windows 11,AMD Ryzen 7 5700X 8-Core Processor,8,34265653248,NVIDIA GeForce RTX 5080,16303,,sac,3DBall,1024,8.50E-05,200000,,,,,constant,FALSE,128,3,simple,,,5,500000,512,10000
20251202-182910,Windows 11,AMD Ryzen 7 5700X 8-Core Processor,8,34265653248,NVIDIA GeForce RTX 5080,16303,,sac,3DBall,1024,0.000115,200000,,,,,constant,FALSE,64,2,simple,,,5,2000000,128,25000
20251203-032635,Windows 11,AMD Ryzen 7 5700X 8-Core Processor,8,34265653248,NVIDIA GeForce RTX 5080,16303,,sac,3DBall,128,8.60E-05,50000,,,,,constant,FALSE,64,3,simple,,,5,500000,64,10000
20251203-041621,Windows 11,AMD Ryzen 7 5700X 8-Core Processor,8,34265653248,NVIDIA GeForce RTX 5080,16303,,sac,3DBall,256,6.10E-05,100000,,,,,constant,FALSE,512,3,simple,,,5,250000,128,25000
20251203-050104,Windows 11,AMD Ryzen 7 5700X 8-Core Processor,8,34265653248,NVIDIA GeForce RTX 5080,16303,,sac,3DBall,1024,5.90E-05,500000,,,,,constant,FALSE,128,3,simple,,,5,2000000,64,50000
20251203-202818,Windows 11,AMD Ryzen 7 5700X 8-Core Processor,8,34265653248,NVIDIA GeForce RTX 5080,16303,,sac,3DBall,256,0.000194,200000,,,,,constant,TRUE,32,2,simple,,,5,500000,256,50000
20251125-155424,macOS,Apple M2,8,8589934592,Chipset Model: Apple M2,,,ppo,Crawler,2048,0.000102,81920,0.005654,0.19,0.924,4,linear,FALSE,256,3,simple,,,5,1000000,64,12000
20251125-161808,macOS,Apple M2,8,8589934592,Chipset Model: Apple M2,,,ppo,Crawler,4096,4.20E-05,81920,0.003347,0.247,0.926,4,constant,TRUE,128,2,simple,,,5,250000,2048,12000
20251125-162650,macOS,Apple M2,8,8589934592,Chipset Model: Apple M2,,,ppo,Crawler,1024,5.00E-05,40960,0.003972,0.293,0.925,8,linear,TRUE,256,1,simple,,,5,250000,1024,12000
20251125-163243,macOS,Apple M2,8,8589934592,Chipset Model: Apple M2,,,ppo,Crawler,2048,0.000293,81920,0.001403,0.243,0.93,4,constant,FALSE,512,1,simple,,,5,250000,1024,12000
20251125-163807,macOS,Apple M2,8,8589934592,Chipset Model: Apple M2,,,ppo,Crawler,512,0.00018,40960,0.007519,0.187,0.924,3,constant,FALSE,256,1,simple,,,5,2000000,512,12000
20251125-171940,macOS,Apple M2,8,8589934592,Chipset Model: Apple M2,,,ppo,Crawler,1024,0.000242,81920,0.009234,0.189,0.941,5,linear,FALSE,256,3,simple,,,5,2000000,256,12000
20251125-180906,macOS,Apple M2,8,8589934592,Chipset Model: Apple M2,,,ppo,Crawler,4096,0.000208,163840,0.000252,0.287,0.924,4,linear,TRUE,256,2,simple,,,5,250000,64,12000
20251125-181514,macOS,Apple M2,8,8589934592,Chipset Model: Apple M2,,,ppo,Crawler,1024,0.000278,20480,0.006859,0.186,0.932,10,linear,FALSE,64,2,simple,,,5,500000,64,12000
20251125-182736,macOS,Apple M2,8,8589934592,Chipset Model: Apple M2,,,ppo,Crawler,2048,0.00026,81920,0.009101,0.193,0.922,3,linear,TRUE,64,1,simple,,,5,2000000,512,12000
20251125-191135,macOS,Apple M2,8,8589934592,Chipset Model: Apple M2,,,ppo,Crawler,1024,0.00022,81920,0.009322,0.157,0.915,10,linear,FALSE,32,3,simple,,,5,250000,1024,12000
20251125-191758,macOS,Apple M2,8,8589934592,Chipset Model: Apple M2,,,ppo,Crawler,512,0.000283,40960,0.005018,0.128,0.935,10,constant,FALSE,256,2,simple,,,5,2000000,256,12000
20251125-200635,macOS,Apple M2,8,8589934592,Chipset Model: Apple M2,,,ppo,Crawler,512,0.000123,20480,0.006019,0.296,0.932,10,constant,FALSE,128,1,simple,,,5,1000000,2048,12000
20251125-202945,macOS,Apple M2,8,8589934592,Chipset Model: Apple M2,,,ppo,Crawler,4096,0.000292,81920,0.007736,0.29,0.937,3,linear,TRUE,64,2,simple,,,5,500000,512,12000
20251125-204057,macOS,Apple M2,8,8589934592,Chipset Model: Apple M2,,,ppo,Crawler,4096,0.000254,81920,0.000539,0.171,0.914,4,constant,TRUE,256,1,simple,,,5,2000000,2048,12000
20251125-212621,macOS,Apple M2,8,8589934592,Chipset Model: Apple M2,,,ppo,Crawler,1024,2.20E-05,40960,0.009789,0.226,0.946,10,constant,TRUE,512,3,simple,,,5,250000,2048,12000
20251125-213347,macOS,Apple M2,8,8589934592,Chipset Model: Apple M2,,,ppo,Crawler,512,8.90E-05,20480,0.002071,0.145,0.933,10,linear,TRUE,256,3,simple,,,5,2000000,2048,12000
20251125-222515,macOS,Apple M2,8,8589934592,Chipset Model: Apple M2,,,ppo,Crawler,4096,0.000143,163840,0.001821,0.175,0.901,5,linear,TRUE,128,2,simple,,,5,500000,1024,12000
20251125-223725,macOS,Apple M2,8,8589934592,Chipset Model: Apple M2,,,ppo,Crawler,512,8.60E-05,40960,0.00344,0.3,0.929,4,constant,FALSE,512,1,simple,,,5,2000000,128,12000
20251125-232316,macOS,Apple M2,8,8589934592,Chipset Model: Apple M2,,,ppo,Crawler,512,7.20E-05,40960,0.001114,0.293,0.906,4,constant,FALSE,64,3,simple,,,5,250000,2048,12000
20251125-232910,macOS,Apple M2,8,8589934592,Chipset Model: Apple M2,,,ppo,Crawler,4096,0.000195,163840,0.001785,0.237,0.943,4,constant,FALSE,32,2,simple,,,5,250000,64,12000
20251125-233508,macOS,Apple M2,8,8589934592,Chipset Model: Apple M2,,,ppo,Crawler,2048,9.40E-05,81920,0.005132,0.225,0.939,4,linear,TRUE,32,2,simple,,,5,250000,512,12000
20251125-234111,macOS,Apple M2,8,8589934592,Chipset Model: Apple M2,,,ppo,Crawler,512,0.000189,40960,0.005634,0.108,0.931,3,constant,FALSE,256,1,simple,,,5,500000,512,12000
20251126-063500,macOS,Apple M2,8,8589934592,Chipset Model: Apple M2,,,ppo,Crawler,1024,0.000264,81920,0.009584,0.118,0.902,10,constant,FALSE,256,2,simple,,,5,100000,1024,12000
20251126-074438,macOS,Apple M2,8,8589934592,Chipset Model: Apple M2,,,ppo,Crawler,2048,0.000204,163840,0.001317,0.103,0.903,4,constant,FALSE,64,2,simple,,,5,500000,1024,12000
20251126-112043,macOS,Apple M2,8,8589934592,Chipset Model: Apple M2,,,ppo,Crawler,2048,4.60E-05,163840,0.003656,0.243,0.95,4,constant,FALSE,512,3,simple,,,5,250000,64,12000
20251126-112820,macOS,Apple M2,8,8589934592,Chipset Model: Apple M2,,,ppo,Crawler,4096,5.00E-05,163840,0.009116,0.212,0.911,5,linear,FALSE,128,3,simple,,,5,500000,128,12000
20251215-152322,Windows 11,AMD Ryzen 7 5700X 8-Core Processor,8,34265653248,NVIDIA GeForce RTX 5080,16303,,ppo,3DBall,4096,0.000175,81920,0.00849,0.155,0.904,5,linear,TRUE,32,2,simple,,,5,2000000,128,12000
20251215-154053,Windows 11,AMD Ryzen 7 5700X 8-Core Processor,8,34265653248,NVIDIA GeForce RTX 5080,16303,,ppo,3DBallHard,512,7.80E-05,10240,0.00341,0.14,0.91,8,constant,FALSE,32,1,simple,,,5,100000,2048,12000
20251215-154216,Windows 11,AMD Ryzen 7 5700X 8-Core Processor,8,34265653248,NVIDIA GeForce RTX 5080,16303,,ppo,Crawler,4096,4.60E-05,81920,0.003987,0.209,0.91,8,linear,TRUE,32,3,simple,,,5,500000,1024,12000
20251215-155011,Windows 11,AMD Ryzen 7 5700X 8-Core Processor,8,34265653248,NVIDIA GeForce RTX 5080,16303,,ppo,GridFoodCollector,512,0.000233,10240,0.005215,0.281,0.926,4,constant,TRUE,512,3,simple,,,5,250000,2048,12000
20251215-160024,Windows 11,AMD Ryzen 7 5700X 8-Core Processor,8,34265653248,NVIDIA GeForce RTX 5080,16303,,ppo,GridWorld,512,0.000179,10240,0.009941,0.172,0.949,5,linear,FALSE,32,2,simple,,,5,100000,128,12000
20251215-160324,Windows 11,AMD Ryzen 7 5700X 8-Core Processor,8,34265653248,NVIDIA GeForce RTX 5080,16303,,ppo,Hallway,2048,0.000262,81920,0.000399,0.167,0.943,4,constant,TRUE,256,2,simple,,,5,1000000,128,12000
20251215-161333,Windows 11,AMD Ryzen 7 5700X 8-Core Processor,8,34265653248,NVIDIA GeForce RTX 5080,16303,,ppo,PushBlock,2048,0.000255,40960,0.006062,0.28,0.924,3,constant,TRUE,256,3,simple,,,5,2000000,128,12000
20251215-163208,Windows 11,AMD Ryzen 7 5700X 8-Core Processor,8,34265653248,NVIDIA GeForce RTX 5080,16303,,ppo,Pyramids,1024,0.000226,40960,0.003173,0.102,0.934,3,linear,TRUE,32,2,simple,,,5,250000,2048,12000
20251215-163505,Windows 11,AMD Ryzen 7 5700X 8-Core Processor,8,34265653248,NVIDIA GeForce RTX 5080,16303,,ppo,Sorter,4096,3.20E-05,163840,0.006688,0.101,0.941,5,constant,FALSE,512,3,simple,,,5,500000,128,12000
20251215-170050,Windows 11,AMD Ryzen 7 5700X 8-Core Processor,8,34265653248,NVIDIA GeForce RTX 5080,16303,,ppo,Walker,2048,0.000273,40960,0.002099,0.257,0.946,3,constant,TRUE,32,2,simple,,,5,1000000,128,12000
20251215-171446,Windows 11,AMD Ryzen 7 5700X 8-Core Processor,8,34265653248,NVIDIA GeForce RTX 5080,16303,,ppo,Worm,1024,0.000142,40960,0.009166,0.12,0.932,10,linear,TRUE,64,3,simple,,,5,2000000,128,12000
20251215-174313,Windows 11,AMD Ryzen 7 5700X 8-Core Processor,8,34265653248,NVIDIA GeForce RTX 5080,16303,,sac,3DBall,512,0.000215,50000,,,,,constant,FALSE,32,3,simple,,,5,2000000,64,25000
20251216-081029,Windows 11,AMD Ryzen 7 5700X 8-Core Processor,8,34265653248,NVIDIA GeForce RTX 5080,16303,,sac,3DBallHard,1024,0.000138,50000,,,,,constant,FALSE,64,3,simple,,,5,1000000,1024,50000
20251216-133612,Windows 11,AMD Ryzen 7 5700X 8-Core Processor,8,34265653248,NVIDIA GeForce RTX 5080,16303,,sac,Crawler,1024,0.000221,50000,,,,,constant,TRUE,64,2,simple,,,5,100000,1024,50000
20251216-233852,Windows 11,AMD Ryzen 7 5700X 8-Core Processor,8,34265653248,NVIDIA GeForce RTX 5080,16303,,ppo,3DBall,512,0.000163,10240,0.009833,0.298,0.924,4,constant,FALSE,32,1,simple,,,5,500000,1024,12000
20251216-234330,Windows 11,AMD Ryzen 7 5700X 8-Core Processor,8,34265653248,NVIDIA GeForce RTX 5080,16303,,ppo,3DBallHard,1024,3.50E-05,40960,0.007556,0.201,0.915,10,constant,TRUE,512,3,simple,,,5,1000000,512,12000
20251217-000338,Windows 11,AMD Ryzen 7 5700X 8-Core Processor,8,34265653248,NVIDIA GeForce RTX 5080,16303,,ppo,Crawler,1024,2.90E-05,20480,0.000577,0.145,0.902,10,linear,FALSE,256,1,simple,,,5,250000,128,12000
20251217-000833,Windows 11,AMD Ryzen 7 5700X 8-Core Processor,8,34265653248,NVIDIA GeForce RTX 5080,16303,,ppo,GridFoodCollector,4096,0.000112,163840,0.005425,0.298,0.935,8,linear,FALSE,32,3,simple,,,5,2000000,256,12000
20251217-013844,Windows 11,AMD Ryzen 7 5700X 8-Core Processor,8,34265653248,NVIDIA GeForce RTX 5080,16303,,ppo,GridWorld,1024,0.000214,20480,0.008491,0.187,0.902,8,linear,FALSE,64,3,simple,,,5,100000,2048,12000
20251217-014255,Windows 11,AMD Ryzen 7 5700X 8-Core Processor,8,34265653248,NVIDIA GeForce RTX 5080,16303,,ppo,Hallway,512,7.00E-05,20480,0.000749,0.251,0.948,3,linear,FALSE,32,2,simple,,,5,1000000,128,12000
20251217-015125,Windows 11,AMD Ryzen 7 5700X 8-Core Processor,8,34265653248,NVIDIA GeForce RTX 5080,16303,,ppo,PushBlock,2048,0.000255,81920,0.008157,0.126,0.949,5,constant,TRUE,512,3,simple,,,5,1000000,256,12000
20251217-020328,Windows 11,AMD Ryzen 7 5700X 8-Core Processor,8,34265653248,NVIDIA GeForce RTX 5080,16303,,ppo,Pyramids,4096,0.000197,163840,0.008758,0.282,0.947,3,linear,FALSE,128,2,simple,,,5,500000,64,12000
20251217-020859,Windows 11,AMD Ryzen 7 5700X 8-Core Processor,8,34265653248,NVIDIA GeForce RTX 5080,16303,,ppo,Sorter,4096,1.60E-05,327680,0.007104,0.282,0.909,10,linear,FALSE,64,2,simple,,,5,2000000,64,12000
20251217-044951,Windows 11,AMD Ryzen 7 5700X 8-Core Processor,8,34265653248,NVIDIA GeForce RTX 5080,16303,,ppo,Walker,4096,0.00021,327680,0.000259,0.177,0.937,3,linear,FALSE,32,1,simple,,,5,250000,1024,12000
20251217-045248,Windows 11,AMD Ryzen 7 5700X 8-Core Processor,8,34265653248,NVIDIA GeForce RTX 5080,16303,,ppo,Worm,1024,0.000145,81920,0.006528,0.145,0.904,10,linear,TRUE,512,3,simple,,,5,500000,2048,12000
20251217-050212,Windows 11,AMD Ryzen 7 5700X 8-Core Processor,8,34265653248,NVIDIA GeForce RTX 5080,16303,,sac,3DBall,512,0.00014,500000,,,,,constant,FALSE,32,3,simple,,,5,100000,64,25000
20251217-051624,Windows 11,AMD Ryzen 7 5700X 8-Core Processor,8,34265653248,NVIDIA GeForce RTX 5080,16303,,sac,3DBallHard,256,0.00015,50000,,,,,constant,FALSE,32,1,simple,,,5,2000000,1024,25000
20251217-095019,Windows 11,AMD Ryzen 7 5700X 8-Core Processor,8,34265653248,NVIDIA GeForce RTX 5080,16303,,sac,Crawler,256,0.000273,200000,,,,,constant,FALSE,128,3,simple,,,5,500000,1024,50000
20251217-134820,Windows 11,AMD Ryzen 7 5700X 8-Core Processor,8,34265653248,NVIDIA GeForce RTX 5080,16303,,sac,GridFoodCollector,128,0.000216,50000,,,,,constant,TRUE,512,2,simple,,,5,2000000,64,25000
20251219-220437,Windows 11,AMD Ryzen 7 5700X 8-Core Processor,8,34265653248,NVIDIA GeForce RTX 5080,16303,,ppo,3DBall,1024,9.20E-05,40960,0.003273,0.165,0.906,5,constant,TRUE,128,2,simple,,,5,2000000,512,12000
20251219-222156,Windows 11,AMD Ryzen 7 5700X 8-Core Processor,8,34265653248,NVIDIA GeForce RTX 5080,16303,,ppo,3DBallHard,512,3.30E-05,40960,0.008933,0.105,0.919,8,constant,FALSE,32,3,simple,,,5,1000000,64,12000
20251219-223524,Windows 11,AMD Ryzen 7 5700X 8-Core Processor,8,34265653248,NVIDIA GeForce RTX 5080,16303,,ppo,Crawler,1024,0.000101,40960,0.006215,0.276,0.91,8,constant,FALSE,128,3,simple,,,5,2000000,64,12000
20251219-230432,Windows 11,AMD Ryzen 7 5700X 8-Core Processor,8,34265653248,NVIDIA GeForce RTX 5080,16303,,ppo,GridFoodCollector,2048,0.000184,163840,0.00222,0.125,0.924,8,linear,TRUE,128,1,simple,,,5,250000,1024,12000
20251219-231433,Windows 11,AMD Ryzen 7 5700X 8-Core Processor,8,34265653248,NVIDIA GeForce RTX 5080,16303,,ppo,GridWorld,2048,6.30E-05,81920,0.000758,0.278,0.932,4,constant,FALSE,64,3,simple,,,5,1000000,2048,12000
20251219-234320,Windows 11,AMD Ryzen 7 5700X 8-Core Processor,8,34265653248,NVIDIA GeForce RTX 5080,16303,,ppo,Hallway,2048,0.00026,163840,0.004815,0.114,0.919,5,linear,FALSE,128,1,simple,,,5,1000000,128,12000
20251219-235249,Windows 11,AMD Ryzen 7 5700X 8-Core Processor,8,34265653248,NVIDIA GeForce RTX 5080,16303,,ppo,PushBlock,2048,4.10E-05,81920,0.000442,0.21,0.941,10,linear,TRUE,512,1,simple,,,5,500000,128,12000
20251219-235934,Windows 11,AMD Ryzen 7 5700X 8-Core Processor,8,34265653248,NVIDIA GeForce RTX 5080,16303,,ppo,Pyramids,512,0.000247,20480,0.002418,0.117,0.916,4,linear,FALSE,128,1,simple,,,5,2000000,256,12000
20251220-002102,Windows 11,AMD Ryzen 7 5700X 8-Core Processor,8,34265653248,NVIDIA GeForce RTX 5080,16303,,ppo,Sorter,4096,0.00012,81920,0.00236,0.131,0.911,3,constant,TRUE,512,3,simple,,,5,250000,1024,12000
20251220-002943,Windows 11,AMD Ryzen 7 5700X 8-Core Processor,8,34265653248,NVIDIA GeForce RTX 5080,16303,,ppo,Walker,4096,3.50E-05,163840,0.008388,0.299,0.927,4,constant,TRUE,64,2,simple,,,5,500000,256,12000
20251220-003641,Windows 11,AMD Ryzen 7 5700X 8-Core Processor,8,34265653248,NVIDIA GeForce RTX 5080,16303,,ppo,Worm,1024,0.000208,81920,0.00035,0.222,0.919,3,constant,TRUE,512,1,simple,,,5,500000,128,12000
20251220-004121,Windows 11,AMD Ryzen 7 5700X 8-Core Processor,8,34265653248,NVIDIA GeForce RTX 5080,16303,,sac,3DBall,256,0.000201,500000,,,,,constant,FALSE,64,3,simple,,,5,500000,512,50000
20251220-011924,Windows 11,AMD Ryzen 7 5700X 8-Core Processor,8,34265653248,NVIDIA GeForce RTX 5080,16303,,sac,3DBallHard,512,0.00022,100000,,,,,constant,FALSE,64,1,simple,,,5,100000,1024,10000
20251220-015713,Windows 11,AMD Ryzen 7 5700X 8-Core Processor,8,34265653248,NVIDIA GeForce RTX 5080,16303,,sac,Crawler,512,6.30E-05,500000,,,,,constant,FALSE,512,1,simple,,,5,1000000,128,10000
20251220-052833,Windows 11,AMD Ryzen 7 5700X 8-Core Processor,8,34265653248,NVIDIA GeForce RTX 5080,16303,,sac,GridFoodCollector,256,0.00021,100000,,,,,constant,FALSE,512,1,simple,,,5,100000,1024,25000
20251220-213416,Windows 11,AMD Ryzen 7 5700X 8-Core Processor,8,34265653248,NVIDIA GeForce RTX 5080,16303,,ppo,3DBall,512,0.00024,40960,0.009494,0.123,0.938,3,linear,TRUE,512,1,simple,,,5,2000000,128,12000
20251220-214906,Windows 11,AMD Ryzen 7 5700X 8-Core Processor,8,34265653248,NVIDIA GeForce RTX 5080,16303,,ppo,3DBallHard,2048,0.000151,40960,0.009855,0.187,0.935,3,linear,TRUE,256,2,simple,,,5,250000,64,12000
20251220-215140,Windows 11,AMD Ryzen 7 5700X 8-Core Processor,8,34265653248,NVIDIA GeForce RTX 5080,16303,,ppo,Crawler,4096,0.000187,81920,0.001283,0.217,0.911,5,linear,TRUE,256,3,simple,,,5,250000,1024,12000
20251220-215532,Windows 11,AMD Ryzen 7 5700X 8-Core Processor,8,34265653248,NVIDIA GeForce RTX 5080,16303,,ppo,GridFoodCollector,1024,8.20E-05,20480,0.008761,0.114,0.928,5,linear,FALSE,256,2,simple,,,5,500000,256,12000
20251220-221446,Windows 11,AMD Ryzen 7 5700X 8-Core Processor,8,34265653248,NVIDIA GeForce RTX 5080,16303,,ppo,GridWorld,1024,0.00025,20480,0.004573,0.123,0.934,4,constant,TRUE,256,2,simple,,,5,1000000,128,12000
20251221-002146,Windows 11,AMD Ryzen 7 5700X 8-Core Processor,8,34265653248,NVIDIA GeForce RTX 5080,16303,,ppo,Hallway,2048,8.50E-05,40960,0.008739,0.135,0.942,8,constant,TRUE,64,3,simple,,,5,500000,1024,12000
20251221-002751,Windows 11,AMD Ryzen 7 5700X 8-Core Processor,8,34265653248,NVIDIA GeForce RTX 5080,16303,,ppo,PushBlock,1024,0.000284,81920,0.009951,0.155,0.935,8,linear,FALSE,64,3,simple,,,5,1000000,64,12000
20251221-003843,Windows 11,AMD Ryzen 7 5700X 8-Core Processor,8,34265653248,NVIDIA GeForce RTX 5080,16303,,ppo,Pyramids,2048,0.0001,81920,0.007425,0.114,0.949,5,linear,FALSE,64,3,simple,,,5,100000,256,12000
20251221-004000,Windows 11,AMD Ryzen 7 5700X 8-Core Processor,8,34265653248,NVIDIA GeForce RTX 5080,16303,,ppo,Sorter,4096,0.000109,81920,0.008309,0.154,0.928,4,linear,FALSE,512,1,simple,,,5,2000000,512,12000
20251221-015702,Windows 11,AMD Ryzen 7 5700X 8-Core Processor,8,34265653248,NVIDIA GeForce RTX 5080,16303,,ppo,Walker,4096,0.000287,327680,0.001901,0.146,0.927,3,linear,TRUE,128,3,simple,,,5,250000,512,12000
20251221-020001,Windows 11,AMD Ryzen 7 5700X 8-Core Processor,8,34265653248,NVIDIA GeForce RTX 5080,16303,,ppo,Worm,2048,0.000208,163840,0.006787,0.116,0.906,10,linear,TRUE,512,1,simple,,,5,2000000,256,12000
20251221-022734,Windows 11,AMD Ryzen 7 5700X 8-Core Processor,8,34265653248,NVIDIA GeForce RTX 5080,16303,,sac,3DBall,512,0.000248,100000,,,,,constant,FALSE,32,1,simple,,,5,2000000,1024,25000
20251221-060144,Windows 11,AMD Ryzen 7 5700X 8-Core Processor,8,34265653248,NVIDIA GeForce RTX 5080,16303,,sac,3DBallHard,256,9.80E-05,500000,,,,,constant,TRUE,256,3,simple,,,5,100000,1024,10000
20251221-064100,Windows 11,AMD Ryzen 7 5700X 8-Core Processor,8,34265653248,NVIDIA GeForce RTX 5080,16303,,sac,Crawler,1024,0.000253,100000,,,,,constant,TRUE,128,2,simple,,,5,1000000,64,25000
20251221-223130,Windows 11,AMD Ryzen 7 5700X 8-Core Processor,8,34265653248,NVIDIA GeForce RTX 5080,16303,,sac,GridWorld,512,0.000217,500000,,,,,constant,FALSE,256,2,simple,,,5,100000,256,25000
20251222-111445,Windows 11,AMD Ryzen 7 5700X 8-Core Processor,8,34265653248,NVIDIA GeForce RTX 5080,16303,,sac,Hallway,512,0.000178,500000,,,,,constant,FALSE,32,2,simple,,,5,500000,128,10000
20251222-154300,Windows 11,AMD Ryzen 7 5700X 8-Core Processor,8,34265653248,NVIDIA GeForce RTX 5080,16303,,sac,PushBlock,512,4.10E-05,500000,,,,,constant,FALSE,256,2,simple,,,5,500000,512,25000
20251222-221349,Windows 11,AMD Ryzen 7 5700X 8-Core Processor,8,34265653248,NVIDIA GeForce RTX 5080,16303,,sac,Pyramids,128,0.000231,500000,,,,,constant,TRUE,128,1,simple,,,5,100000,1024,50000
20251222-222103,Windows 11,AMD Ryzen 7 5700X 8-Core Processor,8,34265653248,NVIDIA GeForce RTX 5080,16303,,sac,Sorter,512,0.000144,100000,,,,,constant,FALSE,128,1,simple,,,5,100000,64,10000
20251223-080818,Windows 11,AMD Ryzen 7 5700X 8-Core Processor,8,34265653248,NVIDIA GeForce RTX 5080,16303,,sac,Walker,512,0.000223,200000,,,,,constant,TRUE,128,3,simple,,,5,1000000,1024,50000
20251223-113416,Windows 11,AMD Ryzen 7 5700X 8-Core Processor,8,34265653248,NVIDIA GeForce RTX 5080,16303,,sac,Worm,1024,9.50E-05,200000,,,,,constant,FALSE,64,3,simple,,,5,2000000,1024,10000
20251223-223952,Windows 11,AMD Ryzen 7 5700X 8-Core Processor,8,34265653248,NVIDIA GeForce RTX 5080,16303,,ppo,3DBall,2048,0.000189,81920,0.009209,0.241,0.919,4,constant,FALSE,512,1,simple,,,5,250000,2048,12000
20251223-224214,Windows 11,AMD Ryzen 7 5700X 8-Core Processor,8,34265653248,NVIDIA GeForce RTX 5080,16303,,ppo,3DBallHard,512,3.80E-05,10240,0.006228,0.104,0.938,4,constant,FALSE,256,1,simple,,,5,2000000,256,12000
20251223-230200,Windows 11,AMD Ryzen 7 5700X 8-Core Processor,8,34265653248,NVIDIA GeForce RTX 5080,16303,,ppo,Crawler,4096,0.000214,163840,0.004268,0.263,0.943,5,constant,TRUE,256,3,simple,,,5,250000,256,12000
20251223-230546,Windows 11,AMD Ryzen 7 5700X 8-Core Processor,8,34265653248,NVIDIA GeForce RTX 5080,16303,,ppo,GridFoodCollector,2048,8.80E-05,40960,0.004088,0.283,0.941,3,linear,TRUE,32,1,simple,,,5,250000,256,12000
20251223-231443,Windows 11,AMD Ryzen 7 5700X 8-Core Processor,8,34265653248,NVIDIA GeForce RTX 5080,16303,,ppo,GridWorld,2048,0.000237,163840,0.002941,0.253,0.94,4,linear,TRUE,256,3,simple,,,5,1000000,2048,12000
20251224-011338,Windows 11,AMD Ryzen 7 5700X 8-Core Processor,8,34265653248,NVIDIA GeForce RTX 5080,16303,,ppo,Hallway,512,5.00E-05,40960,0.000276,0.145,0.91,3,linear,TRUE,32,3,simple,,,5,1000000,512,12000
20251224-012142,Windows 11,AMD Ryzen 7 5700X 8-Core Processor,8,34265653248,NVIDIA GeForce RTX 5080,16303,,ppo,PushBlock,4096,0.000196,81920,0.008726,0.182,0.934,10,constant,TRUE,32,3,simple,,,5,1000000,256,12000
20251224-013411,Windows 11,AMD Ryzen 7 5700X 8-Core Processor,8,34265653248,NVIDIA GeForce RTX 5080,16303,,ppo,Pyramids,4096,0.000212,163840,0.004291,0.117,0.909,10,linear,TRUE,128,3,simple,,,5,250000,512,12000
20251224-013801,Windows 11,AMD Ryzen 7 5700X 8-Core Processor,8,34265653248,NVIDIA GeForce RTX 5080,16303,,ppo,Sorter,2048,0.000128,163840,0.006248,0.244,0.922,3,linear,TRUE,256,2,simple,,,5,2000000,1024,12000
20251224-023802,Windows 11,AMD Ryzen 7 5700X 8-Core Processor,8,34265653248,NVIDIA GeForce RTX 5080,16303,,ppo,Walker,1024,0.000121,81920,0.008963,0.111,0.902,5,constant,TRUE,64,1,simple,,,5,1000000,1024,12000
20251224-025234,Windows 11,AMD Ryzen 7 5700X 8-Core Processor,8,34265653248,NVIDIA GeForce RTX 5080,16303,,ppo,Worm,1024,0.00025,40960,0.008343,0.116,0.946,4,linear,FALSE,512,3,simple,,,5,250000,256,12000
20251224-025532,Windows 11,AMD Ryzen 7 5700X 8-Core Processor,8,34265653248,NVIDIA GeForce RTX 5080,16303,,sac,3DBall,512,0.000176,50000,,,,,constant,FALSE,256,1,simple,,,5,1000000,256,50000
20251224-091451,Windows 11,AMD Ryzen 7 5700X 8-Core Processor,8,34265653248,NVIDIA GeForce RTX 5080,16303,,sac,3DBallHard,1024,0.00012,50000,,,,,constant,TRUE,32,3,simple,,,5,100000,2048,10000
20251224-093656,Windows 11,AMD Ryzen 7 5700X 8-Core Processor,8,34265653248,NVIDIA GeForce RTX 5080,16303,,sac,Crawler,128,0.000248,50000,,,,,constant,FALSE,512,2,simple,,,5,2000000,128,25000
20251224-141040,Windows 11,AMD Ryzen 7 5700X 8-Core Processor,8,34265653248,NVIDIA GeForce RTX 5080,16303,,sac,GridFoodCollector,512,0.000285,200000,,,,,constant,TRUE,128,1,simple,,,5,100000,2048,10000
20251224-150908,Windows 11,AMD Ryzen 7 5700X 8-Core Processor,8,34265653248,NVIDIA GeForce RTX 5080,16303,,sac,GridWorld,256,0.000132,50000,,,,,constant,FALSE,64,3,simple,,,5,100000,256,25000
20251224-162233,Windows 11,AMD Ryzen 7 5700X 8-Core Processor,8,34265653248,NVIDIA GeForce RTX 5080,16303,,sac,Hallway,1024,0.000122,500000,,,,,constant,FALSE,512,2,simple,,,5,500000,128,50000
20251228-105639,Windows 11,AMD Ryzen 7 5700X 8-Core Processor,8,34265653248,NVIDIA GeForce RTX 5080,16303,,ppo,3DBall,1024,0.000277,20480,0.006523,0.104,0.945,8,linear,TRUE,512,3,simple,,,5,100000,2048,12000
20251228-110003,Windows 11,AMD Ryzen 7 5700X 8-Core Processor,8,34265653248,NVIDIA GeForce RTX 5080,16303,,ppo,3DBallHard,512,0.000204,20480,0.003139,0.14,0.928,4,linear,FALSE,512,3,simple,,,5,1000000,64,12000
20251228-112707,Windows 11,AMD Ryzen 7 5700X 8-Core Processor,8,34265653248,NVIDIA GeForce RTX 5080,16303,,ppo,Crawler,512,0.000124,10240,0.008351,0.258,0.906,3,constant,FALSE,128,2,simple,,,5,500000,128,12000
20251228-114228,Windows 11,AMD Ryzen 7 5700X 8-Core Processor,8,34265653248,NVIDIA GeForce RTX 5080,16303,,ppo,GridFoodCollector,2048,3.50E-05,81920,0.002393,0.3,0.925,10,constant,FALSE,64,3,simple,,,5,100000,512,12000
20251228-115209,Windows 11,AMD Ryzen 7 5700X 8-Core Processor,8,34265653248,NVIDIA GeForce RTX 5080,16303,,ppo,GridWorld,2048,0.000128,81920,0.004361,0.188,0.921,3,constant,FALSE,32,2,simple,,,5,1000000,256,12000
20251228-123730,Windows 11,AMD Ryzen 7 5700X 8-Core Processor,8,34265653248,NVIDIA GeForce RTX 5080,16303,,ppo,Hallway,512,2.80E-05,20480,0.006752,0.219,0.934,3,linear,TRUE,32,1,simple,,,5,2000000,1024,12000
20251228-131319,Windows 11,AMD Ryzen 7 5700X 8-Core Processor,8,34265653248,NVIDIA GeForce RTX 5080,16303,,ppo,PushBlock,512,7.90E-05,40960,0.002758,0.174,0.944,5,linear,TRUE,32,3,simple,,,5,100000,256,12000
20251228-131525,Windows 11,AMD Ryzen 7 5700X 8-Core Processor,8,34265653248,NVIDIA GeForce RTX 5080,16303,,ppo,Pyramids,1024,0.000291,81920,0.007341,0.143,0.925,5,linear,TRUE,64,2,simple,,,5,100000,1024,12000
20251228-131820,Windows 11,AMD Ryzen 7 5700X 8-Core Processor,8,34265653248,NVIDIA GeForce RTX 5080,16303,,ppo,Sorter,512,0.00028,10240,0.00614,0.28,0.932,3,constant,TRUE,512,2,simple,,,5,1000000,128,12000
20251228-141911,Windows 11,AMD Ryzen 7 5700X 8-Core Processor,8,34265653248,NVIDIA GeForce RTX 5080,16303,,ppo,Walker,512,0.000252,40960,0.004591,0.17,0.938,5,constant,FALSE,256,2,simple,,,5,500000,256,12000
20251228-143508,Windows 11,AMD Ryzen 7 5700X 8-Core Processor,8,34265653248,NVIDIA GeForce RTX 5080,16303,,ppo,Worm,512,0.000219,40960,0.0088,0.181,0.904,4,linear,TRUE,32,2,simple,,,5,250000,128,12000
20251228-144019,Windows 11,AMD Ryzen 7 5700X 8-Core Processor,8,34265653248,NVIDIA GeForce RTX 5080,16303,,sac,3DBall,1024,3.50E-05,50000,,,,,constant,TRUE,256,1,simple,,,5,500000,256,50000
20251228-184224,Windows 11,AMD Ryzen 7 5700X 8-Core Processor,8,34265653248,NVIDIA GeForce RTX 5080,16303,,sac,3DBallHard,128,0.000211,200000,,,,,constant,FALSE,32,1,simple,,,5,2000000,256,10000
20251228-214304,Windows 11,AMD Ryzen 7 5700X 8-Core Processor,8,34265653248,NVIDIA GeForce RTX 5080,16303,,sac,Crawler,512,6.40E-05,100000,,,,,constant,FALSE,128,3,simple,,,5,100000,1024,10000
20251228-223754,Windows 11,AMD Ryzen 7 5700X 8-Core Processor,8,34265653248,NVIDIA GeForce RTX 5080,16303,,sac,GridFoodCollector,1024,0.000236,50000,,,,,constant,TRUE,64,2,simple,,,5,2000000,256,10000
20260101-002717,Windows 11,AMD Ryzen 7 5700X 8-Core Processor,8,34265653248,NVIDIA GeForce RTX 5080,16303,,ppo,3DBall,512,0.000219,10240,0.003624,0.194,0.929,5,linear,TRUE,128,2,simple,,,5,500000,64,12000
20260101-003208,Windows 11,AMD Ryzen 7 5700X 8-Core Processor,8,34265653248,NVIDIA GeForce RTX 5080,16303,,ppo,3DBall,1024,0.000204,81920,0.003197,0.212,0.925,8,constant,FALSE,256,1,simple,,,5,100000,64,12000
20260101-003326,Windows 11,AMD Ryzen 7 5700X 8-Core Processor,8,34265653248,NVIDIA GeForce RTX 5080,16303,,ppo,3DBall,1024,6.20E-05,40960,0.00333,0.217,0.927,4,linear,FALSE,128,2,simple,,,5,500000,128,12000
20260101-003804,Windows 11,AMD Ryzen 7 5700X 8-Core Processor,8,34265653248,NVIDIA GeForce RTX 5080,16303,,ppo,3DBall,1024,0.000175,81920,0.001379,0.23,0.918,5,linear,FALSE,512,3,simple,,,5,100000,64,12000
20260101-003929,Windows 11,AMD Ryzen 7 5700X 8-Core Processor,8,34265653248,NVIDIA GeForce RTX 5080,16303,,ppo,3DBall,1024,5.20E-05,81920,0.009158,0.151,0.909,4,linear,TRUE,512,2,simple,,,5,500000,256,12000
20260101-004445,Windows 11,AMD Ryzen 7 5700X 8-Core Processor,8,34265653248,NVIDIA GeForce RTX 5080,16303,,ppo,3DBall,1024,0.000225,40960,0.0003,0.259,0.906,4,constant,TRUE,256,1,simple,,,5,100000,128,12000
20260101-004548,Windows 11,AMD Ryzen 7 5700X 8-Core Processor,8,34265653248,NVIDIA GeForce RTX 5080,16303,,ppo,3DBall,1024,0.000246,40960,0.005709,0.191,0.945,10,constant,FALSE,512,2,simple,,,5,100000,1024,12000
20260101-004726,Windows 11,AMD Ryzen 7 5700X 8-Core Processor,8,34265653248,NVIDIA GeForce RTX 5080,16303,,ppo,3DBall,4096,4.40E-05,163840,0.000403,0.118,0.903,5,linear,TRUE,128,3,simple,,,5,100000,512,12000
20260101-004817,Windows 11,AMD Ryzen 7 5700X 8-Core Processor,8,34265653248,NVIDIA GeForce RTX 5080,16303,,ppo,3DBall,2048,8.70E-05,40960,0.007762,0.138,0.923,5,constant,FALSE,32,2,simple,,,5,100000,1024,12000
20260101-004920,Windows 11,AMD Ryzen 7 5700X 8-Core Processor,8,34265653248,NVIDIA GeForce RTX 5080,16303,,ppo,3DBall,2048,0.000269,81920,0.005344,0.149,0.917,10,linear,FALSE,128,2,simple,,,5,2000000,64,12000
20260101-011307,Windows 11,AMD Ryzen 7 5700X 8-Core Processor,8,34265653248,NVIDIA GeForce RTX 5080,16303,,ppo,3DBall,1024,0.000229,20480,0.007276,0.178,0.914,5,constant,TRUE,64,3,simple,,,5,2000000,2048,12000
20260101-012933,Windows 11,AMD Ryzen 7 5700X 8-Core Processor,8,34265653248,NVIDIA GeForce RTX 5080,16303,,ppo,3DBall,2048,0.000264,163840,0.005484,0.264,0.933,3,linear,FALSE,64,3,simple,,,5,2000000,512,12000
20260101-014401,Windows 11,AMD Ryzen 7 5700X 8-Core Processor,8,34265653248,NVIDIA GeForce RTX 5080,16303,,ppo,3DBall,1024,0.000144,40960,0.004862,0.115,0.908,10,constant,TRUE,256,1,simple,,,5,100000,512,12000
20260101-014516,Windows 11,AMD Ryzen 7 5700X 8-Core Processor,8,34265653248,NVIDIA GeForce RTX 5080,16303,,ppo,3DBall,2048,2.60E-05,81920,0.002264,0.287,0.902,3,constant,TRUE,64,2,simple,,,5,1000000,1024,12000
20260101-015315,Windows 11,AMD Ryzen 7 5700X 8-Core Processor,8,34265653248,NVIDIA GeForce RTX 5080,16303,,ppo,3DBall,512,0.000157,40960,0.003698,0.125,0.927,4,linear,TRUE,128,2,simple,,,5,250000,256,12000
20260101-015532,Windows 11,AMD Ryzen 7 5700X 8-Core Processor,8,34265653248,NVIDIA GeForce RTX 5080,16303,,ppo,3DBall,2048,0.000119,163840,0.008898,0.136,0.936,3,linear,TRUE,512,1,simple,,,5,250000,2048,12000
20260101-015732,Windows 11,AMD Ryzen 7 5700X 8-Core Processor,8,34265653248,NVIDIA GeForce RTX 5080,16303,,ppo,3DBall,2048,0.000257,81920,0.005144,0.109,0.932,3,constant,TRUE,256,2,simple,,,5,100000,64,12000
20260101-015828,Windows 11,AMD Ryzen 7 5700X 8-Core Processor,8,34265653248,NVIDIA GeForce RTX 5080,16303,,ppo,3DBall,512,0.000115,10240,0.004983,0.266,0.943,10,linear,FALSE,128,1,simple,,,5,100000,64,12000
20260101-015946,Windows 11,AMD Ryzen 7 5700X 8-Core Processor,8,34265653248,NVIDIA GeForce RTX 5080,16303,,ppo,3DBall,2048,1.70E-05,40960,0.007027,0.234,0.923,5,linear,FALSE,32,2,simple,,,5,2000000,512,12000
20260101-021727,Windows 11,AMD Ryzen 7 5700X 8-Core Processor,8,34265653248,NVIDIA GeForce RTX 5080,16303,,ppo,3DBall,512,0.000137,40960,0.000277,0.279,0.913,5,constant,FALSE,64,1,simple,,,5,500000,1024,12000
20260101-022201,Windows 11,AMD Ryzen 7 5700X 8-Core Processor,8,34265653248,NVIDIA GeForce RTX 5080,16303,,ppo,3DBallHard,2048,0.000126,81920,0.009316,0.178,0.933,10,constant,TRUE,32,2,simple,,,5,500000,1024,12000
20260101-022853,Windows 11,AMD Ryzen 7 5700X 8-Core Processor,8,34265653248,NVIDIA GeForce RTX 5080,16303,,ppo,3DBallHard,512,0.000114,10240,0.004215,0.244,0.942,3,linear,FALSE,256,2,simple,,,5,1000000,1024,12000
20260101-023712,Windows 11,AMD Ryzen 7 5700X 8-Core Processor,8,34265653248,NVIDIA GeForce RTX 5080,16303,,ppo,3DBallHard,2048,0.00022,163840,0.005967,0.186,0.943,3,linear,TRUE,128,3,simple,,,5,250000,2048,12000
20260101-023928,Windows 11,AMD Ryzen 7 5700X 8-Core Processor,8,34265653248,NVIDIA GeForce RTX 5080,16303,,ppo,3DBallHard,512,0.000289,40960,0.005455,0.121,0.927,10,constant,FALSE,64,1,simple,,,5,2000000,512,12000
20260101-030501,Windows 11,AMD Ryzen 7 5700X 8-Core Processor,8,34265653248,NVIDIA GeForce RTX 5080,16303,,ppo,3DBallHard,2048,0.000168,40960,0.008041,0.189,0.928,4,linear,FALSE,128,2,simple,,,5,500000,2048,12000
20260101-030948,Windows 11,AMD Ryzen 7 5700X 8-Core Processor,8,34265653248,NVIDIA GeForce RTX 5080,16303,,ppo,3DBallHard,1024,0.000199,81920,0.002117,0.296,0.913,4,constant,FALSE,512,3,simple,,,5,500000,64,12000
20260101-031536,Windows 11,AMD Ryzen 7 5700X 8-Core Processor,8,34265653248,NVIDIA GeForce RTX 5080,16303,,ppo,3DBallHard,512,0.000142,10240,0.006293,0.235,0.93,4,constant,FALSE,512,3,simple,,,5,500000,128,12000
20260101-032113,Windows 11,AMD Ryzen 7 5700X 8-Core Processor,8,34265653248,NVIDIA GeForce RTX 5080,16303,,ppo,3DBallHard,2048,0.000261,40960,0.007863,0.153,0.915,3,linear,FALSE,256,2,simple,,,5,1000000,2048,12000
20260101-032936,Windows 11,AMD Ryzen 7 5700X 8-Core Processor,8,34265653248,NVIDIA GeForce RTX 5080,16303,,ppo,3DBallHard,512,6.90E-05,10240,0.000648,0.134,0.916,3,constant,TRUE,32,1,simple,,,5,100000,256,12000
20260101-033036,Windows 11,AMD Ryzen 7 5700X 8-Core Processor,8,34265653248,NVIDIA GeForce RTX 5080,16303,,ppo,3DBallHard,4096,0.000113,163840,0.008036,0.186,0.907,4,constant,TRUE,256,3,simple,,,5,250000,1024,12000
20260101-033304,Windows 11,AMD Ryzen 7 5700X 8-Core Processor,8,34265653248,NVIDIA GeForce RTX 5080,16303,,ppo,3DBallHard,512,0.000101,40960,0.005816,0.162,0.942,8,constant,FALSE,32,3,simple,,,5,100000,512,12000
20260101-033422,Windows 11,AMD Ryzen 7 5700X 8-Core Processor,8,34265653248,NVIDIA GeForce RTX 5080,16303,,ppo,3DBallHard,4096,4.10E-05,81920,0.009569,0.284,0.936,8,linear,TRUE,256,3,simple,,,5,2000000,2048,12000
20260101-035919,Windows 11,AMD Ryzen 7 5700X 8-Core Processor,8,34265653248,NVIDIA GeForce RTX 5080,16303,,ppo,3DBallHard,2048,0.000118,81920,0.004849,0.145,0.921,8,linear,FALSE,128,2,simple,,,5,500000,256,12000
20260101-040529,Windows 11,AMD Ryzen 7 5700X 8-Core Processor,8,34265653248,NVIDIA GeForce RTX 5080,16303,,ppo,3DBallHard,1024,4.30E-05,40960,0.009833,0.262,0.91,4,linear,FALSE,512,1,simple,,,5,1000000,128,12000
20260101-041452,Windows 11,AMD Ryzen 7 5700X 8-Core Processor,8,34265653248,NVIDIA GeForce RTX 5080,16303,,ppo,3DBallHard,4096,0.000228,163840,0.008718,0.14,0.939,4,linear,FALSE,512,2,simple,,,5,500000,2048,12000
20260101-042017,Windows 11,AMD Ryzen 7 5700X 8-Core Processor,8,34265653248,NVIDIA GeForce RTX 5080,16303,,ppo,3DBallHard,1024,0.00026,81920,0.002235,0.276,0.939,8,constant,FALSE,256,1,simple,,,5,2000000,64,12000
20260101-044256,Windows 11,AMD Ryzen 7 5700X 8-Core Processor,8,34265653248,NVIDIA GeForce RTX 5080,16303,,ppo,3DBallHard,2048,0.00027,81920,0.001481,0.21,0.924,8,linear,TRUE,32,3,simple,,,5,100000,256,12000
20260101-044413,Windows 11,AMD Ryzen 7 5700X 8-Core Processor,8,34265653248,NVIDIA GeForce RTX 5080,16303,,ppo,3DBallHard,2048,5.40E-05,40960,0.004619,0.232,0.942,4,linear,FALSE,128,3,simple,,,5,2000000,64,12000
20260101-050226,Windows 11,AMD Ryzen 7 5700X 8-Core Processor,8,34265653248,NVIDIA GeForce RTX 5080,16303,,ppo,3DBallHard,4096,0.000264,327680,0.006172,0.18,0.92,10,linear,FALSE,512,2,simple,,,5,250000,128,12000
20260101-050415,Windows 11,AMD Ryzen 7 5700X 8-Core Processor,8,34265653248,NVIDIA GeForce RTX 5080,16303,,ppo,3DBallHard,1024,0.000296,20480,0.009656,0.151,0.918,10,constant,TRUE,128,2,simple,,,5,250000,1024,12000
20260101-050744,Windows 11,AMD Ryzen 7 5700X 8-Core Processor,8,34265653248,NVIDIA GeForce RTX 5080,16303,,ppo,Crawler,2048,6.70E-05,40960,0.001382,0.158,0.933,8,constant,FALSE,32,2,simple,,,5,500000,1024,12000
20260101-051443,Windows 11,AMD Ryzen 7 5700X 8-Core Processor,8,34265653248,NVIDIA GeForce RTX 5080,16303,,ppo,Crawler,4096,3.00E-05,81920,0.000985,0.213,0.906,5,linear,TRUE,32,3,simple,,,5,1000000,64,12000
20260101-052752,Windows 11,AMD Ryzen 7 5700X 8-Core Processor,8,34265653248,NVIDIA GeForce RTX 5080,16303,,ppo,Crawler,4096,0.00011,327680,0.002818,0.193,0.923,8,constant,FALSE,32,3,simple,,,5,1000000,1024,12000
20260101-054229,Windows 11,AMD Ryzen 7 5700X 8-Core Processor,8,34265653248,NVIDIA GeForce RTX 5080,16303,,ppo,Crawler,4096,0.000212,81920,0.000437,0.249,0.905,3,linear,FALSE,512,3,simple,,,5,500000,512,12000
20260101-054856,Windows 11,AMD Ryzen 7 5700X 8-Core Processor,8,34265653248,NVIDIA GeForce RTX 5080,16303,,ppo,Crawler,4096,0.000266,163840,0.008047,0.153,0.936,10,linear,FALSE,512,2,simple,,,5,500000,256,12000
20260101-055942,Windows 11,AMD Ryzen 7 5700X 8-Core Processor,8,34265653248,NVIDIA GeForce RTX 5080,16303,,ppo,Crawler,2048,8.30E-05,40960,0.00707,0.21,0.909,8,constant,FALSE,32,3,simple,,,5,500000,256,12000
20260101-060643,Windows 11,AMD Ryzen 7 5700X 8-Core Processor,8,34265653248,NVIDIA GeForce RTX 5080,16303,,ppo,Crawler,1024,0.000188,81920,0.005932,0.151,0.917,5,linear,FALSE,64,1,simple,,,5,250000,128,12000
20260101-061036,Windows 11,AMD Ryzen 7 5700X 8-Core Processor,8,34265653248,NVIDIA GeForce RTX 5080,16303,,ppo,Crawler,512,6.50E-05,40960,0.007594,0.153,0.925,10,linear,TRUE,256,1,simple,,,5,1000000,512,12000
20260101-062644,Windows 11,AMD Ryzen 7 5700X 8-Core Processor,8,34265653248,NVIDIA GeForce RTX 5080,16303,,ppo,Crawler,2048,6.70E-05,40960,0.006385,0.191,0.916,3,constant,FALSE,64,2,simple,,,5,250000,256,12000
20260101-062941,Windows 11,AMD Ryzen 7 5700X 8-Core Processor,8,34265653248,NVIDIA GeForce RTX 5080,16303,,ppo,Crawler,1024,2.50E-05,40960,0.006949,0.105,0.935,4,constant,TRUE,256,2,simple,,,5,100000,128,12000
20260101-063107,Windows 11,AMD Ryzen 7 5700X 8-Core Processor,8,34265653248,NVIDIA GeForce RTX 5080,16303,,ppo,Crawler,512,0.000177,20480,0.007452,0.177,0.927,8,linear,TRUE,128,3,simple,,,5,250000,64,12000
20260101-063506,Windows 11,AMD Ryzen 7 5700X 8-Core Processor,8,34265653248,NVIDIA GeForce RTX 5080,16303,,ppo,Crawler,2048,8.30E-05,40960,0.000185,0.15,0.905,10,constant,TRUE,32,1,simple,,,5,100000,64,12000
20260101-063650,Windows 11,AMD Ryzen 7 5700X 8-Core Processor,8,34265653248,NVIDIA GeForce RTX 5080,16303,,ppo,Crawler,2048,0.000255,163840,0.004603,0.227,0.925,3,linear,FALSE,64,3,simple,,,5,100000,64,12000
20260101-063804,Windows 11,AMD Ryzen 7 5700X 8-Core Processor,8,34265653248,NVIDIA GeForce RTX 5080,16303,,ppo,Crawler,4096,7.40E-05,163840,0.00782,0.124,0.908,8,constant,TRUE,64,1,simple,,,5,2000000,64,12000
20260101-070643,Windows 11,AMD Ryzen 7 5700X 8-Core Processor,8,34265653248,NVIDIA GeForce RTX 5080,16303,,ppo,Crawler,1024,8.80E-05,40960,0.008041,0.242,0.918,8,constant,FALSE,512,1,simple,,,5,1000000,1024,12000
20260101-072108,Windows 11,AMD Ryzen 7 5700X 8-Core Processor,8,34265653248,NVIDIA GeForce RTX 5080,16303,,ppo,Crawler,512,0.000129,20480,0.001609,0.234,0.918,10,linear,FALSE,32,3,simple,,,5,1000000,128,12000
20260101-073657,Windows 11,AMD Ryzen 7 5700X 8-Core Processor,8,34265653248,NVIDIA GeForce RTX 5080,16303,,ppo,Crawler,1024,0.000173,20480,0.003604,0.12,0.946,4,linear,FALSE,128,1,simple,,,5,500000,1024,12000
20260101-074228,Windows 11,AMD Ryzen 7 5700X 8-Core Processor,8,34265653248,NVIDIA GeForce RTX 5080,16303,,ppo,Crawler,1024,9.00E-05,20480,0.004023,0.252,0.921,8,constant,TRUE,32,1,simple,,,5,2000000,2048,12000
20260101-081001,Windows 11,AMD Ryzen 7 5700X 8-Core Processor,8,34265653248,NVIDIA GeForce RTX 5080,16303,,ppo,Crawler,1024,5.60E-05,81920,0.003613,0.15,0.939,10,constant,FALSE,256,2,simple,,,5,1000000,1024,12000
20260101-082636,Windows 11,AMD Ryzen 7 5700X 8-Core Processor,8,34265653248,NVIDIA GeForce RTX 5080,16303,,ppo,Crawler,1024,0.000237,40960,0.002603,0.23,0.902,3,constant,TRUE,256,1,simple,,,5,100000,64,12000
20260101-082755,Windows 11,AMD Ryzen 7 5700X 8-Core Processor,8,34265653248,NVIDIA GeForce RTX 5080,16303,,ppo,GridFoodCollector,2048,0.000262,163840,0.00128,0.275,0.93,3,constant,TRUE,512,1,simple,,,5,2000000,256,12000
20260101-093608,Windows 11,AMD Ryzen 7 5700X 8-Core Processor,8,34265653248,NVIDIA GeForce RTX 5080,16303,,ppo,GridFoodCollector,2048,0.0002,40960,0.00083,0.281,0.94,8,constant,FALSE,512,2,simple,,,5,1000000,256,12000
20260101-102131,Windows 11,AMD Ryzen 7 5700X 8-Core Processor,8,34265653248,NVIDIA GeForce RTX 5080,16303,,ppo,GridFoodCollector,2048,2.30E-05,163840,0.004861,0.277,0.933,8,linear,TRUE,128,3,simple,,,5,1000000,2048,12000
20260101-110226,Windows 11,AMD Ryzen 7 5700X 8-Core Processor,8,34265653248,NVIDIA GeForce RTX 5080,16303,,ppo,GridFoodCollector,512,0.000154,40960,0.007941,0.178,0.932,3,constant,FALSE,64,2,simple,,,5,1000000,2048,12000
20260101-113553,Windows 11,AMD Ryzen 7 5700X 8-Core Processor,8,34265653248,NVIDIA GeForce RTX 5080,16303,,ppo,GridFoodCollector,2048,0.000274,81920,0.009586,0.174,0.923,5,linear,FALSE,32,1,simple,,,5,100000,64,12000
20260101-113938,Windows 11,AMD Ryzen 7 5700X 8-Core Processor,8,34265653248,NVIDIA GeForce RTX 5080,16303,,ppo,GridFoodCollector,2048,0.000283,163840,0.006529,0.295,0.944,10,linear,TRUE,256,3,simple,,,5,500000,64,12000
20260101-122551,Windows 11,AMD Ryzen 7 5700X 8-Core Processor,8,34265653248,NVIDIA GeForce RTX 5080,16303,,ppo,GridFoodCollector,4096,0.000148,163840,0.003908,0.28,0.923,5,linear,FALSE,256,1,simple,,,5,1000000,2048,12000
20260101-133006,Windows 11,AMD Ryzen 7 5700X 8-Core Processor,8,34265653248,NVIDIA GeForce RTX 5080,16303,,ppo,GridFoodCollector,512,7.30E-05,40960,0.008988,0.178,0.92,5,linear,FALSE,128,3,simple,,,5,500000,1024,12000
20260101-140139,Windows 11,AMD Ryzen 7 5700X 8-Core Processor,8,34265653248,NVIDIA GeForce RTX 5080,16303,,ppo,GridFoodCollector,512,3.90E-05,10240,0.007562,0.126,0.92,10,linear,FALSE,512,3,simple,,,5,250000,256,12000
20260101-142741,Windows 11,AMD Ryzen 7 5700X 8-Core Processor,8,34265653248,NVIDIA GeForce RTX 5080,16303,,ppo,GridFoodCollector,512,6.80E-05,40960,0.004753,0.132,0.919,3,linear,FALSE,256,3,simple,,,5,2000000,64,12000
20260101-164019,Windows 11,AMD Ryzen 7 5700X 8-Core Processor,8,34265653248,NVIDIA GeForce RTX 5080,16303,,ppo,GridFoodCollector,1024,0.000101,20480,0.007775,0.165,0.937,4,constant,FALSE,256,3,simple,,,5,2000000,512,12000
20260101-185007,Windows 11,AMD Ryzen 7 5700X 8-Core Processor,8,34265653248,NVIDIA GeForce RTX 5080,16303,,ppo,GridFoodCollector,512,0.000134,40960,0.00958,0.267,0.923,10,linear,TRUE,512,1,simple,,,5,100000,2048,12000
20260101-185821,Windows 11,AMD Ryzen 7 5700X 8-Core Processor,8,34265653248,NVIDIA GeForce RTX 5080,16303,,ppo,GridFoodCollector,1024,6.20E-05,40960,0.003582,0.108,0.901,8,linear,FALSE,512,1,simple,,,5,500000,256,12000
20260101-192420,Windows 11,AMD Ryzen 7 5700X 8-Core Processor,8,34265653248,NVIDIA GeForce RTX 5080,16303,,ppo,GridFoodCollector,2048,2.80E-05,163840,0.000187,0.283,0.927,10,constant,TRUE,128,3,simple,,,5,2000000,256,12000
20260101-213638,Windows 11,AMD Ryzen 7 5700X 8-Core Processor,8,34265653248,NVIDIA GeForce RTX 5080,16303,,ppo,GridFoodCollector,4096,0.000118,327680,0.004143,0.152,0.908,3,linear,TRUE,64,1,simple,,,5,1000000,512,12000
20260101-220958,Windows 11,AMD Ryzen 7 5700X 8-Core Processor,8,34265653248,NVIDIA GeForce RTX 5080,16303,,ppo,GridFoodCollector,1024,0.000233,81920,0.00402,0.182,0.911,5,constant,TRUE,64,3,simple,,,5,100000,2048,12000
20260101-221418,Windows 11,AMD Ryzen 7 5700X 8-Core Processor,8,34265653248,NVIDIA GeForce RTX 5080,16303,,ppo,GridFoodCollector,512,0.0003,20480,0.009955,0.273,0.933,3,linear,FALSE,256,3,simple,,,5,100000,1024,12000
20260101-221816,Windows 11,AMD Ryzen 7 5700X 8-Core Processor,8,34265653248,NVIDIA GeForce RTX 5080,16303,,ppo,GridFoodCollector,4096,0.000247,163840,0.000242,0.169,0.93,10,constant,TRUE,128,1,simple,,,5,2000000,256,12000
20260101-234634,Windows 11,AMD Ryzen 7 5700X 8-Core Processor,8,34265653248,NVIDIA GeForce RTX 5080,16303,,ppo,GridFoodCollector,4096,0.000198,81920,0.006584,0.177,0.912,3,linear,FALSE,32,2,simple,,,5,250000,128,12000
20260101-235640,Windows 11,AMD Ryzen 7 5700X 8-Core Processor,8,34265653248,NVIDIA GeForce RTX 5080,16303,,ppo,GridFoodCollector,1024,1.40E-05,81920,0.006277,0.265,0.937,5,constant,TRUE,32,3,simple,,,5,500000,256,12000
20260102-003041,Windows 11,AMD Ryzen 7 5700X 8-Core Processor,8,34265653248,NVIDIA GeForce RTX 5080,16303,,ppo,GridWorld,512,0.000265,40960,0.001539,0.256,0.95,3,constant,FALSE,128,2,simple,,,5,2000000,256,12000
20260102-022146,Windows 11,AMD Ryzen 7 5700X 8-Core Processor,8,34265653248,NVIDIA GeForce RTX 5080,16303,,ppo,GridWorld,4096,0.000296,81920,0.002877,0.234,0.914,4,constant,FALSE,32,3,simple,,,5,250000,256,12000
20260102-022820,Windows 11,AMD Ryzen 7 5700X 8-Core Processor,8,34265653248,NVIDIA GeForce RTX 5080,16303,,ppo,GridWorld,2048,0.000115,40960,0.009462,0.181,0.944,4,linear,FALSE,64,3,simple,,,5,250000,2048,12000
20260102-023533,Windows 11,AMD Ryzen 7 5700X 8-Core Processor,8,34265653248,NVIDIA GeForce RTX 5080,16303,,ppo,GridWorld,1024,0.000263,40960,0.001772,0.116,0.942,4,linear,TRUE,128,2,simple,,,5,500000,128,12000
20260102-025547,Windows 11,AMD Ryzen 7 5700X 8-Core Processor,8,34265653248,NVIDIA GeForce RTX 5080,16303,,ppo,GridWorld,4096,1.50E-05,327680,0.009902,0.166,0.923,3,linear,FALSE,32,2,simple,,,5,250000,64,12000
20260102-025938,Windows 11,AMD Ryzen 7 5700X 8-Core Processor,8,34265653248,NVIDIA GeForce RTX 5080,16303,,ppo,GridWorld,1024,0.000173,20480,0.008076,0.223,0.935,4,linear,FALSE,64,1,simple,,,5,500000,256,12000
20260102-114733,Windows 11,AMD Ryzen 7 5700X 8-Core Processor,8,34265653248,NVIDIA GeForce RTX 5080,16303,,ppo,3DBall,512,0.000101,40960,0.000999,0.211,0.909,8,linear,TRUE,256,2,simple,,,5,1000000,2048,12000
20260102-115837,Windows 11,AMD Ryzen 7 5700X 8-Core Processor,8,34265653248,NVIDIA GeForce RTX 5080,16303,,ppo,3DBall,2048,0.000179,163840,0.000895,0.154,0.91,3,linear,FALSE,64,1,simple,,,5,250000,256,12000
20260102-120031,Windows 11,AMD Ryzen 7 5700X 8-Core Processor,8,34265653248,NVIDIA GeForce RTX 5080,16303,,ppo,3DBall,512,4.70E-05,20480,0.0079,0.162,0.924,8,linear,TRUE,64,3,simple,,,5,500000,64,12000
20260102-120559,Windows 11,AMD Ryzen 7 5700X 8-Core Processor,8,34265653248,NVIDIA GeForce RTX 5080,16303,,ppo,3DBall,4096,0.000219,327680,0.008397,0.164,0.916,8,constant,FALSE,128,3,simple,,,5,100000,2048,12000
20260102-120644,Windows 11,AMD Ryzen 7 5700X 8-Core Processor,8,34265653248,NVIDIA GeForce RTX 5080,16303,,ppo,3DBall,1024,6.00E-05,81920,0.005324,0.114,0.947,10,constant,FALSE,32,1,simple,,,5,2000000,2048,12000
20260102-122928,Windows 11,AMD Ryzen 7 5700X 8-Core Processor,8,34265653248,NVIDIA GeForce RTX 5080,16303,,ppo,3DBall,2048,0.00028,81920,0.008742,0.167,0.949,10,linear,TRUE,64,3,simple,,,5,100000,64,12000
20260102-123049,Windows 11,AMD Ryzen 7 5700X 8-Core Processor,8,34265653248,NVIDIA GeForce RTX 5080,16303,,ppo,3DBall,1024,0.000179,40960,0.000751,0.148,0.926,4,linear,FALSE,128,3,simple,,,5,100000,64,12000
20260102-123155,Windows 11,AMD Ryzen 7 5700X 8-Core Processor,8,34265653248,NVIDIA GeForce RTX 5080,16303,,ppo,3DBall,2048,6.90E-05,163840,0.006469,0.209,0.928,5,constant,FALSE,32,3,simple,,,5,2000000,2048,12000
20260102-131413,Windows 11,AMD Ryzen 7 5700X 8-Core Processor,8,34265653248,NVIDIA GeForce RTX 5080,16303,,ppo,3DBall,512,0.000156,10240,0.000122,0.192,0.915,10,linear,TRUE,128,1,simple,,,5,100000,512,12000
20260102-131701,Windows 11,AMD Ryzen 7 5700X 8-Core Processor,8,34265653248,NVIDIA GeForce RTX 5080,16303,,ppo,3DBall,512,0.000223,10240,0.001072,0.118,0.925,5,constant,FALSE,128,3,simple,,,5,500000,64,12000
20260102-132711,Windows 11,AMD Ryzen 7 5700X 8-Core Processor,8,34265653248,NVIDIA GeForce RTX 5080,16303,,ppo,3DBall,512,0.000147,10240,0.00987,0.249,0.936,10,constant,FALSE,64,1,simple,,,5,100000,2048,12000
20260102-133000,Windows 11,AMD Ryzen 7 5700X 8-Core Processor,8,34265653248,NVIDIA GeForce RTX 5080,16303,,ppo,3DBall,1024,0.000263,40960,0.009217,0.298,0.911,4,linear,TRUE,32,2,simple,,,5,2000000,256,12000
20260102-140257,Windows 11,AMD Ryzen 7 5700X 8-Core Processor,8,34265653248,NVIDIA GeForce RTX 5080,16303,,ppo,3DBall,1024,0.000153,81920,0.003484,0.174,0.926,10,linear,FALSE,512,2,simple,,,5,250000,512,12000
20260102-141104,Windows 11,AMD Ryzen 7 5700X 8-Core Processor,8,34265653248,NVIDIA GeForce RTX 5080,16303,,ppo,3DBall,2048,0.000272,163840,0.00626,0.21,0.935,5,linear,TRUE,128,3,simple,,,5,2000000,128,12000
20260102-145126,Windows 11,AMD Ryzen 7 5700X 8-Core Processor,8,34265653248,NVIDIA GeForce RTX 5080,16303,,ppo,3DBall,2048,5.80E-05,81920,0.006182,0.126,0.901,5,constant,TRUE,128,1,simple,,,5,250000,2048,12000
20260102-145822,Windows 11,AMD Ryzen 7 5700X 8-Core Processor,8,34265653248,NVIDIA GeForce RTX 5080,16303,,ppo,3DBall,2048,0.000252,81920,0.008092,0.103,0.909,5,linear,TRUE,128,1,simple,,,5,1000000,128,12000
20260102-151340,Windows 11,AMD Ryzen 7 5700X 8-Core Processor,8,34265653248,NVIDIA GeForce RTX 5080,16303,,ppo,3DBall,512,0.00017,20480,0.006488,0.125,0.919,10,constant,FALSE,512,2,simple,,,5,100000,2048,12000
20260102-151526,Windows 11,AMD Ryzen 7 5700X 8-Core Processor,8,34265653248,NVIDIA GeForce RTX 5080,16303,,ppo,3DBall,2048,0.000224,81920,0.001787,0.144,0.943,4,constant,TRUE,256,2,simple,,,5,500000,512,12000
20260102-152039,Windows 11,AMD Ryzen 7 5700X 8-Core Processor,8,34265653248,NVIDIA GeForce RTX 5080,16303,,ppo,3DBall,2048,0.000107,40960,0.002378,0.165,0.905,4,constant,TRUE,256,1,simple,,,5,100000,512,12000
20260102-152144,Windows 11,AMD Ryzen 7 5700X 8-Core Processor,8,34265653248,NVIDIA GeForce RTX 5080,16303,,ppo,3DBall,4096,0.000156,327680,0.002509,0.108,0.931,4,constant,FALSE,64,2,simple,,,5,500000,256,12000
20260102-152623,Windows 11,AMD Ryzen 7 5700X 8-Core Processor,8,34265653248,NVIDIA GeForce RTX 5080,16303,,ppo,3DBallHard,1024,0.000104,20480,0.001202,0.18,0.904,10,linear,FALSE,128,1,simple,,,5,250000,64,12000
20260102-153019,Windows 11,AMD Ryzen 7 5700X 8-Core Processor,8,34265653248,NVIDIA GeForce RTX 5080,16303,,ppo,3DBallHard,1024,0.000209,20480,0.007568,0.115,0.918,10,constant,FALSE,512,1,simple,,,5,2000000,128,12000
20260102-160020,Windows 11,AMD Ryzen 7 5700X 8-Core Processor,8,34265653248,NVIDIA GeForce RTX 5080,16303,,ppo,3DBallHard,512,0.000162,10240,0.005135,0.167,0.917,8,linear,TRUE,512,2,simple,,,5,2000000,2048,12000
20260102-163218,Windows 11,AMD Ryzen 7 5700X 8-Core Processor,8,34265653248,NVIDIA GeForce RTX 5080,16303,,ppo,3DBallHard,1024,2.50E-05,20480,0.001663,0.219,0.929,3,constant,TRUE,32,2,simple,,,5,2000000,2048,12000
20260102-165104,Windows 11,AMD Ryzen 7 5700X 8-Core Processor,8,34265653248,NVIDIA GeForce RTX 5080,16303,,ppo,3DBallHard,1024,0.000284,40960,0.002281,0.254,0.903,3,constant,TRUE,32,3,simple,,,5,100000,256,12000
20260102-165211,Windows 11,AMD Ryzen 7 5700X 8-Core Processor,8,34265653248,NVIDIA GeForce RTX 5080,16303,,ppo,3DBallHard,512,6.80E-05,40960,0.009047,0.271,0.93,4,constant,FALSE,32,2,simple,,,5,1000000,256,12000
20260102-170219,Windows 11,AMD Ryzen 7 5700X 8-Core Processor,8,34265653248,NVIDIA GeForce RTX 5080,16303,,ppo,3DBallHard,2048,6.10E-05,163840,0.008121,0.222,0.934,5,constant,FALSE,32,1,simple,,,5,250000,2048,12000
20260102-170452,Windows 11,AMD Ryzen 7 5700X 8-Core Processor,8,34265653248,NVIDIA GeForce RTX 5080,16303,,ppo,3DBallHard,1024,9.00E-05,40960,0.008557,0.147,0.932,8,constant,FALSE,128,1,simple,,,5,2000000,128,12000
20260102-172906,Windows 11,AMD Ryzen 7 5700X 8-Core Processor,8,34265653248,NVIDIA GeForce RTX 5080,16303,,ppo,3DBallHard,4096,0.000183,327680,0.00308,0.287,0.908,5,constant,TRUE,512,2,simple,,,5,500000,256,12000
20260102-173505,Windows 11,AMD Ryzen 7 5700X 8-Core Processor,8,34265653248,NVIDIA GeForce RTX 5080,16303,,ppo,3DBallHard,4096,0.000163,163840,0.008872,0.138,0.905,8,linear,TRUE,128,1,simple,,,5,500000,1024,12000
20260102-174159,Windows 11,AMD Ryzen 7 5700X 8-Core Processor,8,34265653248,NVIDIA GeForce RTX 5080,16303,,ppo,3DBallHard,512,5.10E-05,20480,0.008135,0.212,0.944,4,constant,TRUE,128,3,simple,,,5,2000000,64,12000
20260102-180213,Windows 11,AMD Ryzen 7 5700X 8-Core Processor,8,34265653248,NVIDIA GeForce RTX 5080,16303,,ppo,3DBallHard,1024,0.000221,20480,0.002557,0.121,0.936,4,linear,FALSE,128,3,simple,,,5,1000000,1024,12000
20260102-181204,Windows 11,AMD Ryzen 7 5700X 8-Core Processor,8,34265653248,NVIDIA GeForce RTX 5080,16303,,ppo,3DBallHard,2048,0.00018,163840,0.007628,0.205,0.91,4,constant,FALSE,256,1,simple,,,5,500000,1024,12000
20260102-181708,Windows 11,AMD Ryzen 7 5700X 8-Core Processor,8,34265653248,NVIDIA GeForce RTX 5080,16303,,ppo,3DBallHard,2048,8.70E-05,163840,0.003986,0.119,0.903,10,constant,FALSE,128,2,simple,,,5,500000,512,12000
20260102-182438,Windows 11,AMD Ryzen 7 5700X 8-Core Processor,8,34265653248,NVIDIA GeForce RTX 5080,16303,,ppo,3DBallHard,2048,0.000299,40960,0.004496,0.116,0.914,8,constant,FALSE,128,3,simple,,,5,1000000,2048,12000
20260102-183715,Windows 11,AMD Ryzen 7 5700X 8-Core Processor,8,34265653248,NVIDIA GeForce RTX 5080,16303,,ppo,3DBallHard,4096,2.10E-05,81920,0.001678,0.244,0.947,10,linear,TRUE,256,3,simple,,,5,500000,512,12000
20260102-184533,Windows 11,AMD Ryzen 7 5700X 8-Core Processor,8,34265653248,NVIDIA GeForce RTX 5080,16303,,ppo,3DBallHard,2048,4.20E-05,163840,0.008833,0.201,0.939,4,constant,FALSE,512,1,simple,,,5,100000,64,12000
20260102-184624,Windows 11,AMD Ryzen 7 5700X 8-Core Processor,8,34265653248,NVIDIA GeForce RTX 5080,16303,,ppo,3DBallHard,512,0.000112,10240,0.00487,0.259,0.939,4,linear,FALSE,256,1,simple,,,5,100000,1024,12000
20260102-184730,Windows 11,AMD Ryzen 7 5700X 8-Core Processor,8,34265653248,NVIDIA GeForce RTX 5080,16303,,ppo,3DBallHard,512,0.00021,40960,0.001327,0.243,0.925,5,constant,FALSE,256,3,simple,,,5,100000,512,12000
20260102-184845,Windows 11,AMD Ryzen 7 5700X 8-Core Processor,8,34265653248,NVIDIA GeForce RTX 5080,16303,,ppo,3DBallHard,2048,0.000144,81920,0.004757,0.215,0.909,3,constant,FALSE,512,1,simple,,,5,500000,512,12000
20260102-185328,Windows 11,AMD Ryzen 7 5700X 8-Core Processor,8,34265653248,NVIDIA GeForce RTX 5080,16303,,ppo,Crawler,1024,0.000207,20480,0.003359,0.128,0.938,10,constant,TRUE,64,3,simple,,,5,1000000,256,12000
20260102-191014,Windows 11,AMD Ryzen 7 5700X 8-Core Processor,8,34265653248,NVIDIA GeForce RTX 5080,16303,,ppo,Crawler,2048,8.60E-05,40960,0.007532,0.133,0.914,10,linear,FALSE,64,2,simple,,,5,500000,256,12000
20260102-191823,Windows 11,AMD Ryzen 7 5700X 8-Core Processor,8,34265653248,NVIDIA GeForce RTX 5080,16303,,ppo,Crawler,512,0.000264,10240,0.008678,0.223,0.938,4,constant,TRUE,64,1,simple,,,5,2000000,128,12000
20260102-194418,Windows 11,AMD Ryzen 7 5700X 8-Core Processor,8,34265653248,NVIDIA GeForce RTX 5080,16303,,ppo,Crawler,4096,0.000215,163840,0.005528,0.177,0.941,8,constant,TRUE,256,1,simple,,,5,1000000,1024,12000
20260102-200352,Windows 11,AMD Ryzen 7 5700X 8-Core Processor,8,34265653248,NVIDIA GeForce RTX 5080,16303,,ppo,Crawler,2048,4.30E-05,163840,0.005807,0.176,0.905,4,constant,TRUE,64,2,simple,,,5,500000,64,12000
20260102-201232,Windows 11,AMD Ryzen 7 5700X 8-Core Processor,8,34265653248,NVIDIA GeForce RTX 5080,16303,,ppo,Crawler,2048,0.000141,40960,0.008681,0.189,0.93,5,linear,FALSE,64,3,simple,,,5,2000000,1024,12000
20260102-204222,Windows 11,AMD Ryzen 7 5700X 8-Core Processor,8,34265653248,NVIDIA GeForce RTX 5080,16303,,ppo,Crawler,512,7.40E-05,20480,0.003501,0.163,0.934,8,constant,FALSE,512,1,simple,,,5,1000000,256,12000
20260102-210058,Windows 11,AMD Ryzen 7 5700X 8-Core Processor,8,34265653248,NVIDIA GeForce RTX 5080,16303,,ppo,Crawler,4096,0.000296,81920,0.000677,0.206,0.943,3,linear,FALSE,32,3,simple,,,5,250000,128,12000
20260102-210446,Windows 11,AMD Ryzen 7 5700X 8-Core Processor,8,34265653248,NVIDIA GeForce RTX 5080,16303,,ppo,Crawler,1024,0.000206,81920,0.001718,0.148,0.921,10,linear,TRUE,64,2,simple,,,5,500000,2048,12000
20260102-211416,Windows 11,AMD Ryzen 7 5700X 8-Core Processor,8,34265653248,NVIDIA GeForce RTX 5080,16303,,ppo,Crawler,4096,0.0001,81920,0.00713,0.11,0.917,4,linear,FALSE,32,1,simple,,,5,2000000,2048,12000
20260102-213824,Windows 11,AMD Ryzen 7 5700X 8-Core Processor,8,34265653248,NVIDIA GeForce RTX 5080,16303,,ppo,Crawler,2048,0.000208,81920,0.003697,0.132,0.943,5,constant,FALSE,128,1,simple,,,5,1000000,128,12000
20260102-215136,Windows 11,AMD Ryzen 7 5700X 8-Core Processor,8,34265653248,NVIDIA GeForce RTX 5080,16303,,ppo,Crawler,4096,4.70E-05,327680,0.008947,0.292,0.918,3,constant,TRUE,32,1,simple,,,5,2000000,256,12000
20260102-221710,Windows 11,AMD Ryzen 7 5700X 8-Core Processor,8,34265653248,NVIDIA GeForce RTX 5080,16303,,ppo,Crawler,2048,7.60E-05,163840,0.004035,0.111,0.931,4,linear,FALSE,32,2,simple,,,5,100000,512,12000
20260102-221827,Windows 11,AMD Ryzen 7 5700X 8-Core Processor,8,34265653248,NVIDIA GeForce RTX 5080,16303,,ppo,Crawler,2048,4.50E-05,81920,0.009448,0.195,0.904,5,constant,TRUE,128,2,simple,,,5,1000000,512,12000
20260102-223245,Windows 11,AMD Ryzen 7 5700X 8-Core Processor,8,34265653248,NVIDIA GeForce RTX 5080,16303,,ppo,Crawler,512,0.000194,10240,0.004169,0.249,0.925,10,constant,FALSE,512,2,simple,,,5,1000000,2048,12000
20260102-225213,Windows 11,AMD Ryzen 7 5700X 8-Core Processor,8,34265653248,NVIDIA GeForce RTX 5080,16303,,ppo,Crawler,2048,4.60E-05,163840,0.006492,0.162,0.944,10,constant,TRUE,128,1,simple,,,5,1000000,2048,12000
20260102-230809,Windows 11,AMD Ryzen 7 5700X 8-Core Processor,8,34265653248,NVIDIA GeForce RTX 5080,16303,,ppo,Crawler,2048,0.00012,40960,0.009648,0.194,0.934,4,constant,FALSE,512,1,simple,,,5,100000,2048,12000
20260102-230931,Windows 11,AMD Ryzen 7 5700X 8-Core Processor,8,34265653248,NVIDIA GeForce RTX 5080,16303,,ppo,Crawler,2048,0.000192,163840,0.004137,0.285,0.904,10,constant,TRUE,512,2,simple,,,5,1000000,256,12000
20260102-232818,Windows 11,AMD Ryzen 7 5700X 8-Core Processor,8,34265653248,NVIDIA GeForce RTX 5080,16303,,ppo,Crawler,4096,0.000194,327680,0.004937,0.23,0.917,8,linear,TRUE,256,3,simple,,,5,1000000,512,12000
20260102-234520,Windows 11,AMD Ryzen 7 5700X 8-Core Processor,8,34265653248,NVIDIA GeForce RTX 5080,16303,,ppo,Crawler,512,0.000188,10240,0.004978,0.276,0.941,8,linear,TRUE,512,2,simple,,,5,500000,1024,12000
20260102-235346,Windows 11,AMD Ryzen 7 5700X 8-Core Processor,8,34265653248,NVIDIA GeForce RTX 5080,16303,,ppo,GridFoodCollector,2048,0.00018,40960,0.00713,0.194,0.901,10,linear,FALSE,512,1,simple,,,5,500000,128,12000
20260103-001651,Windows 11,AMD Ryzen 7 5700X 8-Core Processor,8,34265653248,NVIDIA GeForce RTX 5080,16303,,ppo,GridFoodCollector,4096,4.40E-05,81920,0.00525,0.185,0.934,4,linear,TRUE,64,1,simple,,,5,1000000,512,12000
20260103-005136,Windows 11,AMD Ryzen 7 5700X 8-Core Processor,8,34265653248,NVIDIA GeForce RTX 5080,16303,,ppo,GridFoodCollector,2048,5.30E-05,40960,0.005041,0.157,0.949,3,constant,TRUE,128,1,simple,,,5,1000000,256,12000
20260103-012419,Windows 11,AMD Ryzen 7 5700X 8-Core Processor,8,34265653248,NVIDIA GeForce RTX 5080,16303,,ppo,GridFoodCollector,2048,0.000213,163840,0.008038,0.148,0.907,3,linear,FALSE,64,3,simple,,,5,2000000,1024,12000
20260103-023019,Windows 11,AMD Ryzen 7 5700X 8-Core Processor,8,34265653248,NVIDIA GeForce RTX 5080,16303,,ppo,GridFoodCollector,1024,8.70E-05,81920,0.002596,0.263,0.92,8,constant,TRUE,32,2,simple,,,5,500000,2048,12000
20260103-025128,Windows 11,AMD Ryzen 7 5700X 8-Core Processor,8,34265653248,NVIDIA GeForce RTX 5080,16303,,ppo,GridFoodCollector,1024,1.30E-05,40960,0.000889,0.14,0.903,8,constant,FALSE,256,3,simple,,,5,1000000,512,12000
20260103-033349,Windows 11,AMD Ryzen 7 5700X 8-Core Processor,8,34265653248,NVIDIA GeForce RTX 5080,16303,,ppo,GridFoodCollector,512,6.00E-05,20480,0.003094,0.235,0.92,5,linear,FALSE,128,3,simple,,,5,250000,2048,12000
20260103-034319,Windows 11,AMD Ryzen 7 5700X 8-Core Processor,8,34265653248,NVIDIA GeForce RTX 5080,16303,,ppo,GridFoodCollector,1024,0.000207,20480,0.00421,0.287,0.948,5,constant,FALSE,256,1,simple,,,5,1000000,1024,12000
20260103-041956,Windows 11,AMD Ryzen 7 5700X 8-Core Processor,8,34265653248,NVIDIA GeForce RTX 5080,16303,,ppo,GridFoodCollector,1024,0.000295,81920,0.001487,0.157,0.915,4,linear,TRUE,512,1,simple,,,5,2000000,256,12000
20260103-053014,Windows 11,AMD Ryzen 7 5700X 8-Core Processor,8,34265653248,NVIDIA GeForce RTX 5080,16303,,ppo,GridFoodCollector,1024,0.000223,81920,0.000635,0.115,0.908,8,linear,FALSE,32,3,simple,,,5,1000000,2048,12000
20260103-061120,Windows 11,AMD Ryzen 7 5700X 8-Core Processor,8,34265653248,NVIDIA GeForce RTX 5080,16303,,ppo,GridFoodCollector,2048,0.000255,40960,0.006348,0.128,0.943,4,constant,TRUE,512,1,simple,,,5,2000000,1024,12000
20260103-072225,Windows 11,AMD Ryzen 7 5700X 8-Core Processor,8,34265653248,NVIDIA GeForce RTX 5080,16303,,ppo,GridFoodCollector,4096,0.000113,81920,0.004489,0.237,0.922,4,linear,TRUE,128,1,simple,,,5,100000,2048,12000
20260103-072638,Windows 11,AMD Ryzen 7 5700X 8-Core Processor,8,34265653248,NVIDIA GeForce RTX 5080,16303,,ppo,GridFoodCollector,2048,0.000288,163840,0.000965,0.112,0.922,10,constant,TRUE,32,3,simple,,,5,100000,2048,12000
20260103-073010,Windows 11,AMD Ryzen 7 5700X 8-Core Processor,8,34265653248,NVIDIA GeForce RTX 5080,16303,,ppo,GridFoodCollector,512,0.000121,20480,0.005332,0.137,0.941,5,linear,FALSE,32,3,simple,,,5,1000000,128,12000
20260103-080552,Windows 11,AMD Ryzen 7 5700X 8-Core Processor,8,34265653248,NVIDIA GeForce RTX 5080,16303,,ppo,GridFoodCollector,4096,0.000236,81920,0.007118,0.29,0.93,8,constant,TRUE,32,2,simple,,,5,100000,256,12000
20260103-081000,Windows 11,AMD Ryzen 7 5700X 8-Core Processor,8,34265653248,NVIDIA GeForce RTX 5080,16303,,ppo,GridFoodCollector,512,5.60E-05,20480,0.004944,0.234,0.93,4,constant,TRUE,128,1,simple,,,5,250000,2048,12000
20260103-081901,Windows 11,AMD Ryzen 7 5700X 8-Core Processor,8,34265653248,NVIDIA GeForce RTX 5080,16303,,ppo,GridFoodCollector,2048,0.000255,40960,0.001484,0.198,0.938,10,constant,TRUE,32,3,simple,,,5,1000000,1024,12000
20260103-090243,Windows 11,AMD Ryzen 7 5700X 8-Core Processor,8,34265653248,NVIDIA GeForce RTX 5080,16303,,ppo,GridFoodCollector,4096,0.000237,81920,0.00907,0.11,0.909,8,constant,FALSE,512,2,simple,,,5,500000,256,12000
20260103-092417,Windows 11,AMD Ryzen 7 5700X 8-Core Processor,8,34265653248,NVIDIA GeForce RTX 5080,16303,,ppo,GridFoodCollector,1024,0.000255,40960,0.00352,0.228,0.905,5,linear,FALSE,64,1,simple,,,5,250000,128,12000
20260103-093307,Windows 11,AMD Ryzen 7 5700X 8-Core Processor,8,34265653248,NVIDIA GeForce RTX 5080,16303,,ppo,GridFoodCollector,2048,0.000128,163840,0.002091,0.115,0.94,5,linear,FALSE,512,3,simple,,,5,1000000,2048,12000
20260103-101241,Windows 11,AMD Ryzen 7 5700X 8-Core Processor,8,34265653248,NVIDIA GeForce RTX 5080,16303,,ppo,GridWorld,4096,2.70E-05,327680,0.003268,0.24,0.905,4,linear,TRUE,128,1,simple,,,5,500000,2048,12000
20260103-233804,Windows 11,AMD Ryzen 7 5700X 8-Core Processor,8,34265653248,NVIDIA GeForce RTX 5080,16303,,ppo,3DBall,512,0.000214,10240,0.006622,0.209,0.934,4,linear,TRUE,128,2,simple,,,5,1000000,64,12000
20260103-234713,Windows 11,AMD Ryzen 7 5700X 8-Core Processor,8,34265653248,NVIDIA GeForce RTX 5080,16303,,ppo,3DBall,1024,7.10E-05,81920,0.00135,0.24,0.917,4,constant,TRUE,256,3,simple,,,5,2000000,128,12000
20260104-000507,Windows 11,AMD Ryzen 7 5700X 8-Core Processor,8,34265653248,NVIDIA GeForce RTX 5080,16303,,ppo,3DBall,4096,0.000269,163840,0.001831,0.22,0.944,3,constant,FALSE,512,3,simple,,,5,500000,2048,12000
20260104-001008,Windows 11,AMD Ryzen 7 5700X 8-Core Processor,8,34265653248,NVIDIA GeForce RTX 5080,16303,,ppo,3DBall,2048,0.000222,163840,0.007838,0.175,0.936,3,constant,TRUE,512,1,simple,,,5,1000000,64,12000
20260104-001816,Windows 11,AMD Ryzen 7 5700X 8-Core Processor,8,34265653248,NVIDIA GeForce RTX 5080,16303,,ppo,3DBall,2048,0.000257,81920,0.003998,0.223,0.93,8,linear,TRUE,128,2,simple,,,5,500000,64,12000
20260104-002347,Windows 11,AMD Ryzen 7 5700X 8-Core Processor,8,34265653248,NVIDIA GeForce RTX 5080,16303,,ppo,3DBall,512,0.000228,20480,0.005732,0.191,0.921,3,constant,TRUE,64,2,simple,,,5,250000,128,12000
20260104-002549,Windows 11,AMD Ryzen 7 5700X 8-Core Processor,8,34265653248,NVIDIA GeForce RTX 5080,16303,,ppo,3DBall,1024,0.000114,81920,0.000134,0.155,0.916,10,constant,TRUE,64,3,simple,,,5,1000000,512,12000
20260104-003745,Windows 11,AMD Ryzen 7 5700X 8-Core Processor,8,34265653248,NVIDIA GeForce RTX 5080,16303,,ppo,3DBall,512,0.000163,40960,0.007087,0.288,0.919,10,linear,FALSE,512,1,simple,,,5,250000,256,12000
20260104-004101,Windows 11,AMD Ryzen 7 5700X 8-Core Processor,8,34265653248,NVIDIA GeForce RTX 5080,16303,,ppo,3DBall,2048,0.000216,81920,0.009192,0.108,0.909,10,constant,FALSE,512,1,simple,,,5,1000000,64,12000
20260104-005307,Windows 11,AMD Ryzen 7 5700X 8-Core Processor,8,34265653248,NVIDIA GeForce RTX 5080,16303,,ppo,3DBall,512,3.90E-05,40960,0.001517,0.252,0.91,8,constant,TRUE,128,2,simple,,,5,500000,128,12000
20260104-005840,Windows 11,AMD Ryzen 7 5700X 8-Core Processor,8,34265653248,NVIDIA GeForce RTX 5080,16303,,ppo,3DBall,512,0.000184,20480,0.006523,0.166,0.924,4,constant,TRUE,32,2,simple,,,5,1000000,1024,12000
20260104-010631,Windows 11,AMD Ryzen 7 5700X 8-Core Processor,8,34265653248,NVIDIA GeForce RTX 5080,16303,,ppo,3DBall,2048,8.60E-05,40960,0.003848,0.169,0.909,4,constant,FALSE,512,2,simple,,,5,2000000,128,12000
20260104-012405,Windows 11,AMD Ryzen 7 5700X 8-Core Processor,8,34265653248,NVIDIA GeForce RTX 5080,16303,,ppo,3DBall,2048,5.50E-05,163840,0.00984,0.185,0.945,3,constant,TRUE,64,3,simple,,,5,1000000,512,12000
20260104-013217,Windows 11,AMD Ryzen 7 5700X 8-Core Processor,8,34265653248,NVIDIA GeForce RTX 5080,16303,,ppo,3DBall,2048,0.000192,163840,0.008425,0.289,0.905,10,constant,FALSE,32,3,simple,,,5,100000,512,12000
20260104-013301,Windows 11,AMD Ryzen 7 5700X 8-Core Processor,8,34265653248,NVIDIA GeForce RTX 5080,16303,,ppo,3DBall,2048,0.000213,163840,0.002123,0.187,0.914,3,constant,FALSE,64,3,simple,,,5,500000,256,12000
20260104-013707,Windows 11,AMD Ryzen 7 5700X 8-Core Processor,8,34265653248,NVIDIA GeForce RTX 5080,16303,,ppo,3DBall,1024,4.50E-05,20480,0.002693,0.129,0.944,4,constant,FALSE,128,1,simple,,,5,100000,64,12000
20260104-013803,Windows 11,AMD Ryzen 7 5700X 8-Core Processor,8,34265653248,NVIDIA GeForce RTX 5080,16303,,ppo,3DBall,2048,6.10E-05,40960,0.008309,0.173,0.929,5,linear,FALSE,32,1,simple,,,5,1000000,512,12000
20260104-014656,Windows 11,AMD Ryzen 7 5700X 8-Core Processor,8,34265653248,NVIDIA GeForce RTX 5080,16303,,ppo,3DBall,512,0.000268,20480,0.004859,0.139,0.914,5,constant,TRUE,64,1,simple,,,5,500000,1024,12000
20260104-015119,Windows 11,AMD Ryzen 7 5700X 8-Core Processor,8,34265653248,NVIDIA GeForce RTX 5080,16303,,ppo,3DBall,4096,9.60E-05,163840,0.000815,0.235,0.945,4,constant,FALSE,128,2,simple,,,5,250000,256,12000
20260104-015323,Windows 11,AMD Ryzen 7 5700X 8-Core Processor,8,34265653248,NVIDIA GeForce RTX 5080,16303,,ppo,3DBall,1024,3.80E-05,40960,0.003406,0.276,0.946,5,linear,TRUE,32,2,simple,,,5,100000,512,12000
20260104-015423,Windows 11,AMD Ryzen 7 5700X 8-Core Processor,8,34265653248,NVIDIA GeForce RTX 5080,16303,,ppo,3DBall,1024,0.000199,81920,0.009221,0.296,0.947,10,constant,FALSE,64,3,simple,,,5,2000000,512,12000
20260104-021719,Windows 11,AMD Ryzen 7 5700X 8-Core Processor,8,34265653248,NVIDIA GeForce RTX 5080,16303,,ppo,3DBall,1024,4.20E-05,40960,0.006502,0.209,0.918,10,constant,TRUE,64,3,simple,,,5,1000000,2048,12000
20260104-022906,Windows 11,AMD Ryzen 7 5700X 8-Core Processor,8,34265653248,NVIDIA GeForce RTX 5080,16303,,ppo,3DBall,2048,0.000225,40960,0.00856,0.232,0.944,8,linear,TRUE,32,3,simple,,,5,100000,1024,12000
20260104-023016,Windows 11,AMD Ryzen 7 5700X 8-Core Processor,8,34265653248,NVIDIA GeForce RTX 5080,16303,,ppo,3DBall,2048,0.000115,163840,0.004265,0.15,0.922,10,linear,FALSE,256,3,simple,,,5,1000000,256,12000
20260104-024350,Windows 11,AMD Ryzen 7 5700X 8-Core Processor,8,34265653248,NVIDIA GeForce RTX 5080,16303,,ppo,3DBall,4096,7.00E-05,163840,0.002104,0.147,0.933,8,linear,FALSE,128,1,simple,,,5,2000000,256,12000
20260104-030510,Windows 11,AMD Ryzen 7 5700X 8-Core Processor,8,34265653248,NVIDIA GeForce RTX 5080,16303,,ppo,3DBall,4096,0.000283,327680,0.009261,0.28,0.928,3,linear,TRUE,32,3,simple,,,5,100000,256,12000
20260104-030559,Windows 11,AMD Ryzen 7 5700X 8-Core Processor,8,34265653248,NVIDIA GeForce RTX 5080,16303,,ppo,3DBall,512,5.40E-05,10240,0.001247,0.267,0.927,8,linear,TRUE,32,2,simple,,,5,2000000,64,12000
20260104-032652,Windows 11,AMD Ryzen 7 5700X 8-Core Processor,8,34265653248,NVIDIA GeForce RTX 5080,16303,,ppo,3DBall,2048,0.00015,163840,0.006494,0.3,0.909,5,linear,FALSE,128,1,simple,,,5,100000,64,12000
20260104-032736,Windows 11,AMD Ryzen 7 5700X 8-Core Processor,8,34265653248,NVIDIA GeForce RTX 5080,16303,,ppo,3DBall,512,7.00E-05,40960,0.005722,0.271,0.921,4,constant,FALSE,256,2,simple,,,5,100000,64,12000
20260104-032835,Windows 11,AMD Ryzen 7 5700X 8-Core Processor,8,34265653248,NVIDIA GeForce RTX 5080,16303,,ppo,3DBall,1024,0.000262,20480,0.008522,0.216,0.927,3,constant,TRUE,32,2,simple,,,5,500000,256,12000
20260104-033218,Windows 11,AMD Ryzen 7 5700X 8-Core Processor,8,34265653248,NVIDIA GeForce RTX 5080,16303,,ppo,3DBall,4096,0.000258,163840,0.002425,0.188,0.947,8,linear,FALSE,32,1,simple,,,5,100000,1024,12000
20260104-033302,Windows 11,AMD Ryzen 7 5700X 8-Core Processor,8,34265653248,NVIDIA GeForce RTX 5080,16303,,ppo,3DBall,512,0.000281,40960,0.003561,0.24,0.948,10,linear,FALSE,64,3,simple,,,5,500000,256,12000
20260104-033922,Windows 11,AMD Ryzen 7 5700X 8-Core Processor,8,34265653248,NVIDIA GeForce RTX 5080,16303,,ppo,3DBall,512,0.000134,10240,0.000988,0.127,0.909,8,constant,TRUE,128,1,simple,,,5,100000,2048,12000
20260104-034034,Windows 11,AMD Ryzen 7 5700X 8-Core Processor,8,34265653248,NVIDIA GeForce RTX 5080,16303,,ppo,3DBall,2048,8.90E-05,40960,0.002598,0.279,0.926,3,constant,TRUE,128,3,simple,,,5,100000,128,12000
20260104-034129,Windows 11,AMD Ryzen 7 5700X 8-Core Processor,8,34265653248,NVIDIA GeForce RTX 5080,16303,,ppo,3DBall,4096,2.70E-05,163840,0.004437,0.169,0.916,3,constant,TRUE,32,1,simple,,,5,1000000,64,12000
20260104-034933,Windows 11,AMD Ryzen 7 5700X 8-Core Processor,8,34265653248,NVIDIA GeForce RTX 5080,16303,,ppo,3DBallHard,1024,0.000203,81920,0.009656,0.208,0.921,8,linear,TRUE,256,3,simple,,,5,250000,512,12000
20260104-035314,Windows 11,AMD Ryzen 7 5700X 8-Core Processor,8,34265653248,NVIDIA GeForce RTX 5080,16303,,ppo,3DBallHard,512,0.000105,10240,0.001079,0.24,0.937,8,linear,FALSE,128,3,simple,,,5,100000,64,12000
20260104-035438,Windows 11,AMD Ryzen 7 5700X 8-Core Processor,8,34265653248,NVIDIA GeForce RTX 5080,16303,,ppo,3DBallHard,2048,9.50E-05,81920,0.009288,0.135,0.92,4,linear,FALSE,64,3,simple,,,5,1000000,256,12000
20260104-040405,Windows 11,AMD Ryzen 7 5700X 8-Core Processor,8,34265653248,NVIDIA GeForce RTX 5080,16303,,ppo,3DBallHard,512,0.000261,40960,0.005902,0.154,0.928,10,linear,TRUE,64,2,simple,,,5,100000,512,12000
20260104-040532,Windows 11,AMD Ryzen 7 5700X 8-Core Processor,8,34265653248,NVIDIA GeForce RTX 5080,16303,,ppo,3DBallHard,512,0.0002,40960,0.007434,0.185,0.936,5,linear,FALSE,128,2,simple,,,5,250000,64,12000
20260104-040815,Windows 11,AMD Ryzen 7 5700X 8-Core Processor,8,34265653248,NVIDIA GeForce RTX 5080,16303,,ppo,3DBallHard,4096,0.000249,81920,0.00076,0.266,0.925,10,constant,TRUE,512,3,simple,,,5,250000,2048,12000
20260104-041313,Windows 11,AMD Ryzen 7 5700X 8-Core Processor,8,34265653248,NVIDIA GeForce RTX 5080,16303,,ppo,3DBallHard,2048,0.000279,163840,0.007984,0.112,0.919,10,constant,FALSE,128,2,simple,,,5,250000,512,12000
20260104-041611,Windows 11,AMD Ryzen 7 5700X 8-Core Processor,8,34265653248,NVIDIA GeForce RTX 5080,16303,,ppo,3DBallHard,1024,0.0001,40960,0.005163,0.262,0.913,8,linear,TRUE,256,1,simple,,,5,100000,256,12000
20260104-041729,Windows 11,AMD Ryzen 7 5700X 8-Core Processor,8,34265653248,NVIDIA GeForce RTX 5080,16303,,ppo,3DBallHard,4096,0.000241,81920,0.007843,0.268,0.943,10,linear,FALSE,32,3,simple,,,5,250000,2048,12000
20260104-042057,Windows 11,AMD Ryzen 7 5700X 8-Core Processor,8,34265653248,NVIDIA GeForce RTX 5080,16303,,ppo,3DBallHard,1024,0.00024,40960,0.004311,0.187,0.946,10,linear,TRUE,512,2,simple,,,5,1000000,1024,12000
20260104-043640,Windows 11,AMD Ryzen 7 5700X 8-Core Processor,8,34265653248,NVIDIA GeForce RTX 5080,16303,,ppo,3DBallHard,1024,0.000258,20480,0.004156,0.236,0.907,3,constant,FALSE,64,3,simple,,,5,1000000,64,12000
20260104-044447,Windows 11,AMD Ryzen 7 5700X 8-Core Processor,8,34265653248,NVIDIA GeForce RTX 5080,16303,,ppo,3DBallHard,2048,0.000118,163840,0.009099,0.171,0.937,3,constant,FALSE,64,1,simple,,,5,500000,2048,12000
20260104-044913,Windows 11,AMD Ryzen 7 5700X 8-Core Processor,8,34265653248,NVIDIA GeForce RTX 5080,16303,,ppo,3DBallHard,4096,0.000105,327680,0.009194,0.121,0.938,4,constant,TRUE,512,2,simple,,,5,100000,128,12000
20260104-045005,Windows 11,AMD Ryzen 7 5700X 8-Core Processor,8,34265653248,NVIDIA GeForce RTX 5080,16303,,ppo,3DBallHard,4096,0.00024,327680,0.008044,0.245,0.927,10,constant,TRUE,32,1,simple,,,5,250000,64,12000
20260104-045158,Windows 11,AMD Ryzen 7 5700X 8-Core Processor,8,34265653248,NVIDIA GeForce RTX 5080,16303,,ppo,3DBallHard,4096,7.60E-05,327680,0.004544,0.156,0.92,10,constant,TRUE,256,3,simple,,,5,500000,128,12000
20260104-045833,Windows 11,AMD Ryzen 7 5700X 8-Core Processor,8,34265653248,NVIDIA GeForce RTX 5080,16303,,ppo,3DBallHard,2048,2.80E-05,40960,0.001411,0.24,0.93,4,linear,FALSE,256,3,simple,,,5,1000000,2048,12000
20260104-050837,Windows 11,AMD Ryzen 7 5700X 8-Core Processor,8,34265653248,NVIDIA GeForce RTX 5080,16303,,ppo,3DBallHard,4096,3.10E-05,327680,0.00246,0.26,0.934,10,linear,TRUE,128,2,simple,,,5,500000,128,12000
20260104-051442,Windows 11,AMD Ryzen 7 5700X 8-Core Processor,8,34265653248,NVIDIA GeForce RTX 5080,16303,,ppo,3DBallHard,512,1.50E-05,20480,0.005578,0.16,0.933,3,constant,FALSE,512,1,simple,,,5,250000,512,12000
20260104-051701,Windows 11,AMD Ryzen 7 5700X 8-Core Processor,8,34265653248,NVIDIA GeForce RTX 5080,16303,,ppo,3DBallHard,2048,9.00E-05,163840,0.002222,0.229,0.932,3,constant,FALSE,64,3,simple,,,5,500000,64,12000
20260104-052131,Windows 11,AMD Ryzen 7 5700X 8-Core Processor,8,34265653248,NVIDIA GeForce RTX 5080,16303,,ppo,3DBallHard,4096,0.000214,81920,0.008962,0.23,0.937,10,linear,FALSE,128,3,simple,,,5,1000000,256,12000
20260104-053506,Windows 11,AMD Ryzen 7 5700X 8-Core Processor,8,34265653248,NVIDIA GeForce RTX 5080,16303,,ppo,3DBallHard,1024,0.000175,81920,0.006728,0.255,0.943,10,linear,FALSE,32,3,simple,,,5,1000000,64,12000
20260104-054819,Windows 11,AMD Ryzen 7 5700X 8-Core Processor,8,34265653248,NVIDIA GeForce RTX 5080,16303,,ppo,3DBallHard,2048,0.000106,81920,0.007557,0.18,0.908,8,constant,TRUE,64,1,simple,,,5,2000000,256,12000
20260104-061119,Windows 11,AMD Ryzen 7 5700X 8-Core Processor,8,34265653248,NVIDIA GeForce RTX 5080,16303,,ppo,3DBallHard,4096,0.000198,81920,0.00074,0.244,0.907,5,linear,FALSE,64,3,simple,,,5,1000000,64,12000
20260104-062123,Windows 11,AMD Ryzen 7 5700X 8-Core Processor,8,34265653248,NVIDIA GeForce RTX 5080,16303,,ppo,3DBallHard,2048,0.000194,81920,0.0054,0.218,0.929,8,linear,TRUE,64,2,simple,,,5,250000,128,12000
20260104-062438,Windows 11,AMD Ryzen 7 5700X 8-Core Processor,8,34265653248,NVIDIA GeForce RTX 5080,16303,,ppo,3DBallHard,512,0.000274,40960,0.005004,0.126,0.903,3,constant,TRUE,512,3,simple,,,5,500000,512,12000
20260104-062954,Windows 11,AMD Ryzen 7 5700X 8-Core Processor,8,34265653248,NVIDIA GeForce RTX 5080,16303,,ppo,3DBallHard,1024,0.000205,81920,0.00494,0.262,0.906,10,constant,TRUE,256,2,simple,,,5,2000000,256,12000
20260104-065737,Windows 11,AMD Ryzen 7 5700X 8-Core Processor,8,34265653248,NVIDIA GeForce RTX 5080,16303,,ppo,3DBallHard,1024,0.000213,20480,0.007895,0.294,0.93,3,linear,FALSE,128,2,simple,,,5,250000,256,12000
20260104-065958,Windows 11,AMD Ryzen 7 5700X 8-Core Processor,8,34265653248,NVIDIA GeForce RTX 5080,16303,,ppo,3DBallHard,1024,0.000258,40960,0.005213,0.138,0.942,8,linear,TRUE,256,1,simple,,,5,2000000,64,12000
20260104-072315,Windows 11,AMD Ryzen 7 5700X 8-Core Processor,8,34265653248,NVIDIA GeForce RTX 5080,16303,,ppo,3DBallHard,4096,9.30E-05,163840,0.007928,0.269,0.909,3,linear,FALSE,32,2,simple,,,5,250000,512,12000
20260104-072522,Windows 11,AMD Ryzen 7 5700X 8-Core Processor,8,34265653248,NVIDIA GeForce RTX 5080,16303,,ppo,3DBallHard,1024,0.00027,20480,0.000154,0.262,0.948,3,constant,FALSE,512,1,simple,,,5,1000000,64,12000
20260104-073333,Windows 11,AMD Ryzen 7 5700X 8-Core Processor,8,34265653248,NVIDIA GeForce RTX 5080,16303,,ppo,3DBallHard,4096,6.40E-05,327680,0.002783,0.182,0.947,4,constant,FALSE,256,3,simple,,,5,100000,128,12000
20260104-073421,Windows 11,AMD Ryzen 7 5700X 8-Core Processor,8,34265653248,NVIDIA GeForce RTX 5080,16303,,ppo,3DBallHard,4096,0.000153,163840,0.000888,0.141,0.932,5,linear,TRUE,64,2,simple,,,5,500000,256,12000
20260104-073942,Windows 11,AMD Ryzen 7 5700X 8-Core Processor,8,34265653248,NVIDIA GeForce RTX 5080,16303,,ppo,3DBallHard,1024,0.000225,20480,0.002753,0.3,0.945,8,linear,TRUE,64,1,simple,,,5,100000,2048,12000
20260104-074058,Windows 11,AMD Ryzen 7 5700X 8-Core Processor,8,34265653248,NVIDIA GeForce RTX 5080,16303,,ppo,3DBallHard,2048,1.10E-05,40960,0.004091,0.242,0.912,8,constant,FALSE,256,2,simple,,,5,1000000,256,12000
20260104-075342,Windows 11,AMD Ryzen 7 5700X 8-Core Processor,8,34265653248,NVIDIA GeForce RTX 5080,16303,,ppo,3DBallHard,2048,0.000147,163840,0.001704,0.27,0.931,5,constant,FALSE,128,2,simple,,,5,1000000,64,12000
20260104-080348,Windows 11,AMD Ryzen 7 5700X 8-Core Processor,8,34265653248,NVIDIA GeForce RTX 5080,16303,,ppo,Crawler,512,0.000269,20480,0.003968,0.221,0.941,10,linear,FALSE,512,2,simple,,,5,1000000,256,12000
20260104-082237,Windows 11,AMD Ryzen 7 5700X 8-Core Processor,8,34265653248,NVIDIA GeForce RTX 5080,16303,,ppo,Crawler,1024,5.50E-05,20480,0.009793,0.167,0.941,4,linear,TRUE,128,1,simple,,,5,100000,128,12000
20260104-082400,Windows 11,AMD Ryzen 7 5700X 8-Core Processor,8,34265653248,NVIDIA GeForce RTX 5080,16303,,ppo,Crawler,2048,5.40E-05,81920,0.00758,0.226,0.918,4,constant,TRUE,32,2,simple,,,5,1000000,512,12000
20260104-083543,Windows 11,AMD Ryzen 7 5700X 8-Core Processor,8,34265653248,NVIDIA GeForce RTX 5080,16303,,ppo,Crawler,512,0.000251,10240,0.005609,0.293,0.925,5,linear,TRUE,512,1,simple,,,5,2000000,128,12000
20260104-090105,Windows 11,AMD Ryzen 7 5700X 8-Core Processor,8,34265653248,NVIDIA GeForce RTX 5080,16303,,ppo,Crawler,1024,2.80E-05,20480,0.001683,0.178,0.902,4,constant,FALSE,128,2,simple,,,5,2000000,2048,12000
20260104-092339,Windows 11,AMD Ryzen 7 5700X 8-Core Processor,8,34265653248,NVIDIA GeForce RTX 5080,16303,,ppo,Crawler,4096,0.000251,81920,0.005992,0.101,0.902,8,constant,TRUE,128,1,simple,,,5,250000,2048,12000
20260104-092743,Windows 11,AMD Ryzen 7 5700X 8-Core Processor,8,34265653248,NVIDIA GeForce RTX 5080,16303,,ppo,Crawler,2048,8.10E-05,40960,0.003715,0.162,0.945,8,linear,FALSE,512,1,simple,,,5,500000,128,12000
20260104-093504,Windows 11,AMD Ryzen 7 5700X 8-Core Processor,8,34265653248,NVIDIA GeForce RTX 5080,16303,,ppo,Crawler,1024,0.000131,81920,0.005463,0.247,0.9,4,linear,TRUE,32,3,simple,,,5,2000000,1024,12000
20260104-095800,Windows 11,AMD Ryzen 7 5700X 8-Core Processor,8,34265653248,NVIDIA GeForce RTX 5080,16303,,ppo,Crawler,512,0.000137,40960,0.005032,0.134,0.949,5,linear,FALSE,512,3,simple,,,5,1000000,1024,12000
20260104-101325,Windows 11,AMD Ryzen 7 5700X 8-Core Processor,8,34265653248,NVIDIA GeForce RTX 5080,16303,,ppo,Crawler,512,0.000211,20480,0.004837,0.157,0.908,8,linear,TRUE,128,3,simple,,,5,250000,512,12000
20260104-101723,Windows 11,AMD Ryzen 7 5700X 8-Core Processor,8,34265653248,NVIDIA GeForce RTX 5080,16303,,ppo,Crawler,512,0.000158,20480,0.001457,0.26,0.934,3,linear,FALSE,256,3,simple,,,5,500000,1024,12000
20260104-102307,Windows 11,AMD Ryzen 7 5700X 8-Core Processor,8,34265653248,NVIDIA GeForce RTX 5080,16303,,ppo,Crawler,1024,0.000107,81920,0.001545,0.205,0.941,5,linear,TRUE,256,2,simple,,,5,2000000,128,12000
20260104-104853,Windows 11,AMD Ryzen 7 5700X 8-Core Processor,8,34265653248,NVIDIA GeForce RTX 5080,16303,,ppo,Crawler,4096,0.000248,327680,0.008643,0.158,0.924,4,linear,FALSE,128,3,simple,,,5,1000000,2048,12000
20260104-110131,Windows 11,AMD Ryzen 7 5700X 8-Core Processor,8,34265653248,NVIDIA GeForce RTX 5080,16303,,ppo,Crawler,2048,0.000237,163840,0.005482,0.237,0.941,3,linear,TRUE,512,2,simple,,,5,250000,256,12000
20260104-110500,Windows 11,AMD Ryzen 7 5700X 8-Core Processor,8,34265653248,NVIDIA GeForce RTX 5080,16303,,ppo,Crawler,512,0.000129,10240,0.004237,0.239,0.939,3,linear,TRUE,128,1,simple,,,5,1000000,256,12000
20260104-111547,Windows 11,AMD Ryzen 7 5700X 8-Core Processor,8,34265653248,NVIDIA GeForce RTX 5080,16303,,ppo,Crawler,512,0.000256,20480,0.008384,0.129,0.924,5,constant,TRUE,64,1,simple,,,5,2000000,64,12000
20260104-114041,Windows 11,AMD Ryzen 7 5700X 8-Core Processor,8,34265653248,NVIDIA GeForce RTX 5080,16303,,ppo,Crawler,512,9.40E-05,40960,0.0022,0.291,0.912,5,constant,FALSE,64,2,simple,,,5,1000000,1024,12000
20260104-115309,Windows 11,AMD Ryzen 7 5700X 8-Core Processor,8,34265653248,NVIDIA GeForce RTX 5080,16303,,ppo,Crawler,4096,0.000243,327680,0.001673,0.104,0.917,10,linear,TRUE,32,3,simple,,,5,1000000,1024,12000
20260104-121355,Windows 11,AMD Ryzen 7 5700X 8-Core Processor,8,34265653248,NVIDIA GeForce RTX 5080,16303,,ppo,Crawler,2048,6.90E-05,163840,0.004146,0.28,0.905,5,constant,TRUE,32,2,simple,,,5,500000,2048,12000
20260104-122138,Windows 11,AMD Ryzen 7 5700X 8-Core Processor,8,34265653248,NVIDIA GeForce RTX 5080,16303,,ppo,Crawler,1024,0.00028,81920,0.004385,0.239,0.946,10,linear,FALSE,256,1,simple,,,5,100000,256,12000
20260104-122341,Windows 11,AMD Ryzen 7 5700X 8-Core Processor,8,34265653248,NVIDIA GeForce RTX 5080,16303,,ppo,Crawler,2048,6.80E-05,163840,0.008277,0.2,0.912,10,constant,TRUE,128,1,simple,,,5,100000,1024,12000
20260104-122459,Windows 11,AMD Ryzen 7 5700X 8-Core Processor,8,34265653248,NVIDIA GeForce RTX 5080,16303,,ppo,Crawler,2048,0.000147,163840,0.000576,0.153,0.904,4,linear,FALSE,256,3,simple,,,5,1000000,128,12000
20260104-123842,Windows 11,AMD Ryzen 7 5700X 8-Core Processor,8,34265653248,NVIDIA GeForce RTX 5080,16303,,ppo,Crawler,512,3.50E-05,10240,0.006953,0.211,0.93,8,linear,FALSE,512,2,simple,,,5,500000,64,12000
20260104-124727,Windows 11,AMD Ryzen 7 5700X 8-Core Processor,8,34265653248,NVIDIA GeForce RTX 5080,16303,,ppo,Crawler,4096,0.000125,327680,0.007608,0.121,0.936,10,constant,TRUE,64,2,simple,,,5,500000,256,12000
20260104-125521,Windows 11,AMD Ryzen 7 5700X 8-Core Processor,8,34265653248,NVIDIA GeForce RTX 5080,16303,,ppo,Crawler,512,0.000108,20480,0.009485,0.267,0.934,8,linear,TRUE,32,1,simple,,,5,100000,128,12000
20260104-125657,Windows 11,AMD Ryzen 7 5700X 8-Core Processor,8,34265653248,NVIDIA GeForce RTX 5080,16303,,ppo,Crawler,512,0.000232,10240,0.002083,0.133,0.935,4,constant,TRUE,256,3,simple,,,5,250000,1024,12000
20260104-130015,Windows 11,AMD Ryzen 7 5700X 8-Core Processor,8,34265653248,NVIDIA GeForce RTX 5080,16303,,ppo,Crawler,4096,9.60E-05,81920,0.00853,0.173,0.905,5,linear,FALSE,256,2,simple,,,5,100000,256,12000
20260104-130146,Windows 11,AMD Ryzen 7 5700X 8-Core Processor,8,34265653248,NVIDIA GeForce RTX 5080,16303,,ppo,Crawler,512,0.000234,20480,0.008257,0.273,0.925,10,linear,TRUE,32,3,simple,,,5,1000000,128,12000
20260104-131829,Windows 11,AMD Ryzen 7 5700X 8-Core Processor,8,34265653248,NVIDIA GeForce RTX 5080,16303,,ppo,Crawler,2048,0.000203,40960,0.003104,0.154,0.936,8,constant,FALSE,256,1,simple,,,5,100000,256,12000
20260106-002653,Windows 11,AMD Ryzen 7 5700X 8-Core Processor,8,34265653248,NVIDIA GeForce RTX 5080,16303,,ppo,3DBall,4096,0.000212,81920,0.002985,0.255,0.939,5,constant,FALSE,128,3,simple,,,5,2000000,2048,12000
20260106-004532,Windows 11,AMD Ryzen 7 5700X 8-Core Processor,8,34265653248,NVIDIA GeForce RTX 5080,16303,,ppo,3DBall,2048,0.00017,81920,0.001893,0.277,0.946,4,constant,FALSE,128,1,simple,,,5,100000,2048,12000
20260106-004640,Windows 11,AMD Ryzen 7 5700X 8-Core Processor,8,34265653248,NVIDIA GeForce RTX 5080,16303,,ppo,3DBall,512,0.00019,10240,0.006317,0.278,0.915,5,constant,FALSE,128,2,simple,,,5,500000,128,12000
20260106-005131,Windows 11,AMD Ryzen 7 5700X 8-Core Processor,8,34265653248,NVIDIA GeForce RTX 5080,16303,,ppo,3DBall,2048,8.00E-05,81920,0.002936,0.157,0.927,3,constant,FALSE,128,1,simple,,,5,1000000,1024,12000
20260106-010002,Windows 11,AMD Ryzen 7 5700X 8-Core Processor,8,34265653248,NVIDIA GeForce RTX 5080,16303,,ppo,3DBall,512,0.000218,40960,0.004049,0.209,0.943,4,constant,TRUE,64,2,simple,,,5,1000000,64,12000
20260106-010852,Windows 11,AMD Ryzen 7 5700X 8-Core Processor,8,34265653248,NVIDIA GeForce RTX 5080,16303,,ppo,3DBallHard,4096,0.000293,327680,0.00536,0.124,0.927,3,constant,TRUE,512,3,simple,,,5,500000,2048,12000
20260106-011433,Windows 11,AMD Ryzen 7 5700X 8-Core Processor,8,34265653248,NVIDIA GeForce RTX 5080,16303,,ppo,3DBallHard,4096,0.000283,81920,0.00432,0.139,0.939,8,linear,TRUE,256,3,simple,,,5,100000,1024,12000
20260106-011606,Windows 11,AMD Ryzen 7 5700X 8-Core Processor,8,34265653248,NVIDIA GeForce RTX 5080,16303,,ppo,3DBallHard,2048,4.80E-05,81920,0.006724,0.293,0.91,8,linear,TRUE,64,3,simple,,,5,250000,1024,12000
20260106-011948,Windows 11,AMD Ryzen 7 5700X 8-Core Processor,8,34265653248,NVIDIA GeForce RTX 5080,16303,,ppo,3DBallHard,4096,0.000271,81920,0.000446,0.257,0.919,5,linear,FALSE,512,1,simple,,,5,250000,128,12000
20260106-012245,Windows 11,AMD Ryzen 7 5700X 8-Core Processor,8,34265653248,NVIDIA GeForce RTX 5080,16303,,ppo,3DBallHard,1024,0.000252,81920,0.005835,0.178,0.922,10,constant,FALSE,64,3,simple,,,5,1000000,512,12000
20260106-013743,Windows 11,AMD Ryzen 7 5700X 8-Core Processor,8,34265653248,NVIDIA GeForce RTX 5080,16303,,ppo,Crawler,2048,3.00E-05,163840,0.004598,0.257,0.921,3,linear,TRUE,128,1,simple,,,5,100000,1024,12000
20260106-013906,Windows 11,AMD Ryzen 7 5700X 8-Core Processor,8,34265653248,NVIDIA GeForce RTX 5080,16303,,ppo,Crawler,1024,1.90E-05,40960,0.008233,0.173,0.939,10,constant,FALSE,128,1,simple,,,5,100000,128,12000
20260106-014054,Windows 11,AMD Ryzen 7 5700X 8-Core Processor,8,34265653248,NVIDIA GeForce RTX 5080,16303,,ppo,Crawler,4096,0.000255,81920,0.009676,0.108,0.93,8,linear,FALSE,32,1,simple,,,5,100000,128,12000
20260106-014239,Windows 11,AMD Ryzen 7 5700X 8-Core Processor,8,34265653248,NVIDIA GeForce RTX 5080,16303,,ppo,Crawler,1024,9.10E-05,40960,0.004078,0.299,0.92,10,linear,TRUE,128,1,simple,,,5,1000000,64,12000
20260106-020034,Windows 11,AMD Ryzen 7 5700X 8-Core Processor,8,34265653248,NVIDIA GeForce RTX 5080,16303,,ppo,Crawler,1024,7.60E-05,81920,0.00647,0.277,0.944,8,constant,FALSE,32,1,simple,,,5,100000,2048,12000
20260106-020216,Windows 11,AMD Ryzen 7 5700X 8-Core Processor,8,34265653248,NVIDIA GeForce RTX 5080,16303,,ppo,GridFoodCollector,4096,0.000205,81920,0.007954,0.179,0.932,5,constant,TRUE,512,2,simple,,,5,500000,1024,12000
20260106-022612,Windows 11,AMD Ryzen 7 5700X 8-Core Processor,8,34265653248,NVIDIA GeForce RTX 5080,16303,,ppo,GridFoodCollector,512,0.00011,20480,0.002957,0.24,0.946,3,linear,FALSE,256,3,simple,,,5,250000,512,12000
20260106-023625,Windows 11,AMD Ryzen 7 5700X 8-Core Processor,8,34265653248,NVIDIA GeForce RTX 5080,16303,,ppo,GridFoodCollector,4096,0.000162,163840,0.005358,0.262,0.937,3,linear,TRUE,128,2,simple,,,5,250000,2048,12000
20260106-024614,Windows 11,AMD Ryzen 7 5700X 8-Core Processor,8,34265653248,NVIDIA GeForce RTX 5080,16303,,ppo,GridFoodCollector,4096,0.000299,81920,0.003164,0.168,0.926,3,constant,TRUE,512,2,simple,,,5,500000,256,12000
20260106-030621,Windows 11,AMD Ryzen 7 5700X 8-Core Processor,8,34265653248,NVIDIA GeForce RTX 5080,16303,,ppo,GridFoodCollector,4096,0.000258,327680,0.003399,0.225,0.912,3,constant,TRUE,512,2,simple,,,5,100000,64,12000
20260106-030953,Windows 11,AMD Ryzen 7 5700X 8-Core Processor,8,34265653248,NVIDIA GeForce RTX 5080,16303,,ppo,Hallway,512,0.000292,10240,0.004288,0.257,0.931,10,linear,FALSE,64,2,simple,,,5,2000000,512,12000
20260106-034310,Windows 11,AMD Ryzen 7 5700X 8-Core Processor,8,34265653248,NVIDIA GeForce RTX 5080,16303,,ppo,Hallway,512,0.000144,20480,0.003214,0.132,0.932,5,linear,FALSE,256,2,simple,,,5,250000,512,12000
20260106-034604,Windows 11,AMD Ryzen 7 5700X 8-Core Processor,8,34265653248,NVIDIA GeForce RTX 5080,16303,,ppo,Hallway,1024,1.80E-05,81920,0.005832,0.192,0.933,4,constant,FALSE,512,1,simple,,,5,250000,64,12000
20260106-034840,Windows 11,AMD Ryzen 7 5700X 8-Core Processor,8,34265653248,NVIDIA GeForce RTX 5080,16303,,ppo,Hallway,4096,0.000231,81920,0.00346,0.202,0.904,8,constant,FALSE,32,3,simple,,,5,2000000,512,12000
20260106-041650,Windows 11,AMD Ryzen 7 5700X 8-Core Processor,8,34265653248,NVIDIA GeForce RTX 5080,16303,,ppo,Hallway,2048,0.000104,163840,0.001015,0.161,0.909,8,linear,FALSE,32,3,simple,,,5,500000,128,12000
20260106-042338,Windows 11,AMD Ryzen 7 5700X 8-Core Processor,8,34265653248,NVIDIA GeForce RTX 5080,16303,,ppo,PushBlock,1024,0.00027,40960,0.004711,0.108,0.914,5,linear,FALSE,512,2,simple,,,5,1000000,512,12000
20260106-043532,Windows 11,AMD Ryzen 7 5700X 8-Core Processor,8,34265653248,NVIDIA GeForce RTX 5080,16303,,ppo,PushBlock,2048,0.000215,81920,0.006269,0.148,0.912,4,constant,FALSE,256,3,simple,,,5,500000,1024,12000
20260106-043941,Windows 11,AMD Ryzen 7 5700X 8-Core Processor,8,34265653248,NVIDIA GeForce RTX 5080,16303,,ppo,PushBlock,512,3.10E-05,20480,0.008471,0.157,0.913,3,linear,FALSE,32,2,simple,,,5,500000,128,12000
20260106-044309,Windows 11,AMD Ryzen 7 5700X 8-Core Processor,8,34265653248,NVIDIA GeForce RTX 5080,16303,,ppo,PushBlock,512,7.00E-05,40960,0.003736,0.143,0.917,3,linear,FALSE,64,2,simple,,,5,500000,64,12000
20260106-044642,Windows 11,AMD Ryzen 7 5700X 8-Core Processor,8,34265653248,NVIDIA GeForce RTX 5080,16303,,ppo,PushBlock,1024,0.000291,40960,0.006494,0.232,0.942,4,linear,TRUE,256,3,simple,,,5,100000,1024,12000
20260106-044735,Windows 11,AMD Ryzen 7 5700X 8-Core Processor,8,34265653248,NVIDIA GeForce RTX 5080,16303,,ppo,Pyramids,2048,0.000264,163840,0.003759,0.221,0.927,10,constant,TRUE,128,2,simple,,,5,2000000,256,12000
20260106-052253,Windows 11,AMD Ryzen 7 5700X 8-Core Processor,8,34265653248,NVIDIA GeForce RTX 5080,16303,,ppo,Pyramids,512,6.40E-05,20480,0.002562,0.272,0.913,4,constant,TRUE,64,3,simple,,,5,2000000,64,12000
20260106-054600,Windows 11,AMD Ryzen 7 5700X 8-Core Processor,8,34265653248,NVIDIA GeForce RTX 5080,16303,,ppo,Pyramids,1024,0.000284,20480,0.00848,0.17,0.941,10,constant,FALSE,512,3,simple,,,5,100000,2048,12000
20260106-054821,Windows 11,AMD Ryzen 7 5700X 8-Core Processor,8,34265653248,NVIDIA GeForce RTX 5080,16303,,ppo,Pyramids,1024,0.000298,40960,0.009263,0.228,0.925,5,constant,FALSE,32,3,simple,,,5,100000,256,12000
20260106-054936,Windows 11,AMD Ryzen 7 5700X 8-Core Processor,8,34265653248,NVIDIA GeForce RTX 5080,16303,,ppo,Pyramids,512,9.10E-05,10240,0.007378,0.231,0.92,3,linear,FALSE,512,2,simple,,,5,500000,2048,12000
20260106-055519,Windows 11,AMD Ryzen 7 5700X 8-Core Processor,8,34265653248,NVIDIA GeForce RTX 5080,16303,,ppo,Sorter,1024,0.000124,20480,0.002518,0.274,0.915,3,constant,FALSE,64,3,simple,,,5,1000000,64,12000
20260106-062555,Windows 11,AMD Ryzen 7 5700X 8-Core Processor,8,34265653248,NVIDIA GeForce RTX 5080,16303,,ppo,Sorter,1024,4.20E-05,20480,0.001919,0.169,0.93,5,constant,FALSE,64,3,simple,,,5,1000000,128,12000
20260106-070719,Windows 11,AMD Ryzen 7 5700X 8-Core Processor,8,34265653248,NVIDIA GeForce RTX 5080,16303,,ppo,Sorter,1024,9.80E-05,20480,0.004572,0.24,0.942,4,constant,TRUE,512,2,simple,,,5,500000,1024,12000
20260106-072542,Windows 11,AMD Ryzen 7 5700X 8-Core Processor,8,34265653248,NVIDIA GeForce RTX 5080,16303,,ppo,Sorter,512,0.000276,10240,0.00529,0.261,0.945,4,constant,FALSE,256,1,simple,,,5,500000,2048,12000
20260106-074126,Windows 11,AMD Ryzen 7 5700X 8-Core Processor,8,34265653248,NVIDIA GeForce RTX 5080,16303,,ppo,Sorter,4096,0.000156,81920,0.002391,0.247,0.932,4,linear,TRUE,256,3,simple,,,5,100000,512,12000
20260106-074506,Windows 11,AMD Ryzen 7 5700X 8-Core Processor,8,34265653248,NVIDIA GeForce RTX 5080,16303,,ppo,Walker,2048,0.0001,81920,0.006863,0.252,0.909,8,linear,FALSE,64,2,simple,,,5,500000,1024,12000
20260106-075315,Windows 11,AMD Ryzen 7 5700X 8-Core Processor,8,34265653248,NVIDIA GeForce RTX 5080,16303,,ppo,Walker,2048,0.000206,163840,0.00897,0.281,0.907,3,linear,FALSE,256,1,simple,,,5,100000,256,12000
20260106-075428,Windows 11,AMD Ryzen 7 5700X 8-Core Processor,8,34265653248,NVIDIA GeForce RTX 5080,16303,,ppo,Walker,1024,0.000201,81920,0.005749,0.139,0.927,5,linear,FALSE,128,3,simple,,,5,250000,64,12000
20260106-075813,Windows 11,AMD Ryzen 7 5700X 8-Core Processor,8,34265653248,NVIDIA GeForce RTX 5080,16303,,ppo,Walker,4096,4.40E-05,163840,0.001758,0.14,0.945,10,linear,TRUE,32,3,simple,,,5,1000000,64,12000
20260106-081620,Windows 11,AMD Ryzen 7 5700X 8-Core Processor,8,34265653248,NVIDIA GeForce RTX 5080,16303,,ppo,Walker,4096,0.000204,163840,0.000495,0.131,0.938,3,constant,FALSE,128,1,simple,,,5,2000000,2048,12000
20260106-084149,Windows 11,AMD Ryzen 7 5700X 8-Core Processor,8,34265653248,NVIDIA GeForce RTX 5080,16303,,ppo,Worm,2048,6.20E-05,163840,0.002938,0.185,0.95,5,constant,FALSE,32,1,simple,,,5,250000,128,12000
20260106-084415,Windows 11,AMD Ryzen 7 5700X 8-Core Processor,8,34265653248,NVIDIA GeForce RTX 5080,16303,,ppo,Worm,1024,0.000295,40960,0.005764,0.143,0.917,4,linear,FALSE,256,2,simple,,,5,1000000,2048,12000
20260106-085417,Windows 11,AMD Ryzen 7 5700X 8-Core Processor,8,34265653248,NVIDIA GeForce RTX 5080,16303,,ppo,Worm,4096,0.000237,81920,0.008232,0.243,0.906,8,linear,FALSE,512,2,simple,,,5,100000,1024,12000
20260106-085550,Windows 11,AMD Ryzen 7 5700X 8-Core Processor,8,34265653248,NVIDIA GeForce RTX 5080,16303,,ppo,Worm,2048,0.000249,81920,0.006734,0.263,0.901,5,linear,FALSE,64,1,simple,,,5,250000,256,12000
20260106-085829,Windows 11,AMD Ryzen 7 5700X 8-Core Processor,8,34265653248,NVIDIA GeForce RTX 5080,16303,,ppo,Worm,4096,0.000244,81920,0.007832,0.136,0.913,4,linear,TRUE,64,1,simple,,,5,2000000,2048,12000
20260106-091727,Windows 11,AMD Ryzen 7 5700X 8-Core Processor,8,34265653248,NVIDIA GeForce RTX 5080,16303,,sac,3DBall,1024,0.000156,500000,,,,,constant,FALSE,64,1,simple,,,5,500000,64,50000
20260106-150452,Windows 11,AMD Ryzen 7 5700X 8-Core Processor,8,34265653248,NVIDIA GeForce RTX 5080,16303,,sac,3DBall,128,0.000155,50000,,,,,constant,FALSE,512,3,simple,,,5,2000000,64,25000
20260107-072219,Windows 11,AMD Ryzen 7 5700X 8-Core Processor,8,34265653248,NVIDIA GeForce RTX 5080,16303,,sac,3DBall,512,0.000171,200000,,,,,constant,TRUE,512,2,simple,,,5,250000,64,50000
20260107-081701,Windows 11,AMD Ryzen 7 5700X 8-Core Processor,8,34265653248,NVIDIA GeForce RTX 5080,16303,,sac,3DBall,1024,0.000109,500000,,,,,constant,FALSE,256,2,simple,,,5,1000000,64,50000
20260107-124645,Windows 11,AMD Ryzen 7 5700X 8-Core Processor,8,34265653248,NVIDIA GeForce RTX 5080,16303,,sac,3DBall,128,0.000112,200000,,,,,constant,TRUE,32,2,simple,,,5,250000,64,10000
20260107-131018,Windows 11,AMD Ryzen 7 5700X 8-Core Processor,8,34265653248,NVIDIA GeForce RTX 5080,16303,,sac,3DBallHard,256,0.000244,500000,,,,,constant,FALSE,32,2,simple,,,5,1000000,2048,50000
20260107-173441,Windows 11,AMD Ryzen 7 5700X 8-Core Processor,8,34265653248,NVIDIA GeForce RTX 5080,16303,,sac,3DBallHard,1024,0.000137,200000,,,,,constant,FALSE,256,2,simple,,,5,250000,512,50000
20260107-222258,Windows 11,AMD Ryzen 7 5700X 8-Core Processor,8,34265653248,NVIDIA GeForce RTX 5080,16303,,sac,3DBallHard,256,0.000206,100000,,,,,constant,TRUE,512,2,simple,,,5,250000,256,50000
20260107-230013,Windows 11,AMD Ryzen 7 5700X 8-Core Processor,8,34265653248,NVIDIA GeForce RTX 5080,16303,,sac,3DBallHard,256,9.00E-05,500000,,,,,constant,TRUE,512,3,simple,,,5,500000,2048,50000
20260108-045025,Windows 11,AMD Ryzen 7 5700X 8-Core Processor,8,34265653248,NVIDIA GeForce RTX 5080,16303,,sac,3DBallHard,1024,7.20E-05,200000,,,,,constant,TRUE,512,3,simple,,,5,500000,64,25000
20260108-113053,Windows 11,AMD Ryzen 7 5700X 8-Core Processor,8,34265653248,NVIDIA GeForce RTX 5080,16303,,sac,Crawler,256,5.60E-05,200000,,,,,constant,FALSE,32,3,simple,,,5,2000000,1024,50000
20260108-154927,Windows 11,AMD Ryzen 7 5700X 8-Core Processor,8,34265653248,NVIDIA GeForce RTX 5080,16303,,sac,Crawler,512,0.000101,200000,,,,,constant,FALSE,128,2,simple,,,5,100000,2048,25000
20260108-160936,Windows 11,AMD Ryzen 7 5700X 8-Core Processor,8,34265653248,NVIDIA GeForce RTX 5080,16303,,sac,Crawler,128,0.000136,500000,,,,,constant,FALSE,256,3,simple,,,5,2000000,512,50000
20260108-222525,Windows 11,AMD Ryzen 7 5700X 8-Core Processor,8,34265653248,NVIDIA GeForce RTX 5080,16303,,sac,Crawler,512,0.000112,100000,,,,,constant,FALSE,32,2,simple,,,5,2000000,64,25000
20260109-134812,Windows 11,AMD Ryzen 7 5700X 8-Core Processor,8,34265653248,NVIDIA GeForce RTX 5080,16303,,sac,Crawler,128,0.000173,50000,,,,,constant,TRUE,64,3,simple,,,5,2000000,64,10000
20260109-172807,Windows 11,AMD Ryzen 7 5700X 8-Core Processor,8,34265653248,NVIDIA GeForce RTX 5080,16303,,sac,GridFoodCollector,256,0.000256,100000,,,,,constant,FALSE,512,1,simple,,,5,500000,128,50000
20260109-204414,Windows 11,AMD Ryzen 7 5700X 8-Core Processor,8,34265653248,NVIDIA GeForce RTX 5080,16303,,sac,GridFoodCollector,128,0.000175,200000,,,,,constant,TRUE,64,2,simple,,,5,100000,256,25000
20260109-211839,Windows 11,AMD Ryzen 7 5700X 8-Core Processor,8,34265653248,NVIDIA GeForce RTX 5080,16303,,sac,GridFoodCollector,1024,0.000137,50000,,,,,constant,FALSE,128,1,simple,,,5,100000,256,25000
