Second;RAM_KB
0;6920.00000000000000000000000000000000000000000000000000
1;312816.00000000000000000000000000000000000000000000000000
2;370940.00000000000000000000000000000000000000000000000000
3;630580.00000000000000000000000000000000000000000000000000
4;730344.00000000000000000000000000000000000000000000000000
5;804856.00000000000000000000000000000000000000000000000000
6;878932.00000000000000000000000000000000000000000000000000
7;930300.00000000000000000000000000000000000000000000000000
8;954548.00000000000000000000000000000000000000000000000000
9;959844.00000000000000000000000000000000000000000000000000
10;979684.00000000000000000000000000000000000000000000000000
11;983512.00000000000000000000000000000000000000000000000000
12;989188.00000000000000000000000000000000000000000000000000
13;991352.00000000000000000000000000000000000000000000000000
14;994688.00000000000000000000000000000000000000000000000000
15;999748.00000000000000000000000000000000000000000000000000
16;1003452.00000000000000000000000000000000000000000000000000
17;1006772.00000000000000000000000000000000000000000000000000
18;1009704.00000000000000000000000000000000000000000000000000
19;1013088.00000000000000000000000000000000000000000000000000
20;1020156.00000000000000000000000000000000000000000000000000
21;1023564.00000000000000000000000000000000000000000000000000
22;1027784.00000000000000000000000000000000000000000000000000
23;1031964.00000000000000000000000000000000000000000000000000
24;1034984.00000000000000000000000000000000000000000000000000
25;1040292.00000000000000000000000000000000000000000000000000
26;1044156.00000000000000000000000000000000000000000000000000
27;1047256.00000000000000000000000000000000000000000000000000
28;1051288.00000000000000000000000000000000000000000000000000
29;1055264.00000000000000000000000000000000000000000000000000
30;1059952.00000000000000000000000000000000000000000000000000
31;1061480.00000000000000000000000000000000000000000000000000
32;1065072.00000000000000000000000000000000000000000000000000
33;1069508.00000000000000000000000000000000000000000000000000
34;1071232.00000000000000000000000000000000000000000000000000
35;1074244.00000000000000000000000000000000000000000000000000
36;1080812.00000000000000000000000000000000000000000000000000
37;1082076.00000000000000000000000000000000000000000000000000
38;1085132.00000000000000000000000000000000000000000000000000
39;1088500.00000000000000000000000000000000000000000000000000
40;1092836.00000000000000000000000000000000000000000000000000
41;1095932.00000000000000000000000000000000000000000000000000
42;1099044.00000000000000000000000000000000000000000000000000
43;1100856.00000000000000000000000000000000000000000000000000
44;1106324.00000000000000000000000000000000000000000000000000
45;1108776.00000000000000000000000000000000000000000000000000
46;1111064.00000000000000000000000000000000000000000000000000
47;1112372.00000000000000000000000000000000000000000000000000
48;1117188.00000000000000000000000000000000000000000000000000
49;1121516.00000000000000000000000000000000000000000000000000
50;1124060.00000000000000000000000000000000000000000000000000
51;1127028.00000000000000000000000000000000000000000000000000
52;1129976.00000000000000000000000000000000000000000000000000
53;1131812.00000000000000000000000000000000000000000000000000
54;1135140.00000000000000000000000000000000000000000000000000
55;1140888.00000000000000000000000000000000000000000000000000
56;1142868.00000000000000000000000000000000000000000000000000
57;1143128.00000000000000000000000000000000000000000000000000
58;1148376.00000000000000000000000000000000000000000000000000
59;1151908.00000000000000000000000000000000000000000000000000
60;1154740.00000000000000000000000000000000000000000000000000
61;1158168.00000000000000000000000000000000000000000000000000
62;1164360.00000000000000000000000000000000000000000000000000
63;1166752.00000000000000000000000000000000000000000000000000
64;1169204.00000000000000000000000000000000000000000000000000
65;1172440.00000000000000000000000000000000000000000000000000
66;1177332.00000000000000000000000000000000000000000000000000
67;1177356.00000000000000000000000000000000000000000000000000
68;1415516.00000000000000000000000000000000000000000000000000
69;1415988.00000000000000000000000000000000000000000000000000
70;1416060.00000000000000000000000000000000000000000000000000
71;1416572.00000000000000000000000000000000000000000000000000
72;1416504.00000000000000000000000000000000000000000000000000
73;1416572.00000000000000000000000000000000000000000000000000
74;1416064.00000000000000000000000000000000000000000000000000
75;1416828.00000000000000000000000000000000000000000000000000
76;1416060.00000000000000000000000000000000000000000000000000
77;1415996.00000000000000000000000000000000000000000000000000
78;1417212.00000000000000000000000000000000000000000000000000
79;1416572.00000000000000000000000000000000000000000000000000
80;1416416.00000000000000000000000000000000000000000000000000
81;1417212.00000000000000000000000000000000000000000000000000
82;1417212.00000000000000000000000000000000000000000000000000
83;1416156.00000000000000000000000000000000000000000000000000
84;1416096.00000000000000000000000000000000000000000000000000
85;1416860.00000000000000000000000000000000000000000000000000
86;1416604.00000000000000000000000000000000000000000000000000
87;1416860.00000000000000000000000000000000000000000000000000
88;1416096.00000000000000000000000000000000000000000000000000
89;1416536.00000000000000000000000000000000000000000000000000
90;1416096.00000000000000000000000000000000000000000000000000
91;1416536.00000000000000000000000000000000000000000000000000
92;1416028.00000000000000000000000000000000000000000000000000
93;1416156.00000000000000000000000000000000000000000000000000
94;1416860.00000000000000000000000000000000000000000000000000
95;1416028.00000000000000000000000000000000000000000000000000
96;1416156.00000000000000000000000000000000000000000000000000
97;1416156.00000000000000000000000000000000000000000000000000
98;1416156.00000000000000000000000000000000000000000000000000
99;1416096.00000000000000000000000000000000000000000000000000
100;1416536.00000000000000000000000000000000000000000000000000
101;1416860.00000000000000000000000000000000000000000000000000
102;1416028.00000000000000000000000000000000000000000000000000
103;1416604.00000000000000000000000000000000000000000000000000
104;1416028.00000000000000000000000000000000000000000000000000
105;1416448.00000000000000000000000000000000000000000000000000
106;1416096.00000000000000000000000000000000000000000000000000
107;1416028.00000000000000000000000000000000000000000000000000
108;1416156.00000000000000000000000000000000000000000000000000
109;1416604.00000000000000000000000000000000000000000000000000
110;1416860.00000000000000000000000000000000000000000000000000
111;1416860.00000000000000000000000000000000000000000000000000
112;1416604.00000000000000000000000000000000000000000000000000
113;1316060.00000000000000000000000000000000000000000000000000
114;1317176.00000000000000000000000000000000000000000000000000
115;1319756.00000000000000000000000000000000000000000000000000
116;1321260.00000000000000000000000000000000000000000000000000
117;1322680.00000000000000000000000000000000000000000000000000
118;1325160.00000000000000000000000000000000000000000000000000
119;1328080.00000000000000000000000000000000000000000000000000
120;1328452.00000000000000000000000000000000000000000000000000
121;1330228.00000000000000000000000000000000000000000000000000
122;1331564.00000000000000000000000000000000000000000000000000
123;1333212.00000000000000000000000000000000000000000000000000
124;1335600.00000000000000000000000000000000000000000000000000
125;1337216.00000000000000000000000000000000000000000000000000
126;1338856.00000000000000000000000000000000000000000000000000
127;1340148.00000000000000000000000000000000000000000000000000
128;1342352.00000000000000000000000000000000000000000000000000
129;1344308.00000000000000000000000000000000000000000000000000
130;1345488.00000000000000000000000000000000000000000000000000
131;1347280.00000000000000000000000000000000000000000000000000
132;1348524.00000000000000000000000000000000000000000000000000
133;1351156.00000000000000000000000000000000000000000000000000
134;1352180.00000000000000000000000000000000000000000000000000
135;1355340.00000000000000000000000000000000000000000000000000
136;1357248.00000000000000000000000000000000000000000000000000
137;1357980.00000000000000000000000000000000000000000000000000
138;1361920.00000000000000000000000000000000000000000000000000
139;1363016.00000000000000000000000000000000000000000000000000
140;1365160.00000000000000000000000000000000000000000000000000
141;1367872.00000000000000000000000000000000000000000000000000
142;1369384.00000000000000000000000000000000000000000000000000
143;1371836.00000000000000000000000000000000000000000000000000
144;1372396.00000000000000000000000000000000000000000000000000
145;1374888.00000000000000000000000000000000000000000000000000
146;1379892.00000000000000000000000000000000000000000000000000
147;1381552.00000000000000000000000000000000000000000000000000
148;1383044.00000000000000000000000000000000000000000000000000
149;1384440.00000000000000000000000000000000000000000000000000
150;1389008.00000000000000000000000000000000000000000000000000
151;1390780.00000000000000000000000000000000000000000000000000
152;1392836.00000000000000000000000000000000000000000000000000
153;1395152.00000000000000000000000000000000000000000000000000
154;1397100.00000000000000000000000000000000000000000000000000
155;1401196.00000000000000000000000000000000000000000000000000
156;1402708.00000000000000000000000000000000000000000000000000
157;1404412.00000000000000000000000000000000000000000000000000
158;1405940.00000000000000000000000000000000000000000000000000
159;1408972.00000000000000000000000000000000000000000000000000
160;1412716.00000000000000000000000000000000000000000000000000
161;1414400.00000000000000000000000000000000000000000000000000
162;1416160.00000000000000000000000000000000000000000000000000
163;1416824.00000000000000000000000000000000000000000000000000
164;1420048.00000000000000000000000000000000000000000000000000
165;1421872.00000000000000000000000000000000000000000000000000
166;1426536.00000000000000000000000000000000000000000000000000
167;1427092.00000000000000000000000000000000000000000000000000
168;1429436.00000000000000000000000000000000000000000000000000
169;1432912.00000000000000000000000000000000000000000000000000
170;1433212.00000000000000000000000000000000000000000000000000
171;1434092.00000000000000000000000000000000000000000000000000
172;1434092.00000000000000000000000000000000000000000000000000
173;1433132.00000000000000000000000000000000000000000000000000
174;1433132.00000000000000000000000000000000000000000000000000
175;1433132.00000000000000000000000000000000000000000000000000
176;1433132.00000000000000000000000000000000000000000000000000
177;1433132.00000000000000000000000000000000000000000000000000
178;1434156.00000000000000000000000000000000000000000000000000
179;1433644.00000000000000000000000000000000000000000000000000
180;1433132.00000000000000000000000000000000000000000000000000
181;1434092.00000000000000000000000000000000000000000000000000
182;1434092.00000000000000000000000000000000000000000000000000
183;1434092.00000000000000000000000000000000000000000000000000
184;1434092.00000000000000000000000000000000000000000000000000
185;1434156.00000000000000000000000000000000000000000000000000
186;1434028.00000000000000000000000000000000000000000000000000
187;1434016.00000000000000000000000000000000000000000000000000
188;1433136.00000000000000000000000000000000000000000000000000
189;1434160.00000000000000000000000000000000000000000000000000
190;1434096.00000000000000000000000000000000000000000000000000
191;1434032.00000000000000000000000000000000000000000000000000
192;1434096.00000000000000000000000000000000000000000000000000
193;1434032.00000000000000000000000000000000000000000000000000
194;1433136.00000000000000000000000000000000000000000000000000
195;1434160.00000000000000000000000000000000000000000000000000
196;1434032.00000000000000000000000000000000000000000000000000
197;1433136.00000000000000000000000000000000000000000000000000
198;1434096.00000000000000000000000000000000000000000000000000
199;1434096.00000000000000000000000000000000000000000000000000
200;1434096.00000000000000000000000000000000000000000000000000
201;1434096.00000000000000000000000000000000000000000000000000
202;1434096.00000000000000000000000000000000000000000000000000
203;1434096.00000000000000000000000000000000000000000000000000
204;1434096.00000000000000000000000000000000000000000000000000
205;1434032.00000000000000000000000000000000000000000000000000
206;1434032.00000000000000000000000000000000000000000000000000
207;1433136.00000000000000000000000000000000000000000000000000
208;1433136.00000000000000000000000000000000000000000000000000
209;1434032.00000000000000000000000000000000000000000000000000
210;1434096.00000000000000000000000000000000000000000000000000
211;1434096.00000000000000000000000000000000000000000000000000
212;1434096.00000000000000000000000000000000000000000000000000
213;1434096.00000000000000000000000000000000000000000000000000
214;1433136.00000000000000000000000000000000000000000000000000
215;1321396.00000000000000000000000000000000000000000000000000
216;1323016.00000000000000000000000000000000000000000000000000
217;1324852.00000000000000000000000000000000000000000000000000
218;1326532.00000000000000000000000000000000000000000000000000
219;1327244.00000000000000000000000000000000000000000000000000
220;1328320.00000000000000000000000000000000000000000000000000
221;1331024.00000000000000000000000000000000000000000000000000
222;1332428.00000000000000000000000000000000000000000000000000
223;1333604.00000000000000000000000000000000000000000000000000
224;1336080.00000000000000000000000000000000000000000000000000
225;1337300.00000000000000000000000000000000000000000000000000
226;1338820.00000000000000000000000000000000000000000000000000
227;1341356.00000000000000000000000000000000000000000000000000
228;1342124.00000000000000000000000000000000000000000000000000
229;1344596.00000000000000000000000000000000000000000000000000
230;1346144.00000000000000000000000000000000000000000000000000
231;1348088.00000000000000000000000000000000000000000000000000
232;1349712.00000000000000000000000000000000000000000000000000
233;1352240.00000000000000000000000000000000000000000000000000
234;1352952.00000000000000000000000000000000000000000000000000
235;1354676.00000000000000000000000000000000000000000000000000
236;1356600.00000000000000000000000000000000000000000000000000
237;1358408.00000000000000000000000000000000000000000000000000
238;1360952.00000000000000000000000000000000000000000000000000
239;1362924.00000000000000000000000000000000000000000000000000
240;1364036.00000000000000000000000000000000000000000000000000
241;1367828.00000000000000000000000000000000000000000000000000
242;1368292.00000000000000000000000000000000000000000000000000
243;1369808.00000000000000000000000000000000000000000000000000
244;1372040.00000000000000000000000000000000000000000000000000
245;1375460.00000000000000000000000000000000000000000000000000
246;1376836.00000000000000000000000000000000000000000000000000
247;1378008.00000000000000000000000000000000000000000000000000
248;1380268.00000000000000000000000000000000000000000000000000
249;1386624.00000000000000000000000000000000000000000000000000
250;1388312.00000000000000000000000000000000000000000000000000
251;1390060.00000000000000000000000000000000000000000000000000
252;1392064.00000000000000000000000000000000000000000000000000
253;1392868.00000000000000000000000000000000000000000000000000
254;1396936.00000000000000000000000000000000000000000000000000
255;1399084.00000000000000000000000000000000000000000000000000
256;1400104.00000000000000000000000000000000000000000000000000
257;1402104.00000000000000000000000000000000000000000000000000
258;1406388.00000000000000000000000000000000000000000000000000
259;1408788.00000000000000000000000000000000000000000000000000
260;1410952.00000000000000000000000000000000000000000000000000
261;1412572.00000000000000000000000000000000000000000000000000
262;1413944.00000000000000000000000000000000000000000000000000
263;1419972.00000000000000000000000000000000000000000000000000
264;1420360.00000000000000000000000000000000000000000000000000
265;1420984.00000000000000000000000000000000000000000000000000
266;1422036.00000000000000000000000000000000000000000000000000
267;1423428.00000000000000000000000000000000000000000000000000
268;1425684.00000000000000000000000000000000000000000000000000
269;1427892.00000000000000000000000000000000000000000000000000
270;1434092.00000000000000000000000000000000000000000000000000
271;1434988.00000000000000000000000000000000000000000000000000
272;1435988.00000000000000000000000000000000000000000000000000
273;1435872.00000000000000000000000000000000000000000000000000
274;1436028.00000000000000000000000000000000000000000000000000
275;1435872.00000000000000000000000000000000000000000000000000
276;1435200.00000000000000000000000000000000000000000000000000
277;1435456.00000000000000000000000000000000000000000000000000
278;1435584.00000000000000000000000000000000000000000000000000
279;1435136.00000000000000000000000000000000000000000000000000
280;1435584.00000000000000000000000000000000000000000000000000
281;1435872.00000000000000000000000000000000000000000000000000
282;1435200.00000000000000000000000000000000000000000000000000
283;1436256.00000000000000000000000000000000000000000000000000
284;1435072.00000000000000000000000000000000000000000000000000
285;1435200.00000000000000000000000000000000000000000000000000
286;1435396.00000000000000000000000000000000000000000000000000
287;1436452.00000000000000000000000000000000000000000000000000
288;1436452.00000000000000000000000000000000000000000000000000
289;1435396.00000000000000000000000000000000000000000000000000
290;1436100.00000000000000000000000000000000000000000000000000
291;1435776.00000000000000000000000000000000000000000000000000
292;1435396.00000000000000000000000000000000000000000000000000
293;1435464.00000000000000000000000000000000000000000000000000
294;1435592.00000000000000000000000000000000000000000000000000
295;1436000.00000000000000000000000000000000000000000000000000
296;1436000.00000000000000000000000000000000000000000000000000
297;1435944.00000000000000000000000000000000000000000000000000
298;1436648.00000000000000000000000000000000000000000000000000
299;1436396.00000000000000000000000000000000000000000000000000
300;1436648.00000000000000000000000000000000000000000000000000
301;1436008.00000000000000000000000000000000000000000000000000
302;1436008.00000000000000000000000000000000000000000000000000
303;1436456.00000000000000000000000000000000000000000000000000
304;1436428.00000000000000000000000000000000000000000000000000
305;1437064.00000000000000000000000000000000000000000000000000
306;1436680.00000000000000000000000000000000000000000000000000
307;1436388.00000000000000000000000000000000000000000000000000
308;1436696.00000000000000000000000000000000000000000000000000
309;1436676.00000000000000000000000000000000000000000000000000
310;1436420.00000000000000000000000000000000000000000000000000
311;1435940.00000000000000000000000000000000000000000000000000
312;1436672.00000000000000000000000000000000000000000000000000
313;1436672.00000000000000000000000000000000000000000000000000
314;1436672.00000000000000000000000000000000000000000000000000
315;1436672.00000000000000000000000000000000000000000000000000
316;1437056.00000000000000000000000000000000000000000000000000
317;1322132.00000000000000000000000000000000000000000000000000
318;1324188.00000000000000000000000000000000000000000000000000
319;1325252.00000000000000000000000000000000000000000000000000
320;1326780.00000000000000000000000000000000000000000000000000
321;1328244.00000000000000000000000000000000000000000000000000
322;1329828.00000000000000000000000000000000000000000000000000
323;1331996.00000000000000000000000000000000000000000000000000
324;1332948.00000000000000000000000000000000000000000000000000
325;1334432.00000000000000000000000000000000000000000000000000
326;1336212.00000000000000000000000000000000000000000000000000
327;1337144.00000000000000000000000000000000000000000000000000
328;1339092.00000000000000000000000000000000000000000000000000
329;1341672.00000000000000000000000000000000000000000000000000
330;1343360.00000000000000000000000000000000000000000000000000
331;1345652.00000000000000000000000000000000000000000000000000
332;1346200.00000000000000000000000000000000000000000000000000
333;1347900.00000000000000000000000000000000000000000000000000
334;1350324.00000000000000000000000000000000000000000000000000
335;1351620.00000000000000000000000000000000000000000000000000
336;1352504.00000000000000000000000000000000000000000000000000
337;1355588.00000000000000000000000000000000000000000000000000
338;1357632.00000000000000000000000000000000000000000000000000
339;1358700.00000000000000000000000000000000000000000000000000
340;1362116.00000000000000000000000000000000000000000000000000
341;1363184.00000000000000000000000000000000000000000000000000
342;1364932.00000000000000000000000000000000000000000000000000
343;1366616.00000000000000000000000000000000000000000000000000
344;1368336.00000000000000000000000000000000000000000000000000
345;1369912.00000000000000000000000000000000000000000000000000
346;1371636.00000000000000000000000000000000000000000000000000
347;1373228.00000000000000000000000000000000000000000000000000
348;1375888.00000000000000000000000000000000000000000000000000
349;1378456.00000000000000000000000000000000000000000000000000
350;1379536.00000000000000000000000000000000000000000000000000
351;1386016.00000000000000000000000000000000000000000000000000
352;1388400.00000000000000000000000000000000000000000000000000
353;1389384.00000000000000000000000000000000000000000000000000
354;1391988.00000000000000000000000000000000000000000000000000
355;1393576.00000000000000000000000000000000000000000000000000
356;1397848.00000000000000000000000000000000000000000000000000
357;1400292.00000000000000000000000000000000000000000000000000
358;1401308.00000000000000000000000000000000000000000000000000
359;1403044.00000000000000000000000000000000000000000000000000
360;1405260.00000000000000000000000000000000000000000000000000
361;1409476.00000000000000000000000000000000000000000000000000
362;1411552.00000000000000000000000000000000000000000000000000
363;1413000.00000000000000000000000000000000000000000000000000
364;1415236.00000000000000000000000000000000000000000000000000
365;1416772.00000000000000000000000000000000000000000000000000
366;1418040.00000000000000000000000000000000000000000000000000
367;1422068.00000000000000000000000000000000000000000000000000
368;1422588.00000000000000000000000000000000000000000000000000
369;1424940.00000000000000000000000000000000000000000000000000
370;1426108.00000000000000000000000000000000000000000000000000
371;1427508.00000000000000000000000000000000000000000000000000
372;1429996.00000000000000000000000000000000000000000000000000
373;1435464.00000000000000000000000000000000000000000000000000
374;1435976.00000000000000000000000000000000000000000000000000
375;1437648.00000000000000000000000000000000000000000000000000
376;1437656.00000000000000000000000000000000000000000000000000
377;1437224.00000000000000000000000000000000000000000000000000
378;1437224.00000000000000000000000000000000000000000000000000
379;1437796.00000000000000000000000000000000000000000000000000
380;1437732.00000000000000000000000000000000000000000000000000
381;1437224.00000000000000000000000000000000000000000000000000
382;1437732.00000000000000000000000000000000000000000000000000
383;1437292.00000000000000000000000000000000000000000000000000
384;1438312.00000000000000000000000000000000000000000000000000
385;1437644.00000000000000000000000000000000000000000000000000
386;1437292.00000000000000000000000000000000000000000000000000
387;1437292.00000000000000000000000000000000000000000000000000
388;1437224.00000000000000000000000000000000000000000000000000
389;1438440.00000000000000000000000000000000000000000000000000
390;1437800.00000000000000000000000000000000000000000000000000
391;1437352.00000000000000000000000000000000000000000000000000
392;1437352.00000000000000000000000000000000000000000000000000
393;1438412.00000000000000000000000000000000000000000000000000
394;1437264.00000000000000000000000000000000000000000000000000
395;1437164.00000000000000000000000000000000000000000000000000
396;1437676.00000000000000000000000000000000000000000000000000
397;1437972.00000000000000000000000000000000000000000000000000
398;1437140.00000000000000000000000000000000000000000000000000
399;1437648.00000000000000000000000000000000000000000000000000
400;1437716.00000000000000000000000000000000000000000000000000
401;1437648.00000000000000000000000000000000000000000000000000
402;1437268.00000000000000000000000000000000000000000000000000
403;1437716.00000000000000000000000000000000000000000000000000
404;1438228.00000000000000000000000000000000000000000000000000
405;1437560.00000000000000000000000000000000000000000000000000
406;1437268.00000000000000000000000000000000000000000000000000
407;1437288.00000000000000000000000000000000000000000000000000
408;1437160.00000000000000000000000000000000000000000000000000
409;1437160.00000000000000000000000000000000000000000000000000
410;1438376.00000000000000000000000000000000000000000000000000
411;1437992.00000000000000000000000000000000000000000000000000
412;1437992.00000000000000000000000000000000000000000000000000
413;1437668.00000000000000000000000000000000000000000000000000
414;1437228.00000000000000000000000000000000000000000000000000
415;1437736.00000000000000000000000000000000000000000000000000
416;1437736.00000000000000000000000000000000000000000000000000
417;1437992.00000000000000000000000000000000000000000000000000
418;1437736.00000000000000000000000000000000000000000000000000
419;1437540.00000000000000000000000000000000000000000000000000
420;1437992.00000000000000000000000000000000000000000000000000
421;1437668.00000000000000000000000000000000000000000000000000
422;1321688.00000000000000000000000000000000000000000000000000
423;1322560.00000000000000000000000000000000000000000000000000
424;1325928.00000000000000000000000000000000000000000000000000
425;1326836.00000000000000000000000000000000000000000000000000
426;1328492.00000000000000000000000000000000000000000000000000
427;1331132.00000000000000000000000000000000000000000000000000
428;1332220.00000000000000000000000000000000000000000000000000
429;1333192.00000000000000000000000000000000000000000000000000
430;1334592.00000000000000000000000000000000000000000000000000
431;1336216.00000000000000000000000000000000000000000000000000
432;1337952.00000000000000000000000000000000000000000000000000
433;1339920.00000000000000000000000000000000000000000000000000
434;1341012.00000000000000000000000000000000000000000000000000
435;1343196.00000000000000000000000000000000000000000000000000
436;1345348.00000000000000000000000000000000000000000000000000
437;1346668.00000000000000000000000000000000000000000000000000
438;1347952.00000000000000000000000000000000000000000000000000
439;1350228.00000000000000000000000000000000000000000000000000
440;1351480.00000000000000000000000000000000000000000000000000
441;1353256.00000000000000000000000000000000000000000000000000
442;1354792.00000000000000000000000000000000000000000000000000
443;1357268.00000000000000000000000000000000000000000000000000
444;1359468.00000000000000000000000000000000000000000000000000
445;1362724.00000000000000000000000000000000000000000000000000
446;1363728.00000000000000000000000000000000000000000000000000
447;1365396.00000000000000000000000000000000000000000000000000
448;1368060.00000000000000000000000000000000000000000000000000
449;1370180.00000000000000000000000000000000000000000000000000
450;1371140.00000000000000000000000000000000000000000000000000
451;1372176.00000000000000000000000000000000000000000000000000
452;1375980.00000000000000000000000000000000000000000000000000
453;1377860.00000000000000000000000000000000000000000000000000
454;1379136.00000000000000000000000000000000000000000000000000
455;1381192.00000000000000000000000000000000000000000000000000
456;1387320.00000000000000000000000000000000000000000000000000
457;1388468.00000000000000000000000000000000000000000000000000
458;1390176.00000000000000000000000000000000000000000000000000
459;1392400.00000000000000000000000000000000000000000000000000
460;1397184.00000000000000000000000000000000000000000000000000
461;1398604.00000000000000000000000000000000000000000000000000
462;1401184.00000000000000000000000000000000000000000000000000
463;1402344.00000000000000000000000000000000000000000000000000
464;1403616.00000000000000000000000000000000000000000000000000
465;1408808.00000000000000000000000000000000000000000000000000
466;1410324.00000000000000000000000000000000000000000000000000
467;1411288.00000000000000000000000000000000000000000000000000
468;1413392.00000000000000000000000000000000000000000000000000
469;1414928.00000000000000000000000000000000000000000000000000
470;1416488.00000000000000000000000000000000000000000000000000
471;1420252.00000000000000000000000000000000000000000000000000
472;1421836.00000000000000000000000000000000000000000000000000
473;1424056.00000000000000000000000000000000000000000000000000
474;1425252.00000000000000000000000000000000000000000000000000
475;1427004.00000000000000000000000000000000000000000000000000
476;1431372.00000000000000000000000000000000000000000000000000
477;1431680.00000000000000000000000000000000000000000000000000
478;1434048.00000000000000000000000000000000000000000000000000
479;1435548.00000000000000000000000000000000000000000000000000
480;1439000.00000000000000000000000000000000000000000000000000
481;1439000.00000000000000000000000000000000000000000000000000
482;1439196.00000000000000000000000000000000000000000000000000
483;1440184.00000000000000000000000000000000000000000000000000
484;1440180.00000000000000000000000000000000000000000000000000
485;1439192.00000000000000000000000000000000000000000000000000
486;1440216.00000000000000000000000000000000000000000000000000
487;1440216.00000000000000000000000000000000000000000000000000
488;1440184.00000000000000000000000000000000000000000000000000
489;1440180.00000000000000000000000000000000000000000000000000
490;1440184.00000000000000000000000000000000000000000000000000
491;1440216.00000000000000000000000000000000000000000000000000
492;1440184.00000000000000000000000000000000000000000000000000
493;1439704.00000000000000000000000000000000000000000000000000
494;1440124.00000000000000000000000000000000000000000000000000
495;1439192.00000000000000000000000000000000000000000000000000
496;1440184.00000000000000000000000000000000000000000000000000
497;1440180.00000000000000000000000000000000000000000000000000
498;1440216.00000000000000000000000000000000000000000000000000
499;1439192.00000000000000000000000000000000000000000000000000
500;1440216.00000000000000000000000000000000000000000000000000
501;1439192.00000000000000000000000000000000000000000000000000
502;1439192.00000000000000000000000000000000000000000000000000
503;1440184.00000000000000000000000000000000000000000000000000
504;1440180.00000000000000000000000000000000000000000000000000
505;1439192.00000000000000000000000000000000000000000000000000
506;1440220.00000000000000000000000000000000000000000000000000
507;1440184.00000000000000000000000000000000000000000000000000
508;1440124.00000000000000000000000000000000000000000000000000
509;1440124.00000000000000000000000000000000000000000000000000
510;1439704.00000000000000000000000000000000000000000000000000
511;1440184.00000000000000000000000000000000000000000000000000
512;1440184.00000000000000000000000000000000000000000000000000
513;1440184.00000000000000000000000000000000000000000000000000
514;1440180.00000000000000000000000000000000000000000000000000
515;1439192.00000000000000000000000000000000000000000000000000
516;1440220.00000000000000000000000000000000000000000000000000
517;1440184.00000000000000000000000000000000000000000000000000
518;1440124.00000000000000000000000000000000000000000000000000
519;1440184.00000000000000000000000000000000000000000000000000
520;1439704.00000000000000000000000000000000000000000000000000
521;1440184.00000000000000000000000000000000000000000000000000
522;1440180.00000000000000000000000000000000000000000000000000
523;1440180.00000000000000000000000000000000000000000000000000
524;1440180.00000000000000000000000000000000000000000000000000
525;1440176.00000000000000000000000000000000000000000000000000
526;1440176.00000000000000000000000000000000000000000000000000
527;1439188.00000000000000000000000000000000000000000000000000
528;1440180.00000000000000000000000000000000000000000000000000
529;1440120.00000000000000000000000000000000000000000000000000
530;1322300.00000000000000000000000000000000000000000000000000
531;1324380.00000000000000000000000000000000000000000000000000
532;1324988.00000000000000000000000000000000000000000000000000
533;1326552.00000000000000000000000000000000000000000000000000
534;1328560.00000000000000000000000000000000000000000000000000
535;1330040.00000000000000000000000000000000000000000000000000
536;1331724.00000000000000000000000000000000000000000000000000
537;1333664.00000000000000000000000000000000000000000000000000
538;1334920.00000000000000000000000000000000000000000000000000
539;1335900.00000000000000000000000000000000000000000000000000
540;1337448.00000000000000000000000000000000000000000000000000
541;1339572.00000000000000000000000000000000000000000000000000
542;1342540.00000000000000000000000000000000000000000000000000
543;1344416.00000000000000000000000000000000000000000000000000
544;1345968.00000000000000000000000000000000000000000000000000
545;1347604.00000000000000000000000000000000000000000000000000
546;1349844.00000000000000000000000000000000000000000000000000
547;1351480.00000000000000000000000000000000000000000000000000
548;1352200.00000000000000000000000000000000000000000000000000
549;1354944.00000000000000000000000000000000000000000000000000
550;1356180.00000000000000000000000000000000000000000000000000
551;1358364.00000000000000000000000000000000000000000000000000
552;1360012.00000000000000000000000000000000000000000000000000
553;1361436.00000000000000000000000000000000000000000000000000
554;1363348.00000000000000000000000000000000000000000000000000
555;1365928.00000000000000000000000000000000000000000000000000
556;1367656.00000000000000000000000000000000000000000000000000
557;1370160.00000000000000000000000000000000000000000000000000
558;1372188.00000000000000000000000000000000000000000000000000
559;1373280.00000000000000000000000000000000000000000000000000
560;1376296.00000000000000000000000000000000000000000000000000
561;1378868.00000000000000000000000000000000000000000000000000
562;1380384.00000000000000000000000000000000000000000000000000
563;1382112.00000000000000000000000000000000000000000000000000
564;1388564.00000000000000000000000000000000000000000000000000
565;1390292.00000000000000000000000000000000000000000000000000
566;1391908.00000000000000000000000000000000000000000000000000
567;1393224.00000000000000000000000000000000000000000000000000
568;1395568.00000000000000000000000000000000000000000000000000
569;1400320.00000000000000000000000000000000000000000000000000
570;1401768.00000000000000000000000000000000000000000000000000
571;1403812.00000000000000000000000000000000000000000000000000
572;1406564.00000000000000000000000000000000000000000000000000
573;1407596.00000000000000000000000000000000000000000000000000
574;1412208.00000000000000000000000000000000000000000000000000
575;1414896.00000000000000000000000000000000000000000000000000
576;1416048.00000000000000000000000000000000000000000000000000
577;1417508.00000000000000000000000000000000000000000000000000
578;1418808.00000000000000000000000000000000000000000000000000
579;1420540.00000000000000000000000000000000000000000000000000
580;1425168.00000000000000000000000000000000000000000000000000
581;1425604.00000000000000000000000000000000000000000000000000
582;1427708.00000000000000000000000000000000000000000000000000
583;1429128.00000000000000000000000000000000000000000000000000
584;1430564.00000000000000000000000000000000000000000000000000
585;1432388.00000000000000000000000000000000000000000000000000
586;1439176.00000000000000000000000000000000000000000000000000
587;1439020.00000000000000000000000000000000000000000000000000
588;1439864.00000000000000000000000000000000000000000000000000
589;1441188.00000000000000000000000000000000000000000000000000
590;1441156.00000000000000000000000000000000000000000000000000
591;1441092.00000000000000000000000000000000000000000000000000
592;1441092.00000000000000000000000000000000000000000000000000
593;1441092.00000000000000000000000000000000000000000000000000
594;1441092.00000000000000000000000000000000000000000000000000
595;1441028.00000000000000000000000000000000000000000000000000
596;1441156.00000000000000000000000000000000000000000000000000
597;1441092.00000000000000000000000000000000000000000000000000
598;1441092.00000000000000000000000000000000000000000000000000
599;1441028.00000000000000000000000000000000000000000000000000
600;1441028.00000000000000000000000000000000000000000000000000
601;1441028.00000000000000000000000000000000000000000000000000
602;1441272.00000000000000000000000000000000000000000000000000
603;1441272.00000000000000000000000000000000000000000000000000
604;1440312.00000000000000000000000000000000000000000000000000
605;1441336.00000000000000000000000000000000000000000000000000
606;1440312.00000000000000000000000000000000000000000000000000
607;1441272.00000000000000000000000000000000000000000000000000
608;1441208.00000000000000000000000000000000000000000000000000
609;1441272.00000000000000000000000000000000000000000000000000
610;1440824.00000000000000000000000000000000000000000000000000
611;1441272.00000000000000000000000000000000000000000000000000
612;1441272.00000000000000000000000000000000000000000000000000
613;1441272.00000000000000000000000000000000000000000000000000
614;1440312.00000000000000000000000000000000000000000000000000
615;1441272.00000000000000000000000000000000000000000000000000
616;1440312.00000000000000000000000000000000000000000000000000
617;1441272.00000000000000000000000000000000000000000000000000
618;1441272.00000000000000000000000000000000000000000000000000
619;1441272.00000000000000000000000000000000000000000000000000
620;1441272.00000000000000000000000000000000000000000000000000
621;1440824.00000000000000000000000000000000000000000000000000
622;1440312.00000000000000000000000000000000000000000000000000
623;1441208.00000000000000000000000000000000000000000000000000
624;1441336.00000000000000000000000000000000000000000000000000
625;1441208.00000000000000000000000000000000000000000000000000
626;1441272.00000000000000000000000000000000000000000000000000
627;1441272.00000000000000000000000000000000000000000000000000
628;1441272.00000000000000000000000000000000000000000000000000
629;1441272.00000000000000000000000000000000000000000000000000
630;1441208.00000000000000000000000000000000000000000000000000
631;1441272.00000000000000000000000000000000000000000000000000
632;1441336.00000000000000000000000000000000000000000000000000
633;1324368.00000000000000000000000000000000000000000000000000
634;1325796.00000000000000000000000000000000000000000000000000
635;1325932.00000000000000000000000000000000000000000000000000
636;1327340.00000000000000000000000000000000000000000000000000
637;1329896.00000000000000000000000000000000000000000000000000
638;1330936.00000000000000000000000000000000000000000000000000
639;1333176.00000000000000000000000000000000000000000000000000
640;1334040.00000000000000000000000000000000000000000000000000
641;1335568.00000000000000000000000000000000000000000000000000
642;1337072.00000000000000000000000000000000000000000000000000
643;1338312.00000000000000000000000000000000000000000000000000
644;1340448.00000000000000000000000000000000000000000000000000
645;1343036.00000000000000000000000000000000000000000000000000
646;1345528.00000000000000000000000000000000000000000000000000
647;1347312.00000000000000000000000000000000000000000000000000
648;1348952.00000000000000000000000000000000000000000000000000
649;1350312.00000000000000000000000000000000000000000000000000
650;1353408.00000000000000000000000000000000000000000000000000
651;1355040.00000000000000000000000000000000000000000000000000
652;1358712.00000000000000000000000000000000000000000000000000
653;1359992.00000000000000000000000000000000000000000000000000
654;1362316.00000000000000000000000000000000000000000000000000
655;1363940.00000000000000000000000000000000000000000000000000
656;1366804.00000000000000000000000000000000000000000000000000
657;1369332.00000000000000000000000000000000000000000000000000
658;1371340.00000000000000000000000000000000000000000000000000
659;1374752.00000000000000000000000000000000000000000000000000
660;1377608.00000000000000000000000000000000000000000000000000
661;1379356.00000000000000000000000000000000000000000000000000
662;1383344.00000000000000000000000000000000000000000000000000
663;1385440.00000000000000000000000000000000000000000000000000
664;1386924.00000000000000000000000000000000000000000000000000
665;1392492.00000000000000000000000000000000000000000000000000
666;1393968.00000000000000000000000000000000000000000000000000
667;1396988.00000000000000000000000000000000000000000000000000
668;1404608.00000000000000000000000000000000000000000000000000
669;1408044.00000000000000000000000000000000000000000000000000
670;1410328.00000000000000000000000000000000000000000000000000
671;1413488.00000000000000000000000000000000000000000000000000
672;1418424.00000000000000000000000000000000000000000000000000
673;1419632.00000000000000000000000000000000000000000000000000
674;1421492.00000000000000000000000000000000000000000000000000
675;1422212.00000000000000000000000000000000000000000000000000
676;1424612.00000000000000000000000000000000000000000000000000
677;1429060.00000000000000000000000000000000000000000000000000
678;1431684.00000000000000000000000000000000000000000000000000
679;1433276.00000000000000000000000000000000000000000000000000
680;1435948.00000000000000000000000000000000000000000000000000
681;1438640.00000000000000000000000000000000000000000000000000
682;1437896.00000000000000000000000000000000000000000000000000
683;1438736.00000000000000000000000000000000000000000000000000
684;1438288.00000000000000000000000000000000000000000000000000
685;1438288.00000000000000000000000000000000000000000000000000
686;1438416.00000000000000000000000000000000000000000000000000
687;1437968.00000000000000000000000000000000000000000000000000
688;1438032.00000000000000000000000000000000000000000000000000
689;1438608.00000000000000000000000000000000000000000000000000
690;1438032.00000000000000000000000000000000000000000000000000
691;1437904.00000000000000000000000000000000000000000000000000
692;1438480.00000000000000000000000000000000000000000000000000
693;1438416.00000000000000000000000000000000000000000000000000
694;1438032.00000000000000000000000000000000000000000000000000
695;1439120.00000000000000000000000000000000000000000000000000
696;1439120.00000000000000000000000000000000000000000000000000
697;1438736.00000000000000000000000000000000000000000000000000
698;1438032.00000000000000000000000000000000000000000000000000
699;1438416.00000000000000000000000000000000000000000000000000
700;1438736.00000000000000000000000000000000000000000000000000
701;1438480.00000000000000000000000000000000000000000000000000
702;1438480.00000000000000000000000000000000000000000000000000
703;1437904.00000000000000000000000000000000000000000000000000
704;1438736.00000000000000000000000000000000000000000000000000
705;1438544.00000000000000000000000000000000000000000000000000
706;1438736.00000000000000000000000000000000000000000000000000
707;1438032.00000000000000000000000000000000000000000000000000
708;1438032.00000000000000000000000000000000000000000000000000
709;1438416.00000000000000000000000000000000000000000000000000
710;1438736.00000000000000000000000000000000000000000000000000
711;1438736.00000000000000000000000000000000000000000000000000
712;1438736.00000000000000000000000000000000000000000000000000
713;1438416.00000000000000000000000000000000000000000000000000
714;1438416.00000000000000000000000000000000000000000000000000
715;1439120.00000000000000000000000000000000000000000000000000
716;1438416.00000000000000000000000000000000000000000000000000
717;1438736.00000000000000000000000000000000000000000000000000
718;1437904.00000000000000000000000000000000000000000000000000
719;1437968.00000000000000000000000000000000000000000000000000
720;1322628.00000000000000000000000000000000000000000000000000
721;1324200.00000000000000000000000000000000000000000000000000
722;1326232.00000000000000000000000000000000000000000000000000
723;1328640.00000000000000000000000000000000000000000000000000
724;1330244.00000000000000000000000000000000000000000000000000
725;1333628.00000000000000000000000000000000000000000000000000
726;1335728.00000000000000000000000000000000000000000000000000
727;1337076.00000000000000000000000000000000000000000000000000
728;1340444.00000000000000000000000000000000000000000000000000
729;1343144.00000000000000000000000000000000000000000000000000
730;1345732.00000000000000000000000000000000000000000000000000
731;1349132.00000000000000000000000000000000000000000000000000
732;1350232.00000000000000000000000000000000000000000000000000
733;1353144.00000000000000000000000000000000000000000000000000
734;1354148.00000000000000000000000000000000000000000000000000
735;1358096.00000000000000000000000000000000000000000000000000
736;1359284.00000000000000000000000000000000000000000000000000
737;1363088.00000000000000000000000000000000000000000000000000
738;1366908.00000000000000000000000000000000000000000000000000
739;1368628.00000000000000000000000000000000000000000000000000
740;1370816.00000000000000000000000000000000000000000000000000
741;1373768.00000000000000000000000000000000000000000000000000
742;1375540.00000000000000000000000000000000000000000000000000
743;1381812.00000000000000000000000000000000000000000000000000
744;1383884.00000000000000000000000000000000000000000000000000
745;1385952.00000000000000000000000000000000000000000000000000
746;1388280.00000000000000000000000000000000000000000000000000
747;1394424.00000000000000000000000000000000000000000000000000
748;1395880.00000000000000000000000000000000000000000000000000
749;1398496.00000000000000000000000000000000000000000000000000
750;1404840.00000000000000000000000000000000000000000000000000
751;1406608.00000000000000000000000000000000000000000000000000
752;1409048.00000000000000000000000000000000000000000000000000
753;1411456.00000000000000000000000000000000000000000000000000
754;1415272.00000000000000000000000000000000000000000000000000
755;1418292.00000000000000000000000000000000000000000000000000
756;1420024.00000000000000000000000000000000000000000000000000
757;1422988.00000000000000000000000000000000000000000000000000
758;1427524.00000000000000000000000000000000000000000000000000
759;1429356.00000000000000000000000000000000000000000000000000
760;1431368.00000000000000000000000000000000000000000000000000
761;1434000.00000000000000000000000000000000000000000000000000
762;1437436.00000000000000000000000000000000000000000000000000
763;1437436.00000000000000000000000000000000000000000000000000
764;1438620.00000000000000000000000000000000000000000000000000
765;1438620.00000000000000000000000000000000000000000000000000
766;1438620.00000000000000000000000000000000000000000000000000
767;1438620.00000000000000000000000000000000000000000000000000
768;1438556.00000000000000000000000000000000000000000000000000
769;1438556.00000000000000000000000000000000000000000000000000
770;1438556.00000000000000000000000000000000000000000000000000
771;1438684.00000000000000000000000000000000000000000000000000
772;1438620.00000000000000000000000000000000000000000000000000
773;1438620.00000000000000000000000000000000000000000000000000
774;1438652.00000000000000000000000000000000000000000000000000
775;1438628.00000000000000000000000000000000000000000000000000
776;1438564.00000000000000000000000000000000000000000000000000
777;1437636.00000000000000000000000000000000000000000000000000
778;1438628.00000000000000000000000000000000000000000000000000
779;1438628.00000000000000000000000000000000000000000000000000
780;1438660.00000000000000000000000000000000000000000000000000
781;1438628.00000000000000000000000000000000000000000000000000
782;1438628.00000000000000000000000000000000000000000000000000
783;1438628.00000000000000000000000000000000000000000000000000
784;1438660.00000000000000000000000000000000000000000000000000
785;1437636.00000000000000000000000000000000000000000000000000
786;1438628.00000000000000000000000000000000000000000000000000
787;1438564.00000000000000000000000000000000000000000000000000
788;1438628.00000000000000000000000000000000000000000000000000
789;1437636.00000000000000000000000000000000000000000000000000
790;1438148.00000000000000000000000000000000000000000000000000
791;1438564.00000000000000000000000000000000000000000000000000
792;1438628.00000000000000000000000000000000000000000000000000
793;1438624.00000000000000000000000000000000000000000000000000
794;1438560.00000000000000000000000000000000000000000000000000
795;1438652.00000000000000000000000000000000000000000000000000
796;1438620.00000000000000000000000000000000000000000000000000
797;1438652.00000000000000000000000000000000000000000000000000
798;1438656.00000000000000000000000000000000000000000000000000
799;1437628.00000000000000000000000000000000000000000000000000
800;1437628.00000000000000000000000000000000000000000000000000
801;1323448.00000000000000000000000000000000000000000000000000
802;1325652.00000000000000000000000000000000000000000000000000
803;1327572.00000000000000000000000000000000000000000000000000
804;1329120.00000000000000000000000000000000000000000000000000
805;1331688.00000000000000000000000000000000000000000000000000
806;1334416.00000000000000000000000000000000000000000000000000
807;1337080.00000000000000000000000000000000000000000000000000
808;1338616.00000000000000000000000000000000000000000000000000
809;1340864.00000000000000000000000000000000000000000000000000
810;1343772.00000000000000000000000000000000000000000000000000
811;1347068.00000000000000000000000000000000000000000000000000
812;1349628.00000000000000000000000000000000000000000000000000
813;1352056.00000000000000000000000000000000000000000000000000
814;1354424.00000000000000000000000000000000000000000000000000
815;1357624.00000000000000000000000000000000000000000000000000
816;1359224.00000000000000000000000000000000000000000000000000
817;1360848.00000000000000000000000000000000000000000000000000
818;1364472.00000000000000000000000000000000000000000000000000
819;1366688.00000000000000000000000000000000000000000000000000
820;1369372.00000000000000000000000000000000000000000000000000
821;1371520.00000000000000000000000000000000000000000000000000
822;1373696.00000000000000000000000000000000000000000000000000
823;1377572.00000000000000000000000000000000000000000000000000
824;1379964.00000000000000000000000000000000000000000000000000
825;1381656.00000000000000000000000000000000000000000000000000
826;1387748.00000000000000000000000000000000000000000000000000
827;1389604.00000000000000000000000000000000000000000000000000
828;1392364.00000000000000000000000000000000000000000000000000
829;1398820.00000000000000000000000000000000000000000000000000
830;1399836.00000000000000000000000000000000000000000000000000
831;1402380.00000000000000000000000000000000000000000000000000
832;1404452.00000000000000000000000000000000000000000000000000
833;1408684.00000000000000000000000000000000000000000000000000
834;1411820.00000000000000000000000000000000000000000000000000
835;1413612.00000000000000000000000000000000000000000000000000
836;1419120.00000000000000000000000000000000000000000000000000
837;1421088.00000000000000000000000000000000000000000000000000
838;1424680.00000000000000000000000000000000000000000000000000
839;1426408.00000000000000000000000000000000000000000000000000
840;1428220.00000000000000000000000000000000000000000000000000
841;1433284.00000000000000000000000000000000000000000000000000
842;1433660.00000000000000000000000000000000000000000000000000
843;1436484.00000000000000000000000000000000000000000000000000
844;1438532.00000000000000000000000000000000000000000000000000
845;1441736.00000000000000000000000000000000000000000000000000
846;1441736.00000000000000000000000000000000000000000000000000
847;1442624.00000000000000000000000000000000000000000000000000
848;1441612.00000000000000000000000000000000000000000000000000
849;1442604.00000000000000000000000000000000000000000000000000
850;1442124.00000000000000000000000000000000000000000000000000
851;1442636.00000000000000000000000000000000000000000000000000
852;1442600.00000000000000000000000000000000000000000000000000
853;1442592.00000000000000000000000000000000000000000000000000
854;1441612.00000000000000000000000000000000000000000000000000
855;1442640.00000000000000000000000000000000000000000000000000
856;1442604.00000000000000000000000000000000000000000000000000
857;1442544.00000000000000000000000000000000000000000000000000
858;1442604.00000000000000000000000000000000000000000000000000
859;1442604.00000000000000000000000000000000000000000000000000
860;1442640.00000000000000000000000000000000000000000000000000
861;1442540.00000000000000000000000000000000000000000000000000
862;1442544.00000000000000000000000000000000000000000000000000
863;1442604.00000000000000000000000000000000000000000000000000
864;1442124.00000000000000000000000000000000000000000000000000
865;1442640.00000000000000000000000000000000000000000000000000
866;1442604.00000000000000000000000000000000000000000000000000
867;1442604.00000000000000000000000000000000000000000000000000
868;1442604.00000000000000000000000000000000000000000000000000
869;1442600.00000000000000000000000000000000000000000000000000
870;1442604.00000000000000000000000000000000000000000000000000
871;1442604.00000000000000000000000000000000000000000000000000
872;1442604.00000000000000000000000000000000000000000000000000
873;1442604.00000000000000000000000000000000000000000000000000
874;1442604.00000000000000000000000000000000000000000000000000
875;1441612.00000000000000000000000000000000000000000000000000
876;1442640.00000000000000000000000000000000000000000000000000
877;1442540.00000000000000000000000000000000000000000000000000
878;1442604.00000000000000000000000000000000000000000000000000
879;1442600.00000000000000000000000000000000000000000000000000
880;1441808.00000000000000000000000000000000000000000000000000
881;1442544.00000000000000000000000000000000000000000000000000
882;1442604.00000000000000000000000000000000000000000000000000
883;1441612.00000000000000000000000000000000000000000000000000
884;1323880.00000000000000000000000000000000000000000000000000
885;1324648.00000000000000000000000000000000000000000000000000
886;1327164.00000000000000000000000000000000000000000000000000
887;1330764.00000000000000000000000000000000000000000000000000
888;1332464.00000000000000000000000000000000000000000000000000
889;1334416.00000000000000000000000000000000000000000000000000
890;1336404.00000000000000000000000000000000000000000000000000
891;1338164.00000000000000000000000000000000000000000000000000
892;1340796.00000000000000000000000000000000000000000000000000
893;1343292.00000000000000000000000000000000000000000000000000
894;1345144.00000000000000000000000000000000000000000000000000
895;1347552.00000000000000000000000000000000000000000000000000
896;1351396.00000000000000000000000000000000000000000000000000
897;1352336.00000000000000000000000000000000000000000000000000
898;1355072.00000000000000000000000000000000000000000000000000
899;1356900.00000000000000000000000000000000000000000000000000
900;1359580.00000000000000000000000000000000000000000000000000
901;1361868.00000000000000000000000000000000000000000000000000
902;1364576.00000000000000000000000000000000000000000000000000
903;1366988.00000000000000000000000000000000000000000000000000
904;1372036.00000000000000000000000000000000000000000000000000
905;1373872.00000000000000000000000000000000000000000000000000
906;1375660.00000000000000000000000000000000000000000000000000
907;1378720.00000000000000000000000000000000000000000000000000
908;1380596.00000000000000000000000000000000000000000000000000
909;1383112.00000000000000000000000000000000000000000000000000
910;1390588.00000000000000000000000000000000000000000000000000
911;1393716.00000000000000000000000000000000000000000000000000
912;1394976.00000000000000000000000000000000000000000000000000
913;1402836.00000000000000000000000000000000000000000000000000
914;1405468.00000000000000000000000000000000000000000000000000
915;1407804.00000000000000000000000000000000000000000000000000
916;1408980.00000000000000000000000000000000000000000000000000
917;1413432.00000000000000000000000000000000000000000000000000
918;1414988.00000000000000000000000000000000000000000000000000
919;1418056.00000000000000000000000000000000000000000000000000
920;1419776.00000000000000000000000000000000000000000000000000
921;1423720.00000000000000000000000000000000000000000000000000
922;1426076.00000000000000000000000000000000000000000000000000
923;1428924.00000000000000000000000000000000000000000000000000
924;1431212.00000000000000000000000000000000000000000000000000
925;1432560.00000000000000000000000000000000000000000000000000
926;1437592.00000000000000000000000000000000000000000000000000
927;1437932.00000000000000000000000000000000000000000000000000
928;1440888.00000000000000000000000000000000000000000000000000
929;1440888.00000000000000000000000000000000000000000000000000
930;1442108.00000000000000000000000000000000000000000000000000
931;1441084.00000000000000000000000000000000000000000000000000
932;1441084.00000000000000000000000000000000000000000000000000
933;1442108.00000000000000000000000000000000000000000000000000
934;1441596.00000000000000000000000000000000000000000000000000
935;1441596.00000000000000000000000000000000000000000000000000
936;1442108.00000000000000000000000000000000000000000000000000
937;1442012.00000000000000000000000000000000000000000000000000
938;1442112.00000000000000000000000000000000000000000000000000
939;1441084.00000000000000000000000000000000000000000000000000
940;1442076.00000000000000000000000000000000000000000000000000
941;1442076.00000000000000000000000000000000000000000000000000
942;1442076.00000000000000000000000000000000000000000000000000
943;1442076.00000000000000000000000000000000000000000000000000
944;1442076.00000000000000000000000000000000000000000000000000
945;1442076.00000000000000000000000000000000000000000000000000
946;1442076.00000000000000000000000000000000000000000000000000
947;1442112.00000000000000000000000000000000000000000000000000
948;1442012.00000000000000000000000000000000000000000000000000
949;1442012.00000000000000000000000000000000000000000000000000
950;1442012.00000000000000000000000000000000000000000000000000
951;1442076.00000000000000000000000000000000000000000000000000
952;1442076.00000000000000000000000000000000000000000000000000
953;1442012.00000000000000000000000000000000000000000000000000
954;1442076.00000000000000000000000000000000000000000000000000
955;1442076.00000000000000000000000000000000000000000000000000
956;1442076.00000000000000000000000000000000000000000000000000
957;1442076.00000000000000000000000000000000000000000000000000
958;1442076.00000000000000000000000000000000000000000000000000
959;1441084.00000000000000000000000000000000000000000000000000
960;1442108.00000000000000000000000000000000000000000000000000
961;1442108.00000000000000000000000000000000000000000000000000
962;1442076.00000000000000000000000000000000000000000000000000
963;1442076.00000000000000000000000000000000000000000000000000
964;1442076.00000000000000000000000000000000000000000000000000
965;1442108.00000000000000000000000000000000000000000000000000
966;1442108.00000000000000000000000000000000000000000000000000
967;1324596.00000000000000000000000000000000000000000000000000
968;1325376.00000000000000000000000000000000000000000000000000
969;1325968.00000000000000000000000000000000000000000000000000
970;1327572.00000000000000000000000000000000000000000000000000
971;1331152.00000000000000000000000000000000000000000000000000
972;1332932.00000000000000000000000000000000000000000000000000
973;1335392.00000000000000000000000000000000000000000000000000
974;1337768.00000000000000000000000000000000000000000000000000
975;1339556.00000000000000000000000000000000000000000000000000
976;1342176.00000000000000000000000000000000000000000000000000
977;1344036.00000000000000000000000000000000000000000000000000
978;1347080.00000000000000000000000000000000000000000000000000
979;1350520.00000000000000000000000000000000000000000000000000
980;1351684.00000000000000000000000000000000000000000000000000
981;1354896.00000000000000000000000000000000000000000000000000
982;1357592.00000000000000000000000000000000000000000000000000
983;1359852.00000000000000000000000000000000000000000000000000
984;1361528.00000000000000000000000000000000000000000000000000
985;1364188.00000000000000000000000000000000000000000000000000
986;1365440.00000000000000000000000000000000000000000000000000
987;1367092.00000000000000000000000000000000000000000000000000
988;1369972.00000000000000000000000000000000000000000000000000
989;1371264.00000000000000000000000000000000000000000000000000
990;1376932.00000000000000000000000000000000000000000000000000
991;1378376.00000000000000000000000000000000000000000000000000
992;1380924.00000000000000000000000000000000000000000000000000
993;1387264.00000000000000000000000000000000000000000000000000
994;1388984.00000000000000000000000000000000000000000000000000
995;1391664.00000000000000000000000000000000000000000000000000
996;1393068.00000000000000000000000000000000000000000000000000
997;1398928.00000000000000000000000000000000000000000000000000
998;1400772.00000000000000000000000000000000000000000000000000
999;1403432.00000000000000000000000000000000000000000000000000
1000;1407800.00000000000000000000000000000000000000000000000000
1001;1410768.00000000000000000000000000000000000000000000000000
1002;1412664.00000000000000000000000000000000000000000000000000
1003;1415236.00000000000000000000000000000000000000000000000000
1004;1419864.00000000000000000000000000000000000000000000000000
1005;1420380.00000000000000000000000000000000000000000000000000
1006;1422836.00000000000000000000000000000000000000000000000000
1007;1425188.00000000000000000000000000000000000000000000000000
1008;1427256.00000000000000000000000000000000000000000000000000
1009;1429552.00000000000000000000000000000000000000000000000000
1010;1434816.00000000000000000000000000000000000000000000000000
1011;1435452.00000000000000000000000000000000000000000000000000
1012;1437932.00000000000000000000000000000000000000000000000000
1013;1439700.00000000000000000000000000000000000000000000000000
1014;1441592.00000000000000000000000000000000000000000000000000
1015;1441592.00000000000000000000000000000000000000000000000000
1016;1441592.00000000000000000000000000000000000000000000000000
1017;1441592.00000000000000000000000000000000000000000000000000
1018;1441528.00000000000000000000000000000000000000000000000000
1019;1441592.00000000000000000000000000000000000000000000000000
1020;1441656.00000000000000000000000000000000000000000000000000
1021;1441656.00000000000000000000000000000000000000000000000000
1022;1440632.00000000000000000000000000000000000000000000000000
1023;1441592.00000000000000000000000000000000000000000000000000
1024;1441592.00000000000000000000000000000000000000000000000000
1025;1441592.00000000000000000000000000000000000000000000000000
1026;1441592.00000000000000000000000000000000000000000000000000
1027;1441528.00000000000000000000000000000000000000000000000000
1028;1441592.00000000000000000000000000000000000000000000000000
1029;1441656.00000000000000000000000000000000000000000000000000
1030;1440632.00000000000000000000000000000000000000000000000000
1031;1441592.00000000000000000000000000000000000000000000000000
1032;1441528.00000000000000000000000000000000000000000000000000
1033;1441528.00000000000000000000000000000000000000000000000000
1034;1441528.00000000000000000000000000000000000000000000000000
1035;1441656.00000000000000000000000000000000000000000000000000
1036;1441592.00000000000000000000000000000000000000000000000000
1037;1441592.00000000000000000000000000000000000000000000000000
1038;1441592.00000000000000000000000000000000000000000000000000
1039;1441592.00000000000000000000000000000000000000000000000000
1040;1441592.00000000000000000000000000000000000000000000000000
1041;1441592.00000000000000000000000000000000000000000000000000
1042;1441592.00000000000000000000000000000000000000000000000000
1043;1441528.00000000000000000000000000000000000000000000000000
1044;1441528.00000000000000000000000000000000000000000000000000
1045;1441592.00000000000000000000000000000000000000000000000000
1046;1441524.00000000000000000000000000000000000000000000000000
1047;1441524.00000000000000000000000000000000000000000000000000
1048;1441524.00000000000000000000000000000000000000000000000000
1049;1441588.00000000000000000000000000000000000000000000000000
1050;1441524.00000000000000000000000000000000000000000000000000
1051;1325856.00000000000000000000000000000000000000000000000000
1052;1325828.00000000000000000000000000000000000000000000000000
1053;1328012.00000000000000000000000000000000000000000000000000
1054;1330120.00000000000000000000000000000000000000000000000000
1055;1332416.00000000000000000000000000000000000000000000000000
1056;1333856.00000000000000000000000000000000000000000000000000
1057;1335576.00000000000000000000000000000000000000000000000000
1058;1337652.00000000000000000000000000000000000000000000000000
1059;1340196.00000000000000000000000000000000000000000000000000
1060;1343028.00000000000000000000000000000000000000000000000000
1061;1344760.00000000000000000000000000000000000000000000000000
1062;1347088.00000000000000000000000000000000000000000000000000
1063;1351168.00000000000000000000000000000000000000000000000000
1064;1353412.00000000000000000000000000000000000000000000000000
1065;1356840.00000000000000000000000000000000000000000000000000
1066;1357840.00000000000000000000000000000000000000000000000000
1067;1360260.00000000000000000000000000000000000000000000000000
1068;1362296.00000000000000000000000000000000000000000000000000
1069;1366088.00000000000000000000000000000000000000000000000000
1070;1367508.00000000000000000000000000000000000000000000000000
1071;1370560.00000000000000000000000000000000000000000000000000
1072;1372992.00000000000000000000000000000000000000000000000000
1073;1374784.00000000000000000000000000000000000000000000000000
1074;1378812.00000000000000000000000000000000000000000000000000
1075;1380400.00000000000000000000000000000000000000000000000000
1076;1382392.00000000000000000000000000000000000000000000000000
1077;1386392.00000000000000000000000000000000000000000000000000
1078;1389988.00000000000000000000000000000000000000000000000000
1079;1392852.00000000000000000000000000000000000000000000000000
1080;1394240.00000000000000000000000000000000000000000000000000
1081;1402072.00000000000000000000000000000000000000000000000000
1082;1403348.00000000000000000000000000000000000000000000000000
1083;1405180.00000000000000000000000000000000000000000000000000
1084;1408628.00000000000000000000000000000000000000000000000000
1085;1410924.00000000000000000000000000000000000000000000000000
1086;1413404.00000000000000000000000000000000000000000000000000
1087;1415856.00000000000000000000000000000000000000000000000000
1088;1420840.00000000000000000000000000000000000000000000000000
1089;1423480.00000000000000000000000000000000000000000000000000
1090;1425088.00000000000000000000000000000000000000000000000000
1091;1428000.00000000000000000000000000000000000000000000000000
1092;1430592.00000000000000000000000000000000000000000000000000
1093;1435284.00000000000000000000000000000000000000000000000000
1094;1436816.00000000000000000000000000000000000000000000000000
1095;1440284.00000000000000000000000000000000000000000000000000
1096;1443312.00000000000000000000000000000000000000000000000000
1097;1443332.00000000000000000000000000000000000000000000000000
1098;1444148.00000000000000000000000000000000000000000000000000
1099;1444148.00000000000000000000000000000000000000000000000000
1100;1444148.00000000000000000000000000000000000000000000000000
1101;1443668.00000000000000000000000000000000000000000000000000
1102;1444148.00000000000000000000000000000000000000000000000000
1103;1444084.00000000000000000000000000000000000000000000000000
1104;1444148.00000000000000000000000000000000000000000000000000
1105;1444148.00000000000000000000000000000000000000000000000000
1106;1444148.00000000000000000000000000000000000000000000000000
1107;1443668.00000000000000000000000000000000000000000000000000
1108;1444188.00000000000000000000000000000000000000000000000000
1109;1444188.00000000000000000000000000000000000000000000000000
1110;1444188.00000000000000000000000000000000000000000000000000
1111;1444220.00000000000000000000000000000000000000000000000000
1112;1444188.00000000000000000000000000000000000000000000000000
1113;1444124.00000000000000000000000000000000000000000000000000
1114;1444188.00000000000000000000000000000000000000000000000000
1115;1444188.00000000000000000000000000000000000000000000000000
1116;1444124.00000000000000000000000000000000000000000000000000
1117;1443196.00000000000000000000000000000000000000000000000000
1118;1444188.00000000000000000000000000000000000000000000000000
1119;1444188.00000000000000000000000000000000000000000000000000
1120;1444188.00000000000000000000000000000000000000000000000000
1121;1444188.00000000000000000000000000000000000000000000000000
1122;1444124.00000000000000000000000000000000000000000000000000
1123;1444188.00000000000000000000000000000000000000000000000000
1124;1444224.00000000000000000000000000000000000000000000000000
1125;1444188.00000000000000000000000000000000000000000000000000
1126;1443196.00000000000000000000000000000000000000000000000000
1127;1444188.00000000000000000000000000000000000000000000000000
1128;1444188.00000000000000000000000000000000000000000000000000
1129;1443196.00000000000000000000000000000000000000000000000000
1130;1444188.00000000000000000000000000000000000000000000000000
1131;1444224.00000000000000000000000000000000000000000000000000
1132;1444188.00000000000000000000000000000000000000000000000000
1133;1332124.00000000000000000000000000000000000000000000000000
1134;1332820.00000000000000000000000000000000000000000000000000
1135;1335120.00000000000000000000000000000000000000000000000000
1136;1336440.00000000000000000000000000000000000000000000000000
1137;1338304.00000000000000000000000000000000000000000000000000
1138;1339352.00000000000000000000000000000000000000000000000000
1139;1341972.00000000000000000000000000000000000000000000000000
1140;1344220.00000000000000000000000000000000000000000000000000
1141;1355768.00000000000000000000000000000000000000000000000000
1142;1357844.00000000000000000000000000000000000000000000000000
1143;1359924.00000000000000000000000000000000000000000000000000
1144;1362284.00000000000000000000000000000000000000000000000000
1145;1365656.00000000000000000000000000000000000000000000000000
1146;1367652.00000000000000000000000000000000000000000000000000
1147;1371232.00000000000000000000000000000000000000000000000000
1148;1374084.00000000000000000000000000000000000000000000000000
1149;1376428.00000000000000000000000000000000000000000000000000
1150;1378924.00000000000000000000000000000000000000000000000000
1151;1383004.00000000000000000000000000000000000000000000000000
1152;1384676.00000000000000000000000000000000000000000000000000
1153;1385568.00000000000000000000000000000000000000000000000000
1154;1388220.00000000000000000000000000000000000000000000000000
1155;1389860.00000000000000000000000000000000000000000000000000
1156;1395912.00000000000000000000000000000000000000000000000000
1157;1398628.00000000000000000000000000000000000000000000000000
1158;1401376.00000000000000000000000000000000000000000000000000
1159;1407596.00000000000000000000000000000000000000000000000000
1160;1409548.00000000000000000000000000000000000000000000000000
1161;1411364.00000000000000000000000000000000000000000000000000
1162;1416628.00000000000000000000000000000000000000000000000000
1163;1417800.00000000000000000000000000000000000000000000000000
1164;1420724.00000000000000000000000000000000000000000000000000
1165;1422608.00000000000000000000000000000000000000000000000000
1166;1428384.00000000000000000000000000000000000000000000000000
1167;1431116.00000000000000000000000000000000000000000000000000
1168;1433640.00000000000000000000000000000000000000000000000000
1169;1435144.00000000000000000000000000000000000000000000000000
1170;1439692.00000000000000000000000000000000000000000000000000
1171;1441344.00000000000000000000000000000000000000000000000000
1172;1443200.00000000000000000000000000000000000000000000000000
1173;1446008.00000000000000000000000000000000000000000000000000
1174;1447412.00000000000000000000000000000000000000000000000000
1175;1451380.00000000000000000000000000000000000000000000000000
1176;1452796.00000000000000000000000000000000000000000000000000
1177;1454628.00000000000000000000000000000000000000000000000000
1178;1456340.00000000000000000000000000000000000000000000000000
1179;1456292.00000000000000000000000000000000000000000000000000
1180;1455780.00000000000000000000000000000000000000000000000000
1181;1456292.00000000000000000000000000000000000000000000000000
1182;1456260.00000000000000000000000000000000000000000000000000
1183;1456260.00000000000000000000000000000000000000000000000000
1184;1456260.00000000000000000000000000000000000000000000000000
1185;1456196.00000000000000000000000000000000000000000000000000
1186;1456260.00000000000000000000000000000000000000000000000000
1187;1456260.00000000000000000000000000000000000000000000000000
1188;1456260.00000000000000000000000000000000000000000000000000
1189;1456260.00000000000000000000000000000000000000000000000000
1190;1456296.00000000000000000000000000000000000000000000000000
1191;1455816.00000000000000000000000000000000000000000000000000
1192;1456296.00000000000000000000000000000000000000000000000000
1193;1455304.00000000000000000000000000000000000000000000000000
1194;1455304.00000000000000000000000000000000000000000000000000
1195;1455304.00000000000000000000000000000000000000000000000000
1196;1456328.00000000000000000000000000000000000000000000000000
1197;1456296.00000000000000000000000000000000000000000000000000
1198;1456296.00000000000000000000000000000000000000000000000000
1199;1456296.00000000000000000000000000000000000000000000000000
1200;1456296.00000000000000000000000000000000000000000000000000
1201;1456296.00000000000000000000000000000000000000000000000000
1202;1456296.00000000000000000000000000000000000000000000000000
1203;1456296.00000000000000000000000000000000000000000000000000
1204;1455304.00000000000000000000000000000000000000000000000000
1205;1455304.00000000000000000000000000000000000000000000000000
1206;1456328.00000000000000000000000000000000000000000000000000
1207;1456328.00000000000000000000000000000000000000000000000000
1208;1456320.00000000000000000000000000000000000000000000000000
1209;1456296.00000000000000000000000000000000000000000000000000
1210;1456296.00000000000000000000000000000000000000000000000000
1211;1456296.00000000000000000000000000000000000000000000000000
1212;1455304.00000000000000000000000000000000000000000000000000
1213;1455304.00000000000000000000000000000000000000000000000000
1214;1455304.00000000000000000000000000000000000000000000000000
1215;1456296.00000000000000000000000000000000000000000000000000
1216;1344668.00000000000000000000000000000000000000000000000000
1217;1345860.00000000000000000000000000000000000000000000000000
1218;1348388.00000000000000000000000000000000000000000000000000
1219;1351480.00000000000000000000000000000000000000000000000000
1220;1353848.00000000000000000000000000000000000000000000000000
1221;1355336.00000000000000000000000000000000000000000000000000
1222;1357256.00000000000000000000000000000000000000000000000000
1223;1360184.00000000000000000000000000000000000000000000000000
1224;1363080.00000000000000000000000000000000000000000000000000
1225;1366856.00000000000000000000000000000000000000000000000000
1226;1368336.00000000000000000000000000000000000000000000000000
1227;1371308.00000000000000000000000000000000000000000000000000
1228;1373916.00000000000000000000000000000000000000000000000000
1229;1377708.00000000000000000000000000000000000000000000000000
1230;1379224.00000000000000000000000000000000000000000000000000
1231;1381668.00000000000000000000000000000000000000000000000000
1232;1383512.00000000000000000000000000000000000000000000000000
1233;1386812.00000000000000000000000000000000000000000000000000
1234;1389316.00000000000000000000000000000000000000000000000000
1235;1391884.00000000000000000000000000000000000000000000000000
1236;1395020.00000000000000000000000000000000000000000000000000
1237;1397424.00000000000000000000000000000000000000000000000000
1238;1399568.00000000000000000000000000000000000000000000000000
1239;1403676.00000000000000000000000000000000000000000000000000
1240;1405160.00000000000000000000000000000000000000000000000000
1241;1407768.00000000000000000000000000000000000000000000000000
1242;1411504.00000000000000000000000000000000000000000000000000
1243;1414112.00000000000000000000000000000000000000000000000000
1244;1417128.00000000000000000000000000000000000000000000000000
1245;1420304.00000000000000000000000000000000000000000000000000
1246;1422968.00000000000000000000000000000000000000000000000000
1247;1425212.00000000000000000000000000000000000000000000000000
1248;1435584.00000000000000000000000000000000000000000000000000
1249;1437512.00000000000000000000000000000000000000000000000000
1250;1439344.00000000000000000000000000000000000000000000000000
1251;1441516.00000000000000000000000000000000000000000000000000
1252;1443844.00000000000000000000000000000000000000000000000000
1253;1448884.00000000000000000000000000000000000000000000000000
1254;1451200.00000000000000000000000000000000000000000000000000
1255;1452992.00000000000000000000000000000000000000000000000000
1256;1457300.00000000000000000000000000000000000000000000000000
1257;1457300.00000000000000000000000000000000000000000000000000
1258;1458208.00000000000000000000000000000000000000000000000000
1259;1458144.00000000000000000000000000000000000000000000000000
1260;1457184.00000000000000000000000000000000000000000000000000
1261;1458208.00000000000000000000000000000000000000000000000000
1262;1458084.00000000000000000000000000000000000000000000000000
1263;1458144.00000000000000000000000000000000000000000000000000
1264;1457184.00000000000000000000000000000000000000000000000000
1265;1458208.00000000000000000000000000000000000000000000000000
1266;1458144.00000000000000000000000000000000000000000000000000
1267;1458144.00000000000000000000000000000000000000000000000000
1268;1458140.00000000000000000000000000000000000000000000000000
1269;1458296.00000000000000000000000000000000000000000000000000
1270;1458292.00000000000000000000000000000000000000000000000000
1271;1458296.00000000000000000000000000000000000000000000000000
1272;1457848.00000000000000000000000000000000000000000000000000
1273;1457848.00000000000000000000000000000000000000000000000000
1274;1457336.00000000000000000000000000000000000000000000000000
1275;1457336.00000000000000000000000000000000000000000000000000
1276;1458296.00000000000000000000000000000000000000000000000000
1277;1458296.00000000000000000000000000000000000000000000000000
1278;1458280.00000000000000000000000000000000000000000000000000
1279;1458236.00000000000000000000000000000000000000000000000000
1280;1458296.00000000000000000000000000000000000000000000000000
1281;1458296.00000000000000000000000000000000000000000000000000
1282;1458296.00000000000000000000000000000000000000000000000000
1283;1458296.00000000000000000000000000000000000000000000000000
1284;1458292.00000000000000000000000000000000000000000000000000
1285;1457336.00000000000000000000000000000000000000000000000000
1286;1457336.00000000000000000000000000000000000000000000000000
1287;1458296.00000000000000000000000000000000000000000000000000
1288;1458296.00000000000000000000000000000000000000000000000000
1289;1457336.00000000000000000000000000000000000000000000000000
1290;1458360.00000000000000000000000000000000000000000000000000
1291;1458296.00000000000000000000000000000000000000000000000000
1292;1458296.00000000000000000000000000000000000000000000000000
1293;1458232.00000000000000000000000000000000000000000000000000
1294;1346924.00000000000000000000000000000000000000000000000000
1295;1347376.00000000000000000000000000000000000000000000000000
1296;1349256.00000000000000000000000000000000000000000000000000
1297;1352036.00000000000000000000000000000000000000000000000000
1298;1354072.00000000000000000000000000000000000000000000000000
1299;1355680.00000000000000000000000000000000000000000000000000
1300;1357372.00000000000000000000000000000000000000000000000000
1301;1359824.00000000000000000000000000000000000000000000000000
1302;1362948.00000000000000000000000000000000000000000000000000
1303;1364392.00000000000000000000000000000000000000000000000000
1304;1368188.00000000000000000000000000000000000000000000000000
1305;1370960.00000000000000000000000000000000000000000000000000
1306;1373832.00000000000000000000000000000000000000000000000000
1307;1376164.00000000000000000000000000000000000000000000000000
1308;1377616.00000000000000000000000000000000000000000000000000
1309;1379352.00000000000000000000000000000000000000000000000000
1310;1382080.00000000000000000000000000000000000000000000000000
1311;1383812.00000000000000000000000000000000000000000000000000
1312;1386868.00000000000000000000000000000000000000000000000000
1313;1388592.00000000000000000000000000000000000000000000000000
1314;1390488.00000000000000000000000000000000000000000000000000
1315;1394344.00000000000000000000000000000000000000000000000000
1316;1395940.00000000000000000000000000000000000000000000000000
1317;1399268.00000000000000000000000000000000000000000000000000
1318;1401924.00000000000000000000000000000000000000000000000000
1319;1404024.00000000000000000000000000000000000000000000000000
1320;1407960.00000000000000000000000000000000000000000000000000
1321;1411096.00000000000000000000000000000000000000000000000000
1322;1413260.00000000000000000000000000000000000000000000000000
1323;1417604.00000000000000000000000000000000000000000000000000
1324;1419876.00000000000000000000000000000000000000000000000000
1325;1421580.00000000000000000000000000000000000000000000000000
1326;1423628.00000000000000000000000000000000000000000000000000
1327;1434764.00000000000000000000000000000000000000000000000000
1328;1436772.00000000000000000000000000000000000000000000000000
1329;1439652.00000000000000000000000000000000000000000000000000
1330;1441320.00000000000000000000000000000000000000000000000000
1331;1447212.00000000000000000000000000000000000000000000000000
1332;1448612.00000000000000000000000000000000000000000000000000
1333;1451344.00000000000000000000000000000000000000000000000000
1334;1454260.00000000000000000000000000000000000000000000000000
1335;1456176.00000000000000000000000000000000000000000000000000
1336;1463832.00000000000000000000000000000000000000000000000000
1337;1463832.00000000000000000000000000000000000000000000000000
1338;1465144.00000000000000000000000000000000000000000000000000
1339;1465144.00000000000000000000000000000000000000000000000000
1340;1465208.00000000000000000000000000000000000000000000000000
1341;1465240.00000000000000000000000000000000000000000000000000
1342;1465208.00000000000000000000000000000000000000000000000000
1343;1464216.00000000000000000000000000000000000000000000000000
1344;1465144.00000000000000000000000000000000000000000000000000
1345;1464216.00000000000000000000000000000000000000000000000000
1346;1465208.00000000000000000000000000000000000000000000000000
1347;1464216.00000000000000000000000000000000000000000000000000
1348;1465208.00000000000000000000000000000000000000000000000000
1349;1465208.00000000000000000000000000000000000000000000000000
1350;1465208.00000000000000000000000000000000000000000000000000
1351;1465208.00000000000000000000000000000000000000000000000000
1352;1465212.00000000000000000000000000000000000000000000000000
1353;1465248.00000000000000000000000000000000000000000000000000
1354;1465212.00000000000000000000000000000000000000000000000000
1355;1465248.00000000000000000000000000000000000000000000000000
1356;1465148.00000000000000000000000000000000000000000000000000
1357;1465212.00000000000000000000000000000000000000000000000000
1358;1465212.00000000000000000000000000000000000000000000000000
1359;1465212.00000000000000000000000000000000000000000000000000
1360;1464732.00000000000000000000000000000000000000000000000000
1361;1465212.00000000000000000000000000000000000000000000000000
1362;1464732.00000000000000000000000000000000000000000000000000
1363;1465148.00000000000000000000000000000000000000000000000000
1364;1464224.00000000000000000000000000000000000000000000000000
1365;1465212.00000000000000000000000000000000000000000000000000
1366;1465248.00000000000000000000000000000000000000000000000000
1367;1465212.00000000000000000000000000000000000000000000000000
1368;1465212.00000000000000000000000000000000000000000000000000
1369;1465148.00000000000000000000000000000000000000000000000000
1370;1464220.00000000000000000000000000000000000000000000000000
1371;1465148.00000000000000000000000000000000000000000000000000
1372;1464220.00000000000000000000000000000000000000000000000000
1373;1344732.00000000000000000000000000000000000000000000000000
1374;1344800.00000000000000000000000000000000000000000000000000
1375;1346832.00000000000000000000000000000000000000000000000000
1376;1349204.00000000000000000000000000000000000000000000000000
1377;1350824.00000000000000000000000000000000000000000000000000
1378;1352852.00000000000000000000000000000000000000000000000000
1379;1355144.00000000000000000000000000000000000000000000000000
1380;1358452.00000000000000000000000000000000000000000000000000
1381;1361784.00000000000000000000000000000000000000000000000000
1382;1365524.00000000000000000000000000000000000000000000000000
1383;1367144.00000000000000000000000000000000000000000000000000
1384;1370168.00000000000000000000000000000000000000000000000000
1385;1374136.00000000000000000000000000000000000000000000000000
1386;1376848.00000000000000000000000000000000000000000000000000
1387;1378500.00000000000000000000000000000000000000000000000000
1388;1381336.00000000000000000000000000000000000000000000000000
1389;1383832.00000000000000000000000000000000000000000000000000
1390;1385276.00000000000000000000000000000000000000000000000000
1391;1388612.00000000000000000000000000000000000000000000000000
1392;1390720.00000000000000000000000000000000000000000000000000
1393;1394296.00000000000000000000000000000000000000000000000000
1394;1397552.00000000000000000000000000000000000000000000000000
1395;1400264.00000000000000000000000000000000000000000000000000
1396;1402272.00000000000000000000000000000000000000000000000000
1397;1404596.00000000000000000000000000000000000000000000000000
1398;1408912.00000000000000000000000000000000000000000000000000
1399;1411552.00000000000000000000000000000000000000000000000000
1400;1415152.00000000000000000000000000000000000000000000000000
1401;1416448.00000000000000000000000000000000000000000000000000
1402;1419772.00000000000000000000000000000000000000000000000000
1403;1421860.00000000000000000000000000000000000000000000000000
1404;1423024.00000000000000000000000000000000000000000000000000
1405;1425104.00000000000000000000000000000000000000000000000000
1406;1436728.00000000000000000000000000000000000000000000000000
1407;1438440.00000000000000000000000000000000000000000000000000
1408;1440004.00000000000000000000000000000000000000000000000000
1409;1442420.00000000000000000000000000000000000000000000000000
1410;1444100.00000000000000000000000000000000000000000000000000
1411;1448868.00000000000000000000000000000000000000000000000000
1412;1450004.00000000000000000000000000000000000000000000000000
1413;1451840.00000000000000000000000000000000000000000000000000
1414;1453732.00000000000000000000000000000000000000000000000000
1415;1455796.00000000000000000000000000000000000000000000000000
1416;1457240.00000000000000000000000000000000000000000000000000
1417;1464844.00000000000000000000000000000000000000000000000000
1418;1465092.00000000000000000000000000000000000000000000000000
1419;1466396.00000000000000000000000000000000000000000000000000
1420;1466432.00000000000000000000000000000000000000000000000000
1421;1466396.00000000000000000000000000000000000000000000000000
1422;1466432.00000000000000000000000000000000000000000000000000
1423;1466428.00000000000000000000000000000000000000000000000000
1424;1466396.00000000000000000000000000000000000000000000000000
1425;1466396.00000000000000000000000000000000000000000000000000
1426;1466428.00000000000000000000000000000000000000000000000000
1427;1465916.00000000000000000000000000000000000000000000000000
1428;1466396.00000000000000000000000000000000000000000000000000
1429;1466396.00000000000000000000000000000000000000000000000000
1430;1466396.00000000000000000000000000000000000000000000000000
1431;1466428.00000000000000000000000000000000000000000000000000
1432;1466396.00000000000000000000000000000000000000000000000000
1433;1466396.00000000000000000000000000000000000000000000000000
1434;1466336.00000000000000000000000000000000000000000000000000
1435;1466392.00000000000000000000000000000000000000000000000000
1436;1465404.00000000000000000000000000000000000000000000000000
1437;1466396.00000000000000000000000000000000000000000000000000
1438;1466396.00000000000000000000000000000000000000000000000000
1439;1466392.00000000000000000000000000000000000000000000000000
1440;1465404.00000000000000000000000000000000000000000000000000
1441;1466332.00000000000000000000000000000000000000000000000000
1442;1466396.00000000000000000000000000000000000000000000000000
1443;1466396.00000000000000000000000000000000000000000000000000
1444;1465404.00000000000000000000000000000000000000000000000000
1445;1466396.00000000000000000000000000000000000000000000000000
1446;1466396.00000000000000000000000000000000000000000000000000
1447;1466336.00000000000000000000000000000000000000000000000000
1448;1466396.00000000000000000000000000000000000000000000000000
1449;1466396.00000000000000000000000000000000000000000000000000
1450;1466432.00000000000000000000000000000000000000000000000000
1451;1465408.00000000000000000000000000000000000000000000000000
1452;1466332.00000000000000000000000000000000000000000000000000
1453;1466336.00000000000000000000000000000000000000000000000000
1454;1466396.00000000000000000000000000000000000000000000000000
1455;1466332.00000000000000000000000000000000000000000000000000
1456;1466396.00000000000000000000000000000000000000000000000000
1457;1466396.00000000000000000000000000000000000000000000000000
1458;1466428.00000000000000000000000000000000000000000000000000
1459;1346184.00000000000000000000000000000000000000000000000000
1460;1345852.00000000000000000000000000000000000000000000000000
1461;1345460.00000000000000000000000000000000000000000000000000
1462;1347072.00000000000000000000000000000000000000000000000000
1463;1349984.00000000000000000000000000000000000000000000000000
1464;1352064.00000000000000000000000000000000000000000000000000
1465;1353832.00000000000000000000000000000000000000000000000000
1466;1356028.00000000000000000000000000000000000000000000000000
1467;1358156.00000000000000000000000000000000000000000000000000
1468;1360844.00000000000000000000000000000000000000000000000000
1469;1365040.00000000000000000000000000000000000000000000000000
1470;1367652.00000000000000000000000000000000000000000000000000
1471;1371236.00000000000000000000000000000000000000000000000000
1472;1373660.00000000000000000000000000000000000000000000000000
1473;1375776.00000000000000000000000000000000000000000000000000
1474;1378380.00000000000000000000000000000000000000000000000000
1475;1379708.00000000000000000000000000000000000000000000000000
1476;1382644.00000000000000000000000000000000000000000000000000
1477;1384240.00000000000000000000000000000000000000000000000000
1478;1387900.00000000000000000000000000000000000000000000000000
1479;1389020.00000000000000000000000000000000000000000000000000
1480;1391160.00000000000000000000000000000000000000000000000000
1481;1394280.00000000000000000000000000000000000000000000000000
1482;1395956.00000000000000000000000000000000000000000000000000
1483;1398628.00000000000000000000000000000000000000000000000000
1484;1400788.00000000000000000000000000000000000000000000000000
1485;1402336.00000000000000000000000000000000000000000000000000
1486;1404328.00000000000000000000000000000000000000000000000000
1487;1409176.00000000000000000000000000000000000000000000000000
1488;1412168.00000000000000000000000000000000000000000000000000
1489;1415300.00000000000000000000000000000000000000000000000000
1490;1418400.00000000000000000000000000000000000000000000000000
1491;1420072.00000000000000000000000000000000000000000000000000
1492;1422424.00000000000000000000000000000000000000000000000000
1493;1424032.00000000000000000000000000000000000000000000000000
1494;1434720.00000000000000000000000000000000000000000000000000
1495;1437688.00000000000000000000000000000000000000000000000000
1496;1439816.00000000000000000000000000000000000000000000000000
1497;1442508.00000000000000000000000000000000000000000000000000
1498;1444784.00000000000000000000000000000000000000000000000000
1499;1449980.00000000000000000000000000000000000000000000000000
1500;1452912.00000000000000000000000000000000000000000000000000
1501;1455852.00000000000000000000000000000000000000000000000000
1502;1458908.00000000000000000000000000000000000000000000000000
1503;1465660.00000000000000000000000000000000000000000000000000
1504;1467032.00000000000000000000000000000000000000000000000000
1505;1465968.00000000000000000000000000000000000000000000000000
1506;1466956.00000000000000000000000000000000000000000000000000
1507;1466956.00000000000000000000000000000000000000000000000000
1508;1465964.00000000000000000000000000000000000000000000000000
1509;1466956.00000000000000000000000000000000000000000000000000
1510;1466956.00000000000000000000000000000000000000000000000000
1511;1466956.00000000000000000000000000000000000000000000000000
1512;1466956.00000000000000000000000000000000000000000000000000
1513;1466896.00000000000000000000000000000000000000000000000000
1514;1466956.00000000000000000000000000000000000000000000000000
1515;1466988.00000000000000000000000000000000000000000000000000
1516;1466956.00000000000000000000000000000000000000000000000000
1517;1466952.00000000000000000000000000000000000000000000000000
1518;1465968.00000000000000000000000000000000000000000000000000
1519;1466892.00000000000000000000000000000000000000000000000000
1520;1466952.00000000000000000000000000000000000000000000000000
1521;1466476.00000000000000000000000000000000000000000000000000
1522;1465964.00000000000000000000000000000000000000000000000000
1523;1466992.00000000000000000000000000000000000000000000000000
1524;1465968.00000000000000000000000000000000000000000000000000
1525;1466988.00000000000000000000000000000000000000000000000000
1526;1465968.00000000000000000000000000000000000000000000000000
1527;1466896.00000000000000000000000000000000000000000000000000
1528;1466956.00000000000000000000000000000000000000000000000000
1529;1466956.00000000000000000000000000000000000000000000000000
1530;1466956.00000000000000000000000000000000000000000000000000
1531;1466952.00000000000000000000000000000000000000000000000000
1532;1466476.00000000000000000000000000000000000000000000000000
1533;1466896.00000000000000000000000000000000000000000000000000
1534;1466892.00000000000000000000000000000000000000000000000000
1535;1466952.00000000000000000000000000000000000000000000000000
1536;1465968.00000000000000000000000000000000000000000000000000
1537;1466956.00000000000000000000000000000000000000000000000000
1538;1466952.00000000000000000000000000000000000000000000000000
1539;1466892.00000000000000000000000000000000000000000000000000
1540;1466956.00000000000000000000000000000000000000000000000000
1541;1442884.00000000000000000000000000000000000000000000000000
1542;1443248.00000000000000000000000000000000000000000000000000
1543;1443248.00000000000000000000000000000000000000000000000000
1544;1442868.00000000000000000000000000000000000000000000000000
1545;1443064.00000000000000000000000000000000000000000000000000
1546;1443056.00000000000000000000000000000000000000000000000000
1547;1443764.00000000000000000000000000000000000000000000000000
1548;1443128.00000000000000000000000000000000000000000000000000
1549;1443712.00000000000000000000000000000000000000000000000000
1550;1443476.00000000000000000000000000000000000000000000000000
1551;1444156.00000000000000000000000000000000000000000000000000
1552;1444004.00000000000000000000000000000000000000000000000000
1553;1444228.00000000000000000000000000000000000000000000000000
1554;1444080.00000000000000000000000000000000000000000000000000
1555;1444060.00000000000000000000000000000000000000000000000000
1556;1444204.00000000000000000000000000000000000000000000000000
1557;1444188.00000000000000000000000000000000000000000000000000
1558;1444232.00000000000000000000000000000000000000000000000000
1559;1444520.00000000000000000000000000000000000000000000000000
1560;1444564.00000000000000000000000000000000000000000000000000
1561;1444444.00000000000000000000000000000000000000000000000000
1562;1444472.00000000000000000000000000000000000000000000000000
1563;1444264.00000000000000000000000000000000000000000000000000
1564;1444224.00000000000000000000000000000000000000000000000000
1565;1444340.00000000000000000000000000000000000000000000000000
1566;1444584.00000000000000000000000000000000000000000000000000
1567;1444704.00000000000000000000000000000000000000000000000000
1568;1444836.00000000000000000000000000000000000000000000000000
1569;1445144.00000000000000000000000000000000000000000000000000
1570;1445188.00000000000000000000000000000000000000000000000000
1571;1445352.00000000000000000000000000000000000000000000000000
1572;1445220.00000000000000000000000000000000000000000000000000
1573;1445280.00000000000000000000000000000000000000000000000000
1574;1445804.00000000000000000000000000000000000000000000000000
1575;1446004.00000000000000000000000000000000000000000000000000
1576;1451940.00000000000000000000000000000000000000000000000000
1577;1453928.00000000000000000000000000000000000000000000000000
1578;1456224.00000000000000000000000000000000000000000000000000
1579;1458412.00000000000000000000000000000000000000000000000000
1580;1461616.00000000000000000000000000000000000000000000000000
1581;1466760.00000000000000000000000000000000000000000000000000
1582;1466776.00000000000000000000000000000000000000000000000000
1583;1466952.00000000000000000000000000000000000000000000000000
1584;1466956.00000000000000000000000000000000000000000000000000
1585;1466024.00000000000000000000000000000000000000000000000000
1586;1467016.00000000000000000000000000000000000000000000000000
1587;1466024.00000000000000000000000000000000000000000000000000
1588;1467012.00000000000000000000000000000000000000000000000000
1589;1467016.00000000000000000000000000000000000000000000000000
1590;1467016.00000000000000000000000000000000000000000000000000
1591;1467016.00000000000000000000000000000000000000000000000000
1592;1466952.00000000000000000000000000000000000000000000000000
1593;1467052.00000000000000000000000000000000000000000000000000
1594;1467016.00000000000000000000000000000000000000000000000000
1595;1467012.00000000000000000000000000000000000000000000000000
1596;1467016.00000000000000000000000000000000000000000000000000
1597;1467016.00000000000000000000000000000000000000000000000000
1598;1467052.00000000000000000000000000000000000000000000000000
1599;1466956.00000000000000000000000000000000000000000000000000
1600;1466536.00000000000000000000000000000000000000000000000000
1601;1466536.00000000000000000000000000000000000000000000000000
1602;1467016.00000000000000000000000000000000000000000000000000
1603;1466024.00000000000000000000000000000000000000000000000000
1604;1466952.00000000000000000000000000000000000000000000000000
1605;1467048.00000000000000000000000000000000000000000000000000
1606;1467016.00000000000000000000000000000000000000000000000000
1607;1467016.00000000000000000000000000000000000000000000000000
1608;1467016.00000000000000000000000000000000000000000000000000
1609;1467048.00000000000000000000000000000000000000000000000000
1610;1467016.00000000000000000000000000000000000000000000000000
1611;1467016.00000000000000000000000000000000000000000000000000
1612;1467012.00000000000000000000000000000000000000000000000000
1613;1467016.00000000000000000000000000000000000000000000000000
1614;1467052.00000000000000000000000000000000000000000000000000
1615;1467016.00000000000000000000000000000000000000000000000000
1616;1466536.00000000000000000000000000000000000000000000000000
1617;1466952.00000000000000000000000000000000000000000000000000
1618;1466024.00000000000000000000000000000000000000000000000000
1619;1446796.00000000000000000000000000000000000000000000000000
1620;1446900.00000000000000000000000000000000000000000000000000
1621;1445660.00000000000000000000000000000000000000000000000000
1622;1445680.00000000000000000000000000000000000000000000000000
1623;1445956.00000000000000000000000000000000000000000000000000
1624;1445720.00000000000000000000000000000000000000000000000000
1625;1445708.00000000000000000000000000000000000000000000000000
1626;1445816.00000000000000000000000000000000000000000000000000
1627;1446136.00000000000000000000000000000000000000000000000000
1628;1445940.00000000000000000000000000000000000000000000000000
1629;1445712.00000000000000000000000000000000000000000000000000
1630;1445788.00000000000000000000000000000000000000000000000000
1631;1445228.00000000000000000000000000000000000000000000000000
1632;1445300.00000000000000000000000000000000000000000000000000
1633;1445280.00000000000000000000000000000000000000000000000000
1634;1445296.00000000000000000000000000000000000000000000000000
1635;1446368.00000000000000000000000000000000000000000000000000
1636;1446044.00000000000000000000000000000000000000000000000000
1637;1446184.00000000000000000000000000000000000000000000000000
1638;1446264.00000000000000000000000000000000000000000000000000
1639;1446268.00000000000000000000000000000000000000000000000000
1640;1446248.00000000000000000000000000000000000000000000000000
1641;1446140.00000000000000000000000000000000000000000000000000
1642;1446484.00000000000000000000000000000000000000000000000000
1643;1446472.00000000000000000000000000000000000000000000000000
1644;1446580.00000000000000000000000000000000000000000000000000
1645;1446036.00000000000000000000000000000000000000000000000000
1646;1446036.00000000000000000000000000000000000000000000000000
1647;1445044.00000000000000000000000000000000000000000000000000
1648;1445044.00000000000000000000000000000000000000000000000000
1649;1445280.00000000000000000000000000000000000000000000000000
1650;1445240.00000000000000000000000000000000000000000000000000
1651;1445272.00000000000000000000000000000000000000000000000000
1652;1445324.00000000000000000000000000000000000000000000000000
1653;1445536.00000000000000000000000000000000000000000000000000
1654;1445168.00000000000000000000000000000000000000000000000000
1655;1445392.00000000000000000000000000000000000000000000000000
1656;1445412.00000000000000000000000000000000000000000000000000
1657;1445268.00000000000000000000000000000000000000000000000000
1658;1447248.00000000000000000000000000000000000000000000000000
1659;1448672.00000000000000000000000000000000000000000000000000
1660;1455104.00000000000000000000000000000000000000000000000000
1661;1457572.00000000000000000000000000000000000000000000000000
1662;1459632.00000000000000000000000000000000000000000000000000
1663;1462444.00000000000000000000000000000000000000000000000000
1664;1464828.00000000000000000000000000000000000000000000000000
1665;1465748.00000000000000000000000000000000000000000000000000
1666;1465784.00000000000000000000000000000000000000000000000000
1667;1465684.00000000000000000000000000000000000000000000000000
1668;1465748.00000000000000000000000000000000000000000000000000
1669;1464756.00000000000000000000000000000000000000000000000000
1670;1465748.00000000000000000000000000000000000000000000000000
1671;1465684.00000000000000000000000000000000000000000000000000
1672;1464756.00000000000000000000000000000000000000000000000000
1673;1465748.00000000000000000000000000000000000000000000000000
1674;1465748.00000000000000000000000000000000000000000000000000
1675;1465748.00000000000000000000000000000000000000000000000000
1676;1465752.00000000000000000000000000000000000000000000000000
1677;1465752.00000000000000000000000000000000000000000000000000
1678;1465784.00000000000000000000000000000000000000000000000000
1679;1464760.00000000000000000000000000000000000000000000000000
1680;1465688.00000000000000000000000000000000000000000000000000
1681;1465784.00000000000000000000000000000000000000000000000000
1682;1465752.00000000000000000000000000000000000000000000000000
1683;1465784.00000000000000000000000000000000000000000000000000
1684;1465752.00000000000000000000000000000000000000000000000000
1685;1465272.00000000000000000000000000000000000000000000000000
1686;1465752.00000000000000000000000000000000000000000000000000
1687;1465752.00000000000000000000000000000000000000000000000000
1688;1465788.00000000000000000000000000000000000000000000000000
1689;1465752.00000000000000000000000000000000000000000000000000
1690;1464760.00000000000000000000000000000000000000000000000000
1691;1465752.00000000000000000000000000000000000000000000000000
1692;1465752.00000000000000000000000000000000000000000000000000
1693;1465752.00000000000000000000000000000000000000000000000000
1694;1465752.00000000000000000000000000000000000000000000000000
1695;1465788.00000000000000000000000000000000000000000000000000
1696;1465688.00000000000000000000000000000000000000000000000000
1697;1465272.00000000000000000000000000000000000000000000000000
1698;1465752.00000000000000000000000000000000000000000000000000
1699;1465688.00000000000000000000000000000000000000000000000000
1700;1465752.00000000000000000000000000000000000000000000000000
1701;1353248.00000000000000000000000000000000000000000000000000
1702;1353104.00000000000000000000000000000000000000000000000000
1703;1354756.00000000000000000000000000000000000000000000000000
1704;1354816.00000000000000000000000000000000000000000000000000
1705;1357660.00000000000000000000000000000000000000000000000000
1706;1360060.00000000000000000000000000000000000000000000000000
1707;1362728.00000000000000000000000000000000000000000000000000
1708;1364616.00000000000000000000000000000000000000000000000000
1709;1367576.00000000000000000000000000000000000000000000000000
1710;1369500.00000000000000000000000000000000000000000000000000
1711;1371372.00000000000000000000000000000000000000000000000000
1712;1373732.00000000000000000000000000000000000000000000000000
1713;1375976.00000000000000000000000000000000000000000000000000
1714;1379516.00000000000000000000000000000000000000000000000000
1715;1381616.00000000000000000000000000000000000000000000000000
1716;1383812.00000000000000000000000000000000000000000000000000
1717;1386328.00000000000000000000000000000000000000000000000000
1718;1387800.00000000000000000000000000000000000000000000000000
1719;1389952.00000000000000000000000000000000000000000000000000
1720;1392256.00000000000000000000000000000000000000000000000000
1721;1393080.00000000000000000000000000000000000000000000000000
1722;1395984.00000000000000000000000000000000000000000000000000
1723;1397924.00000000000000000000000000000000000000000000000000
1724;1401760.00000000000000000000000000000000000000000000000000
1725;1403620.00000000000000000000000000000000000000000000000000
1726;1405124.00000000000000000000000000000000000000000000000000
1727;1407448.00000000000000000000000000000000000000000000000000
1728;1411296.00000000000000000000000000000000000000000000000000
1729;1413412.00000000000000000000000000000000000000000000000000
1730;1415932.00000000000000000000000000000000000000000000000000
1731;1419300.00000000000000000000000000000000000000000000000000
1732;1421964.00000000000000000000000000000000000000000000000000
1733;1424788.00000000000000000000000000000000000000000000000000
1734;1427432.00000000000000000000000000000000000000000000000000
1735;1440188.00000000000000000000000000000000000000000000000000
1736;1441368.00000000000000000000000000000000000000000000000000
1737;1443500.00000000000000000000000000000000000000000000000000
1738;1445312.00000000000000000000000000000000000000000000000000
1739;1450476.00000000000000000000000000000000000000000000000000
1740;1453276.00000000000000000000000000000000000000000000000000
1741;1456108.00000000000000000000000000000000000000000000000000
1742;1458176.00000000000000000000000000000000000000000000000000
1743;1459352.00000000000000000000000000000000000000000000000000
1744;1461356.00000000000000000000000000000000000000000000000000
1745;1462700.00000000000000000000000000000000000000000000000000
1746;1462192.00000000000000000000000000000000000000000000000000
1747;1462640.00000000000000000000000000000000000000000000000000
1748;1462672.00000000000000000000000000000000000000000000000000
1749;1462640.00000000000000000000000000000000000000000000000000
1750;1462640.00000000000000000000000000000000000000000000000000
1751;1461648.00000000000000000000000000000000000000000000000000
1752;1461648.00000000000000000000000000000000000000000000000000
1753;1462640.00000000000000000000000000000000000000000000000000
1754;1462640.00000000000000000000000000000000000000000000000000
1755;1462640.00000000000000000000000000000000000000000000000000
1756;1462640.00000000000000000000000000000000000000000000000000
1757;1461648.00000000000000000000000000000000000000000000000000
1758;1462652.00000000000000000000000000000000000000000000000000
1759;1462172.00000000000000000000000000000000000000000000000000
1760;1462172.00000000000000000000000000000000000000000000000000
1761;1462660.00000000000000000000000000000000000000000000000000
1762;1461672.00000000000000000000000000000000000000000000000000
1763;1461672.00000000000000000000000000000000000000000000000000
1764;1462696.00000000000000000000000000000000000000000000000000
1765;1462600.00000000000000000000000000000000000000000000000000
1766;1462664.00000000000000000000000000000000000000000000000000
1767;1462184.00000000000000000000000000000000000000000000000000
1768;1462664.00000000000000000000000000000000000000000000000000
1769;1462664.00000000000000000000000000000000000000000000000000
1770;1461672.00000000000000000000000000000000000000000000000000
1771;1462664.00000000000000000000000000000000000000000000000000
1772;1462664.00000000000000000000000000000000000000000000000000
1773;1462600.00000000000000000000000000000000000000000000000000
1774;1462600.00000000000000000000000000000000000000000000000000
1775;1462664.00000000000000000000000000000000000000000000000000
1776;1462664.00000000000000000000000000000000000000000000000000
1777;1462664.00000000000000000000000000000000000000000000000000
1778;1462600.00000000000000000000000000000000000000000000000000
1779;1462600.00000000000000000000000000000000000000000000000000
1780;1462696.00000000000000000000000000000000000000000000000000
1781;1461672.00000000000000000000000000000000000000000000000000
1782;1462664.00000000000000000000000000000000000000000000000000
1783;1462664.00000000000000000000000000000000000000000000000000
1784;1462664.00000000000000000000000000000000000000000000000000
1785;1455656.00000000000000000000000000000000000000000000000000
1786;1455692.00000000000000000000000000000000000000000000000000
1787;1455512.00000000000000000000000000000000000000000000000000
1788;1455964.00000000000000000000000000000000000000000000000000
1789;1455720.00000000000000000000000000000000000000000000000000
1790;1455900.00000000000000000000000000000000000000000000000000
1791;1456104.00000000000000000000000000000000000000000000000000
1792;1456212.00000000000000000000000000000000000000000000000000
1793;1456176.00000000000000000000000000000000000000000000000000
1794;1456560.00000000000000000000000000000000000000000000000000
1795;1456384.00000000000000000000000000000000000000000000000000
1796;1456540.00000000000000000000000000000000000000000000000000
1797;1456444.00000000000000000000000000000000000000000000000000
1798;1456700.00000000000000000000000000000000000000000000000000
1799;1456512.00000000000000000000000000000000000000000000000000
1800;1456720.00000000000000000000000000000000000000000000000000
1801;1456572.00000000000000000000000000000000000000000000000000
1802;1456732.00000000000000000000000000000000000000000000000000
1803;1456912.00000000000000000000000000000000000000000000000000
1804;1456820.00000000000000000000000000000000000000000000000000
1805;1456748.00000000000000000000000000000000000000000000000000
1806;1456896.00000000000000000000000000000000000000000000000000
1807;1456616.00000000000000000000000000000000000000000000000000
1808;1456844.00000000000000000000000000000000000000000000000000
1809;1457116.00000000000000000000000000000000000000000000000000
1810;1457164.00000000000000000000000000000000000000000000000000
1811;1457096.00000000000000000000000000000000000000000000000000
1812;1457576.00000000000000000000000000000000000000000000000000
1813;1457496.00000000000000000000000000000000000000000000000000
1814;1457600.00000000000000000000000000000000000000000000000000
1815;1457608.00000000000000000000000000000000000000000000000000
1816;1457812.00000000000000000000000000000000000000000000000000
1817;1457824.00000000000000000000000000000000000000000000000000
1818;1457980.00000000000000000000000000000000000000000000000000
1819;1458044.00000000000000000000000000000000000000000000000000
1820;1458592.00000000000000000000000000000000000000000000000000
1821;1458588.00000000000000000000000000000000000000000000000000
1822;1458668.00000000000000000000000000000000000000000000000000
1823;1459296.00000000000000000000000000000000000000000000000000
1824;1459568.00000000000000000000000000000000000000000000000000
1825;1461876.00000000000000000000000000000000000000000000000000
1826;1464468.00000000000000000000000000000000000000000000000000
1827;1465184.00000000000000000000000000000000000000000000000000
1828;1465396.00000000000000000000000000000000000000000000000000
1829;1465332.00000000000000000000000000000000000000000000000000
1830;1465332.00000000000000000000000000000000000000000000000000
1831;1465332.00000000000000000000000000000000000000000000000000
1832;1464372.00000000000000000000000000000000000000000000000000
1833;1465328.00000000000000000000000000000000000000000000000000
1834;1465332.00000000000000000000000000000000000000000000000000
1835;1465332.00000000000000000000000000000000000000000000000000
1836;1465328.00000000000000000000000000000000000000000000000000
1837;1465332.00000000000000000000000000000000000000000000000000
1838;1465332.00000000000000000000000000000000000000000000000000
1839;1465332.00000000000000000000000000000000000000000000000000
1840;1465328.00000000000000000000000000000000000000000000000000
1841;1465332.00000000000000000000000000000000000000000000000000
1842;1465332.00000000000000000000000000000000000000000000000000
1843;1465332.00000000000000000000000000000000000000000000000000
1844;1465328.00000000000000000000000000000000000000000000000000
1845;1465332.00000000000000000000000000000000000000000000000000
1846;1465332.00000000000000000000000000000000000000000000000000
1847;1464372.00000000000000000000000000000000000000000000000000
1848;1465332.00000000000000000000000000000000000000000000000000
1849;1465328.00000000000000000000000000000000000000000000000000
1850;1465332.00000000000000000000000000000000000000000000000000
1851;1465332.00000000000000000000000000000000000000000000000000
1852;1464372.00000000000000000000000000000000000000000000000000
1853;1465268.00000000000000000000000000000000000000000000000000
1854;1465396.00000000000000000000000000000000000000000000000000
1855;1465332.00000000000000000000000000000000000000000000000000
1856;1464884.00000000000000000000000000000000000000000000000000
1857;1465332.00000000000000000000000000000000000000000000000000
1858;1465332.00000000000000000000000000000000000000000000000000
1859;1465332.00000000000000000000000000000000000000000000000000
1860;1465328.00000000000000000000000000000000000000000000000000
1861;1465268.00000000000000000000000000000000000000000000000000
1862;1465272.00000000000000000000000000000000000000000000000000
1863;1465332.00000000000000000000000000000000000000000000000000
1864;1354600.00000000000000000000000000000000000000000000000000
1865;1354720.00000000000000000000000000000000000000000000000000
1866;1356080.00000000000000000000000000000000000000000000000000
1867;1357320.00000000000000000000000000000000000000000000000000
1868;1360092.00000000000000000000000000000000000000000000000000
1869;1362184.00000000000000000000000000000000000000000000000000
1870;1364376.00000000000000000000000000000000000000000000000000
1871;1366132.00000000000000000000000000000000000000000000000000
1872;1368108.00000000000000000000000000000000000000000000000000
1873;1370624.00000000000000000000000000000000000000000000000000
1874;1373316.00000000000000000000000000000000000000000000000000
1875;1374364.00000000000000000000000000000000000000000000000000
1876;1377000.00000000000000000000000000000000000000000000000000
1877;1378800.00000000000000000000000000000000000000000000000000
1878;1381668.00000000000000000000000000000000000000000000000000
1879;1384296.00000000000000000000000000000000000000000000000000
1880;1387344.00000000000000000000000000000000000000000000000000
1881;1389416.00000000000000000000000000000000000000000000000000
1882;1392372.00000000000000000000000000000000000000000000000000
1883;1396136.00000000000000000000000000000000000000000000000000
1884;1397916.00000000000000000000000000000000000000000000000000
1885;1400352.00000000000000000000000000000000000000000000000000
1886;1402164.00000000000000000000000000000000000000000000000000
1887;1404176.00000000000000000000000000000000000000000000000000
1888;1409888.00000000000000000000000000000000000000000000000000
1889;1411976.00000000000000000000000000000000000000000000000000
1890;1414924.00000000000000000000000000000000000000000000000000
1891;1418596.00000000000000000000000000000000000000000000000000
1892;1421148.00000000000000000000000000000000000000000000000000
1893;1423016.00000000000000000000000000000000000000000000000000
1894;1431852.00000000000000000000000000000000000000000000000000
1895;1433944.00000000000000000000000000000000000000000000000000
1896;1436200.00000000000000000000000000000000000000000000000000
1897;1439112.00000000000000000000000000000000000000000000000000
1898;1444596.00000000000000000000000000000000000000000000000000
1899;1446504.00000000000000000000000000000000000000000000000000
1900;1448764.00000000000000000000000000000000000000000000000000
1901;1451524.00000000000000000000000000000000000000000000000000
1902;1458776.00000000000000000000000000000000000000000000000000
1903;1458852.00000000000000000000000000000000000000000000000000
1904;1459044.00000000000000000000000000000000000000000000000000
1905;1461468.00000000000000000000000000000000000000000000000000
1906;1461484.00000000000000000000000000000000000000000000000000
1907;1462468.00000000000000000000000000000000000000000000000000
1908;1461476.00000000000000000000000000000000000000000000000000
1909;1462468.00000000000000000000000000000000000000000000000000
1910;1462468.00000000000000000000000000000000000000000000000000
1911;1461476.00000000000000000000000000000000000000000000000000
1912;1462408.00000000000000000000000000000000000000000000000000
1913;1461480.00000000000000000000000000000000000000000000000000
1914;1462468.00000000000000000000000000000000000000000000000000
1915;1462464.00000000000000000000000000000000000000000000000000
1916;1461476.00000000000000000000000000000000000000000000000000
1917;1462480.00000000000000000000000000000000000000000000000000
1918;1462516.00000000000000000000000000000000000000000000000000
1919;1462480.00000000000000000000000000000000000000000000000000
1920;1462504.00000000000000000000000000000000000000000000000000
1921;1462480.00000000000000000000000000000000000000000000000000
1922;1462480.00000000000000000000000000000000000000000000000000
1923;1462480.00000000000000000000000000000000000000000000000000
1924;1462480.00000000000000000000000000000000000000000000000000
1925;1461488.00000000000000000000000000000000000000000000000000
1926;1462480.00000000000000000000000000000000000000000000000000
1927;1462416.00000000000000000000000000000000000000000000000000
1928;1462420.00000000000000000000000000000000000000000000000000
1929;1462480.00000000000000000000000000000000000000000000000000
1930;1462480.00000000000000000000000000000000000000000000000000
1931;1462516.00000000000000000000000000000000000000000000000000
1932;1462480.00000000000000000000000000000000000000000000000000
1933;1462480.00000000000000000000000000000000000000000000000000
1934;1462476.00000000000000000000000000000000000000000000000000
1935;1462480.00000000000000000000000000000000000000000000000000
1936;1462476.00000000000000000000000000000000000000000000000000
1937;1461488.00000000000000000000000000000000000000000000000000
1938;1461488.00000000000000000000000000000000000000000000000000
1939;1461488.00000000000000000000000000000000000000000000000000
1940;1461488.00000000000000000000000000000000000000000000000000
1941;1462000.00000000000000000000000000000000000000000000000000
1942;1448272.00000000000000000000000000000000000000000000000000
1943;1448272.00000000000000000000000000000000000000000000000000
1944;1448012.00000000000000000000000000000000000000000000000000
1945;1448748.00000000000000000000000000000000000000000000000000
1946;1448796.00000000000000000000000000000000000000000000000000
1947;1449024.00000000000000000000000000000000000000000000000000
1948;1449260.00000000000000000000000000000000000000000000000000
1949;1448964.00000000000000000000000000000000000000000000000000
1950;1448912.00000000000000000000000000000000000000000000000000
1951;1448512.00000000000000000000000000000000000000000000000000
1952;1448828.00000000000000000000000000000000000000000000000000
1953;1448712.00000000000000000000000000000000000000000000000000
1954;1448828.00000000000000000000000000000000000000000000000000
1955;1448804.00000000000000000000000000000000000000000000000000
1956;1449360.00000000000000000000000000000000000000000000000000
1957;1448916.00000000000000000000000000000000000000000000000000
1958;1449076.00000000000000000000000000000000000000000000000000
1959;1449056.00000000000000000000000000000000000000000000000000
1960;1449264.00000000000000000000000000000000000000000000000000
1961;1449184.00000000000000000000000000000000000000000000000000
1962;1449176.00000000000000000000000000000000000000000000000000
1963;1449060.00000000000000000000000000000000000000000000000000
1964;1449552.00000000000000000000000000000000000000000000000000
1965;1449700.00000000000000000000000000000000000000000000000000
1966;1449712.00000000000000000000000000000000000000000000000000
1967;1449840.00000000000000000000000000000000000000000000000000
1968;1449788.00000000000000000000000000000000000000000000000000
1969;1450104.00000000000000000000000000000000000000000000000000
1970;1450064.00000000000000000000000000000000000000000000000000
1971;1450076.00000000000000000000000000000000000000000000000000
1972;1450064.00000000000000000000000000000000000000000000000000
1973;1449864.00000000000000000000000000000000000000000000000000
1974;1450360.00000000000000000000000000000000000000000000000000
1975;1450464.00000000000000000000000000000000000000000000000000
1976;1451132.00000000000000000000000000000000000000000000000000
1977;1451412.00000000000000000000000000000000000000000000000000
1978;1452012.00000000000000000000000000000000000000000000000000
1979;1452076.00000000000000000000000000000000000000000000000000
1980;1452164.00000000000000000000000000000000000000000000000000
1981;1454328.00000000000000000000000000000000000000000000000000
1982;1459132.00000000000000000000000000000000000000000000000000
1983;1461404.00000000000000000000000000000000000000000000000000
1984;1462884.00000000000000000000000000000000000000000000000000
1985;1465916.00000000000000000000000000000000000000000000000000
1986;1468180.00000000000000000000000000000000000000000000000000
1987;1468272.00000000000000000000000000000000000000000000000000
1988;1467468.00000000000000000000000000000000000000000000000000
1989;1467532.00000000000000000000000000000000000000000000000000
1990;1467532.00000000000000000000000000000000000000000000000000
1991;1467888.00000000000000000000000000000000000000000000000000
1992;1468268.00000000000000000000000000000000000000000000000000
1993;1467536.00000000000000000000000000000000000000000000000000
1994;1468268.00000000000000000000000000000000000000000000000000
1995;1467532.00000000000000000000000000000000000000000000000000
1996;1468516.00000000000000000000000000000000000000000000000000
1997;1468016.00000000000000000000000000000000000000000000000000
1998;1467688.00000000000000000000000000000000000000000000000000
1999;1467688.00000000000000000000000000000000000000000000000000
2000;1468360.00000000000000000000000000000000000000000000000000
2001;1467688.00000000000000000000000000000000000000000000000000
2002;1468108.00000000000000000000000000000000000000000000000000
2003;1467560.00000000000000000000000000000000000000000000000000
2004;1468360.00000000000000000000000000000000000000000000000000
2005;1467544.00000000000000000000000000000000000000000000000000
2006;1467560.00000000000000000000000000000000000000000000000000
2007;1467560.00000000000000000000000000000000000000000000000000
2008;1468108.00000000000000000000000000000000000000000000000000
2009;1468108.00000000000000000000000000000000000000000000000000
2010;1468108.00000000000000000000000000000000000000000000000000
2011;1467688.00000000000000000000000000000000000000000000000000
2012;1467688.00000000000000000000000000000000000000000000000000
2013;1467624.00000000000000000000000000000000000000000000000000
2014;1467628.00000000000000000000000000000000000000000000000000
2015;1468136.00000000000000000000000000000000000000000000000000
2016;1468360.00000000000000000000000000000000000000000000000000
2017;1468360.00000000000000000000000000000000000000000000000000
2018;1468360.00000000000000000000000000000000000000000000000000
2019;1468584.00000000000000000000000000000000000000000000000000
2020;1467980.00000000000000000000000000000000000000000000000000
2021;1468072.00000000000000000000000000000000000000000000000000
2022;1467628.00000000000000000000000000000000000000000000000000
2023;1467560.00000000000000000000000000000000000000000000000000
2024;1458684.00000000000000000000000000000000000000000000000000
2025;1459776.00000000000000000000000000000000000000000000000000
2026;1459704.00000000000000000000000000000000000000000000000000
2027;1459888.00000000000000000000000000000000000000000000000000
2028;1459948.00000000000000000000000000000000000000000000000000
2029;1459956.00000000000000000000000000000000000000000000000000
2030;1460008.00000000000000000000000000000000000000000000000000
2031;1460120.00000000000000000000000000000000000000000000000000
2032;1460056.00000000000000000000000000000000000000000000000000
2033;1460276.00000000000000000000000000000000000000000000000000
2034;1459600.00000000000000000000000000000000000000000000000000
2035;1459272.00000000000000000000000000000000000000000000000000
2036;1459260.00000000000000000000000000000000000000000000000000
2037;1460508.00000000000000000000000000000000000000000000000000
2038;1459876.00000000000000000000000000000000000000000000000000
2039;1460124.00000000000000000000000000000000000000000000000000
2040;1460000.00000000000000000000000000000000000000000000000000
2041;1459648.00000000000000000000000000000000000000000000000000
2042;1459392.00000000000000000000000000000000000000000000000000
2043;1459720.00000000000000000000000000000000000000000000000000
2044;1459352.00000000000000000000000000000000000000000000000000
2045;1459856.00000000000000000000000000000000000000000000000000
2046;1459820.00000000000000000000000000000000000000000000000000
2047;1459948.00000000000000000000000000000000000000000000000000
2048;1459896.00000000000000000000000000000000000000000000000000
2049;1460692.00000000000000000000000000000000000000000000000000
2050;1460480.00000000000000000000000000000000000000000000000000
2051;1460460.00000000000000000000000000000000000000000000000000
2052;1459968.00000000000000000000000000000000000000000000000000
2053;1460728.00000000000000000000000000000000000000000000000000
2054;1460476.00000000000000000000000000000000000000000000000000
2055;1460148.00000000000000000000000000000000000000000000000000
2056;1459916.00000000000000000000000000000000000000000000000000
2057;1460264.00000000000000000000000000000000000000000000000000
2058;1460444.00000000000000000000000000000000000000000000000000
2059;1460476.00000000000000000000000000000000000000000000000000
2060;1460440.00000000000000000000000000000000000000000000000000
2061;1460452.00000000000000000000000000000000000000000000000000
2062;1460420.00000000000000000000000000000000000000000000000000
2063;1460776.00000000000000000000000000000000000000000000000000
2064;1460696.00000000000000000000000000000000000000000000000000
2065;1461644.00000000000000000000000000000000000000000000000000
2066;1463876.00000000000000000000000000000000000000000000000000
2067;1465960.00000000000000000000000000000000000000000000000000
2068;1467244.00000000000000000000000000000000000000000000000000
2069;1466136.00000000000000000000000000000000000000000000000000
2070;1467096.00000000000000000000000000000000000000000000000000
2071;1467160.00000000000000000000000000000000000000000000000000
2072;1467160.00000000000000000000000000000000000000000000000000
2073;1467096.00000000000000000000000000000000000000000000000000
2074;1467096.00000000000000000000000000000000000000000000000000
2075;1466136.00000000000000000000000000000000000000000000000000
2076;1467092.00000000000000000000000000000000000000000000000000
2077;1467096.00000000000000000000000000000000000000000000000000
2078;1466136.00000000000000000000000000000000000000000000000000
2079;1467096.00000000000000000000000000000000000000000000000000
2080;1467160.00000000000000000000000000000000000000000000000000
2081;1467096.00000000000000000000000000000000000000000000000000
2082;1467092.00000000000000000000000000000000000000000000000000
2083;1467160.00000000000000000000000000000000000000000000000000
2084;1467096.00000000000000000000000000000000000000000000000000
2085;1466136.00000000000000000000000000000000000000000000000000
2086;1467092.00000000000000000000000000000000000000000000000000
2087;1467096.00000000000000000000000000000000000000000000000000
2088;1467096.00000000000000000000000000000000000000000000000000
2089;1467096.00000000000000000000000000000000000000000000000000
2090;1467096.00000000000000000000000000000000000000000000000000
2091;1467096.00000000000000000000000000000000000000000000000000
2092;1467096.00000000000000000000000000000000000000000000000000
2093;1467096.00000000000000000000000000000000000000000000000000
2094;1467160.00000000000000000000000000000000000000000000000000
2095;1467092.00000000000000000000000000000000000000000000000000
2096;1466648.00000000000000000000000000000000000000000000000000
2097;1466136.00000000000000000000000000000000000000000000000000
2098;1466136.00000000000000000000000000000000000000000000000000
2099;1467096.00000000000000000000000000000000000000000000000000
2100;1467036.00000000000000000000000000000000000000000000000000
2101;1467096.00000000000000000000000000000000000000000000000000
2102;1467160.00000000000000000000000000000000000000000000000000
2103;1467036.00000000000000000000000000000000000000000000000000
2104;1348712.00000000000000000000000000000000000000000000000000
2105;1349256.00000000000000000000000000000000000000000000000000
2106;1349972.00000000000000000000000000000000000000000000000000
2107;1351192.00000000000000000000000000000000000000000000000000
2108;1352740.00000000000000000000000000000000000000000000000000
2109;1355484.00000000000000000000000000000000000000000000000000
2110;1356780.00000000000000000000000000000000000000000000000000
2111;1360280.00000000000000000000000000000000000000000000000000
2112;1362256.00000000000000000000000000000000000000000000000000
2113;1366696.00000000000000000000000000000000000000000000000000
2114;1368880.00000000000000000000000000000000000000000000000000
2115;1372016.00000000000000000000000000000000000000000000000000
2116;1374800.00000000000000000000000000000000000000000000000000
2117;1377124.00000000000000000000000000000000000000000000000000
2118;774876.00000000000000000000000000000000000000000000000000
