Second;RAM_KB
0;13200.00000000000000000000000000000000000000000000000000
1;322564.00000000000000000000000000000000000000000000000000
2;375612.00000000000000000000000000000000000000000000000000
3;692328.00000000000000000000000000000000000000000000000000
4;746688.00000000000000000000000000000000000000000000000000
5;805144.00000000000000000000000000000000000000000000000000
6;900260.00000000000000000000000000000000000000000000000000
7;930860.00000000000000000000000000000000000000000000000000
8;935864.00000000000000000000000000000000000000000000000000
9;976880.00000000000000000000000000000000000000000000000000
10;980016.00000000000000000000000000000000000000000000000000
11;984412.00000000000000000000000000000000000000000000000000
12;988284.00000000000000000000000000000000000000000000000000
13;992528.00000000000000000000000000000000000000000000000000
14;997128.00000000000000000000000000000000000000000000000000
15;1001676.00000000000000000000000000000000000000000000000000
16;1006760.00000000000000000000000000000000000000000000000000
17;1011452.00000000000000000000000000000000000000000000000000
18;1017344.00000000000000000000000000000000000000000000000000
19;1020908.00000000000000000000000000000000000000000000000000
20;1027452.00000000000000000000000000000000000000000000000000
21;1029660.00000000000000000000000000000000000000000000000000
22;1035576.00000000000000000000000000000000000000000000000000
23;1039468.00000000000000000000000000000000000000000000000000
24;1043768.00000000000000000000000000000000000000000000000000
25;1049404.00000000000000000000000000000000000000000000000000
26;1056676.00000000000000000000000000000000000000000000000000
27;1059372.00000000000000000000000000000000000000000000000000
28;1065412.00000000000000000000000000000000000000000000000000
29;1069080.00000000000000000000000000000000000000000000000000
30;1075400.00000000000000000000000000000000000000000000000000
31;1079036.00000000000000000000000000000000000000000000000000
32;1082464.00000000000000000000000000000000000000000000000000
33;1088440.00000000000000000000000000000000000000000000000000
34;1091888.00000000000000000000000000000000000000000000000000
35;1097252.00000000000000000000000000000000000000000000000000
36;1102236.00000000000000000000000000000000000000000000000000
37;1106232.00000000000000000000000000000000000000000000000000
38;1109524.00000000000000000000000000000000000000000000000000
39;1113740.00000000000000000000000000000000000000000000000000
40;1119324.00000000000000000000000000000000000000000000000000
41;1122960.00000000000000000000000000000000000000000000000000
42;1126232.00000000000000000000000000000000000000000000000000
43;1129640.00000000000000000000000000000000000000000000000000
44;1133784.00000000000000000000000000000000000000000000000000
45;1139388.00000000000000000000000000000000000000000000000000
46;1143932.00000000000000000000000000000000000000000000000000
47;1147884.00000000000000000000000000000000000000000000000000
48;1151244.00000000000000000000000000000000000000000000000000
49;1154832.00000000000000000000000000000000000000000000000000
50;1160392.00000000000000000000000000000000000000000000000000
51;1164176.00000000000000000000000000000000000000000000000000
52;1166824.00000000000000000000000000000000000000000000000000
53;1169980.00000000000000000000000000000000000000000000000000
54;1173048.00000000000000000000000000000000000000000000000000
55;1174900.00000000000000000000000000000000000000000000000000
56;1182576.00000000000000000000000000000000000000000000000000
57;1185820.00000000000000000000000000000000000000000000000000
58;1190084.00000000000000000000000000000000000000000000000000
59;1193180.00000000000000000000000000000000000000000000000000
60;1197328.00000000000000000000000000000000000000000000000000
61;1200884.00000000000000000000000000000000000000000000000000
62;1206904.00000000000000000000000000000000000000000000000000
63;1210752.00000000000000000000000000000000000000000000000000
64;1214476.00000000000000000000000000000000000000000000000000
65;1218152.00000000000000000000000000000000000000000000000000
66;1221848.00000000000000000000000000000000000000000000000000
67;1226024.00000000000000000000000000000000000000000000000000
68;1229928.00000000000000000000000000000000000000000000000000
69;1237180.00000000000000000000000000000000000000000000000000
70;1238992.00000000000000000000000000000000000000000000000000
71;1242624.00000000000000000000000000000000000000000000000000
72;1246400.00000000000000000000000000000000000000000000000000
73;1250868.00000000000000000000000000000000000000000000000000
74;1253844.00000000000000000000000000000000000000000000000000
75;1258556.00000000000000000000000000000000000000000000000000
76;1262408.00000000000000000000000000000000000000000000000000
77;1266408.00000000000000000000000000000000000000000000000000
78;1272976.00000000000000000000000000000000000000000000000000
79;1275848.00000000000000000000000000000000000000000000000000
80;1279228.00000000000000000000000000000000000000000000000000
81;1283076.00000000000000000000000000000000000000000000000000
82;1288364.00000000000000000000000000000000000000000000000000
83;1291896.00000000000000000000000000000000000000000000000000
84;1296828.00000000000000000000000000000000000000000000000000
85;1300548.00000000000000000000000000000000000000000000000000
86;1309564.00000000000000000000000000000000000000000000000000
87;1313116.00000000000000000000000000000000000000000000000000
88;1316076.00000000000000000000000000000000000000000000000000
89;1319288.00000000000000000000000000000000000000000000000000
90;1323032.00000000000000000000000000000000000000000000000000
91;1327364.00000000000000000000000000000000000000000000000000
92;1330428.00000000000000000000000000000000000000000000000000
93;1334332.00000000000000000000000000000000000000000000000000
94;1338664.00000000000000000000000000000000000000000000000000
95;1342628.00000000000000000000000000000000000000000000000000
96;1351960.00000000000000000000000000000000000000000000000000
97;1354084.00000000000000000000000000000000000000000000000000
98;1356736.00000000000000000000000000000000000000000000000000
99;1360108.00000000000000000000000000000000000000000000000000
100;1362600.00000000000000000000000000000000000000000000000000
101;1368196.00000000000000000000000000000000000000000000000000
102;1372204.00000000000000000000000000000000000000000000000000
103;1371312.00000000000000000000000000000000000000000000000000
104;1376724.00000000000000000000000000000000000000000000000000
105;1380044.00000000000000000000000000000000000000000000000000
106;1384076.00000000000000000000000000000000000000000000000000
107;1386188.00000000000000000000000000000000000000000000000000
108;1389544.00000000000000000000000000000000000000000000000000
109;1398936.00000000000000000000000000000000000000000000000000
110;1400508.00000000000000000000000000000000000000000000000000
111;1402992.00000000000000000000000000000000000000000000000000
112;1406468.00000000000000000000000000000000000000000000000000
113;1410492.00000000000000000000000000000000000000000000000000
114;1413984.00000000000000000000000000000000000000000000000000
115;1417672.00000000000000000000000000000000000000000000000000
116;1421332.00000000000000000000000000000000000000000000000000
117;1425392.00000000000000000000000000000000000000000000000000
118;1428504.00000000000000000000000000000000000000000000000000
119;1432588.00000000000000000000000000000000000000000000000000
120;1436452.00000000000000000000000000000000000000000000000000
121;1440524.00000000000000000000000000000000000000000000000000
122;1444452.00000000000000000000000000000000000000000000000000
123;1453968.00000000000000000000000000000000000000000000000000
124;1455460.00000000000000000000000000000000000000000000000000
125;1459140.00000000000000000000000000000000000000000000000000
126;1462932.00000000000000000000000000000000000000000000000000
127;1464844.00000000000000000000000000000000000000000000000000
128;1468768.00000000000000000000000000000000000000000000000000
129;1472860.00000000000000000000000000000000000000000000000000
130;1476760.00000000000000000000000000000000000000000000000000
131;1481252.00000000000000000000000000000000000000000000000000
132;1486036.00000000000000000000000000000000000000000000000000
133;1488880.00000000000000000000000000000000000000000000000000
134;1492952.00000000000000000000000000000000000000000000000000
135;1496892.00000000000000000000000000000000000000000000000000
136;1500604.00000000000000000000000000000000000000000000000000
137;1504332.00000000000000000000000000000000000000000000000000
138;1514464.00000000000000000000000000000000000000000000000000
139;1515912.00000000000000000000000000000000000000000000000000
140;1518004.00000000000000000000000000000000000000000000000000
141;1521676.00000000000000000000000000000000000000000000000000
142;1525744.00000000000000000000000000000000000000000000000000
143;1528952.00000000000000000000000000000000000000000000000000
144;1533004.00000000000000000000000000000000000000000000000000
145;1536788.00000000000000000000000000000000000000000000000000
146;1540984.00000000000000000000000000000000000000000000000000
147;1545092.00000000000000000000000000000000000000000000000000
148;1548872.00000000000000000000000000000000000000000000000000
149;1552152.00000000000000000000000000000000000000000000000000
150;1555952.00000000000000000000000000000000000000000000000000
151;1560652.00000000000000000000000000000000000000000000000000
152;1564040.00000000000000000000000000000000000000000000000000
153;1569028.00000000000000000000000000000000000000000000000000
154;1577816.00000000000000000000000000000000000000000000000000
155;1577816.00000000000000000000000000000000000000000000000000
156;1577816.00000000000000000000000000000000000000000000000000
157;1577816.00000000000000000000000000000000000000000000000000
158;1816104.00000000000000000000000000000000000000000000000000
159;1816364.00000000000000000000000000000000000000000000000000
160;1816428.00000000000000000000000000000000000000000000000000
161;1816300.00000000000000000000000000000000000000000000000000
162;1816428.00000000000000000000000000000000000000000000000000
163;1816364.00000000000000000000000000000000000000000000000000
164;1816556.00000000000000000000000000000000000000000000000000
165;1816300.00000000000000000000000000000000000000000000000000
166;1816428.00000000000000000000000000000000000000000000000000
167;1816364.00000000000000000000000000000000000000000000000000
168;1816300.00000000000000000000000000000000000000000000000000
169;1816300.00000000000000000000000000000000000000000000000000
170;1816428.00000000000000000000000000000000000000000000000000
171;1816428.00000000000000000000000000000000000000000000000000
172;1816364.00000000000000000000000000000000000000000000000000
173;1816556.00000000000000000000000000000000000000000000000000
174;1816300.00000000000000000000000000000000000000000000000000
175;1816300.00000000000000000000000000000000000000000000000000
176;1816300.00000000000000000000000000000000000000000000000000
177;1816300.00000000000000000000000000000000000000000000000000
178;1816364.00000000000000000000000000000000000000000000000000
179;1816612.00000000000000000000000000000000000000000000000000
180;1816300.00000000000000000000000000000000000000000000000000
181;1816428.00000000000000000000000000000000000000000000000000
182;1816364.00000000000000000000000000000000000000000000000000
183;1816284.00000000000000000000000000000000000000000000000000
184;1816428.00000000000000000000000000000000000000000000000000
185;1816428.00000000000000000000000000000000000000000000000000
186;1816684.00000000000000000000000000000000000000000000000000
187;1816508.00000000000000000000000000000000000000000000000000
188;1816300.00000000000000000000000000000000000000000000000000
189;1816300.00000000000000000000000000000000000000000000000000
190;1816300.00000000000000000000000000000000000000000000000000
191;1816428.00000000000000000000000000000000000000000000000000
192;1817380.00000000000000000000000000000000000000000000000000
193;1817380.00000000000000000000000000000000000000000000000000
194;1817380.00000000000000000000000000000000000000000000000000
195;1817380.00000000000000000000000000000000000000000000000000
196;1817380.00000000000000000000000000000000000000000000000000
197;1817316.00000000000000000000000000000000000000000000000000
198;1817316.00000000000000000000000000000000000000000000000000
199;1817564.00000000000000000000000000000000000000000000000000
200;1817252.00000000000000000000000000000000000000000000000000
201;1817380.00000000000000000000000000000000000000000000000000
202;1817316.00000000000000000000000000000000000000000000000000
203;1817316.00000000000000000000000000000000000000000000000000
204;1817380.00000000000000000000000000000000000000000000000000
205;1817316.00000000000000000000000000000000000000000000000000
206;1817508.00000000000000000000000000000000000000000000000000
207;1817252.00000000000000000000000000000000000000000000000000
208;1817380.00000000000000000000000000000000000000000000000000
209;1817380.00000000000000000000000000000000000000000000000000
210;1817564.00000000000000000000000000000000000000000000000000
211;1817380.00000000000000000000000000000000000000000000000000
212;1817316.00000000000000000000000000000000000000000000000000
213;1817380.00000000000000000000000000000000000000000000000000
214;1817380.00000000000000000000000000000000000000000000000000
215;1817316.00000000000000000000000000000000000000000000000000
216;1817316.00000000000000000000000000000000000000000000000000
217;1817316.00000000000000000000000000000000000000000000000000
218;1817380.00000000000000000000000000000000000000000000000000
219;1817508.00000000000000000000000000000000000000000000000000
220;1817316.00000000000000000000000000000000000000000000000000
221;1817380.00000000000000000000000000000000000000000000000000
222;1817316.00000000000000000000000000000000000000000000000000
223;1817500.00000000000000000000000000000000000000000000000000
224;1817252.00000000000000000000000000000000000000000000000000
225;1817316.00000000000000000000000000000000000000000000000000
226;1817316.00000000000000000000000000000000000000000000000000
227;1817380.00000000000000000000000000000000000000000000000000
228;1817508.00000000000000000000000000000000000000000000000000
229;1817380.00000000000000000000000000000000000000000000000000
230;1817380.00000000000000000000000000000000000000000000000000
231;1817380.00000000000000000000000000000000000000000000000000
232;1817380.00000000000000000000000000000000000000000000000000
233;1817380.00000000000000000000000000000000000000000000000000
234;1817316.00000000000000000000000000000000000000000000000000
235;1817316.00000000000000000000000000000000000000000000000000
236;1817316.00000000000000000000000000000000000000000000000000
237;1817316.00000000000000000000000000000000000000000000000000
238;1817380.00000000000000000000000000000000000000000000000000
239;1817380.00000000000000000000000000000000000000000000000000
240;1817316.00000000000000000000000000000000000000000000000000
241;1817380.00000000000000000000000000000000000000000000000000
242;1817364.00000000000000000000000000000000000000000000000000
243;1817316.00000000000000000000000000000000000000000000000000
244;1817380.00000000000000000000000000000000000000000000000000
245;1817316.00000000000000000000000000000000000000000000000000
246;1817380.00000000000000000000000000000000000000000000000000
247;1817508.00000000000000000000000000000000000000000000000000
248;1817252.00000000000000000000000000000000000000000000000000
249;1817252.00000000000000000000000000000000000000000000000000
250;1817380.00000000000000000000000000000000000000000000000000
251;1817332.00000000000000000000000000000000000000000000000000
252;1817332.00000000000000000000000000000000000000000000000000
253;1817396.00000000000000000000000000000000000000000000000000
254;1817332.00000000000000000000000000000000000000000000000000
255;1817332.00000000000000000000000000000000000000000000000000
256;1817396.00000000000000000000000000000000000000000000000000
257;1817332.00000000000000000000000000000000000000000000000000
258;1817396.00000000000000000000000000000000000000000000000000
259;1817332.00000000000000000000000000000000000000000000000000
260;1817396.00000000000000000000000000000000000000000000000000
261;1817332.00000000000000000000000000000000000000000000000000
262;1817524.00000000000000000000000000000000000000000000000000
263;1817332.00000000000000000000000000000000000000000000000000
264;1817268.00000000000000000000000000000000000000000000000000
265;1817332.00000000000000000000000000000000000000000000000000
266;1817580.00000000000000000000000000000000000000000000000000
267;1454500.00000000000000000000000000000000000000000000000000
268;1453264.00000000000000000000000000000000000000000000000000
269;1453636.00000000000000000000000000000000000000000000000000
270;1453636.00000000000000000000000000000000000000000000000000
271;1455320.00000000000000000000000000000000000000000000000000
272;1457560.00000000000000000000000000000000000000000000000000
273;1459052.00000000000000000000000000000000000000000000000000
274;1460128.00000000000000000000000000000000000000000000000000
275;1461560.00000000000000000000000000000000000000000000000000
276;1460776.00000000000000000000000000000000000000000000000000
277;1463800.00000000000000000000000000000000000000000000000000
278;1465340.00000000000000000000000000000000000000000000000000
279;1466108.00000000000000000000000000000000000000000000000000
280;1467804.00000000000000000000000000000000000000000000000000
281;1469428.00000000000000000000000000000000000000000000000000
282;1471676.00000000000000000000000000000000000000000000000000
283;1472948.00000000000000000000000000000000000000000000000000
284;1474832.00000000000000000000000000000000000000000000000000
285;1476968.00000000000000000000000000000000000000000000000000
286;1480392.00000000000000000000000000000000000000000000000000
287;1482952.00000000000000000000000000000000000000000000000000
288;1484336.00000000000000000000000000000000000000000000000000
289;1487804.00000000000000000000000000000000000000000000000000
290;1489468.00000000000000000000000000000000000000000000000000
291;1491404.00000000000000000000000000000000000000000000000000
292;1494768.00000000000000000000000000000000000000000000000000
293;1496248.00000000000000000000000000000000000000000000000000
294;1497012.00000000000000000000000000000000000000000000000000
295;1501408.00000000000000000000000000000000000000000000000000
296;1503616.00000000000000000000000000000000000000000000000000
297;1505620.00000000000000000000000000000000000000000000000000
298;1506372.00000000000000000000000000000000000000000000000000
299;1508024.00000000000000000000000000000000000000000000000000
300;1510324.00000000000000000000000000000000000000000000000000
301;1512024.00000000000000000000000000000000000000000000000000
302;1513668.00000000000000000000000000000000000000000000000000
303;1517392.00000000000000000000000000000000000000000000000000
304;1519416.00000000000000000000000000000000000000000000000000
305;1521636.00000000000000000000000000000000000000000000000000
306;1523168.00000000000000000000000000000000000000000000000000
307;1525008.00000000000000000000000000000000000000000000000000
308;1530544.00000000000000000000000000000000000000000000000000
309;1533160.00000000000000000000000000000000000000000000000000
310;1535132.00000000000000000000000000000000000000000000000000
311;1537932.00000000000000000000000000000000000000000000000000
312;1543088.00000000000000000000000000000000000000000000000000
313;1543380.00000000000000000000000000000000000000000000000000
314;1545712.00000000000000000000000000000000000000000000000000
315;1547400.00000000000000000000000000000000000000000000000000
316;1549144.00000000000000000000000000000000000000000000000000
317;1551180.00000000000000000000000000000000000000000000000000
318;1557424.00000000000000000000000000000000000000000000000000
319;1556976.00000000000000000000000000000000000000000000000000
320;1558328.00000000000000000000000000000000000000000000000000
321;1559832.00000000000000000000000000000000000000000000000000
322;1561544.00000000000000000000000000000000000000000000000000
323;1563328.00000000000000000000000000000000000000000000000000
324;1572648.00000000000000000000000000000000000000000000000000
325;1573040.00000000000000000000000000000000000000000000000000
326;1573248.00000000000000000000000000000000000000000000000000
327;1573052.00000000000000000000000000000000000000000000000000
328;1574352.00000000000000000000000000000000000000000000000000
329;1576144.00000000000000000000000000000000000000000000000000
330;1578228.00000000000000000000000000000000000000000000000000
331;1579536.00000000000000000000000000000000000000000000000000
332;1590156.00000000000000000000000000000000000000000000000000
333;1590048.00000000000000000000000000000000000000000000000000
334;1590068.00000000000000000000000000000000000000000000000000
335;1590240.00000000000000000000000000000000000000000000000000
336;1592040.00000000000000000000000000000000000000000000000000
337;1594372.00000000000000000000000000000000000000000000000000
338;1595304.00000000000000000000000000000000000000000000000000
339;1597260.00000000000000000000000000000000000000000000000000
340;1609652.00000000000000000000000000000000000000000000000000
341;1609828.00000000000000000000000000000000000000000000000000
342;1609968.00000000000000000000000000000000000000000000000000
343;1609828.00000000000000000000000000000000000000000000000000
344;1612820.00000000000000000000000000000000000000000000000000
345;1613680.00000000000000000000000000000000000000000000000000
346;1615732.00000000000000000000000000000000000000000000000000
347;1616816.00000000000000000000000000000000000000000000000000
348;1619404.00000000000000000000000000000000000000000000000000
349;1631068.00000000000000000000000000000000000000000000000000
350;1631120.00000000000000000000000000000000000000000000000000
351;1631188.00000000000000000000000000000000000000000000000000
352;1631268.00000000000000000000000000000000000000000000000000
353;1631452.00000000000000000000000000000000000000000000000000
354;1631292.00000000000000000000000000000000000000000000000000
355;1632788.00000000000000000000000000000000000000000000000000
356;1635536.00000000000000000000000000000000000000000000000000
357;1636800.00000000000000000000000000000000000000000000000000
358;1638588.00000000000000000000000000000000000000000000000000
359;1641196.00000000000000000000000000000000000000000000000000
360;1655512.00000000000000000000000000000000000000000000000000
361;1655696.00000000000000000000000000000000000000000000000000
362;1655752.00000000000000000000000000000000000000000000000000
363;1656008.00000000000000000000000000000000000000000000000000
364;1656200.00000000000000000000000000000000000000000000000000
365;1656216.00000000000000000000000000000000000000000000000000
366;1656260.00000000000000000000000000000000000000000000000000
367;1657660.00000000000000000000000000000000000000000000000000
368;1660292.00000000000000000000000000000000000000000000000000
369;1661796.00000000000000000000000000000000000000000000000000
370;1663076.00000000000000000000000000000000000000000000000000
371;1665096.00000000000000000000000000000000000000000000000000
372;1680316.00000000000000000000000000000000000000000000000000
373;1680604.00000000000000000000000000000000000000000000000000
374;1680832.00000000000000000000000000000000000000000000000000
375;1680972.00000000000000000000000000000000000000000000000000
376;1680376.00000000000000000000000000000000000000000000000000
377;1681240.00000000000000000000000000000000000000000000000000
378;1682904.00000000000000000000000000000000000000000000000000
379;1684156.00000000000000000000000000000000000000000000000000
380;1686608.00000000000000000000000000000000000000000000000000
381;1688800.00000000000000000000000000000000000000000000000000
382;1690932.00000000000000000000000000000000000000000000000000
383;1692496.00000000000000000000000000000000000000000000000000
384;1695004.00000000000000000000000000000000000000000000000000
385;1709472.00000000000000000000000000000000000000000000000000
386;1709544.00000000000000000000000000000000000000000000000000
387;1709920.00000000000000000000000000000000000000000000000000
388;1710460.00000000000000000000000000000000000000000000000000
389;1712412.00000000000000000000000000000000000000000000000000
390;1714380.00000000000000000000000000000000000000000000000000
391;1717268.00000000000000000000000000000000000000000000000000
392;1720776.00000000000000000000000000000000000000000000000000
393;1724224.00000000000000000000000000000000000000000000000000
394;1728892.00000000000000000000000000000000000000000000000000
395;1732024.00000000000000000000000000000000000000000000000000
396;1736356.00000000000000000000000000000000000000000000000000
397;1740328.00000000000000000000000000000000000000000000000000
398;1744188.00000000000000000000000000000000000000000000000000
399;1747856.00000000000000000000000000000000000000000000000000
400;1766928.00000000000000000000000000000000000000000000000000
401;1768636.00000000000000000000000000000000000000000000000000
402;1770348.00000000000000000000000000000000000000000000000000
403;1772416.00000000000000000000000000000000000000000000000000
404;1774824.00000000000000000000000000000000000000000000000000
405;1776208.00000000000000000000000000000000000000000000000000
406;1779200.00000000000000000000000000000000000000000000000000
407;1782668.00000000000000000000000000000000000000000000000000
408;1786872.00000000000000000000000000000000000000000000000000
409;1790776.00000000000000000000000000000000000000000000000000
410;1793364.00000000000000000000000000000000000000000000000000
411;1798032.00000000000000000000000000000000000000000000000000
412;1800136.00000000000000000000000000000000000000000000000000
413;1804264.00000000000000000000000000000000000000000000000000
414;1808508.00000000000000000000000000000000000000000000000000
415;1813376.00000000000000000000000000000000000000000000000000
416;1822212.00000000000000000000000000000000000000000000000000
417;1822224.00000000000000000000000000000000000000000000000000
418;1822224.00000000000000000000000000000000000000000000000000
419;1822224.00000000000000000000000000000000000000000000000000
420;1821680.00000000000000000000000000000000000000000000000000
421;1821620.00000000000000000000000000000000000000000000000000
422;1821812.00000000000000000000000000000000000000000000000000
423;1821684.00000000000000000000000000000000000000000000000000
424;1821868.00000000000000000000000000000000000000000000000000
425;1821620.00000000000000000000000000000000000000000000000000
426;1821680.00000000000000000000000000000000000000000000000000
427;1821556.00000000000000000000000000000000000000000000000000
428;1821684.00000000000000000000000000000000000000000000000000
429;1821556.00000000000000000000000000000000000000000000000000
430;1821624.00000000000000000000000000000000000000000000000000
431;1821620.00000000000000000000000000000000000000000000000000
432;1821620.00000000000000000000000000000000000000000000000000
433;1821680.00000000000000000000000000000000000000000000000000
434;1821620.00000000000000000000000000000000000000000000000000
435;1821684.00000000000000000000000000000000000000000000000000
436;1821680.00000000000000000000000000000000000000000000000000
437;1821620.00000000000000000000000000000000000000000000000000
438;1821684.00000000000000000000000000000000000000000000000000
439;1821680.00000000000000000000000000000000000000000000000000
440;1821620.00000000000000000000000000000000000000000000000000
441;1821556.00000000000000000000000000000000000000000000000000
442;1821624.00000000000000000000000000000000000000000000000000
443;1821620.00000000000000000000000000000000000000000000000000
444;1821680.00000000000000000000000000000000000000000000000000
445;1821684.00000000000000000000000000000000000000000000000000
446;1821868.00000000000000000000000000000000000000000000000000
447;1821556.00000000000000000000000000000000000000000000000000
448;1821620.00000000000000000000000000000000000000000000000000
449;1821760.00000000000000000000000000000000000000000000000000
450;1821684.00000000000000000000000000000000000000000000000000
451;1821812.00000000000000000000000000000000000000000000000000
452;1821620.00000000000000000000000000000000000000000000000000
453;1821780.00000000000000000000000000000000000000000000000000
454;1821780.00000000000000000000000000000000000000000000000000
455;1821780.00000000000000000000000000000000000000000000000000
456;1821780.00000000000000000000000000000000000000000000000000
457;1821780.00000000000000000000000000000000000000000000000000
458;1821652.00000000000000000000000000000000000000000000000000
459;1821716.00000000000000000000000000000000000000000000000000
460;1821716.00000000000000000000000000000000000000000000000000
461;1821716.00000000000000000000000000000000000000000000000000
462;1821780.00000000000000000000000000000000000000000000000000
463;1821776.00000000000000000000000000000000000000000000000000
464;1821716.00000000000000000000000000000000000000000000000000
465;1821716.00000000000000000000000000000000000000000000000000
466;1821776.00000000000000000000000000000000000000000000000000
467;1821716.00000000000000000000000000000000000000000000000000
468;1821776.00000000000000000000000000000000000000000000000000
469;1821908.00000000000000000000000000000000000000000000000000
470;1821652.00000000000000000000000000000000000000000000000000
471;1821720.00000000000000000000000000000000000000000000000000
472;1821964.00000000000000000000000000000000000000000000000000
473;1821964.00000000000000000000000000000000000000000000000000
474;1821716.00000000000000000000000000000000000000000000000000
475;1821716.00000000000000000000000000000000000000000000000000
476;1821716.00000000000000000000000000000000000000000000000000
477;1821780.00000000000000000000000000000000000000000000000000
478;1821652.00000000000000000000000000000000000000000000000000
479;1821700.00000000000000000000000000000000000000000000000000
480;1821896.00000000000000000000000000000000000000000000000000
481;1821716.00000000000000000000000000000000000000000000000000
482;1821716.00000000000000000000000000000000000000000000000000
483;1821780.00000000000000000000000000000000000000000000000000
484;1821716.00000000000000000000000000000000000000000000000000
485;1821900.00000000000000000000000000000000000000000000000000
486;1821716.00000000000000000000000000000000000000000000000000
487;1821716.00000000000000000000000000000000000000000000000000
488;1821652.00000000000000000000000000000000000000000000000000
489;1821780.00000000000000000000000000000000000000000000000000
490;1821716.00000000000000000000000000000000000000000000000000
491;1821780.00000000000000000000000000000000000000000000000000
492;1821788.00000000000000000000000000000000000000000000000000
493;1821788.00000000000000000000000000000000000000000000000000
494;1821788.00000000000000000000000000000000000000000000000000
495;1821788.00000000000000000000000000000000000000000000000000
496;1821660.00000000000000000000000000000000000000000000000000
497;1821788.00000000000000000000000000000000000000000000000000
498;1821904.00000000000000000000000000000000000000000000000000
499;1821660.00000000000000000000000000000000000000000000000000
500;1821788.00000000000000000000000000000000000000000000000000
501;1821784.00000000000000000000000000000000000000000000000000
502;1821788.00000000000000000000000000000000000000000000000000
503;1821724.00000000000000000000000000000000000000000000000000
504;1821660.00000000000000000000000000000000000000000000000000
505;1821788.00000000000000000000000000000000000000000000000000
506;1821728.00000000000000000000000000000000000000000000000000
507;1821788.00000000000000000000000000000000000000000000000000
508;1821916.00000000000000000000000000000000000000000000000000
509;1821660.00000000000000000000000000000000000000000000000000
510;1821724.00000000000000000000000000000000000000000000000000
511;1821916.00000000000000000000000000000000000000000000000000
512;1821660.00000000000000000000000000000000000000000000000000
513;1821788.00000000000000000000000000000000000000000000000000
514;1821728.00000000000000000000000000000000000000000000000000
515;1821788.00000000000000000000000000000000000000000000000000
516;1821728.00000000000000000000000000000000000000000000000000
517;1821868.00000000000000000000000000000000000000000000000000
518;1821660.00000000000000000000000000000000000000000000000000
519;1821784.00000000000000000000000000000000000000000000000000
520;1821724.00000000000000000000000000000000000000000000000000
521;1821724.00000000000000000000000000000000000000000000000000
522;1821660.00000000000000000000000000000000000000000000000000
523;1821788.00000000000000000000000000000000000000000000000000
524;1821728.00000000000000000000000000000000000000000000000000
525;1821972.00000000000000000000000000000000000000000000000000
526;1821724.00000000000000000000000000000000000000000000000000
527;1821660.00000000000000000000000000000000000000000000000000
528;1821724.00000000000000000000000000000000000000000000000000
529;1535416.00000000000000000000000000000000000000000000000000
530;1463316.00000000000000000000000000000000000000000000000000
531;1463060.00000000000000000000000000000000000000000000000000
532;1462588.00000000000000000000000000000000000000000000000000
533;1462264.00000000000000000000000000000000000000000000000000
534;1461968.00000000000000000000000000000000000000000000000000
535;1462820.00000000000000000000000000000000000000000000000000
536;1464716.00000000000000000000000000000000000000000000000000
537;1466548.00000000000000000000000000000000000000000000000000
538;1468040.00000000000000000000000000000000000000000000000000
539;1470648.00000000000000000000000000000000000000000000000000
540;1473264.00000000000000000000000000000000000000000000000000
541;1474616.00000000000000000000000000000000000000000000000000
542;1477528.00000000000000000000000000000000000000000000000000
543;1480236.00000000000000000000000000000000000000000000000000
544;1481656.00000000000000000000000000000000000000000000000000
545;1484200.00000000000000000000000000000000000000000000000000
546;1486260.00000000000000000000000000000000000000000000000000
547;1488612.00000000000000000000000000000000000000000000000000
548;1490832.00000000000000000000000000000000000000000000000000
549;1491992.00000000000000000000000000000000000000000000000000
550;1494252.00000000000000000000000000000000000000000000000000
551;1496532.00000000000000000000000000000000000000000000000000
552;1498964.00000000000000000000000000000000000000000000000000
553;1501008.00000000000000000000000000000000000000000000000000
554;1502288.00000000000000000000000000000000000000000000000000
555;1503812.00000000000000000000000000000000000000000000000000
556;1507284.00000000000000000000000000000000000000000000000000
557;1508588.00000000000000000000000000000000000000000000000000
558;1510548.00000000000000000000000000000000000000000000000000
559;1517368.00000000000000000000000000000000000000000000000000
560;1518596.00000000000000000000000000000000000000000000000000
561;1520688.00000000000000000000000000000000000000000000000000
562;1521736.00000000000000000000000000000000000000000000000000
563;1526972.00000000000000000000000000000000000000000000000000
564;1528076.00000000000000000000000000000000000000000000000000
565;1530092.00000000000000000000000000000000000000000000000000
566;1532620.00000000000000000000000000000000000000000000000000
567;1538888.00000000000000000000000000000000000000000000000000
568;1541348.00000000000000000000000000000000000000000000000000
569;1544200.00000000000000000000000000000000000000000000000000
570;1545608.00000000000000000000000000000000000000000000000000
571;1547736.00000000000000000000000000000000000000000000000000
572;1551776.00000000000000000000000000000000000000000000000000
573;1553272.00000000000000000000000000000000000000000000000000
574;1554136.00000000000000000000000000000000000000000000000000
575;1556016.00000000000000000000000000000000000000000000000000
576;1557520.00000000000000000000000000000000000000000000000000
577;1559740.00000000000000000000000000000000000000000000000000
578;1564440.00000000000000000000000000000000000000000000000000
579;1564644.00000000000000000000000000000000000000000000000000
580;1565208.00000000000000000000000000000000000000000000000000
581;1567728.00000000000000000000000000000000000000000000000000
582;1569684.00000000000000000000000000000000000000000000000000
583;1572352.00000000000000000000000000000000000000000000000000
584;1579424.00000000000000000000000000000000000000000000000000
585;1579528.00000000000000000000000000000000000000000000000000
586;1580140.00000000000000000000000000000000000000000000000000
587;1580376.00000000000000000000000000000000000000000000000000
588;1583004.00000000000000000000000000000000000000000000000000
589;1584684.00000000000000000000000000000000000000000000000000
590;1597756.00000000000000000000000000000000000000000000000000
591;1598892.00000000000000000000000000000000000000000000000000
592;1599100.00000000000000000000000000000000000000000000000000
593;1599236.00000000000000000000000000000000000000000000000000
594;1599340.00000000000000000000000000000000000000000000000000
595;1600376.00000000000000000000000000000000000000000000000000
596;1602696.00000000000000000000000000000000000000000000000000
597;1605100.00000000000000000000000000000000000000000000000000
598;1616892.00000000000000000000000000000000000000000000000000
599;1617416.00000000000000000000000000000000000000000000000000
600;1617784.00000000000000000000000000000000000000000000000000
601;1617836.00000000000000000000000000000000000000000000000000
602;1618816.00000000000000000000000000000000000000000000000000
603;1620812.00000000000000000000000000000000000000000000000000
604;1622500.00000000000000000000000000000000000000000000000000
605;1624512.00000000000000000000000000000000000000000000000000
606;1625636.00000000000000000000000000000000000000000000000000
607;1640488.00000000000000000000000000000000000000000000000000
608;1640456.00000000000000000000000000000000000000000000000000
609;1640408.00000000000000000000000000000000000000000000000000
610;1640556.00000000000000000000000000000000000000000000000000
611;1640856.00000000000000000000000000000000000000000000000000
612;1642920.00000000000000000000000000000000000000000000000000
613;1644996.00000000000000000000000000000000000000000000000000
614;1647292.00000000000000000000000000000000000000000000000000
615;1649756.00000000000000000000000000000000000000000000000000
616;1652312.00000000000000000000000000000000000000000000000000
617;1659756.00000000000000000000000000000000000000000000000000
618;1659984.00000000000000000000000000000000000000000000000000
619;1660140.00000000000000000000000000000000000000000000000000
620;1659916.00000000000000000000000000000000000000000000000000
621;1662268.00000000000000000000000000000000000000000000000000
622;1664000.00000000000000000000000000000000000000000000000000
623;1665768.00000000000000000000000000000000000000000000000000
624;1668592.00000000000000000000000000000000000000000000000000
625;1670500.00000000000000000000000000000000000000000000000000
626;1672360.00000000000000000000000000000000000000000000000000
627;1684308.00000000000000000000000000000000000000000000000000
628;1684468.00000000000000000000000000000000000000000000000000
629;1684900.00000000000000000000000000000000000000000000000000
630;1684908.00000000000000000000000000000000000000000000000000
631;1685024.00000000000000000000000000000000000000000000000000
632;1686156.00000000000000000000000000000000000000000000000000
633;1688152.00000000000000000000000000000000000000000000000000
634;1690256.00000000000000000000000000000000000000000000000000
635;1692128.00000000000000000000000000000000000000000000000000
636;1694688.00000000000000000000000000000000000000000000000000
637;1696452.00000000000000000000000000000000000000000000000000
638;1697888.00000000000000000000000000000000000000000000000000
639;1714516.00000000000000000000000000000000000000000000000000
640;1714632.00000000000000000000000000000000000000000000000000
641;1714916.00000000000000000000000000000000000000000000000000
642;1715228.00000000000000000000000000000000000000000000000000
643;1715260.00000000000000000000000000000000000000000000000000
644;1715004.00000000000000000000000000000000000000000000000000
645;1715268.00000000000000000000000000000000000000000000000000
646;1717308.00000000000000000000000000000000000000000000000000
647;1718968.00000000000000000000000000000000000000000000000000
648;1721332.00000000000000000000000000000000000000000000000000
649;1723296.00000000000000000000000000000000000000000000000000
650;1724880.00000000000000000000000000000000000000000000000000
651;1727336.00000000000000000000000000000000000000000000000000
652;1729220.00000000000000000000000000000000000000000000000000
653;1748784.00000000000000000000000000000000000000000000000000
654;1749468.00000000000000000000000000000000000000000000000000
655;1749608.00000000000000000000000000000000000000000000000000
656;1749700.00000000000000000000000000000000000000000000000000
657;1749640.00000000000000000000000000000000000000000000000000
658;1749752.00000000000000000000000000000000000000000000000000
659;1750920.00000000000000000000000000000000000000000000000000
660;1752836.00000000000000000000000000000000000000000000000000
661;1755016.00000000000000000000000000000000000000000000000000
662;1757540.00000000000000000000000000000000000000000000000000
663;1761012.00000000000000000000000000000000000000000000000000
664;1764412.00000000000000000000000000000000000000000000000000
665;1767608.00000000000000000000000000000000000000000000000000
666;1771848.00000000000000000000000000000000000000000000000000
667;1775856.00000000000000000000000000000000000000000000000000
668;1797448.00000000000000000000000000000000000000000000000000
669;1799456.00000000000000000000000000000000000000000000000000
670;1801264.00000000000000000000000000000000000000000000000000
671;1803288.00000000000000000000000000000000000000000000000000
672;1805016.00000000000000000000000000000000000000000000000000
673;1806876.00000000000000000000000000000000000000000000000000
674;1808416.00000000000000000000000000000000000000000000000000
675;1810512.00000000000000000000000000000000000000000000000000
676;1811588.00000000000000000000000000000000000000000000000000
677;1814728.00000000000000000000000000000000000000000000000000
678;1818760.00000000000000000000000000000000000000000000000000
679;1827640.00000000000000000000000000000000000000000000000000
680;1827644.00000000000000000000000000000000000000000000000000
681;1827644.00000000000000000000000000000000000000000000000000
682;1827644.00000000000000000000000000000000000000000000000000
683;1827088.00000000000000000000000000000000000000000000000000
684;1827156.00000000000000000000000000000000000000000000000000
685;1827104.00000000000000000000000000000000000000000000000000
686;1827168.00000000000000000000000000000000000000000000000000
687;1827168.00000000000000000000000000000000000000000000000000
688;1827164.00000000000000000000000000000000000000000000000000
689;1827296.00000000000000000000000000000000000000000000000000
690;1827040.00000000000000000000000000000000000000000000000000
691;1827168.00000000000000000000000000000000000000000000000000
692;1827104.00000000000000000000000000000000000000000000000000
693;1827164.00000000000000000000000000000000000000000000000000
694;1827296.00000000000000000000000000000000000000000000000000
695;1827168.00000000000000000000000000000000000000000000000000
696;1827164.00000000000000000000000000000000000000000000000000
697;1827104.00000000000000000000000000000000000000000000000000
698;1827104.00000000000000000000000000000000000000000000000000
699;1827040.00000000000000000000000000000000000000000000000000
700;1827168.00000000000000000000000000000000000000000000000000
701;1827296.00000000000000000000000000000000000000000000000000
702;1827168.00000000000000000000000000000000000000000000000000
703;1827168.00000000000000000000000000000000000000000000000000
704;1827104.00000000000000000000000000000000000000000000000000
705;1827168.00000000000000000000000000000000000000000000000000
706;1827040.00000000000000000000000000000000000000000000000000
707;1827104.00000000000000000000000000000000000000000000000000
708;1827108.00000000000000000000000000000000000000000000000000
709;1827296.00000000000000000000000000000000000000000000000000
710;1827104.00000000000000000000000000000000000000000000000000
711;1827104.00000000000000000000000000000000000000000000000000
712;1827040.00000000000000000000000000000000000000000000000000
713;1827164.00000000000000000000000000000000000000000000000000
714;1827168.00000000000000000000000000000000000000000000000000
715;1827164.00000000000000000000000000000000000000000000000000
716;1827088.00000000000000000000000000000000000000000000000000
717;1827168.00000000000000000000000000000000000000000000000000
718;1827168.00000000000000000000000000000000000000000000000000
719;1827168.00000000000000000000000000000000000000000000000000
720;1827168.00000000000000000000000000000000000000000000000000
721;1827168.00000000000000000000000000000000000000000000000000
722;1827040.00000000000000000000000000000000000000000000000000
723;1827104.00000000000000000000000000000000000000000000000000
724;1827168.00000000000000000000000000000000000000000000000000
725;1827164.00000000000000000000000000000000000000000000000000
726;1827040.00000000000000000000000000000000000000000000000000
727;1827104.00000000000000000000000000000000000000000000000000
728;1827284.00000000000000000000000000000000000000000000000000
729;1827296.00000000000000000000000000000000000000000000000000
730;1827424.00000000000000000000000000000000000000000000000000
731;1827352.00000000000000000000000000000000000000000000000000
732;1827164.00000000000000000000000000000000000000000000000000
733;1827104.00000000000000000000000000000000000000000000000000
734;1827104.00000000000000000000000000000000000000000000000000
735;1827040.00000000000000000000000000000000000000000000000000
736;1827284.00000000000000000000000000000000000000000000000000
737;1827168.00000000000000000000000000000000000000000000000000
738;1827164.00000000000000000000000000000000000000000000000000
739;1827168.00000000000000000000000000000000000000000000000000
740;1827296.00000000000000000000000000000000000000000000000000
741;1827040.00000000000000000000000000000000000000000000000000
742;1827104.00000000000000000000000000000000000000000000000000
743;1827164.00000000000000000000000000000000000000000000000000
744;1827168.00000000000000000000000000000000000000000000000000
745;1827168.00000000000000000000000000000000000000000000000000
746;1827040.00000000000000000000000000000000000000000000000000
747;1827104.00000000000000000000000000000000000000000000000000
748;1827352.00000000000000000000000000000000000000000000000000
749;1827168.00000000000000000000000000000000000000000000000000
750;1827164.00000000000000000000000000000000000000000000000000
751;1827168.00000000000000000000000000000000000000000000000000
752;1827168.00000000000000000000000000000000000000000000000000
753;1827104.00000000000000000000000000000000000000000000000000
754;1827296.00000000000000000000000000000000000000000000000000
755;1827296.00000000000000000000000000000000000000000000000000
756;1827296.00000000000000000000000000000000000000000000000000
757;1827168.00000000000000000000000000000000000000000000000000
758;1827168.00000000000000000000000000000000000000000000000000
759;1827168.00000000000000000000000000000000000000000000000000
760;1827168.00000000000000000000000000000000000000000000000000
761;1827040.00000000000000000000000000000000000000000000000000
762;1827040.00000000000000000000000000000000000000000000000000
763;1827104.00000000000000000000000000000000000000000000000000
764;1827168.00000000000000000000000000000000000000000000000000
765;1827164.00000000000000000000000000000000000000000000000000
766;1827168.00000000000000000000000000000000000000000000000000
767;1827168.00000000000000000000000000000000000000000000000000
768;1827168.00000000000000000000000000000000000000000000000000
769;1827168.00000000000000000000000000000000000000000000000000
770;1827104.00000000000000000000000000000000000000000000000000
771;1827164.00000000000000000000000000000000000000000000000000
772;1827104.00000000000000000000000000000000000000000000000000
773;1827040.00000000000000000000000000000000000000000000000000
774;1827040.00000000000000000000000000000000000000000000000000
775;1827104.00000000000000000000000000000000000000000000000000
776;1827352.00000000000000000000000000000000000000000000000000
777;1827168.00000000000000000000000000000000000000000000000000
778;1827168.00000000000000000000000000000000000000000000000000
779;1827104.00000000000000000000000000000000000000000000000000
780;1827168.00000000000000000000000000000000000000000000000000
781;1827104.00000000000000000000000000000000000000000000000000
782;1827104.00000000000000000000000000000000000000000000000000
783;1827168.00000000000000000000000000000000000000000000000000
784;1827168.00000000000000000000000000000000000000000000000000
785;1827296.00000000000000000000000000000000000000000000000000
786;1827168.00000000000000000000000000000000000000000000000000
787;1827104.00000000000000000000000000000000000000000000000000
788;1827104.00000000000000000000000000000000000000000000000000
789;1827168.00000000000000000000000000000000000000000000000000
790;1827104.00000000000000000000000000000000000000000000000000
791;1827104.00000000000000000000000000000000000000000000000000
792;1827040.00000000000000000000000000000000000000000000000000
793;1827040.00000000000000000000000000000000000000000000000000
794;1827168.00000000000000000000000000000000000000000000000000
795;1827168.00000000000000000000000000000000000000000000000000
796;1827296.00000000000000000000000000000000000000000000000000
797;1827168.00000000000000000000000000000000000000000000000000
798;1827168.00000000000000000000000000000000000000000000000000
799;1471508.00000000000000000000000000000000000000000000000000
800;1470488.00000000000000000000000000000000000000000000000000
801;1465836.00000000000000000000000000000000000000000000000000
802;1465944.00000000000000000000000000000000000000000000000000
803;1466032.00000000000000000000000000000000000000000000000000
804;1466348.00000000000000000000000000000000000000000000000000
805;1467152.00000000000000000000000000000000000000000000000000
806;1468708.00000000000000000000000000000000000000000000000000
807;1470252.00000000000000000000000000000000000000000000000000
808;1471996.00000000000000000000000000000000000000000000000000
809;1473380.00000000000000000000000000000000000000000000000000
810;1473856.00000000000000000000000000000000000000000000000000
811;1477064.00000000000000000000000000000000000000000000000000
812;1478216.00000000000000000000000000000000000000000000000000
813;1480240.00000000000000000000000000000000000000000000000000
814;1482872.00000000000000000000000000000000000000000000000000
815;1483884.00000000000000000000000000000000000000000000000000
816;1485284.00000000000000000000000000000000000000000000000000
817;1487740.00000000000000000000000000000000000000000000000000
818;1488860.00000000000000000000000000000000000000000000000000
819;1490104.00000000000000000000000000000000000000000000000000
820;1492112.00000000000000000000000000000000000000000000000000
821;1492400.00000000000000000000000000000000000000000000000000
822;1494892.00000000000000000000000000000000000000000000000000
823;1496788.00000000000000000000000000000000000000000000000000
824;1497956.00000000000000000000000000000000000000000000000000
825;1500692.00000000000000000000000000000000000000000000000000
826;1502540.00000000000000000000000000000000000000000000000000
827;1503500.00000000000000000000000000000000000000000000000000
828;1505432.00000000000000000000000000000000000000000000000000
829;1509092.00000000000000000000000000000000000000000000000000
830;1510488.00000000000000000000000000000000000000000000000000
831;1512348.00000000000000000000000000000000000000000000000000
832;1515712.00000000000000000000000000000000000000000000000000
833;1515748.00000000000000000000000000000000000000000000000000
834;1517832.00000000000000000000000000000000000000000000000000
835;1519044.00000000000000000000000000000000000000000000000000
836;1520304.00000000000000000000000000000000000000000000000000
837;1525712.00000000000000000000000000000000000000000000000000
838;1527540.00000000000000000000000000000000000000000000000000
839;1528984.00000000000000000000000000000000000000000000000000
840;1531024.00000000000000000000000000000000000000000000000000
841;1532512.00000000000000000000000000000000000000000000000000
842;1539460.00000000000000000000000000000000000000000000000000
843;1541492.00000000000000000000000000000000000000000000000000
844;1542704.00000000000000000000000000000000000000000000000000
845;1543872.00000000000000000000000000000000000000000000000000
846;1545920.00000000000000000000000000000000000000000000000000
847;1551624.00000000000000000000000000000000000000000000000000
848;1552912.00000000000000000000000000000000000000000000000000
849;1554800.00000000000000000000000000000000000000000000000000
850;1556808.00000000000000000000000000000000000000000000000000
851;1558112.00000000000000000000000000000000000000000000000000
852;1559800.00000000000000000000000000000000000000000000000000
853;1564644.00000000000000000000000000000000000000000000000000
854;1565924.00000000000000000000000000000000000000000000000000
855;1567284.00000000000000000000000000000000000000000000000000
856;1569240.00000000000000000000000000000000000000000000000000
857;1570140.00000000000000000000000000000000000000000000000000
858;1572068.00000000000000000000000000000000000000000000000000
859;1573436.00000000000000000000000000000000000000000000000000
860;1577144.00000000000000000000000000000000000000000000000000
861;1578176.00000000000000000000000000000000000000000000000000
862;1578652.00000000000000000000000000000000000000000000000000
863;1581248.00000000000000000000000000000000000000000000000000
864;1582612.00000000000000000000000000000000000000000000000000
865;1583616.00000000000000000000000000000000000000000000000000
866;1585836.00000000000000000000000000000000000000000000000000
867;1587028.00000000000000000000000000000000000000000000000000
868;1595428.00000000000000000000000000000000000000000000000000
869;1595772.00000000000000000000000000000000000000000000000000
870;1595884.00000000000000000000000000000000000000000000000000
871;1596076.00000000000000000000000000000000000000000000000000
872;1595960.00000000000000000000000000000000000000000000000000
873;1598164.00000000000000000000000000000000000000000000000000
874;1599424.00000000000000000000000000000000000000000000000000
875;1600260.00000000000000000000000000000000000000000000000000
876;1602116.00000000000000000000000000000000000000000000000000
877;1610744.00000000000000000000000000000000000000000000000000
878;1610880.00000000000000000000000000000000000000000000000000
879;1610548.00000000000000000000000000000000000000000000000000
880;1610908.00000000000000000000000000000000000000000000000000
881;1611864.00000000000000000000000000000000000000000000000000
882;1613972.00000000000000000000000000000000000000000000000000
883;1615356.00000000000000000000000000000000000000000000000000
884;1616932.00000000000000000000000000000000000000000000000000
885;1618532.00000000000000000000000000000000000000000000000000
886;1632660.00000000000000000000000000000000000000000000000000
887;1632608.00000000000000000000000000000000000000000000000000
888;1632672.00000000000000000000000000000000000000000000000000
889;1633044.00000000000000000000000000000000000000000000000000
890;1633280.00000000000000000000000000000000000000000000000000
891;1633668.00000000000000000000000000000000000000000000000000
892;1634248.00000000000000000000000000000000000000000000000000
893;1636216.00000000000000000000000000000000000000000000000000
894;1637356.00000000000000000000000000000000000000000000000000
895;1639044.00000000000000000000000000000000000000000000000000
896;1641096.00000000000000000000000000000000000000000000000000
897;1657584.00000000000000000000000000000000000000000000000000
898;1657868.00000000000000000000000000000000000000000000000000
899;1658192.00000000000000000000000000000000000000000000000000
900;1658420.00000000000000000000000000000000000000000000000000
901;1658404.00000000000000000000000000000000000000000000000000
902;1658808.00000000000000000000000000000000000000000000000000
903;1659140.00000000000000000000000000000000000000000000000000
904;1660548.00000000000000000000000000000000000000000000000000
905;1662920.00000000000000000000000000000000000000000000000000
906;1663956.00000000000000000000000000000000000000000000000000
907;1664780.00000000000000000000000000000000000000000000000000
908;1667624.00000000000000000000000000000000000000000000000000
909;1668952.00000000000000000000000000000000000000000000000000
910;1680484.00000000000000000000000000000000000000000000000000
911;1680672.00000000000000000000000000000000000000000000000000
912;1680724.00000000000000000000000000000000000000000000000000
913;1680716.00000000000000000000000000000000000000000000000000
914;1680836.00000000000000000000000000000000000000000000000000
915;1680760.00000000000000000000000000000000000000000000000000
916;1681156.00000000000000000000000000000000000000000000000000
917;1683632.00000000000000000000000000000000000000000000000000
918;1684892.00000000000000000000000000000000000000000000000000
919;1686620.00000000000000000000000000000000000000000000000000
920;1688980.00000000000000000000000000000000000000000000000000
921;1690580.00000000000000000000000000000000000000000000000000
922;1691868.00000000000000000000000000000000000000000000000000
923;1705672.00000000000000000000000000000000000000000000000000
924;1706272.00000000000000000000000000000000000000000000000000
925;1706200.00000000000000000000000000000000000000000000000000
926;1706552.00000000000000000000000000000000000000000000000000
927;1706664.00000000000000000000000000000000000000000000000000
928;1706912.00000000000000000000000000000000000000000000000000
929;1706896.00000000000000000000000000000000000000000000000000
930;1708132.00000000000000000000000000000000000000000000000000
931;1709636.00000000000000000000000000000000000000000000000000
932;1710660.00000000000000000000000000000000000000000000000000
933;1712920.00000000000000000000000000000000000000000000000000
934;1713724.00000000000000000000000000000000000000000000000000
935;1715572.00000000000000000000000000000000000000000000000000
936;1717332.00000000000000000000000000000000000000000000000000
937;1719096.00000000000000000000000000000000000000000000000000
938;1720656.00000000000000000000000000000000000000000000000000
939;1721636.00000000000000000000000000000000000000000000000000
940;1732484.00000000000000000000000000000000000000000000000000
941;1733084.00000000000000000000000000000000000000000000000000
942;1733464.00000000000000000000000000000000000000000000000000
943;1733392.00000000000000000000000000000000000000000000000000
944;1733944.00000000000000000000000000000000000000000000000000
945;1734504.00000000000000000000000000000000000000000000000000
946;1735868.00000000000000000000000000000000000000000000000000
947;1737552.00000000000000000000000000000000000000000000000000
948;1738516.00000000000000000000000000000000000000000000000000
949;1740036.00000000000000000000000000000000000000000000000000
950;1742248.00000000000000000000000000000000000000000000000000
951;1743640.00000000000000000000000000000000000000000000000000
952;1745612.00000000000000000000000000000000000000000000000000
953;1747244.00000000000000000000000000000000000000000000000000
954;1748828.00000000000000000000000000000000000000000000000000
955;1750908.00000000000000000000000000000000000000000000000000
956;1751800.00000000000000000000000000000000000000000000000000
957;1755000.00000000000000000000000000000000000000000000000000
958;1772044.00000000000000000000000000000000000000000000000000
959;1774164.00000000000000000000000000000000000000000000000000
960;1775756.00000000000000000000000000000000000000000000000000
961;1777900.00000000000000000000000000000000000000000000000000
962;1779320.00000000000000000000000000000000000000000000000000
963;1780400.00000000000000000000000000000000000000000000000000
964;1782024.00000000000000000000000000000000000000000000000000
965;1783224.00000000000000000000000000000000000000000000000000
966;1785068.00000000000000000000000000000000000000000000000000
967;1787812.00000000000000000000000000000000000000000000000000
968;1791152.00000000000000000000000000000000000000000000000000
969;1793208.00000000000000000000000000000000000000000000000000
970;1796688.00000000000000000000000000000000000000000000000000
971;1799724.00000000000000000000000000000000000000000000000000
972;1802220.00000000000000000000000000000000000000000000000000
973;1805816.00000000000000000000000000000000000000000000000000
974;1808916.00000000000000000000000000000000000000000000000000
975;1811252.00000000000000000000000000000000000000000000000000
976;1814780.00000000000000000000000000000000000000000000000000
977;1808672.00000000000000000000000000000000000000000000000000
978;1812068.00000000000000000000000000000000000000000000000000
979;1814740.00000000000000000000000000000000000000000000000000
980;1825076.00000000000000000000000000000000000000000000000000
981;1825144.00000000000000000000000000000000000000000000000000
982;1825144.00000000000000000000000000000000000000000000000000
983;1825144.00000000000000000000000000000000000000000000000000
984;1825144.00000000000000000000000000000000000000000000000000
985;1824968.00000000000000000000000000000000000000000000000000
986;1824872.00000000000000000000000000000000000000000000000000
987;1824840.00000000000000000000000000000000000000000000000000
988;1824840.00000000000000000000000000000000000000000000000000
989;1825088.00000000000000000000000000000000000000000000000000
990;1824904.00000000000000000000000000000000000000000000000000
991;1824876.00000000000000000000000000000000000000000000000000
992;1825120.00000000000000000000000000000000000000000000000000
993;1824872.00000000000000000000000000000000000000000000000000
994;1824968.00000000000000000000000000000000000000000000000000
995;1824904.00000000000000000000000000000000000000000000000000
996;1824872.00000000000000000000000000000000000000000000000000
997;1824968.00000000000000000000000000000000000000000000000000
998;1824968.00000000000000000000000000000000000000000000000000
999;1824840.00000000000000000000000000000000000000000000000000
1000;1824840.00000000000000000000000000000000000000000000000000
1001;1824968.00000000000000000000000000000000000000000000000000
1002;1824876.00000000000000000000000000000000000000000000000000
1003;1824904.00000000000000000000000000000000000000000000000000
1004;1824968.00000000000000000000000000000000000000000000000000
1005;1825064.00000000000000000000000000000000000000000000000000
1006;1824968.00000000000000000000000000000000000000000000000000
1007;1824840.00000000000000000000000000000000000000000000000000
1008;1824968.00000000000000000000000000000000000000000000000000
1009;1824872.00000000000000000000000000000000000000000000000000
1010;1824968.00000000000000000000000000000000000000000000000000
1011;1824840.00000000000000000000000000000000000000000000000000
1012;1824968.00000000000000000000000000000000000000000000000000
1013;1824972.00000000000000000000000000000000000000000000000000
1014;1824844.00000000000000000000000000000000000000000000000000
1015;1824972.00000000000000000000000000000000000000000000000000
1016;1824880.00000000000000000000000000000000000000000000000000
1017;1825068.00000000000000000000000000000000000000000000000000
1018;1824908.00000000000000000000000000000000000000000000000000
1019;1824880.00000000000000000000000000000000000000000000000000
1020;1824972.00000000000000000000000000000000000000000000000000
1021;1825124.00000000000000000000000000000000000000000000000000
1022;1824880.00000000000000000000000000000000000000000000000000
1023;1825216.00000000000000000000000000000000000000000000000000
1024;1825216.00000000000000000000000000000000000000000000000000
1025;1825216.00000000000000000000000000000000000000000000000000
1026;1825216.00000000000000000000000000000000000000000000000000
1027;1825216.00000000000000000000000000000000000000000000000000
1028;1825228.00000000000000000000000000000000000000000000000000
1029;1825132.00000000000000000000000000000000000000000000000000
1030;1825136.00000000000000000000000000000000000000000000000000
1031;1825100.00000000000000000000000000000000000000000000000000
1032;1825100.00000000000000000000000000000000000000000000000000
1033;1825228.00000000000000000000000000000000000000000000000000
1034;1825132.00000000000000000000000000000000000000000000000000
1035;1825324.00000000000000000000000000000000000000000000000000
1036;1825132.00000000000000000000000000000000000000000000000000
1037;1825228.00000000000000000000000000000000000000000000000000
1038;1825372.00000000000000000000000000000000000000000000000000
1039;1825136.00000000000000000000000000000000000000000000000000
1040;1825132.00000000000000000000000000000000000000000000000000
1041;1825100.00000000000000000000000000000000000000000000000000
1042;1825164.00000000000000000000000000000000000000000000000000
1043;1825132.00000000000000000000000000000000000000000000000000
1044;1825164.00000000000000000000000000000000000000000000000000
1045;1825228.00000000000000000000000000000000000000000000000000
1046;1825228.00000000000000000000000000000000000000000000000000
1047;1825132.00000000000000000000000000000000000000000000000000
1048;1825228.00000000000000000000000000000000000000000000000000
1049;1825132.00000000000000000000000000000000000000000000000000
1050;1825100.00000000000000000000000000000000000000000000000000
1051;1825164.00000000000000000000000000000000000000000000000000
1052;1825100.00000000000000000000000000000000000000000000000000
1053;1825164.00000000000000000000000000000000000000000000000000
1054;1825164.00000000000000000000000000000000000000000000000000
1055;1825324.00000000000000000000000000000000000000000000000000
1056;1825228.00000000000000000000000000000000000000000000000000
1057;1825380.00000000000000000000000000000000000000000000000000
1058;1825132.00000000000000000000000000000000000000000000000000
1059;1825164.00000000000000000000000000000000000000000000000000
1060;1825228.00000000000000000000000000000000000000000000000000
1061;1825324.00000000000000000000000000000000000000000000000000
1062;1825132.00000000000000000000000000000000000000000000000000
1063;1825228.00000000000000000000000000000000000000000000000000
1064;1825324.00000000000000000000000000000000000000000000000000
1065;1825324.00000000000000000000000000000000000000000000000000
1066;1825132.00000000000000000000000000000000000000000000000000
1067;1825136.00000000000000000000000000000000000000000000000000
1068;1825232.00000000000000000000000000000000000000000000000000
1069;1825232.00000000000000000000000000000000000000000000000000
1070;1825232.00000000000000000000000000000000000000000000000000
1071;1825232.00000000000000000000000000000000000000000000000000
1072;1825232.00000000000000000000000000000000000000000000000000
1073;1825104.00000000000000000000000000000000000000000000000000
1074;1825232.00000000000000000000000000000000000000000000000000
1075;1825104.00000000000000000000000000000000000000000000000000
1076;1825232.00000000000000000000000000000000000000000000000000
1077;1825312.00000000000000000000000000000000000000000000000000
1078;1825136.00000000000000000000000000000000000000000000000000
1079;1825232.00000000000000000000000000000000000000000000000000
1080;1825352.00000000000000000000000000000000000000000000000000
1081;1825232.00000000000000000000000000000000000000000000000000
1082;1825168.00000000000000000000000000000000000000000000000000
1083;1825232.00000000000000000000000000000000000000000000000000
1084;1825328.00000000000000000000000000000000000000000000000000
1085;1825136.00000000000000000000000000000000000000000000000000
1086;1825104.00000000000000000000000000000000000000000000000000
1087;1825136.00000000000000000000000000000000000000000000000000
1088;1825136.00000000000000000000000000000000000000000000000000
1089;1825328.00000000000000000000000000000000000000000000000000
1090;1825232.00000000000000000000000000000000000000000000000000
1091;1825104.00000000000000000000000000000000000000000000000000
1092;1825232.00000000000000000000000000000000000000000000000000
1093;1825140.00000000000000000000000000000000000000000000000000
1094;1825384.00000000000000000000000000000000000000000000000000
1095;1825140.00000000000000000000000000000000000000000000000000
1096;1825140.00000000000000000000000000000000000000000000000000
1097;1825140.00000000000000000000000000000000000000000000000000
1098;1825232.00000000000000000000000000000000000000000000000000
1099;1825104.00000000000000000000000000000000000000000000000000
1100;1825104.00000000000000000000000000000000000000000000000000
1101;1825384.00000000000000000000000000000000000000000000000000
1102;1825232.00000000000000000000000000000000000000000000000000
1103;1825328.00000000000000000000000000000000000000000000000000
1104;1825104.00000000000000000000000000000000000000000000000000
1105;1825136.00000000000000000000000000000000000000000000000000
1106;1825232.00000000000000000000000000000000000000000000000000
1107;1825104.00000000000000000000000000000000000000000000000000
1108;1825104.00000000000000000000000000000000000000000000000000
1109;1825136.00000000000000000000000000000000000000000000000000
1110;1825136.00000000000000000000000000000000000000000000000000
1111;1825104.00000000000000000000000000000000000000000000000000
1112;1825232.00000000000000000000000000000000000000000000000000
1113;1825104.00000000000000000000000000000000000000000000000000
1114;1825168.00000000000000000000000000000000000000000000000000
1115;1825232.00000000000000000000000000000000000000000000000000
1116;1825232.00000000000000000000000000000000000000000000000000
1117;1470424.00000000000000000000000000000000000000000000000000
1118;1467868.00000000000000000000000000000000000000000000000000
1119;1468120.00000000000000000000000000000000000000000000000000
1120;1468936.00000000000000000000000000000000000000000000000000
1121;1468892.00000000000000000000000000000000000000000000000000
1122;1469572.00000000000000000000000000000000000000000000000000
1123;1470628.00000000000000000000000000000000000000000000000000
1124;1472080.00000000000000000000000000000000000000000000000000
1125;1471652.00000000000000000000000000000000000000000000000000
1126;1473028.00000000000000000000000000000000000000000000000000
1127;1474472.00000000000000000000000000000000000000000000000000
1128;1476480.00000000000000000000000000000000000000000000000000
1129;1484244.00000000000000000000000000000000000000000000000000
1130;1486700.00000000000000000000000000000000000000000000000000
1131;1488052.00000000000000000000000000000000000000000000000000
1132;1489832.00000000000000000000000000000000000000000000000000
1133;1490908.00000000000000000000000000000000000000000000000000
1134;1492484.00000000000000000000000000000000000000000000000000
1135;1494204.00000000000000000000000000000000000000000000000000
1136;1497800.00000000000000000000000000000000000000000000000000
1137;1498856.00000000000000000000000000000000000000000000000000
1138;1500204.00000000000000000000000000000000000000000000000000
1139;1503124.00000000000000000000000000000000000000000000000000
1140;1503996.00000000000000000000000000000000000000000000000000
1141;1505632.00000000000000000000000000000000000000000000000000
1142;1506828.00000000000000000000000000000000000000000000000000
1143;1510164.00000000000000000000000000000000000000000000000000
1144;1512120.00000000000000000000000000000000000000000000000000
1145;1513444.00000000000000000000000000000000000000000000000000
1146;1516780.00000000000000000000000000000000000000000000000000
1147;1518804.00000000000000000000000000000000000000000000000000
1148;1519172.00000000000000000000000000000000000000000000000000
1149;1522572.00000000000000000000000000000000000000000000000000
1150;1524232.00000000000000000000000000000000000000000000000000
1151;1525344.00000000000000000000000000000000000000000000000000
1152;1526644.00000000000000000000000000000000000000000000000000
1153;1530168.00000000000000000000000000000000000000000000000000
1154;1531676.00000000000000000000000000000000000000000000000000
1155;1533648.00000000000000000000000000000000000000000000000000
1156;1535360.00000000000000000000000000000000000000000000000000
1157;1535240.00000000000000000000000000000000000000000000000000
1158;1539232.00000000000000000000000000000000000000000000000000
1159;1540560.00000000000000000000000000000000000000000000000000
1160;1542252.00000000000000000000000000000000000000000000000000
1161;1543796.00000000000000000000000000000000000000000000000000
1162;1544636.00000000000000000000000000000000000000000000000000
1163;1552628.00000000000000000000000000000000000000000000000000
1164;1554108.00000000000000000000000000000000000000000000000000
1165;1556352.00000000000000000000000000000000000000000000000000
1166;1557720.00000000000000000000000000000000000000000000000000
1167;1558896.00000000000000000000000000000000000000000000000000
1168;1560580.00000000000000000000000000000000000000000000000000
1169;1565264.00000000000000000000000000000000000000000000000000
1170;1566084.00000000000000000000000000000000000000000000000000
1171;1567716.00000000000000000000000000000000000000000000000000
1172;1569924.00000000000000000000000000000000000000000000000000
1173;1570700.00000000000000000000000000000000000000000000000000
1174;1572636.00000000000000000000000000000000000000000000000000
1175;1577588.00000000000000000000000000000000000000000000000000
1176;1578224.00000000000000000000000000000000000000000000000000
1177;1578668.00000000000000000000000000000000000000000000000000
1178;1579744.00000000000000000000000000000000000000000000000000
1179;1580600.00000000000000000000000000000000000000000000000000
1180;1582740.00000000000000000000000000000000000000000000000000
1181;1584620.00000000000000000000000000000000000000000000000000
1182;1585200.00000000000000000000000000000000000000000000000000
1183;1593296.00000000000000000000000000000000000000000000000000
1184;1593596.00000000000000000000000000000000000000000000000000
1185;1593132.00000000000000000000000000000000000000000000000000
1186;1593488.00000000000000000000000000000000000000000000000000
1187;1593824.00000000000000000000000000000000000000000000000000
1188;1596252.00000000000000000000000000000000000000000000000000
1189;1597548.00000000000000000000000000000000000000000000000000
1190;1599960.00000000000000000000000000000000000000000000000000
1191;1601588.00000000000000000000000000000000000000000000000000
1192;1609288.00000000000000000000000000000000000000000000000000
1193;1610296.00000000000000000000000000000000000000000000000000
1194;1610328.00000000000000000000000000000000000000000000000000
1195;1609932.00000000000000000000000000000000000000000000000000
1196;1611380.00000000000000000000000000000000000000000000000000
1197;1612600.00000000000000000000000000000000000000000000000000
1198;1614876.00000000000000000000000000000000000000000000000000
1199;1616324.00000000000000000000000000000000000000000000000000
1200;1617432.00000000000000000000000000000000000000000000000000
1201;1629840.00000000000000000000000000000000000000000000000000
1202;1629840.00000000000000000000000000000000000000000000000000
1203;1629856.00000000000000000000000000000000000000000000000000
1204;1629920.00000000000000000000000000000000000000000000000000
1205;1630324.00000000000000000000000000000000000000000000000000
1206;1630384.00000000000000000000000000000000000000000000000000
1207;1631420.00000000000000000000000000000000000000000000000000
1208;1633632.00000000000000000000000000000000000000000000000000
1209;1635480.00000000000000000000000000000000000000000000000000
1210;1636844.00000000000000000000000000000000000000000000000000
1211;1638604.00000000000000000000000000000000000000000000000000
1212;1651024.00000000000000000000000000000000000000000000000000
1213;1651336.00000000000000000000000000000000000000000000000000
1214;1651636.00000000000000000000000000000000000000000000000000
1215;1651540.00000000000000000000000000000000000000000000000000
1216;1651516.00000000000000000000000000000000000000000000000000
1217;1652556.00000000000000000000000000000000000000000000000000
1218;1653752.00000000000000000000000000000000000000000000000000
1219;1655744.00000000000000000000000000000000000000000000000000
1220;1657444.00000000000000000000000000000000000000000000000000
1221;1658484.00000000000000000000000000000000000000000000000000
1222;1660728.00000000000000000000000000000000000000000000000000
1223;1675072.00000000000000000000000000000000000000000000000000
1224;1675244.00000000000000000000000000000000000000000000000000
1225;1675752.00000000000000000000000000000000000000000000000000
1226;1676332.00000000000000000000000000000000000000000000000000
1227;1676500.00000000000000000000000000000000000000000000000000
1228;1676660.00000000000000000000000000000000000000000000000000
1229;1677168.00000000000000000000000000000000000000000000000000
1230;1677076.00000000000000000000000000000000000000000000000000
1231;1677160.00000000000000000000000000000000000000000000000000
1232;1678356.00000000000000000000000000000000000000000000000000
1233;1679496.00000000000000000000000000000000000000000000000000
1234;1681512.00000000000000000000000000000000000000000000000000
1235;1682920.00000000000000000000000000000000000000000000000000
1236;1694624.00000000000000000000000000000000000000000000000000
1237;1695432.00000000000000000000000000000000000000000000000000
1238;1695424.00000000000000000000000000000000000000000000000000
1239;1695420.00000000000000000000000000000000000000000000000000
1240;1695072.00000000000000000000000000000000000000000000000000
1241;1695636.00000000000000000000000000000000000000000000000000
1242;1695772.00000000000000000000000000000000000000000000000000
1243;1696776.00000000000000000000000000000000000000000000000000
1244;1699084.00000000000000000000000000000000000000000000000000
1245;1700136.00000000000000000000000000000000000000000000000000
1246;1702504.00000000000000000000000000000000000000000000000000
1247;1703084.00000000000000000000000000000000000000000000000000
1248;1704656.00000000000000000000000000000000000000000000000000
1249;1707464.00000000000000000000000000000000000000000000000000
1250;1708064.00000000000000000000000000000000000000000000000000
1251;1728048.00000000000000000000000000000000000000000000000000
1252;1728452.00000000000000000000000000000000000000000000000000
1253;1728280.00000000000000000000000000000000000000000000000000
1254;1728308.00000000000000000000000000000000000000000000000000
1255;1728812.00000000000000000000000000000000000000000000000000
1256;1728840.00000000000000000000000000000000000000000000000000
1257;1728768.00000000000000000000000000000000000000000000000000
1258;1728884.00000000000000000000000000000000000000000000000000
1259;1728864.00000000000000000000000000000000000000000000000000
1260;1728756.00000000000000000000000000000000000000000000000000
1261;1729188.00000000000000000000000000000000000000000000000000
1262;1730388.00000000000000000000000000000000000000000000000000
1263;1732400.00000000000000000000000000000000000000000000000000
1264;1733896.00000000000000000000000000000000000000000000000000
1265;1735368.00000000000000000000000000000000000000000000000000
1266;1737632.00000000000000000000000000000000000000000000000000
1267;1753436.00000000000000000000000000000000000000000000000000
1268;1755452.00000000000000000000000000000000000000000000000000
1269;1756612.00000000000000000000000000000000000000000000000000
1270;1758324.00000000000000000000000000000000000000000000000000
1271;1760156.00000000000000000000000000000000000000000000000000
1272;1761440.00000000000000000000000000000000000000000000000000
1273;1762912.00000000000000000000000000000000000000000000000000
1274;1765692.00000000000000000000000000000000000000000000000000
1275;1767228.00000000000000000000000000000000000000000000000000
1276;1768240.00000000000000000000000000000000000000000000000000
1277;1771356.00000000000000000000000000000000000000000000000000
1278;1774720.00000000000000000000000000000000000000000000000000
1279;1776628.00000000000000000000000000000000000000000000000000
1280;1780192.00000000000000000000000000000000000000000000000000
1281;1783008.00000000000000000000000000000000000000000000000000
1282;1785740.00000000000000000000000000000000000000000000000000
1283;1789216.00000000000000000000000000000000000000000000000000
1284;1792312.00000000000000000000000000000000000000000000000000
1285;1795504.00000000000000000000000000000000000000000000000000
1286;1816512.00000000000000000000000000000000000000000000000000
1287;1817856.00000000000000000000000000000000000000000000000000
1288;1819332.00000000000000000000000000000000000000000000000000
1289;1820904.00000000000000000000000000000000000000000000000000
1290;1821880.00000000000000000000000000000000000000000000000000
1291;1823516.00000000000000000000000000000000000000000000000000
1292;1824996.00000000000000000000000000000000000000000000000000
1293;1826572.00000000000000000000000000000000000000000000000000
1294;1827752.00000000000000000000000000000000000000000000000000
1295;1829144.00000000000000000000000000000000000000000000000000
1296;1831180.00000000000000000000000000000000000000000000000000
1297;1833888.00000000000000000000000000000000000000000000000000
1298;1837896.00000000000000000000000000000000000000000000000000
1299;1846420.00000000000000000000000000000000000000000000000000
1300;1846420.00000000000000000000000000000000000000000000000000
1301;1846420.00000000000000000000000000000000000000000000000000
1302;1846420.00000000000000000000000000000000000000000000000000
1303;1846420.00000000000000000000000000000000000000000000000000
1304;1846152.00000000000000000000000000000000000000000000000000
1305;1846088.00000000000000000000000000000000000000000000000000
1306;1846088.00000000000000000000000000000000000000000000000000
1307;1846024.00000000000000000000000000000000000000000000000000
1308;1846072.00000000000000000000000000000000000000000000000000
1309;1846152.00000000000000000000000000000000000000000000000000
1310;1846152.00000000000000000000000000000000000000000000000000
1311;1846336.00000000000000000000000000000000000000000000000000
1312;1846088.00000000000000000000000000000000000000000000000000
1313;1846088.00000000000000000000000000000000000000000000000000
1314;1846152.00000000000000000000000000000000000000000000000000
1315;1846024.00000000000000000000000000000000000000000000000000
1316;1846088.00000000000000000000000000000000000000000000000000
1317;1846024.00000000000000000000000000000000000000000000000000
1318;1846024.00000000000000000000000000000000000000000000000000
1319;1846088.00000000000000000000000000000000000000000000000000
1320;1846088.00000000000000000000000000000000000000000000000000
1321;1846152.00000000000000000000000000000000000000000000000000
1322;1846152.00000000000000000000000000000000000000000000000000
1323;1846088.00000000000000000000000000000000000000000000000000
1324;1846088.00000000000000000000000000000000000000000000000000
1325;1846024.00000000000000000000000000000000000000000000000000
1326;1846024.00000000000000000000000000000000000000000000000000
1327;1846024.00000000000000000000000000000000000000000000000000
1328;1846152.00000000000000000000000000000000000000000000000000
1329;1846088.00000000000000000000000000000000000000000000000000
1330;1846024.00000000000000000000000000000000000000000000000000
1331;1846088.00000000000000000000000000000000000000000000000000
1332;1846088.00000000000000000000000000000000000000000000000000
1333;1846152.00000000000000000000000000000000000000000000000000
1334;1846024.00000000000000000000000000000000000000000000000000
1335;1846152.00000000000000000000000000000000000000000000000000
1336;1846152.00000000000000000000000000000000000000000000000000
1337;1846088.00000000000000000000000000000000000000000000000000
1338;1846152.00000000000000000000000000000000000000000000000000
1339;1846088.00000000000000000000000000000000000000000000000000
1340;1846088.00000000000000000000000000000000000000000000000000
1341;1846088.00000000000000000000000000000000000000000000000000
1342;1846152.00000000000000000000000000000000000000000000000000
1343;1846152.00000000000000000000000000000000000000000000000000
1344;1846152.00000000000000000000000000000000000000000000000000
1345;1846152.00000000000000000000000000000000000000000000000000
1346;1846152.00000000000000000000000000000000000000000000000000
1347;1846152.00000000000000000000000000000000000000000000000000
1348;1846152.00000000000000000000000000000000000000000000000000
1349;1846088.00000000000000000000000000000000000000000000000000
1350;1846024.00000000000000000000000000000000000000000000000000
1351;1846152.00000000000000000000000000000000000000000000000000
1352;1846024.00000000000000000000000000000000000000000000000000
1353;1846088.00000000000000000000000000000000000000000000000000
1354;1846088.00000000000000000000000000000000000000000000000000
1355;1846024.00000000000000000000000000000000000000000000000000
1356;1846024.00000000000000000000000000000000000000000000000000
1357;1846088.00000000000000000000000000000000000000000000000000
1358;1846152.00000000000000000000000000000000000000000000000000
1359;1846088.00000000000000000000000000000000000000000000000000
1360;1846088.00000000000000000000000000000000000000000000000000
1361;1846280.00000000000000000000000000000000000000000000000000
1362;1846024.00000000000000000000000000000000000000000000000000
1363;1846088.00000000000000000000000000000000000000000000000000
1364;1846024.00000000000000000000000000000000000000000000000000
1365;1846024.00000000000000000000000000000000000000000000000000
1366;1846152.00000000000000000000000000000000000000000000000000
1367;1846072.00000000000000000000000000000000000000000000000000
1368;1846148.00000000000000000000000000000000000000000000000000
1369;1846276.00000000000000000000000000000000000000000000000000
1370;1846084.00000000000000000000000000000000000000000000000000
1371;1846148.00000000000000000000000000000000000000000000000000
1372;1846276.00000000000000000000000000000000000000000000000000
1373;1846148.00000000000000000000000000000000000000000000000000
1374;1846148.00000000000000000000000000000000000000000000000000
1375;1846020.00000000000000000000000000000000000000000000000000
1376;1846148.00000000000000000000000000000000000000000000000000
1377;1846084.00000000000000000000000000000000000000000000000000
1378;1846084.00000000000000000000000000000000000000000000000000
1379;1846020.00000000000000000000000000000000000000000000000000
1380;1846084.00000000000000000000000000000000000000000000000000
1381;1846148.00000000000000000000000000000000000000000000000000
1382;1846148.00000000000000000000000000000000000000000000000000
1383;1846148.00000000000000000000000000000000000000000000000000
1384;1846148.00000000000000000000000000000000000000000000000000
1385;1846084.00000000000000000000000000000000000000000000000000
1386;1846148.00000000000000000000000000000000000000000000000000
1387;1846148.00000000000000000000000000000000000000000000000000
1388;1846148.00000000000000000000000000000000000000000000000000
1389;1846148.00000000000000000000000000000000000000000000000000
1390;1846148.00000000000000000000000000000000000000000000000000
1391;1846084.00000000000000000000000000000000000000000000000000
1392;1846020.00000000000000000000000000000000000000000000000000
1393;1846268.00000000000000000000000000000000000000000000000000
1394;1846084.00000000000000000000000000000000000000000000000000
1395;1846276.00000000000000000000000000000000000000000000000000
1396;1846084.00000000000000000000000000000000000000000000000000
1397;1846084.00000000000000000000000000000000000000000000000000
1398;1846276.00000000000000000000000000000000000000000000000000
1399;1846084.00000000000000000000000000000000000000000000000000
1400;1846332.00000000000000000000000000000000000000000000000000
1401;1846084.00000000000000000000000000000000000000000000000000
1402;1846148.00000000000000000000000000000000000000000000000000
1403;1846148.00000000000000000000000000000000000000000000000000
1404;1846020.00000000000000000000000000000000000000000000000000
1405;1846084.00000000000000000000000000000000000000000000000000
1406;1846020.00000000000000000000000000000000000000000000000000
1407;1846148.00000000000000000000000000000000000000000000000000
1408;1846268.00000000000000000000000000000000000000000000000000
1409;1846148.00000000000000000000000000000000000000000000000000
1410;1846148.00000000000000000000000000000000000000000000000000
1411;1846268.00000000000000000000000000000000000000000000000000
1412;1846276.00000000000000000000000000000000000000000000000000
1413;1846020.00000000000000000000000000000000000000000000000000
1414;1846148.00000000000000000000000000000000000000000000000000
1415;1846148.00000000000000000000000000000000000000000000000000
1416;1846148.00000000000000000000000000000000000000000000000000
1417;1846268.00000000000000000000000000000000000000000000000000
1418;1846148.00000000000000000000000000000000000000000000000000
1419;1846332.00000000000000000000000000000000000000000000000000
1420;1846084.00000000000000000000000000000000000000000000000000
1421;1846084.00000000000000000000000000000000000000000000000000
1422;1846020.00000000000000000000000000000000000000000000000000
1423;1846148.00000000000000000000000000000000000000000000000000
1424;1846148.00000000000000000000000000000000000000000000000000
1425;1846228.00000000000000000000000000000000000000000000000000
1426;1846084.00000000000000000000000000000000000000000000000000
1427;1846152.00000000000000000000000000000000000000000000000000
1428;1846024.00000000000000000000000000000000000000000000000000
1429;1846152.00000000000000000000000000000000000000000000000000
1430;1846152.00000000000000000000000000000000000000000000000000
1431;1500900.00000000000000000000000000000000000000000000000000
1432;1497904.00000000000000000000000000000000000000000000000000
1433;1496428.00000000000000000000000000000000000000000000000000
1434;1498244.00000000000000000000000000000000000000000000000000
1435;1498484.00000000000000000000000000000000000000000000000000
1436;1498776.00000000000000000000000000000000000000000000000000
1437;1501252.00000000000000000000000000000000000000000000000000
1438;1500288.00000000000000000000000000000000000000000000000000
1439;1501512.00000000000000000000000000000000000000000000000000
1440;1503060.00000000000000000000000000000000000000000000000000
1441;1504288.00000000000000000000000000000000000000000000000000
1442;1505572.00000000000000000000000000000000000000000000000000
1443;1508876.00000000000000000000000000000000000000000000000000
1444;1509904.00000000000000000000000000000000000000000000000000
1445;1512952.00000000000000000000000000000000000000000000000000
1446;1514116.00000000000000000000000000000000000000000000000000
1447;1516280.00000000000000000000000000000000000000000000000000
1448;1517856.00000000000000000000000000000000000000000000000000
1449;1518520.00000000000000000000000000000000000000000000000000
1450;1521580.00000000000000000000000000000000000000000000000000
1451;1523268.00000000000000000000000000000000000000000000000000
1452;1525376.00000000000000000000000000000000000000000000000000
1453;1527052.00000000000000000000000000000000000000000000000000
1454;1527976.00000000000000000000000000000000000000000000000000
1455;1530520.00000000000000000000000000000000000000000000000000
1456;1531672.00000000000000000000000000000000000000000000000000
1457;1532896.00000000000000000000000000000000000000000000000000
1458;1535132.00000000000000000000000000000000000000000000000000
1459;1536600.00000000000000000000000000000000000000000000000000
1460;1537432.00000000000000000000000000000000000000000000000000
1461;1538080.00000000000000000000000000000000000000000000000000
1462;1540624.00000000000000000000000000000000000000000000000000
1463;1542088.00000000000000000000000000000000000000000000000000
1464;1543208.00000000000000000000000000000000000000000000000000
1465;1544688.00000000000000000000000000000000000000000000000000
1466;1547380.00000000000000000000000000000000000000000000000000
1467;1548216.00000000000000000000000000000000000000000000000000
1468;1548608.00000000000000000000000000000000000000000000000000
1469;1550792.00000000000000000000000000000000000000000000000000
1470;1551352.00000000000000000000000000000000000000000000000000
1471;1552900.00000000000000000000000000000000000000000000000000
1472;1557424.00000000000000000000000000000000000000000000000000
1473;1559376.00000000000000000000000000000000000000000000000000
1474;1560560.00000000000000000000000000000000000000000000000000
1475;1561608.00000000000000000000000000000000000000000000000000
1476;1563012.00000000000000000000000000000000000000000000000000
1477;1566512.00000000000000000000000000000000000000000000000000
1478;1568096.00000000000000000000000000000000000000000000000000
1479;1569488.00000000000000000000000000000000000000000000000000
1480;1570960.00000000000000000000000000000000000000000000000000
1481;1572356.00000000000000000000000000000000000000000000000000
1482;1573116.00000000000000000000000000000000000000000000000000
1483;1575000.00000000000000000000000000000000000000000000000000
1484;1582040.00000000000000000000000000000000000000000000000000
1485;1583068.00000000000000000000000000000000000000000000000000
1486;1583820.00000000000000000000000000000000000000000000000000
1487;1585832.00000000000000000000000000000000000000000000000000
1488;1587128.00000000000000000000000000000000000000000000000000
1489;1588100.00000000000000000000000000000000000000000000000000
1490;1589908.00000000000000000000000000000000000000000000000000
1491;1596576.00000000000000000000000000000000000000000000000000
1492;1598224.00000000000000000000000000000000000000000000000000
1493;1599468.00000000000000000000000000000000000000000000000000
1494;1600436.00000000000000000000000000000000000000000000000000
1495;1600568.00000000000000000000000000000000000000000000000000
1496;1600660.00000000000000000000000000000000000000000000000000
1497;1600664.00000000000000000000000000000000000000000000000000
1498;1600748.00000000000000000000000000000000000000000000000000
1499;1608140.00000000000000000000000000000000000000000000000000
1500;1609796.00000000000000000000000000000000000000000000000000
1501;1611432.00000000000000000000000000000000000000000000000000
1502;1612716.00000000000000000000000000000000000000000000000000
1503;1613156.00000000000000000000000000000000000000000000000000
1504;1613372.00000000000000000000000000000000000000000000000000
1505;1613696.00000000000000000000000000000000000000000000000000
1506;1613888.00000000000000000000000000000000000000000000000000
1507;1614440.00000000000000000000000000000000000000000000000000
1508;1624180.00000000000000000000000000000000000000000000000000
1509;1625012.00000000000000000000000000000000000000000000000000
1510;1627208.00000000000000000000000000000000000000000000000000
1511;1628928.00000000000000000000000000000000000000000000000000
1512;1630204.00000000000000000000000000000000000000000000000000
1513;1630908.00000000000000000000000000000000000000000000000000
1514;1631304.00000000000000000000000000000000000000000000000000
1515;1631364.00000000000000000000000000000000000000000000000000
1516;1631424.00000000000000000000000000000000000000000000000000
1517;1631536.00000000000000000000000000000000000000000000000000
1518;1645808.00000000000000000000000000000000000000000000000000
1519;1647032.00000000000000000000000000000000000000000000000000
1520;1648380.00000000000000000000000000000000000000000000000000
1521;1649928.00000000000000000000000000000000000000000000000000
1522;1651632.00000000000000000000000000000000000000000000000000
1523;1653164.00000000000000000000000000000000000000000000000000
1524;1653740.00000000000000000000000000000000000000000000000000
1525;1653960.00000000000000000000000000000000000000000000000000
1526;1653788.00000000000000000000000000000000000000000000000000
1527;1654288.00000000000000000000000000000000000000000000000000
1528;1654244.00000000000000000000000000000000000000000000000000
1529;1670548.00000000000000000000000000000000000000000000000000
1530;1672288.00000000000000000000000000000000000000000000000000
1531;1673780.00000000000000000000000000000000000000000000000000
1532;1675384.00000000000000000000000000000000000000000000000000
1533;1677268.00000000000000000000000000000000000000000000000000
1534;1678296.00000000000000000000000000000000000000000000000000
1535;1679392.00000000000000000000000000000000000000000000000000
1536;1681104.00000000000000000000000000000000000000000000000000
1537;1681768.00000000000000000000000000000000000000000000000000
1538;1681784.00000000000000000000000000000000000000000000000000
1539;1681636.00000000000000000000000000000000000000000000000000
1540;1682344.00000000000000000000000000000000000000000000000000
1541;1702220.00000000000000000000000000000000000000000000000000
1542;1703664.00000000000000000000000000000000000000000000000000
1543;1704964.00000000000000000000000000000000000000000000000000
1544;1706272.00000000000000000000000000000000000000000000000000
1545;1707220.00000000000000000000000000000000000000000000000000
1546;1707164.00000000000000000000000000000000000000000000000000
1547;1707332.00000000000000000000000000000000000000000000000000
1548;1707916.00000000000000000000000000000000000000000000000000
1549;1708196.00000000000000000000000000000000000000000000000000
1550;1708320.00000000000000000000000000000000000000000000000000
1551;1708572.00000000000000000000000000000000000000000000000000
1552;1708940.00000000000000000000000000000000000000000000000000
1553;1709232.00000000000000000000000000000000000000000000000000
1554;1731712.00000000000000000000000000000000000000000000000000
1555;1731724.00000000000000000000000000000000000000000000000000
1556;1732232.00000000000000000000000000000000000000000000000000
1557;1732324.00000000000000000000000000000000000000000000000000
1558;1732156.00000000000000000000000000000000000000000000000000
1559;1732676.00000000000000000000000000000000000000000000000000
1560;1733112.00000000000000000000000000000000000000000000000000
1561;1733316.00000000000000000000000000000000000000000000000000
1562;1733504.00000000000000000000000000000000000000000000000000
1563;1733792.00000000000000000000000000000000000000000000000000
1564;1733676.00000000000000000000000000000000000000000000000000
1565;1734320.00000000000000000000000000000000000000000000000000
1566;1734468.00000000000000000000000000000000000000000000000000
1567;1734636.00000000000000000000000000000000000000000000000000
1568;1751624.00000000000000000000000000000000000000000000000000
1569;1751560.00000000000000000000000000000000000000000000000000
1570;1752056.00000000000000000000000000000000000000000000000000
1571;1752560.00000000000000000000000000000000000000000000000000
1572;1752604.00000000000000000000000000000000000000000000000000
1573;1752872.00000000000000000000000000000000000000000000000000
1574;1753252.00000000000000000000000000000000000000000000000000
1575;1753264.00000000000000000000000000000000000000000000000000
1576;1753724.00000000000000000000000000000000000000000000000000
1577;1754044.00000000000000000000000000000000000000000000000000
1578;1754204.00000000000000000000000000000000000000000000000000
1579;1754440.00000000000000000000000000000000000000000000000000
1580;1754764.00000000000000000000000000000000000000000000000000
1581;1761684.00000000000000000000000000000000000000000000000000
1582;1762236.00000000000000000000000000000000000000000000000000
1583;1762316.00000000000000000000000000000000000000000000000000
1584;1763668.00000000000000000000000000000000000000000000000000
1585;1765152.00000000000000000000000000000000000000000000000000
1586;1766872.00000000000000000000000000000000000000000000000000
1587;1768832.00000000000000000000000000000000000000000000000000
1588;1770820.00000000000000000000000000000000000000000000000000
1589;1772272.00000000000000000000000000000000000000000000000000
1590;1773684.00000000000000000000000000000000000000000000000000
1591;1775588.00000000000000000000000000000000000000000000000000
1592;1776840.00000000000000000000000000000000000000000000000000
1593;1779228.00000000000000000000000000000000000000000000000000
1594;1781472.00000000000000000000000000000000000000000000000000
1595;1782124.00000000000000000000000000000000000000000000000000
1596;1795624.00000000000000000000000000000000000000000000000000
1597;1795984.00000000000000000000000000000000000000000000000000
1598;1797912.00000000000000000000000000000000000000000000000000
1599;1799672.00000000000000000000000000000000000000000000000000
1600;1801340.00000000000000000000000000000000000000000000000000
1601;1803372.00000000000000000000000000000000000000000000000000
1602;1805748.00000000000000000000000000000000000000000000000000
1603;1810108.00000000000000000000000000000000000000000000000000
1604;1813452.00000000000000000000000000000000000000000000000000
1605;1817036.00000000000000000000000000000000000000000000000000
1606;1819220.00000000000000000000000000000000000000000000000000
1607;1822908.00000000000000000000000000000000000000000000000000
1608;1826568.00000000000000000000000000000000000000000000000000
1609;1830644.00000000000000000000000000000000000000000000000000
1610;1834064.00000000000000000000000000000000000000000000000000
1611;1838756.00000000000000000000000000000000000000000000000000
1612;1841324.00000000000000000000000000000000000000000000000000
1613;1850952.00000000000000000000000000000000000000000000000000
1614;1850952.00000000000000000000000000000000000000000000000000
1615;1850952.00000000000000000000000000000000000000000000000000
1616;1850952.00000000000000000000000000000000000000000000000000
1617;1850196.00000000000000000000000000000000000000000000000000
1618;1850136.00000000000000000000000000000000000000000000000000
1619;1850136.00000000000000000000000000000000000000000000000000
1620;1850200.00000000000000000000000000000000000000000000000000
1621;1850204.00000000000000000000000000000000000000000000000000
1622;1850392.00000000000000000000000000000000000000000000000000
1623;1850200.00000000000000000000000000000000000000000000000000
1624;1850264.00000000000000000000000000000000000000000000000000
1625;1850200.00000000000000000000000000000000000000000000000000
1626;1850260.00000000000000000000000000000000000000000000000000
1627;1850136.00000000000000000000000000000000000000000000000000
1628;1850264.00000000000000000000000000000000000000000000000000
1629;1850204.00000000000000000000000000000000000000000000000000
1630;1850264.00000000000000000000000000000000000000000000000000
1631;1850204.00000000000000000000000000000000000000000000000000
1632;1850384.00000000000000000000000000000000000000000000000000
1633;1850136.00000000000000000000000000000000000000000000000000
1634;1850260.00000000000000000000000000000000000000000000000000
1635;1850200.00000000000000000000000000000000000000000000000000
1636;1850264.00000000000000000000000000000000000000000000000000
1637;1850264.00000000000000000000000000000000000000000000000000
1638;1850448.00000000000000000000000000000000000000000000000000
1639;1850200.00000000000000000000000000000000000000000000000000
1640;1850260.00000000000000000000000000000000000000000000000000
1641;1850264.00000000000000000000000000000000000000000000000000
1642;1850200.00000000000000000000000000000000000000000000000000
1643;1850136.00000000000000000000000000000000000000000000000000
1644;1850264.00000000000000000000000000000000000000000000000000
1645;1850200.00000000000000000000000000000000000000000000000000
1646;1850200.00000000000000000000000000000000000000000000000000
1647;1850200.00000000000000000000000000000000000000000000000000
1648;1850264.00000000000000000000000000000000000000000000000000
1649;1850204.00000000000000000000000000000000000000000000000000
1650;1850264.00000000000000000000000000000000000000000000000000
1651;1850296.00000000000000000000000000000000000000000000000000
1652;1850296.00000000000000000000000000000000000000000000000000
1653;1850296.00000000000000000000000000000000000000000000000000
1654;1850296.00000000000000000000000000000000000000000000000000
1655;1850296.00000000000000000000000000000000000000000000000000
1656;1850292.00000000000000000000000000000000000000000000000000
1657;1850424.00000000000000000000000000000000000000000000000000
1658;1850296.00000000000000000000000000000000000000000000000000
1659;1850292.00000000000000000000000000000000000000000000000000
1660;1850232.00000000000000000000000000000000000000000000000000
1661;1850232.00000000000000000000000000000000000000000000000000
1662;1850424.00000000000000000000000000000000000000000000000000
1663;1850172.00000000000000000000000000000000000000000000000000
1664;1850236.00000000000000000000000000000000000000000000000000
1665;1850428.00000000000000000000000000000000000000000000000000
1666;1850172.00000000000000000000000000000000000000000000000000
1667;1850172.00000000000000000000000000000000000000000000000000
1668;1850236.00000000000000000000000000000000000000000000000000
1669;1850236.00000000000000000000000000000000000000000000000000
1670;1850420.00000000000000000000000000000000000000000000000000
1671;1850236.00000000000000000000000000000000000000000000000000
1672;1850236.00000000000000000000000000000000000000000000000000
1673;1850300.00000000000000000000000000000000000000000000000000
1674;1850428.00000000000000000000000000000000000000000000000000
1675;1850172.00000000000000000000000000000000000000000000000000
1676;1850172.00000000000000000000000000000000000000000000000000
1677;1850172.00000000000000000000000000000000000000000000000000
1678;1850300.00000000000000000000000000000000000000000000000000
1679;1850300.00000000000000000000000000000000000000000000000000
1680;1850236.00000000000000000000000000000000000000000000000000
1681;1850236.00000000000000000000000000000000000000000000000000
1682;1850236.00000000000000000000000000000000000000000000000000
1683;1850236.00000000000000000000000000000000000000000000000000
1684;1850172.00000000000000000000000000000000000000000000000000
1685;1850300.00000000000000000000000000000000000000000000000000
1686;1850236.00000000000000000000000000000000000000000000000000
1687;1850296.00000000000000000000000000000000000000000000000000
1688;1850172.00000000000000000000000000000000000000000000000000
1689;1850300.00000000000000000000000000000000000000000000000000
1690;1850300.00000000000000000000000000000000000000000000000000
1691;1850300.00000000000000000000000000000000000000000000000000
1692;1850300.00000000000000000000000000000000000000000000000000
1693;1850300.00000000000000000000000000000000000000000000000000
1694;1850236.00000000000000000000000000000000000000000000000000
1695;1850376.00000000000000000000000000000000000000000000000000
1696;1850172.00000000000000000000000000000000000000000000000000
1697;1850236.00000000000000000000000000000000000000000000000000
1698;1850172.00000000000000000000000000000000000000000000000000
1699;1850236.00000000000000000000000000000000000000000000000000
1700;1850428.00000000000000000000000000000000000000000000000000
1701;1850300.00000000000000000000000000000000000000000000000000
1702;1850556.00000000000000000000000000000000000000000000000000
1703;1850236.00000000000000000000000000000000000000000000000000
1704;1850236.00000000000000000000000000000000000000000000000000
1705;1850484.00000000000000000000000000000000000000000000000000
1706;1850236.00000000000000000000000000000000000000000000000000
1707;1850300.00000000000000000000000000000000000000000000000000
1708;1850240.00000000000000000000000000000000000000000000000000
1709;1850428.00000000000000000000000000000000000000000000000000
1710;1850300.00000000000000000000000000000000000000000000000000
1711;1850296.00000000000000000000000000000000000000000000000000
1712;1850236.00000000000000000000000000000000000000000000000000
1713;1850428.00000000000000000000000000000000000000000000000000
1714;1850236.00000000000000000000000000000000000000000000000000
1715;1850172.00000000000000000000000000000000000000000000000000
1716;1850172.00000000000000000000000000000000000000000000000000
1717;1850236.00000000000000000000000000000000000000000000000000
1718;1850240.00000000000000000000000000000000000000000000000000
1719;1850236.00000000000000000000000000000000000000000000000000
1720;1850300.00000000000000000000000000000000000000000000000000
1721;1850296.00000000000000000000000000000000000000000000000000
1722;1850236.00000000000000000000000000000000000000000000000000
1723;1850300.00000000000000000000000000000000000000000000000000
1724;1850296.00000000000000000000000000000000000000000000000000
1725;1850236.00000000000000000000000000000000000000000000000000
1726;1850300.00000000000000000000000000000000000000000000000000
1727;1504024.00000000000000000000000000000000000000000000000000
1728;1499628.00000000000000000000000000000000000000000000000000
1729;1500244.00000000000000000000000000000000000000000000000000
1730;1496996.00000000000000000000000000000000000000000000000000
1731;1498276.00000000000000000000000000000000000000000000000000
1732;1499464.00000000000000000000000000000000000000000000000000
1733;1500104.00000000000000000000000000000000000000000000000000
1734;1501408.00000000000000000000000000000000000000000000000000
1735;1503512.00000000000000000000000000000000000000000000000000
1736;1505848.00000000000000000000000000000000000000000000000000
1737;1507724.00000000000000000000000000000000000000000000000000
1738;1511560.00000000000000000000000000000000000000000000000000
1739;1514988.00000000000000000000000000000000000000000000000000
1740;1515368.00000000000000000000000000000000000000000000000000
1741;1518032.00000000000000000000000000000000000000000000000000
1742;1521036.00000000000000000000000000000000000000000000000000
1743;1521980.00000000000000000000000000000000000000000000000000
1744;1523004.00000000000000000000000000000000000000000000000000
1745;1526188.00000000000000000000000000000000000000000000000000
1746;1527684.00000000000000000000000000000000000000000000000000
1747;1529460.00000000000000000000000000000000000000000000000000
1748;1529468.00000000000000000000000000000000000000000000000000
1749;1531216.00000000000000000000000000000000000000000000000000
1750;1534616.00000000000000000000000000000000000000000000000000
1751;1536560.00000000000000000000000000000000000000000000000000
1752;1539588.00000000000000000000000000000000000000000000000000
1753;1541620.00000000000000000000000000000000000000000000000000
1754;1542980.00000000000000000000000000000000000000000000000000
1755;1544764.00000000000000000000000000000000000000000000000000
1756;1546424.00000000000000000000000000000000000000000000000000
1757;1548120.00000000000000000000000000000000000000000000000000
1758;1550292.00000000000000000000000000000000000000000000000000
1759;1552384.00000000000000000000000000000000000000000000000000
1760;1554328.00000000000000000000000000000000000000000000000000
1761;1556420.00000000000000000000000000000000000000000000000000
1762;1558328.00000000000000000000000000000000000000000000000000
1763;1565952.00000000000000000000000000000000000000000000000000
1764;1567108.00000000000000000000000000000000000000000000000000
1765;1569336.00000000000000000000000000000000000000000000000000
1766;1570488.00000000000000000000000000000000000000000000000000
1767;1572076.00000000000000000000000000000000000000000000000000
1768;1579424.00000000000000000000000000000000000000000000000000
1769;1581128.00000000000000000000000000000000000000000000000000
1770;1582636.00000000000000000000000000000000000000000000000000
1771;1584976.00000000000000000000000000000000000000000000000000
1772;1587032.00000000000000000000000000000000000000000000000000
1773;1588644.00000000000000000000000000000000000000000000000000
1774;1592628.00000000000000000000000000000000000000000000000000
1775;1592596.00000000000000000000000000000000000000000000000000
1776;1594040.00000000000000000000000000000000000000000000000000
1777;1596128.00000000000000000000000000000000000000000000000000
1778;1597792.00000000000000000000000000000000000000000000000000
1779;1599272.00000000000000000000000000000000000000000000000000
1780;1603472.00000000000000000000000000000000000000000000000000
1781;1605028.00000000000000000000000000000000000000000000000000
1782;1606156.00000000000000000000000000000000000000000000000000
1783;1607008.00000000000000000000000000000000000000000000000000
1784;1609208.00000000000000000000000000000000000000000000000000
1785;1611568.00000000000000000000000000000000000000000000000000
1786;1616924.00000000000000000000000000000000000000000000000000
1787;1618408.00000000000000000000000000000000000000000000000000
1788;1617424.00000000000000000000000000000000000000000000000000
1789;1617996.00000000000000000000000000000000000000000000000000
1790;1619448.00000000000000000000000000000000000000000000000000
1791;1621212.00000000000000000000000000000000000000000000000000
1792;1622640.00000000000000000000000000000000000000000000000000
1793;1624424.00000000000000000000000000000000000000000000000000
1794;1638568.00000000000000000000000000000000000000000000000000
1795;1640960.00000000000000000000000000000000000000000000000000
1796;1642784.00000000000000000000000000000000000000000000000000
1797;1645112.00000000000000000000000000000000000000000000000000
1798;1647168.00000000000000000000000000000000000000000000000000
1799;1647468.00000000000000000000000000000000000000000000000000
1800;1648220.00000000000000000000000000000000000000000000000000
1801;1648436.00000000000000000000000000000000000000000000000000
1802;1666496.00000000000000000000000000000000000000000000000000
1803;1668928.00000000000000000000000000000000000000000000000000
1804;1671060.00000000000000000000000000000000000000000000000000
1805;1672660.00000000000000000000000000000000000000000000000000
1806;1674532.00000000000000000000000000000000000000000000000000
1807;1675688.00000000000000000000000000000000000000000000000000
1808;1676648.00000000000000000000000000000000000000000000000000
1809;1678284.00000000000000000000000000000000000000000000000000
1810;1678644.00000000000000000000000000000000000000000000000000
1811;1698404.00000000000000000000000000000000000000000000000000
1812;1699876.00000000000000000000000000000000000000000000000000
1813;1702292.00000000000000000000000000000000000000000000000000
1814;1704716.00000000000000000000000000000000000000000000000000
1815;1705472.00000000000000000000000000000000000000000000000000
1816;1705284.00000000000000000000000000000000000000000000000000
1817;1705576.00000000000000000000000000000000000000000000000000
1818;1705784.00000000000000000000000000000000000000000000000000
1819;1706260.00000000000000000000000000000000000000000000000000
1820;1706728.00000000000000000000000000000000000000000000000000
1821;1706964.00000000000000000000000000000000000000000000000000
1822;1727796.00000000000000000000000000000000000000000000000000
1823;1728240.00000000000000000000000000000000000000000000000000
1824;1728456.00000000000000000000000000000000000000000000000000
1825;1728792.00000000000000000000000000000000000000000000000000
1826;1729160.00000000000000000000000000000000000000000000000000
1827;1729164.00000000000000000000000000000000000000000000000000
1828;1729028.00000000000000000000000000000000000000000000000000
1829;1729948.00000000000000000000000000000000000000000000000000
1830;1730628.00000000000000000000000000000000000000000000000000
1831;1730476.00000000000000000000000000000000000000000000000000
1832;1731396.00000000000000000000000000000000000000000000000000
1833;1731276.00000000000000000000000000000000000000000000000000
1834;1751076.00000000000000000000000000000000000000000000000000
1835;1751204.00000000000000000000000000000000000000000000000000
1836;1751432.00000000000000000000000000000000000000000000000000
1837;1751552.00000000000000000000000000000000000000000000000000
1838;1751972.00000000000000000000000000000000000000000000000000
1839;1751968.00000000000000000000000000000000000000000000000000
1840;1752088.00000000000000000000000000000000000000000000000000
1841;1752280.00000000000000000000000000000000000000000000000000
1842;1752488.00000000000000000000000000000000000000000000000000
1843;1752500.00000000000000000000000000000000000000000000000000
1844;1752676.00000000000000000000000000000000000000000000000000
1845;1753100.00000000000000000000000000000000000000000000000000
1846;1752484.00000000000000000000000000000000000000000000000000
1847;1753500.00000000000000000000000000000000000000000000000000
1848;1767352.00000000000000000000000000000000000000000000000000
1849;1767560.00000000000000000000000000000000000000000000000000
1850;1768272.00000000000000000000000000000000000000000000000000
1851;1768452.00000000000000000000000000000000000000000000000000
1852;1768708.00000000000000000000000000000000000000000000000000
1853;1768560.00000000000000000000000000000000000000000000000000
1854;1767796.00000000000000000000000000000000000000000000000000
1855;1768668.00000000000000000000000000000000000000000000000000
1856;1770328.00000000000000000000000000000000000000000000000000
1857;1772600.00000000000000000000000000000000000000000000000000
1858;1773652.00000000000000000000000000000000000000000000000000
1859;1777340.00000000000000000000000000000000000000000000000000
1860;1780112.00000000000000000000000000000000000000000000000000
1861;1783876.00000000000000000000000000000000000000000000000000
1862;1787280.00000000000000000000000000000000000000000000000000
1863;1797360.00000000000000000000000000000000000000000000000000
1864;1799516.00000000000000000000000000000000000000000000000000
1865;1800520.00000000000000000000000000000000000000000000000000
1866;1804044.00000000000000000000000000000000000000000000000000
1867;1808196.00000000000000000000000000000000000000000000000000
1868;1811336.00000000000000000000000000000000000000000000000000
1869;1814164.00000000000000000000000000000000000000000000000000
1870;1817728.00000000000000000000000000000000000000000000000000
1871;1820436.00000000000000000000000000000000000000000000000000
1872;1824288.00000000000000000000000000000000000000000000000000
1873;1828364.00000000000000000000000000000000000000000000000000
1874;1830872.00000000000000000000000000000000000000000000000000
1875;1834432.00000000000000000000000000000000000000000000000000
1876;1838068.00000000000000000000000000000000000000000000000000
1877;1842064.00000000000000000000000000000000000000000000000000
1878;1851832.00000000000000000000000000000000000000000000000000
1879;1851832.00000000000000000000000000000000000000000000000000
1880;1851832.00000000000000000000000000000000000000000000000000
1881;1851832.00000000000000000000000000000000000000000000000000
1882;1851832.00000000000000000000000000000000000000000000000000
1883;1851768.00000000000000000000000000000000000000000000000000
1884;1851772.00000000000000000000000000000000000000000000000000
1885;1851768.00000000000000000000000000000000000000000000000000
1886;1851832.00000000000000000000000000000000000000000000000000
1887;1851960.00000000000000000000000000000000000000000000000000
1888;1851832.00000000000000000000000000000000000000000000000000
1889;1851768.00000000000000000000000000000000000000000000000000
1890;1851768.00000000000000000000000000000000000000000000000000
1891;1851960.00000000000000000000000000000000000000000000000000
1892;1851768.00000000000000000000000000000000000000000000000000
1893;1851704.00000000000000000000000000000000000000000000000000
1894;1851704.00000000000000000000000000000000000000000000000000
1895;1851832.00000000000000000000000000000000000000000000000000
1896;1851768.00000000000000000000000000000000000000000000000000
1897;1851772.00000000000000000000000000000000000000000000000000
1898;1851768.00000000000000000000000000000000000000000000000000
1899;1851820.00000000000000000000000000000000000000000000000000
1900;1851776.00000000000000000000000000000000000000000000000000
1901;1851836.00000000000000000000000000000000000000000000000000
1902;1852020.00000000000000000000000000000000000000000000000000
1903;1851916.00000000000000000000000000000000000000000000000000
1904;1851964.00000000000000000000000000000000000000000000000000
1905;1851836.00000000000000000000000000000000000000000000000000
1906;1851964.00000000000000000000000000000000000000000000000000
1907;1852020.00000000000000000000000000000000000000000000000000
1908;1851912.00000000000000000000000000000000000000000000000000
1909;1851836.00000000000000000000000000000000000000000000000000
1910;1851964.00000000000000000000000000000000000000000000000000
1911;1852092.00000000000000000000000000000000000000000000000000
1912;1852092.00000000000000000000000000000000000000000000000000
1913;1851772.00000000000000000000000000000000000000000000000000
1914;1851708.00000000000000000000000000000000000000000000000000
1915;1851836.00000000000000000000000000000000000000000000000000
1916;1851844.00000000000000000000000000000000000000000000000000
1917;1851844.00000000000000000000000000000000000000000000000000
1918;1851844.00000000000000000000000000000000000000000000000000
1919;1851844.00000000000000000000000000000000000000000000000000
1920;1851844.00000000000000000000000000000000000000000000000000
1921;1851716.00000000000000000000000000000000000000000000000000
1922;1851780.00000000000000000000000000000000000000000000000000
1923;1852100.00000000000000000000000000000000000000000000000000
1924;1851716.00000000000000000000000000000000000000000000000000
1925;1851780.00000000000000000000000000000000000000000000000000
1926;1851784.00000000000000000000000000000000000000000000000000
1927;1851780.00000000000000000000000000000000000000000000000000
1928;1851780.00000000000000000000000000000000000000000000000000
1929;1851972.00000000000000000000000000000000000000000000000000
1930;1851716.00000000000000000000000000000000000000000000000000
1931;1851844.00000000000000000000000000000000000000000000000000
1932;1851840.00000000000000000000000000000000000000000000000000
1933;1851780.00000000000000000000000000000000000000000000000000
1934;1851716.00000000000000000000000000000000000000000000000000
1935;1851840.00000000000000000000000000000000000000000000000000
1936;1851780.00000000000000000000000000000000000000000000000000
1937;1851716.00000000000000000000000000000000000000000000000000
1938;1851844.00000000000000000000000000000000000000000000000000
1939;1851780.00000000000000000000000000000000000000000000000000
1940;1851972.00000000000000000000000000000000000000000000000000
1941;1851844.00000000000000000000000000000000000000000000000000
1942;1851972.00000000000000000000000000000000000000000000000000
1943;1851844.00000000000000000000000000000000000000000000000000
1944;1851784.00000000000000000000000000000000000000000000000000
1945;1852100.00000000000000000000000000000000000000000000000000
1946;1851960.00000000000000000000000000000000000000000000000000
1947;1851780.00000000000000000000000000000000000000000000000000
1948;1851716.00000000000000000000000000000000000000000000000000
1949;1851784.00000000000000000000000000000000000000000000000000
1950;1851780.00000000000000000000000000000000000000000000000000
1951;1851844.00000000000000000000000000000000000000000000000000
1952;1851780.00000000000000000000000000000000000000000000000000
1953;1851716.00000000000000000000000000000000000000000000000000
1954;1851844.00000000000000000000000000000000000000000000000000
1955;1851844.00000000000000000000000000000000000000000000000000
1956;1851844.00000000000000000000000000000000000000000000000000
1957;1851844.00000000000000000000000000000000000000000000000000
1958;1851844.00000000000000000000000000000000000000000000000000
1959;1851840.00000000000000000000000000000000000000000000000000
1960;1851776.00000000000000000000000000000000000000000000000000
1961;1851780.00000000000000000000000000000000000000000000000000
1962;1851776.00000000000000000000000000000000000000000000000000
1963;1851776.00000000000000000000000000000000000000000000000000
1964;1851840.00000000000000000000000000000000000000000000000000
1965;1851712.00000000000000000000000000000000000000000000000000
1966;1851712.00000000000000000000000000000000000000000000000000
1967;1851840.00000000000000000000000000000000000000000000000000
1968;1851776.00000000000000000000000000000000000000000000000000
1969;1851780.00000000000000000000000000000000000000000000000000
1970;1851776.00000000000000000000000000000000000000000000000000
1971;1851840.00000000000000000000000000000000000000000000000000
1972;1851776.00000000000000000000000000000000000000000000000000
1973;1851840.00000000000000000000000000000000000000000000000000
1974;1851960.00000000000000000000000000000000000000000000000000
1975;1851712.00000000000000000000000000000000000000000000000000
1976;1851836.00000000000000000000000000000000000000000000000000
1977;1851776.00000000000000000000000000000000000000000000000000
1978;1851712.00000000000000000000000000000000000000000000000000
1979;1851828.00000000000000000000000000000000000000000000000000
1980;1851776.00000000000000000000000000000000000000000000000000
1981;1851776.00000000000000000000000000000000000000000000000000
1982;1852024.00000000000000000000000000000000000000000000000000
1983;1852024.00000000000000000000000000000000000000000000000000
1984;1851776.00000000000000000000000000000000000000000000000000
1985;1851776.00000000000000000000000000000000000000000000000000
1986;1851968.00000000000000000000000000000000000000000000000000
1987;1851776.00000000000000000000000000000000000000000000000000
1988;1851780.00000000000000000000000000000000000000000000000000
1989;1851840.00000000000000000000000000000000000000000000000000
1990;1851836.00000000000000000000000000000000000000000000000000
1991;1506708.00000000000000000000000000000000000000000000000000
1992;1505712.00000000000000000000000000000000000000000000000000
1993;1505940.00000000000000000000000000000000000000000000000000
1994;1506240.00000000000000000000000000000000000000000000000000
1995;1507484.00000000000000000000000000000000000000000000000000
1996;1508864.00000000000000000000000000000000000000000000000000
1997;1508700.00000000000000000000000000000000000000000000000000
1998;1510296.00000000000000000000000000000000000000000000000000
1999;1512080.00000000000000000000000000000000000000000000000000
2000;1514272.00000000000000000000000000000000000000000000000000
2001;1515960.00000000000000000000000000000000000000000000000000
2002;1519388.00000000000000000000000000000000000000000000000000
2003;1520868.00000000000000000000000000000000000000000000000000
2004;1523272.00000000000000000000000000000000000000000000000000
2005;1524844.00000000000000000000000000000000000000000000000000
2006;1527464.00000000000000000000000000000000000000000000000000
2007;1529188.00000000000000000000000000000000000000000000000000
2008;1530816.00000000000000000000000000000000000000000000000000
2009;1532616.00000000000000000000000000000000000000000000000000
2010;1534360.00000000000000000000000000000000000000000000000000
2011;1535972.00000000000000000000000000000000000000000000000000
2012;1538364.00000000000000000000000000000000000000000000000000
2013;1539472.00000000000000000000000000000000000000000000000000
2014;1540316.00000000000000000000000000000000000000000000000000
2015;1543512.00000000000000000000000000000000000000000000000000
2016;1545132.00000000000000000000000000000000000000000000000000
2017;1546848.00000000000000000000000000000000000000000000000000
2018;1549924.00000000000000000000000000000000000000000000000000
2019;1551504.00000000000000000000000000000000000000000000000000
2020;1553228.00000000000000000000000000000000000000000000000000
2021;1558140.00000000000000000000000000000000000000000000000000
2022;1560508.00000000000000000000000000000000000000000000000000
2023;1562648.00000000000000000000000000000000000000000000000000
2024;1563872.00000000000000000000000000000000000000000000000000
2025;1568028.00000000000000000000000000000000000000000000000000
2026;1569928.00000000000000000000000000000000000000000000000000
2027;1571576.00000000000000000000000000000000000000000000000000
2028;1573940.00000000000000000000000000000000000000000000000000
2029;1579480.00000000000000000000000000000000000000000000000000
2030;1581364.00000000000000000000000000000000000000000000000000
2031;1583288.00000000000000000000000000000000000000000000000000
2032;1585348.00000000000000000000000000000000000000000000000000
2033;1587008.00000000000000000000000000000000000000000000000000
2034;1589408.00000000000000000000000000000000000000000000000000
2035;1591372.00000000000000000000000000000000000000000000000000
2036;1593560.00000000000000000000000000000000000000000000000000
2037;1595352.00000000000000000000000000000000000000000000000000
2038;1597492.00000000000000000000000000000000000000000000000000
2039;1603336.00000000000000000000000000000000000000000000000000
2040;1606056.00000000000000000000000000000000000000000000000000
2041;1606756.00000000000000000000000000000000000000000000000000
2042;1607280.00000000000000000000000000000000000000000000000000
2043;1608008.00000000000000000000000000000000000000000000000000
2044;1609588.00000000000000000000000000000000000000000000000000
2045;1611120.00000000000000000000000000000000000000000000000000
2046;1617228.00000000000000000000000000000000000000000000000000
2047;1619708.00000000000000000000000000000000000000000000000000
2048;1620328.00000000000000000000000000000000000000000000000000
2049;1620768.00000000000000000000000000000000000000000000000000
2050;1622644.00000000000000000000000000000000000000000000000000
2051;1625252.00000000000000000000000000000000000000000000000000
2052;1627084.00000000000000000000000000000000000000000000000000
2053;1638232.00000000000000000000000000000000000000000000000000
2054;1639908.00000000000000000000000000000000000000000000000000
2055;1642032.00000000000000000000000000000000000000000000000000
2056;1643940.00000000000000000000000000000000000000000000000000
2057;1644804.00000000000000000000000000000000000000000000000000
2058;1645044.00000000000000000000000000000000000000000000000000
2059;1645040.00000000000000000000000000000000000000000000000000
2060;1657384.00000000000000000000000000000000000000000000000000
2061;1659156.00000000000000000000000000000000000000000000000000
2062;1661044.00000000000000000000000000000000000000000000000000
2063;1663100.00000000000000000000000000000000000000000000000000
2064;1665268.00000000000000000000000000000000000000000000000000
2065;1665804.00000000000000000000000000000000000000000000000000
2066;1666136.00000000000000000000000000000000000000000000000000
2067;1665996.00000000000000000000000000000000000000000000000000
2068;1666724.00000000000000000000000000000000000000000000000000
2069;1686404.00000000000000000000000000000000000000000000000000
2070;1688356.00000000000000000000000000000000000000000000000000
2071;1690576.00000000000000000000000000000000000000000000000000
2072;1692824.00000000000000000000000000000000000000000000000000
2073;1694776.00000000000000000000000000000000000000000000000000
2074;1697284.00000000000000000000000000000000000000000000000000
2075;1697872.00000000000000000000000000000000000000000000000000
2076;1698036.00000000000000000000000000000000000000000000000000
2077;1698608.00000000000000000000000000000000000000000000000000
2078;1698600.00000000000000000000000000000000000000000000000000
2079;1719388.00000000000000000000000000000000000000000000000000
2080;1721480.00000000000000000000000000000000000000000000000000
2081;1722892.00000000000000000000000000000000000000000000000000
2082;1723004.00000000000000000000000000000000000000000000000000
2083;1723212.00000000000000000000000000000000000000000000000000
2084;1723200.00000000000000000000000000000000000000000000000000
2085;1723508.00000000000000000000000000000000000000000000000000
2086;1724060.00000000000000000000000000000000000000000000000000
2087;1724436.00000000000000000000000000000000000000000000000000
2088;1724804.00000000000000000000000000000000000000000000000000
2089;1724832.00000000000000000000000000000000000000000000000000
2090;1747204.00000000000000000000000000000000000000000000000000
2091;1747404.00000000000000000000000000000000000000000000000000
2092;1747876.00000000000000000000000000000000000000000000000000
2093;1748224.00000000000000000000000000000000000000000000000000
2094;1748716.00000000000000000000000000000000000000000000000000
2095;1748552.00000000000000000000000000000000000000000000000000
2096;1748636.00000000000000000000000000000000000000000000000000
2097;1748844.00000000000000000000000000000000000000000000000000
2098;1748760.00000000000000000000000000000000000000000000000000
2099;1748752.00000000000000000000000000000000000000000000000000
2100;1749464.00000000000000000000000000000000000000000000000000
2101;1749772.00000000000000000000000000000000000000000000000000
2102;1773496.00000000000000000000000000000000000000000000000000
2103;1774148.00000000000000000000000000000000000000000000000000
2104;1774176.00000000000000000000000000000000000000000000000000
2105;1774916.00000000000000000000000000000000000000000000000000
2106;1774876.00000000000000000000000000000000000000000000000000
2107;1775228.00000000000000000000000000000000000000000000000000
2108;1774992.00000000000000000000000000000000000000000000000000
2109;1775008.00000000000000000000000000000000000000000000000000
2110;1775188.00000000000000000000000000000000000000000000000000
2111;1775084.00000000000000000000000000000000000000000000000000
2112;1775420.00000000000000000000000000000000000000000000000000
2113;1775488.00000000000000000000000000000000000000000000000000
2114;1777044.00000000000000000000000000000000000000000000000000
2115;1778492.00000000000000000000000000000000000000000000000000
2116;1791528.00000000000000000000000000000000000000000000000000
2117;1791924.00000000000000000000000000000000000000000000000000
2118;1792380.00000000000000000000000000000000000000000000000000
2119;1792740.00000000000000000000000000000000000000000000000000
2120;1792724.00000000000000000000000000000000000000000000000000
2121;1793468.00000000000000000000000000000000000000000000000000
2122;1793752.00000000000000000000000000000000000000000000000000
2123;1795172.00000000000000000000000000000000000000000000000000
2124;1797608.00000000000000000000000000000000000000000000000000
2125;1799004.00000000000000000000000000000000000000000000000000
2126;1801012.00000000000000000000000000000000000000000000000000
2127;1802716.00000000000000000000000000000000000000000000000000
2128;1807140.00000000000000000000000000000000000000000000000000
2129;1809748.00000000000000000000000000000000000000000000000000
2130;1813176.00000000000000000000000000000000000000000000000000
2131;1817268.00000000000000000000000000000000000000000000000000
2132;1831372.00000000000000000000000000000000000000000000000000
2133;1833624.00000000000000000000000000000000000000000000000000
2134;1835048.00000000000000000000000000000000000000000000000000
2135;1837360.00000000000000000000000000000000000000000000000000
2136;1839084.00000000000000000000000000000000000000000000000000
2137;1841440.00000000000000000000000000000000000000000000000000
2138;1845380.00000000000000000000000000000000000000000000000000
2139;1849652.00000000000000000000000000000000000000000000000000
2140;1853400.00000000000000000000000000000000000000000000000000
2141;1862540.00000000000000000000000000000000000000000000000000
2142;1864872.00000000000000000000000000000000000000000000000000
2143;1864872.00000000000000000000000000000000000000000000000000
2144;1864872.00000000000000000000000000000000000000000000000000
2145;1864872.00000000000000000000000000000000000000000000000000
2146;1863040.00000000000000000000000000000000000000000000000000
2147;1863232.00000000000000000000000000000000000000000000000000
2148;1863140.00000000000000000000000000000000000000000000000000
2149;1863144.00000000000000000000000000000000000000000000000000
2150;1863052.00000000000000000000000000000000000000000000000000
2151;1863144.00000000000000000000000000000000000000000000000000
2152;1863048.00000000000000000000000000000000000000000000000000
2153;1863144.00000000000000000000000000000000000000000000000000
2154;1863048.00000000000000000000000000000000000000000000000000
2155;1863080.00000000000000000000000000000000000000000000000000
2156;1863052.00000000000000000000000000000000000000000000000000
2157;1863084.00000000000000000000000000000000000000000000000000
2158;1863048.00000000000000000000000000000000000000000000000000
2159;1863016.00000000000000000000000000000000000000000000000000
2160;1863140.00000000000000000000000000000000000000000000000000
2161;1863144.00000000000000000000000000000000000000000000000000
2162;1863052.00000000000000000000000000000000000000000000000000
2163;1863016.00000000000000000000000000000000000000000000000000
2164;1863240.00000000000000000000000000000000000000000000000000
2165;1863144.00000000000000000000000000000000000000000000000000
2166;1863048.00000000000000000000000000000000000000000000000000
2167;1863140.00000000000000000000000000000000000000000000000000
2168;1863144.00000000000000000000000000000000000000000000000000
2169;1863016.00000000000000000000000000000000000000000000000000
2170;1863240.00000000000000000000000000000000000000000000000000
2171;1863140.00000000000000000000000000000000000000000000000000
2172;1863016.00000000000000000000000000000000000000000000000000
2173;1863048.00000000000000000000000000000000000000000000000000
2174;1863084.00000000000000000000000000000000000000000000000000
2175;1863140.00000000000000000000000000000000000000000000000000
2176;1863016.00000000000000000000000000000000000000000000000000
2177;1863144.00000000000000000000000000000000000000000000000000
2178;1863016.00000000000000000000000000000000000000000000000000
2179;1863048.00000000000000000000000000000000000000000000000000
2180;1865148.00000000000000000000000000000000000000000000000000
2181;1865148.00000000000000000000000000000000000000000000000000
2182;1865148.00000000000000000000000000000000000000000000000000
2183;1865148.00000000000000000000000000000000000000000000000000
2184;1865148.00000000000000000000000000000000000000000000000000
2185;1865300.00000000000000000000000000000000000000000000000000
2186;1865144.00000000000000000000000000000000000000000000000000
2187;1865148.00000000000000000000000000000000000000000000000000
2188;1865020.00000000000000000000000000000000000000000000000000
2189;1865056.00000000000000000000000000000000000000000000000000
2190;1865148.00000000000000000000000000000000000000000000000000
2191;1865084.00000000000000000000000000000000000000000000000000
2192;1865300.00000000000000000000000000000000000000000000000000
2193;1865148.00000000000000000000000000000000000000000000000000
2194;1865268.00000000000000000000000000000000000000000000000000
2195;1865084.00000000000000000000000000000000000000000000000000
2196;1865148.00000000000000000000000000000000000000000000000000
2197;1865020.00000000000000000000000000000000000000000000000000
2198;1865268.00000000000000000000000000000000000000000000000000
2199;1865144.00000000000000000000000000000000000000000000000000
2200;1865148.00000000000000000000000000000000000000000000000000
2201;1865088.00000000000000000000000000000000000000000000000000
2202;1865020.00000000000000000000000000000000000000000000000000
2203;1865052.00000000000000000000000000000000000000000000000000
2204;1865052.00000000000000000000000000000000000000000000000000
2205;1865268.00000000000000000000000000000000000000000000000000
2206;1865144.00000000000000000000000000000000000000000000000000
2207;1865020.00000000000000000000000000000000000000000000000000
2208;1865052.00000000000000000000000000000000000000000000000000
2209;1865144.00000000000000000000000000000000000000000000000000
2210;1865056.00000000000000000000000000000000000000000000000000
2211;1865228.00000000000000000000000000000000000000000000000000
2212;1865020.00000000000000000000000000000000000000000000000000
2213;1865244.00000000000000000000000000000000000000000000000000
2214;1865148.00000000000000000000000000000000000000000000000000
2215;1865052.00000000000000000000000000000000000000000000000000
2216;1865144.00000000000000000000000000000000000000000000000000
2217;1865148.00000000000000000000000000000000000000000000000000
2218;1865056.00000000000000000000000000000000000000000000000000
2219;1865144.00000000000000000000000000000000000000000000000000
2220;1865020.00000000000000000000000000000000000000000000000000
2221;1865148.00000000000000000000000000000000000000000000000000
2222;1865148.00000000000000000000000000000000000000000000000000
2223;1865148.00000000000000000000000000000000000000000000000000
2224;1865148.00000000000000000000000000000000000000000000000000
2225;1865148.00000000000000000000000000000000000000000000000000
2226;1865244.00000000000000000000000000000000000000000000000000
2227;1865244.00000000000000000000000000000000000000000000000000
2228;1865020.00000000000000000000000000000000000000000000000000
2229;1865144.00000000000000000000000000000000000000000000000000
2230;1865148.00000000000000000000000000000000000000000000000000
2231;1865056.00000000000000000000000000000000000000000000000000
2232;1865052.00000000000000000000000000000000000000000000000000
2233;1865144.00000000000000000000000000000000000000000000000000
2234;1865300.00000000000000000000000000000000000000000000000000
2235;1865144.00000000000000000000000000000000000000000000000000
2236;1865052.00000000000000000000000000000000000000000000000000
2237;1865148.00000000000000000000000000000000000000000000000000
2238;1865144.00000000000000000000000000000000000000000000000000
2239;1865052.00000000000000000000000000000000000000000000000000
2240;1865020.00000000000000000000000000000000000000000000000000
2241;1865020.00000000000000000000000000000000000000000000000000
2242;1865084.00000000000000000000000000000000000000000000000000
2243;1865244.00000000000000000000000000000000000000000000000000
2244;1865052.00000000000000000000000000000000000000000000000000
2245;1865056.00000000000000000000000000000000000000000000000000
2246;1865020.00000000000000000000000000000000000000000000000000
2247;1865148.00000000000000000000000000000000000000000000000000
2248;1865088.00000000000000000000000000000000000000000000000000
2249;1865148.00000000000000000000000000000000000000000000000000
2250;1865056.00000000000000000000000000000000000000000000000000
2251;1865088.00000000000000000000000000000000000000000000000000
2252;1865084.00000000000000000000000000000000000000000000000000
2253;1865144.00000000000000000000000000000000000000000000000000
2254;1865052.00000000000000000000000000000000000000000000000000
2255;1865084.00000000000000000000000000000000000000000000000000
2256;1865240.00000000000000000000000000000000000000000000000000
2257;1865264.00000000000000000000000000000000000000000000000000
2258;1865240.00000000000000000000000000000000000000000000000000
2259;1584580.00000000000000000000000000000000000000000000000000
2260;1504016.00000000000000000000000000000000000000000000000000
2261;1504380.00000000000000000000000000000000000000000000000000
2262;1503736.00000000000000000000000000000000000000000000000000
2263;1503952.00000000000000000000000000000000000000000000000000
2264;1505256.00000000000000000000000000000000000000000000000000
2265;1505620.00000000000000000000000000000000000000000000000000
2266;1507360.00000000000000000000000000000000000000000000000000
2267;1509336.00000000000000000000000000000000000000000000000000
2268;1510800.00000000000000000000000000000000000000000000000000
2269;1514480.00000000000000000000000000000000000000000000000000
2270;1516428.00000000000000000000000000000000000000000000000000
2271;1519228.00000000000000000000000000000000000000000000000000
2272;1521500.00000000000000000000000000000000000000000000000000
2273;1524176.00000000000000000000000000000000000000000000000000
2274;1525764.00000000000000000000000000000000000000000000000000
2275;1527644.00000000000000000000000000000000000000000000000000
2276;1528964.00000000000000000000000000000000000000000000000000
2277;1531004.00000000000000000000000000000000000000000000000000
2278;1531864.00000000000000000000000000000000000000000000000000
2279;1539708.00000000000000000000000000000000000000000000000000
