Second;RAM_KB
0;8040.00000000000000000000000000000000000000000000000000
1;317800.00000000000000000000000000000000000000000000000000
2;374492.00000000000000000000000000000000000000000000000000
3;692232.00000000000000000000000000000000000000000000000000
4;747712.00000000000000000000000000000000000000000000000000
5;803584.00000000000000000000000000000000000000000000000000
6;899236.00000000000000000000000000000000000000000000000000
7;932024.00000000000000000000000000000000000000000000000000
8;937240.00000000000000000000000000000000000000000000000000
9;977684.00000000000000000000000000000000000000000000000000
10;984524.00000000000000000000000000000000000000000000000000
11;989900.00000000000000000000000000000000000000000000000000
12;995708.00000000000000000000000000000000000000000000000000
13;1001944.00000000000000000000000000000000000000000000000000
14;1007476.00000000000000000000000000000000000000000000000000
15;1013396.00000000000000000000000000000000000000000000000000
16;1020076.00000000000000000000000000000000000000000000000000
17;1024796.00000000000000000000000000000000000000000000000000
18;1030828.00000000000000000000000000000000000000000000000000
19;1036584.00000000000000000000000000000000000000000000000000
20;1041428.00000000000000000000000000000000000000000000000000
21;1046248.00000000000000000000000000000000000000000000000000
22;1052544.00000000000000000000000000000000000000000000000000
23;1057812.00000000000000000000000000000000000000000000000000
24;1063784.00000000000000000000000000000000000000000000000000
25;1068004.00000000000000000000000000000000000000000000000000
26;1073368.00000000000000000000000000000000000000000000000000
27;1078884.00000000000000000000000000000000000000000000000000
28;1083580.00000000000000000000000000000000000000000000000000
29;1090384.00000000000000000000000000000000000000000000000000
30;1093676.00000000000000000000000000000000000000000000000000
31;1098564.00000000000000000000000000000000000000000000000000
32;1103880.00000000000000000000000000000000000000000000000000
33;1109076.00000000000000000000000000000000000000000000000000
34;1114416.00000000000000000000000000000000000000000000000000
35;1121208.00000000000000000000000000000000000000000000000000
36;1125388.00000000000000000000000000000000000000000000000000
37;1129744.00000000000000000000000000000000000000000000000000
38;1133784.00000000000000000000000000000000000000000000000000
39;1140348.00000000000000000000000000000000000000000000000000
40;1144764.00000000000000000000000000000000000000000000000000
41;1149788.00000000000000000000000000000000000000000000000000
42;1155404.00000000000000000000000000000000000000000000000000
43;1161532.00000000000000000000000000000000000000000000000000
44;1165392.00000000000000000000000000000000000000000000000000
45;1170752.00000000000000000000000000000000000000000000000000
46;1174404.00000000000000000000000000000000000000000000000000
47;1182536.00000000000000000000000000000000000000000000000000
48;1182536.00000000000000000000000000000000000000000000000000
49;1204436.00000000000000000000000000000000000000000000000000
50;1205392.00000000000000000000000000000000000000000000000000
51;1205396.00000000000000000000000000000000000000000000000000
52;1204472.00000000000000000000000000000000000000000000000000
53;1204472.00000000000000000000000000000000000000000000000000
54;1204912.00000000000000000000000000000000000000000000000000
55;1205392.00000000000000000000000000000000000000000000000000
56;1204436.00000000000000000000000000000000000000000000000000
57;1205328.00000000000000000000000000000000000000000000000000
58;1205004.00000000000000000000000000000000000000000000000000
59;1205328.00000000000000000000000000000000000000000000000000
60;1204756.00000000000000000000000000000000000000000000000000
61;1205068.00000000000000000000000000000000000000000000000000
62;1204252.00000000000000000000000000000000000000000000000000
63;1204764.00000000000000000000000000000000000000000000000000
64;1205208.00000000000000000000000000000000000000000000000000
65;1205304.00000000000000000000000000000000000000000000000000
66;1204748.00000000000000000000000000000000000000000000000000
67;1205240.00000000000000000000000000000000000000000000000000
68;1205304.00000000000000000000000000000000000000000000000000
69;1205304.00000000000000000000000000000000000000000000000000
70;1204284.00000000000000000000000000000000000000000000000000
71;1205304.00000000000000000000000000000000000000000000000000
72;1205240.00000000000000000000000000000000000000000000000000
73;1205240.00000000000000000000000000000000000000000000000000
74;1205304.00000000000000000000000000000000000000000000000000
75;1205240.00000000000000000000000000000000000000000000000000
76;1205244.00000000000000000000000000000000000000000000000000
77;1204348.00000000000000000000000000000000000000000000000000
78;1204728.00000000000000000000000000000000000000000000000000
79;1204796.00000000000000000000000000000000000000000000000000
80;1204796.00000000000000000000000000000000000000000000000000
81;1205240.00000000000000000000000000000000000000000000000000
82;1205304.00000000000000000000000000000000000000000000000000
83;1205240.00000000000000000000000000000000000000000000000000
84;1205176.00000000000000000000000000000000000000000000000000
85;1205244.00000000000000000000000000000000000000000000000000
86;1204328.00000000000000000000000000000000000000000000000000
87;1204292.00000000000000000000000000000000000000000000000000
88;1204292.00000000000000000000000000000000000000000000000000
89;1204356.00000000000000000000000000000000000000000000000000
90;1205248.00000000000000000000000000000000000000000000000000
91;1205252.00000000000000000000000000000000000000000000000000
92;1204328.00000000000000000000000000000000000000000000000000
93;1204356.00000000000000000000000000000000000000000000000000
94;1205248.00000000000000000000000000000000000000000000000000
95;1104900.00000000000000000000000000000000000000000000000000
96;1107240.00000000000000000000000000000000000000000000000000
97;1110016.00000000000000000000000000000000000000000000000000
98;1112180.00000000000000000000000000000000000000000000000000
99;1114492.00000000000000000000000000000000000000000000000000
100;1116708.00000000000000000000000000000000000000000000000000
101;1118604.00000000000000000000000000000000000000000000000000
102;1121348.00000000000000000000000000000000000000000000000000
103;1123100.00000000000000000000000000000000000000000000000000
104;1127060.00000000000000000000000000000000000000000000000000
105;1129060.00000000000000000000000000000000000000000000000000
106;1132500.00000000000000000000000000000000000000000000000000
107;1134512.00000000000000000000000000000000000000000000000000
108;1136408.00000000000000000000000000000000000000000000000000
109;1139496.00000000000000000000000000000000000000000000000000
110;1144440.00000000000000000000000000000000000000000000000000
111;1145764.00000000000000000000000000000000000000000000000000
112;1150324.00000000000000000000000000000000000000000000000000
113;1151808.00000000000000000000000000000000000000000000000000
114;1154188.00000000000000000000000000000000000000000000000000
115;1160052.00000000000000000000000000000000000000000000000000
116;1162020.00000000000000000000000000000000000000000000000000
117;1164444.00000000000000000000000000000000000000000000000000
118;1168016.00000000000000000000000000000000000000000000000000
119;1170492.00000000000000000000000000000000000000000000000000
120;1172612.00000000000000000000000000000000000000000000000000
121;1178620.00000000000000000000000000000000000000000000000000
122;1180096.00000000000000000000000000000000000000000000000000
123;1182908.00000000000000000000000000000000000000000000000000
124;1188232.00000000000000000000000000000000000000000000000000
125;1190960.00000000000000000000000000000000000000000000000000
126;1192632.00000000000000000000000000000000000000000000000000
127;1195884.00000000000000000000000000000000000000000000000000
128;1199960.00000000000000000000000000000000000000000000000000
129;1202360.00000000000000000000000000000000000000000000000000
130;1203584.00000000000000000000000000000000000000000000000000
131;1205812.00000000000000000000000000000000000000000000000000
132;1208176.00000000000000000000000000000000000000000000000000
133;1213936.00000000000000000000000000000000000000000000000000
134;1215008.00000000000000000000000000000000000000000000000000
135;1215940.00000000000000000000000000000000000000000000000000
136;1215824.00000000000000000000000000000000000000000000000000
137;1216840.00000000000000000000000000000000000000000000000000
138;1216780.00000000000000000000000000000000000000000000000000
139;1215824.00000000000000000000000000000000000000000000000000
140;1216840.00000000000000000000000000000000000000000000000000
141;1216208.00000000000000000000000000000000000000000000000000
142;1216716.00000000000000000000000000000000000000000000000000
143;1216840.00000000000000000000000000000000000000000000000000
144;1216716.00000000000000000000000000000000000000000000000000
145;1216716.00000000000000000000000000000000000000000000000000
146;1215824.00000000000000000000000000000000000000000000000000
147;1215816.00000000000000000000000000000000000000000000000000
148;1215820.00000000000000000000000000000000000000000000000000
149;1216712.00000000000000000000000000000000000000000000000000
150;1215820.00000000000000000000000000000000000000000000000000
151;1216776.00000000000000000000000000000000000000000000000000
152;1216160.00000000000000000000000000000000000000000000000000
153;1216836.00000000000000000000000000000000000000000000000000
154;1216836.00000000000000000000000000000000000000000000000000
155;1216264.00000000000000000000000000000000000000000000000000
156;1215816.00000000000000000000000000000000000000000000000000
157;1216712.00000000000000000000000000000000000000000000000000
158;1215820.00000000000000000000000000000000000000000000000000
159;1216776.00000000000000000000000000000000000000000000000000
160;1216776.00000000000000000000000000000000000000000000000000
161;1216520.00000000000000000000000000000000000000000000000000
162;1216160.00000000000000000000000000000000000000000000000000
163;1215816.00000000000000000000000000000000000000000000000000
164;1216840.00000000000000000000000000000000000000000000000000
165;1216836.00000000000000000000000000000000000000000000000000
166;1216712.00000000000000000000000000000000000000000000000000
167;1216328.00000000000000000000000000000000000000000000000000
168;1216012.00000000000000000000000000000000000000000000000000
169;1215816.00000000000000000000000000000000000000000000000000
170;1216140.00000000000000000000000000000000000000000000000000
171;1216204.00000000000000000000000000000000000000000000000000
172;1216172.00000000000000000000000000000000000000000000000000
173;1216708.00000000000000000000000000000000000000000000000000
174;1216836.00000000000000000000000000000000000000000000000000
175;1216712.00000000000000000000000000000000000000000000000000
176;1215756.00000000000000000000000000000000000000000000000000
177;1216328.00000000000000000000000000000000000000000000000000
178;1216520.00000000000000000000000000000000000000000000000000
179;1216584.00000000000000000000000000000000000000000000000000
180;1215816.00000000000000000000000000000000000000000000000000
181;1215820.00000000000000000000000000000000000000000000000000
182;1216712.00000000000000000000000000000000000000000000000000
183;1110344.00000000000000000000000000000000000000000000000000
184;1112272.00000000000000000000000000000000000000000000000000
185;1114900.00000000000000000000000000000000000000000000000000
186;1117032.00000000000000000000000000000000000000000000000000
187;1118956.00000000000000000000000000000000000000000000000000
188;1120812.00000000000000000000000000000000000000000000000000
189;1123236.00000000000000000000000000000000000000000000000000
190;1124856.00000000000000000000000000000000000000000000000000
191;1127372.00000000000000000000000000000000000000000000000000
192;1128708.00000000000000000000000000000000000000000000000000
193;1131800.00000000000000000000000000000000000000000000000000
194;1133932.00000000000000000000000000000000000000000000000000
195;1137060.00000000000000000000000000000000000000000000000000
196;1138568.00000000000000000000000000000000000000000000000000
197;1141804.00000000000000000000000000000000000000000000000000
198;1143772.00000000000000000000000000000000000000000000000000
199;1146836.00000000000000000000000000000000000000000000000000
200;1148904.00000000000000000000000000000000000000000000000000
201;1154376.00000000000000000000000000000000000000000000000000
202;1156540.00000000000000000000000000000000000000000000000000
203;1158160.00000000000000000000000000000000000000000000000000
204;1163808.00000000000000000000000000000000000000000000000000
205;1165788.00000000000000000000000000000000000000000000000000
206;1170624.00000000000000000000000000000000000000000000000000
207;1174160.00000000000000000000000000000000000000000000000000
208;1175828.00000000000000000000000000000000000000000000000000
209;1177624.00000000000000000000000000000000000000000000000000
210;1183652.00000000000000000000000000000000000000000000000000
211;1185440.00000000000000000000000000000000000000000000000000
212;1186772.00000000000000000000000000000000000000000000000000
213;1190976.00000000000000000000000000000000000000000000000000
214;1193416.00000000000000000000000000000000000000000000000000
215;1195536.00000000000000000000000000000000000000000000000000
216;1197396.00000000000000000000000000000000000000000000000000
217;1200868.00000000000000000000000000000000000000000000000000
218;1201972.00000000000000000000000000000000000000000000000000
219;1204464.00000000000000000000000000000000000000000000000000
220;1207576.00000000000000000000000000000000000000000000000000
221;1208912.00000000000000000000000000000000000000000000000000
222;1213472.00000000000000000000000000000000000000000000000000
223;1214988.00000000000000000000000000000000000000000000000000
224;1218344.00000000000000000000000000000000000000000000000000
225;1218352.00000000000000000000000000000000000000000000000000
226;1217880.00000000000000000000000000000000000000000000000000
227;1217372.00000000000000000000000000000000000000000000000000
228;1217388.00000000000000000000000000000000000000000000000000
229;1217400.00000000000000000000000000000000000000000000000000
230;1217944.00000000000000000000000000000000000000000000000000
231;1217944.00000000000000000000000000000000000000000000000000
232;1216940.00000000000000000000000000000000000000000000000000
233;1217884.00000000000000000000000000000000000000000000000000
234;1216988.00000000000000000000000000000000000000000000000000
235;1216924.00000000000000000000000000000000000000000000000000
236;1217944.00000000000000000000000000000000000000000000000000
237;1217880.00000000000000000000000000000000000000000000000000
238;1216960.00000000000000000000000000000000000000000000000000
239;1217944.00000000000000000000000000000000000000000000000000
240;1217884.00000000000000000000000000000000000000000000000000
241;1217884.00000000000000000000000000000000000000000000000000
242;1217864.00000000000000000000000000000000000000000000000000
243;1217880.00000000000000000000000000000000000000000000000000
244;1217880.00000000000000000000000000000000000000000000000000
245;1216988.00000000000000000000000000000000000000000000000000
246;1216924.00000000000000000000000000000000000000000000000000
247;1217944.00000000000000000000000000000000000000000000000000
248;1217884.00000000000000000000000000000000000000000000000000
249;1217880.00000000000000000000000000000000000000000000000000
250;1217880.00000000000000000000000000000000000000000000000000
251;1217884.00000000000000000000000000000000000000000000000000
252;1217388.00000000000000000000000000000000000000000000000000
253;1217884.00000000000000000000000000000000000000000000000000
254;1216924.00000000000000000000000000000000000000000000000000
255;1217388.00000000000000000000000000000000000000000000000000
256;1216924.00000000000000000000000000000000000000000000000000
257;1216924.00000000000000000000000000000000000000000000000000
258;1216960.00000000000000000000000000000000000000000000000000
259;1217944.00000000000000000000000000000000000000000000000000
260;1217944.00000000000000000000000000000000000000000000000000
261;1217880.00000000000000000000000000000000000000000000000000
262;1217880.00000000000000000000000000000000000000000000000000
263;1217944.00000000000000000000000000000000000000000000000000
264;1217880.00000000000000000000000000000000000000000000000000
265;1217880.00000000000000000000000000000000000000000000000000
266;1217944.00000000000000000000000000000000000000000000000000
267;1217880.00000000000000000000000000000000000000000000000000
268;1217884.00000000000000000000000000000000000000000000000000
269;1216924.00000000000000000000000000000000000000000000000000
270;1216960.00000000000000000000000000000000000000000000000000
271;1216924.00000000000000000000000000000000000000000000000000
272;1109188.00000000000000000000000000000000000000000000000000
273;1111112.00000000000000000000000000000000000000000000000000
274;1113960.00000000000000000000000000000000000000000000000000
275;1116164.00000000000000000000000000000000000000000000000000
276;1118600.00000000000000000000000000000000000000000000000000
277;1120104.00000000000000000000000000000000000000000000000000
278;1122080.00000000000000000000000000000000000000000000000000
279;1124200.00000000000000000000000000000000000000000000000000
280;1127264.00000000000000000000000000000000000000000000000000
281;1128160.00000000000000000000000000000000000000000000000000
282;1130760.00000000000000000000000000000000000000000000000000
283;1132936.00000000000000000000000000000000000000000000000000
284;1135592.00000000000000000000000000000000000000000000000000
285;1137204.00000000000000000000000000000000000000000000000000
286;1140020.00000000000000000000000000000000000000000000000000
287;1142312.00000000000000000000000000000000000000000000000000
288;1146172.00000000000000000000000000000000000000000000000000
289;1148256.00000000000000000000000000000000000000000000000000
290;1152396.00000000000000000000000000000000000000000000000000
291;1154788.00000000000000000000000000000000000000000000000000
292;1157708.00000000000000000000000000000000000000000000000000
293;1160348.00000000000000000000000000000000000000000000000000
294;1162532.00000000000000000000000000000000000000000000000000
295;1167232.00000000000000000000000000000000000000000000000000
296;1169024.00000000000000000000000000000000000000000000000000
297;1171488.00000000000000000000000000000000000000000000000000
298;1175212.00000000000000000000000000000000000000000000000000
299;1177052.00000000000000000000000000000000000000000000000000
300;1179080.00000000000000000000000000000000000000000000000000
301;1184192.00000000000000000000000000000000000000000000000000
302;1186292.00000000000000000000000000000000000000000000000000
303;1189736.00000000000000000000000000000000000000000000000000
304;1192056.00000000000000000000000000000000000000000000000000
305;1196632.00000000000000000000000000000000000000000000000000
306;1198548.00000000000000000000000000000000000000000000000000
307;1199988.00000000000000000000000000000000000000000000000000
308;1201180.00000000000000000000000000000000000000000000000000
309;1203944.00000000000000000000000000000000000000000000000000
310;1207856.00000000000000000000000000000000000000000000000000
311;1209764.00000000000000000000000000000000000000000000000000
312;1211440.00000000000000000000000000000000000000000000000000
313;1213896.00000000000000000000000000000000000000000000000000
314;1215588.00000000000000000000000000000000000000000000000000
315;1223620.00000000000000000000000000000000000000000000000000
316;1223620.00000000000000000000000000000000000000000000000000
317;1223252.00000000000000000000000000000000000000000000000000
318;1222292.00000000000000000000000000000000000000000000000000
319;1223312.00000000000000000000000000000000000000000000000000
320;1223312.00000000000000000000000000000000000000000000000000
321;1223316.00000000000000000000000000000000000000000000000000
322;1223188.00000000000000000000000000000000000000000000000000
323;1223188.00000000000000000000000000000000000000000000000000
324;1223312.00000000000000000000000000000000000000000000000000
325;1223312.00000000000000000000000000000000000000000000000000
326;1222680.00000000000000000000000000000000000000000000000000
327;1223312.00000000000000000000000000000000000000000000000000
328;1223252.00000000000000000000000000000000000000000000000000
329;1222268.00000000000000000000000000000000000000000000000000
330;1222292.00000000000000000000000000000000000000000000000000
331;1223252.00000000000000000000000000000000000000000000000000
332;1222236.00000000000000000000000000000000000000000000000000
333;1222648.00000000000000000000000000000000000000000000000000
334;1222292.00000000000000000000000000000000000000000000000000
335;1222680.00000000000000000000000000000000000000000000000000
336;1223188.00000000000000000000000000000000000000000000000000
337;1223312.00000000000000000000000000000000000000000000000000
338;1223312.00000000000000000000000000000000000000000000000000
339;1222680.00000000000000000000000000000000000000000000000000
340;1223252.00000000000000000000000000000000000000000000000000
341;1223312.00000000000000000000000000000000000000000000000000
342;1222648.00000000000000000000000000000000000000000000000000
343;1223312.00000000000000000000000000000000000000000000000000
344;1223188.00000000000000000000000000000000000000000000000000
345;1222268.00000000000000000000000000000000000000000000000000
346;1223312.00000000000000000000000000000000000000000000000000
347;1223252.00000000000000000000000000000000000000000000000000
348;1222292.00000000000000000000000000000000000000000000000000
349;1222808.00000000000000000000000000000000000000000000000000
350;1222292.00000000000000000000000000000000000000000000000000
351;1223252.00000000000000000000000000000000000000000000000000
352;1222296.00000000000000000000000000000000000000000000000000
353;1222680.00000000000000000000000000000000000000000000000000
354;1223188.00000000000000000000000000000000000000000000000000
355;1222268.00000000000000000000000000000000000000000000000000
356;1222268.00000000000000000000000000000000000000000000000000
357;1222804.00000000000000000000000000000000000000000000000000
358;1222804.00000000000000000000000000000000000000000000000000
359;1223188.00000000000000000000000000000000000000000000000000
360;1222292.00000000000000000000000000000000000000000000000000
361;1223252.00000000000000000000000000000000000000000000000000
362;1222992.00000000000000000000000000000000000000000000000000
363;1112180.00000000000000000000000000000000000000000000000000
364;1113568.00000000000000000000000000000000000000000000000000
365;1116200.00000000000000000000000000000000000000000000000000
366;1119048.00000000000000000000000000000000000000000000000000
367;1121460.00000000000000000000000000000000000000000000000000
368;1123936.00000000000000000000000000000000000000000000000000
369;1125148.00000000000000000000000000000000000000000000000000
370;1127948.00000000000000000000000000000000000000000000000000
371;1130272.00000000000000000000000000000000000000000000000000
372;1134572.00000000000000000000000000000000000000000000000000
373;1138160.00000000000000000000000000000000000000000000000000
374;1140120.00000000000000000000000000000000000000000000000000
375;1142120.00000000000000000000000000000000000000000000000000
376;1145348.00000000000000000000000000000000000000000000000000
377;1147636.00000000000000000000000000000000000000000000000000
378;1149940.00000000000000000000000000000000000000000000000000
379;1153264.00000000000000000000000000000000000000000000000000
380;1155992.00000000000000000000000000000000000000000000000000
381;1158232.00000000000000000000000000000000000000000000000000
382;1161812.00000000000000000000000000000000000000000000000000
383;1163780.00000000000000000000000000000000000000000000000000
384;1167580.00000000000000000000000000000000000000000000000000
385;1168776.00000000000000000000000000000000000000000000000000
386;1171548.00000000000000000000000000000000000000000000000000
387;1176624.00000000000000000000000000000000000000000000000000
388;1179744.00000000000000000000000000000000000000000000000000
389;1180768.00000000000000000000000000000000000000000000000000
390;1187008.00000000000000000000000000000000000000000000000000
391;1188328.00000000000000000000000000000000000000000000000000
392;1190676.00000000000000000000000000000000000000000000000000
393;1195300.00000000000000000000000000000000000000000000000000
394;1197068.00000000000000000000000000000000000000000000000000
395;1199804.00000000000000000000000000000000000000000000000000
396;1201720.00000000000000000000000000000000000000000000000000
397;1204336.00000000000000000000000000000000000000000000000000
398;1207408.00000000000000000000000000000000000000000000000000
399;1209868.00000000000000000000000000000000000000000000000000
400;1210916.00000000000000000000000000000000000000000000000000
401;1212484.00000000000000000000000000000000000000000000000000
402;1214096.00000000000000000000000000000000000000000000000000
403;1219168.00000000000000000000000000000000000000000000000000
404;1220208.00000000000000000000000000000000000000000000000000
405;1221352.00000000000000000000000000000000000000000000000000
406;1220228.00000000000000000000000000000000000000000000000000
407;1221120.00000000000000000000000000000000000000000000000000
408;1221120.00000000000000000000000000000000000000000000000000
409;1221124.00000000000000000000000000000000000000000000000000
410;1220164.00000000000000000000000000000000000000000000000000
411;1220928.00000000000000000000000000000000000000000000000000
412;1221184.00000000000000000000000000000000000000000000000000
413;1221124.00000000000000000000000000000000000000000000000000
414;1221120.00000000000000000000000000000000000000000000000000
415;1220228.00000000000000000000000000000000000000000000000000
416;1220228.00000000000000000000000000000000000000000000000000
417;1221184.00000000000000000000000000000000000000000000000000
418;1221184.00000000000000000000000000000000000000000000000000
419;1221120.00000000000000000000000000000000000000000000000000
420;1220168.00000000000000000000000000000000000000000000000000
421;1221132.00000000000000000000000000000000000000000000000000
422;1221192.00000000000000000000000000000000000000000000000000
423;1221128.00000000000000000000000000000000000000000000000000
424;1220172.00000000000000000000000000000000000000000000000000
425;1220576.00000000000000000000000000000000000000000000000000
426;1220236.00000000000000000000000000000000000000000000000000
427;1221128.00000000000000000000000000000000000000000000000000
428;1221128.00000000000000000000000000000000000000000000000000
429;1221128.00000000000000000000000000000000000000000000000000
430;1221132.00000000000000000000000000000000000000000000000000
431;1220236.00000000000000000000000000000000000000000000000000
432;1220576.00000000000000000000000000000000000000000000000000
433;1221064.00000000000000000000000000000000000000000000000000
434;1220588.00000000000000000000000000000000000000000000000000
435;1220576.00000000000000000000000000000000000000000000000000
436;1220172.00000000000000000000000000000000000000000000000000
437;1220172.00000000000000000000000000000000000000000000000000
438;1220616.00000000000000000000000000000000000000000000000000
439;1221192.00000000000000000000000000000000000000000000000000
440;1220588.00000000000000000000000000000000000000000000000000
441;1220588.00000000000000000000000000000000000000000000000000
442;1221128.00000000000000000000000000000000000000000000000000
443;1220576.00000000000000000000000000000000000000000000000000
444;1221192.00000000000000000000000000000000000000000000000000
445;1221192.00000000000000000000000000000000000000000000000000
446;1221128.00000000000000000000000000000000000000000000000000
447;1220172.00000000000000000000000000000000000000000000000000
448;1221132.00000000000000000000000000000000000000000000000000
449;1221192.00000000000000000000000000000000000000000000000000
450;1221128.00000000000000000000000000000000000000000000000000
451;1221192.00000000000000000000000000000000000000000000000000
452;1112284.00000000000000000000000000000000000000000000000000
453;1112512.00000000000000000000000000000000000000000000000000
454;1115248.00000000000000000000000000000000000000000000000000
455;1117088.00000000000000000000000000000000000000000000000000
456;1120168.00000000000000000000000000000000000000000000000000
457;1122484.00000000000000000000000000000000000000000000000000
458;1124356.00000000000000000000000000000000000000000000000000
459;1125840.00000000000000000000000000000000000000000000000000
460;1127968.00000000000000000000000000000000000000000000000000
461;1131636.00000000000000000000000000000000000000000000000000
462;1135376.00000000000000000000000000000000000000000000000000
463;1138996.00000000000000000000000000000000000000000000000000
464;1140504.00000000000000000000000000000000000000000000000000
465;1143532.00000000000000000000000000000000000000000000000000
466;1145736.00000000000000000000000000000000000000000000000000
467;1147492.00000000000000000000000000000000000000000000000000
468;1149840.00000000000000000000000000000000000000000000000000
469;1152168.00000000000000000000000000000000000000000000000000
470;1154072.00000000000000000000000000000000000000000000000000
471;1158012.00000000000000000000000000000000000000000000000000
472;1160148.00000000000000000000000000000000000000000000000000
473;1163660.00000000000000000000000000000000000000000000000000
474;1165764.00000000000000000000000000000000000000000000000000
475;1169684.00000000000000000000000000000000000000000000000000
476;1172104.00000000000000000000000000000000000000000000000000
477;1174320.00000000000000000000000000000000000000000000000000
478;1176248.00000000000000000000000000000000000000000000000000
479;1183064.00000000000000000000000000000000000000000000000000
480;1184976.00000000000000000000000000000000000000000000000000
481;1187000.00000000000000000000000000000000000000000000000000
482;1192796.00000000000000000000000000000000000000000000000000
483;1196004.00000000000000000000000000000000000000000000000000
484;1197220.00000000000000000000000000000000000000000000000000
485;1199496.00000000000000000000000000000000000000000000000000
486;1204080.00000000000000000000000000000000000000000000000000
487;1206492.00000000000000000000000000000000000000000000000000
488;1207532.00000000000000000000000000000000000000000000000000
489;1210172.00000000000000000000000000000000000000000000000000
490;1212472.00000000000000000000000000000000000000000000000000
491;1217368.00000000000000000000000000000000000000000000000000
492;1218324.00000000000000000000000000000000000000000000000000
493;1220880.00000000000000000000000000000000000000000000000000
494;1222092.00000000000000000000000000000000000000000000000000
495;1224992.00000000000000000000000000000000000000000000000000
496;1225008.00000000000000000000000000000000000000000000000000
497;1225076.00000000000000000000000000000000000000000000000000
498;1224056.00000000000000000000000000000000000000000000000000
499;1224120.00000000000000000000000000000000000000000000000000
500;1224056.00000000000000000000000000000000000000000000000000
501;1225080.00000000000000000000000000000000000000000000000000
502;1224056.00000000000000000000000000000000000000000000000000
503;1225012.00000000000000000000000000000000000000000000000000
504;1224820.00000000000000000000000000000000000000000000000000
505;1224120.00000000000000000000000000000000000000000000000000
506;1225076.00000000000000000000000000000000000000000000000000
507;1224504.00000000000000000000000000000000000000000000000000
508;1224120.00000000000000000000000000000000000000000000000000
509;1224948.00000000000000000000000000000000000000000000000000
510;1224472.00000000000000000000000000000000000000000000000000
511;1224072.00000000000000000000000000000000000000000000000000
512;1225028.00000000000000000000000000000000000000000000000000
513;1225028.00000000000000000000000000000000000000000000000000
514;1224392.00000000000000000000000000000000000000000000000000
515;1224136.00000000000000000000000000000000000000000000000000
516;1224136.00000000000000000000000000000000000000000000000000
517;1224136.00000000000000000000000000000000000000000000000000
518;1224136.00000000000000000000000000000000000000000000000000
519;1224772.00000000000000000000000000000000000000000000000000
520;1224136.00000000000000000000000000000000000000000000000000
521;1225092.00000000000000000000000000000000000000000000000000
522;1225028.00000000000000000000000000000000000000000000000000
523;1224136.00000000000000000000000000000000000000000000000000
524;1224488.00000000000000000000000000000000000000000000000000
525;1224136.00000000000000000000000000000000000000000000000000
526;1224200.00000000000000000000000000000000000000000000000000
527;1224072.00000000000000000000000000000000000000000000000000
528;1224136.00000000000000000000000000000000000000000000000000
529;1224136.00000000000000000000000000000000000000000000000000
530;1224072.00000000000000000000000000000000000000000000000000
531;1225028.00000000000000000000000000000000000000000000000000
532;1224072.00000000000000000000000000000000000000000000000000
533;1224072.00000000000000000000000000000000000000000000000000
534;1225028.00000000000000000000000000000000000000000000000000
535;1224136.00000000000000000000000000000000000000000000000000
536;1225092.00000000000000000000000000000000000000000000000000
537;1225092.00000000000000000000000000000000000000000000000000
538;1224440.00000000000000000000000000000000000000000000000000
539;1224200.00000000000000000000000000000000000000000000000000
540;1224136.00000000000000000000000000000000000000000000000000
541;1225032.00000000000000000000000000000000000000000000000000
542;1225028.00000000000000000000000000000000000000000000000000
543;1112916.00000000000000000000000000000000000000000000000000
544;1113224.00000000000000000000000000000000000000000000000000
545;1115984.00000000000000000000000000000000000000000000000000
546;1117968.00000000000000000000000000000000000000000000000000
547;1120556.00000000000000000000000000000000000000000000000000
548;1122268.00000000000000000000000000000000000000000000000000
549;1124308.00000000000000000000000000000000000000000000000000
550;1126396.00000000000000000000000000000000000000000000000000
551;1129336.00000000000000000000000000000000000000000000000000
552;1133248.00000000000000000000000000000000000000000000000000
553;1136984.00000000000000000000000000000000000000000000000000
554;1138844.00000000000000000000000000000000000000000000000000
555;1140760.00000000000000000000000000000000000000000000000000
556;1143580.00000000000000000000000000000000000000000000000000
557;1146004.00000000000000000000000000000000000000000000000000
558;1147856.00000000000000000000000000000000000000000000000000
559;1151728.00000000000000000000000000000000000000000000000000
560;1153508.00000000000000000000000000000000000000000000000000
561;1156876.00000000000000000000000000000000000000000000000000
562;1159348.00000000000000000000000000000000000000000000000000
563;1161464.00000000000000000000000000000000000000000000000000
564;1165056.00000000000000000000000000000000000000000000000000
565;1167700.00000000000000000000000000000000000000000000000000
566;1172448.00000000000000000000000000000000000000000000000000
567;1174856.00000000000000000000000000000000000000000000000000
568;1177100.00000000000000000000000000000000000000000000000000
569;1182804.00000000000000000000000000000000000000000000000000
570;1185640.00000000000000000000000000000000000000000000000000
571;1188528.00000000000000000000000000000000000000000000000000
572;1191280.00000000000000000000000000000000000000000000000000
573;1194412.00000000000000000000000000000000000000000000000000
574;1195940.00000000000000000000000000000000000000000000000000
575;1198928.00000000000000000000000000000000000000000000000000
576;1203552.00000000000000000000000000000000000000000000000000
577;1205904.00000000000000000000000000000000000000000000000000
578;1208244.00000000000000000000000000000000000000000000000000
579;1210268.00000000000000000000000000000000000000000000000000
580;1212748.00000000000000000000000000000000000000000000000000
581;1216688.00000000000000000000000000000000000000000000000000
582;1218236.00000000000000000000000000000000000000000000000000
583;1220784.00000000000000000000000000000000000000000000000000
584;1223608.00000000000000000000000000000000000000000000000000
585;1223608.00000000000000000000000000000000000000000000000000
586;1222584.00000000000000000000000000000000000000000000000000
587;1223220.00000000000000000000000000000000000000000000000000
588;1223348.00000000000000000000000000000000000000000000000000
589;1222520.00000000000000000000000000000000000000000000000000
590;1222520.00000000000000000000000000000000000000000000000000
591;1223412.00000000000000000000000000000000000000000000000000
592;1223416.00000000000000000000000000000000000000000000000000
593;1223416.00000000000000000000000000000000000000000000000000
594;1223476.00000000000000000000000000000000000000000000000000
595;1223412.00000000000000000000000000000000000000000000000000
596;1223032.00000000000000000000000000000000000000000000000000
597;1223460.00000000000000000000000000000000000000000000000000
598;1223412.00000000000000000000000000000000000000000000000000
599;1222520.00000000000000000000000000000000000000000000000000
600;1223416.00000000000000000000000000000000000000000000000000
601;1223416.00000000000000000000000000000000000000000000000000
602;1222900.00000000000000000000000000000000000000000000000000
603;1222860.00000000000000000000000000000000000000000000000000
604;1222904.00000000000000000000000000000000000000000000000000
605;1223220.00000000000000000000000000000000000000000000000000
606;1223412.00000000000000000000000000000000000000000000000000
607;1223416.00000000000000000000000000000000000000000000000000
608;1223412.00000000000000000000000000000000000000000000000000
609;1223412.00000000000000000000000000000000000000000000000000
610;1222520.00000000000000000000000000000000000000000000000000
611;1222648.00000000000000000000000000000000000000000000000000
612;1222872.00000000000000000000000000000000000000000000000000
613;1222904.00000000000000000000000000000000000000000000000000
614;1223412.00000000000000000000000000000000000000000000000000
615;1222456.00000000000000000000000000000000000000000000000000
616;1222456.00000000000000000000000000000000000000000000000000
617;1222456.00000000000000000000000000000000000000000000000000
618;1222872.00000000000000000000000000000000000000000000000000
619;1223412.00000000000000000000000000000000000000000000000000
620;1223476.00000000000000000000000000000000000000000000000000
621;1223412.00000000000000000000000000000000000000000000000000
622;1222456.00000000000000000000000000000000000000000000000000
623;1223412.00000000000000000000000000000000000000000000000000
624;1222648.00000000000000000000000000000000000000000000000000
625;1222492.00000000000000000000000000000000000000000000000000
626;1223412.00000000000000000000000000000000000000000000000000
627;1222520.00000000000000000000000000000000000000000000000000
628;1222472.00000000000000000000000000000000000000000000000000
629;1223476.00000000000000000000000000000000000000000000000000
630;1223416.00000000000000000000000000000000000000000000000000
631;1222872.00000000000000000000000000000000000000000000000000
632;1121020.00000000000000000000000000000000000000000000000000
633;1121324.00000000000000000000000000000000000000000000000000
634;1121920.00000000000000000000000000000000000000000000000000
635;1122264.00000000000000000000000000000000000000000000000000
636;1124204.00000000000000000000000000000000000000000000000000
637;1126340.00000000000000000000000000000000000000000000000000
638;1128460.00000000000000000000000000000000000000000000000000
639;1130480.00000000000000000000000000000000000000000000000000
640;1131708.00000000000000000000000000000000000000000000000000
641;1134820.00000000000000000000000000000000000000000000000000
642;1137052.00000000000000000000000000000000000000000000000000
643;1139688.00000000000000000000000000000000000000000000000000
644;1142180.00000000000000000000000000000000000000000000000000
645;1145560.00000000000000000000000000000000000000000000000000
646;1148188.00000000000000000000000000000000000000000000000000
647;1150816.00000000000000000000000000000000000000000000000000
648;1153668.00000000000000000000000000000000000000000000000000
649;1155768.00000000000000000000000000000000000000000000000000
650;1158772.00000000000000000000000000000000000000000000000000
651;1161404.00000000000000000000000000000000000000000000000000
652;1163736.00000000000000000000000000000000000000000000000000
653;1166480.00000000000000000000000000000000000000000000000000
654;1168564.00000000000000000000000000000000000000000000000000
655;1172040.00000000000000000000000000000000000000000000000000
656;1173880.00000000000000000000000000000000000000000000000000
657;1175772.00000000000000000000000000000000000000000000000000
658;1182348.00000000000000000000000000000000000000000000000000
659;1185444.00000000000000000000000000000000000000000000000000
660;1186928.00000000000000000000000000000000000000000000000000
661;1193528.00000000000000000000000000000000000000000000000000
662;1196464.00000000000000000000000000000000000000000000000000
663;1198932.00000000000000000000000000000000000000000000000000
664;1200952.00000000000000000000000000000000000000000000000000
665;1206304.00000000000000000000000000000000000000000000000000
666;1207904.00000000000000000000000000000000000000000000000000
667;1210312.00000000000000000000000000000000000000000000000000
668;1212212.00000000000000000000000000000000000000000000000000
669;1215840.00000000000000000000000000000000000000000000000000
670;1217964.00000000000000000000000000000000000000000000000000
671;1220096.00000000000000000000000000000000000000000000000000
672;1222844.00000000000000000000000000000000000000000000000000
673;1225444.00000000000000000000000000000000000000000000000000
674;1226440.00000000000000000000000000000000000000000000000000
675;1226592.00000000000000000000000000000000000000000000000000
676;1226052.00000000000000000000000000000000000000000000000000
677;1226532.00000000000000000000000000000000000000000000000000
678;1226532.00000000000000000000000000000000000000000000000000
679;1226532.00000000000000000000000000000000000000000000000000
680;1226052.00000000000000000000000000000000000000000000000000
681;1226532.00000000000000000000000000000000000000000000000000
682;1226532.00000000000000000000000000000000000000000000000000
683;1225636.00000000000000000000000000000000000000000000000000
684;1225640.00000000000000000000000000000000000000000000000000
685;1226656.00000000000000000000000000000000000000000000000000
686;1226656.00000000000000000000000000000000000000000000000000
687;1226052.00000000000000000000000000000000000000000000000000
688;1226400.00000000000000000000000000000000000000000000000000
689;1225640.00000000000000000000000000000000000000000000000000
690;1225636.00000000000000000000000000000000000000000000000000
691;1225636.00000000000000000000000000000000000000000000000000
692;1226532.00000000000000000000000000000000000000000000000000
693;1226656.00000000000000000000000000000000000000000000000000
694;1226596.00000000000000000000000000000000000000000000000000
695;1226656.00000000000000000000000000000000000000000000000000
696;1225636.00000000000000000000000000000000000000000000000000
697;1226040.00000000000000000000000000000000000000000000000000
698;1225636.00000000000000000000000000000000000000000000000000
699;1225636.00000000000000000000000000000000000000000000000000
700;1225640.00000000000000000000000000000000000000000000000000
701;1226532.00000000000000000000000000000000000000000000000000
702;1226052.00000000000000000000000000000000000000000000000000
703;1226656.00000000000000000000000000000000000000000000000000
704;1225640.00000000000000000000000000000000000000000000000000
705;1225640.00000000000000000000000000000000000000000000000000
706;1225636.00000000000000000000000000000000000000000000000000
707;1225636.00000000000000000000000000000000000000000000000000
708;1225620.00000000000000000000000000000000000000000000000000
709;1226516.00000000000000000000000000000000000000000000000000
710;1225816.00000000000000000000000000000000000000000000000000
711;1225620.00000000000000000000000000000000000000000000000000
712;1226584.00000000000000000000000000000000000000000000000000
713;1226516.00000000000000000000000000000000000000000000000000
714;1226516.00000000000000000000000000000000000000000000000000
715;1226640.00000000000000000000000000000000000000000000000000
716;1225620.00000000000000000000000000000000000000000000000000
717;1225624.00000000000000000000000000000000000000000000000000
718;1226516.00000000000000000000000000000000000000000000000000
719;1226640.00000000000000000000000000000000000000000000000000
720;1225624.00000000000000000000000000000000000000000000000000
721;1226516.00000000000000000000000000000000000000000000000000
722;1226516.00000000000000000000000000000000000000000000000000
723;1226024.00000000000000000000000000000000000000000000000000
724;1226516.00000000000000000000000000000000000000000000000000
725;1121240.00000000000000000000000000000000000000000000000000
726;1122072.00000000000000000000000000000000000000000000000000
727;1122256.00000000000000000000000000000000000000000000000000
728;1123068.00000000000000000000000000000000000000000000000000
729;1123220.00000000000000000000000000000000000000000000000000
730;1123572.00000000000000000000000000000000000000000000000000
731;1125028.00000000000000000000000000000000000000000000000000
732;1126560.00000000000000000000000000000000000000000000000000
733;1128296.00000000000000000000000000000000000000000000000000
734;1129600.00000000000000000000000000000000000000000000000000
735;1131572.00000000000000000000000000000000000000000000000000
736;1133764.00000000000000000000000000000000000000000000000000
737;1135224.00000000000000000000000000000000000000000000000000
738;1137304.00000000000000000000000000000000000000000000000000
739;1138412.00000000000000000000000000000000000000000000000000
740;1141896.00000000000000000000000000000000000000000000000000
741;1145056.00000000000000000000000000000000000000000000000000
742;1146736.00000000000000000000000000000000000000000000000000
743;1148860.00000000000000000000000000000000000000000000000000
744;1151276.00000000000000000000000000000000000000000000000000
745;1154496.00000000000000000000000000000000000000000000000000
746;1155972.00000000000000000000000000000000000000000000000000
747;1157776.00000000000000000000000000000000000000000000000000
748;1162280.00000000000000000000000000000000000000000000000000
749;1164232.00000000000000000000000000000000000000000000000000
750;1167112.00000000000000000000000000000000000000000000000000
751;1169116.00000000000000000000000000000000000000000000000000
752;1171328.00000000000000000000000000000000000000000000000000
753;1176328.00000000000000000000000000000000000000000000000000
754;1178372.00000000000000000000000000000000000000000000000000
755;1180184.00000000000000000000000000000000000000000000000000
756;1187820.00000000000000000000000000000000000000000000000000
757;1189740.00000000000000000000000000000000000000000000000000
758;1192256.00000000000000000000000000000000000000000000000000
759;1193904.00000000000000000000000000000000000000000000000000
760;1200088.00000000000000000000000000000000000000000000000000
761;1201892.00000000000000000000000000000000000000000000000000
762;1204464.00000000000000000000000000000000000000000000000000
763;1206788.00000000000000000000000000000000000000000000000000
764;1210364.00000000000000000000000000000000000000000000000000
765;1212660.00000000000000000000000000000000000000000000000000
766;1214940.00000000000000000000000000000000000000000000000000
767;1216640.00000000000000000000000000000000000000000000000000
768;1223568.00000000000000000000000000000000000000000000000000
769;1223860.00000000000000000000000000000000000000000000000000
770;1225260.00000000000000000000000000000000000000000000000000
771;1229248.00000000000000000000000000000000000000000000000000
772;1229256.00000000000000000000000000000000000000000000000000
773;1228388.00000000000000000000000000000000000000000000000000
774;1227976.00000000000000000000000000000000000000000000000000
775;1227976.00000000000000000000000000000000000000000000000000
776;1227972.00000000000000000000000000000000000000000000000000
777;1228868.00000000000000000000000000000000000000000000000000
778;1227976.00000000000000000000000000000000000000000000000000
779;1228736.00000000000000000000000000000000000000000000000000
780;1228932.00000000000000000000000000000000000000000000000000
781;1228388.00000000000000000000000000000000000000000000000000
782;1227976.00000000000000000000000000000000000000000000000000
783;1228488.00000000000000000000000000000000000000000000000000
784;1228868.00000000000000000000000000000000000000000000000000
785;1228388.00000000000000000000000000000000000000000000000000
786;1227972.00000000000000000000000000000000000000000000000000
787;1228508.00000000000000000000000000000000000000000000000000
788;1228508.00000000000000000000000000000000000000000000000000
789;1227996.00000000000000000000000000000000000000000000000000
790;1228892.00000000000000000000000000000000000000000000000000
791;1228892.00000000000000000000000000000000000000000000000000
792;1228892.00000000000000000000000000000000000000000000000000
793;1227996.00000000000000000000000000000000000000000000000000
794;1228000.00000000000000000000000000000000000000000000000000
795;1228892.00000000000000000000000000000000000000000000000000
796;1228400.00000000000000000000000000000000000000000000000000
797;1227996.00000000000000000000000000000000000000000000000000
798;1227996.00000000000000000000000000000000000000000000000000
799;1228000.00000000000000000000000000000000000000000000000000
800;1227964.00000000000000000000000000000000000000000000000000
801;1229044.00000000000000000000000000000000000000000000000000
802;1228428.00000000000000000000000000000000000000000000000000
803;1228984.00000000000000000000000000000000000000000000000000
804;1228984.00000000000000000000000000000000000000000000000000
805;1228916.00000000000000000000000000000000000000000000000000
806;1228984.00000000000000000000000000000000000000000000000000
807;1228916.00000000000000000000000000000000000000000000000000
808;1228028.00000000000000000000000000000000000000000000000000
809;1228920.00000000000000000000000000000000000000000000000000
810;1228028.00000000000000000000000000000000000000000000000000
811;1228428.00000000000000000000000000000000000000000000000000
812;1228540.00000000000000000000000000000000000000000000000000
813;1228428.00000000000000000000000000000000000000000000000000
814;1228428.00000000000000000000000000000000000000000000000000
815;1228916.00000000000000000000000000000000000000000000000000
816;1228412.00000000000000000000000000000000000000000000000000
817;1228440.00000000000000000000000000000000000000000000000000
818;1229044.00000000000000000000000000000000000000000000000000
819;1120728.00000000000000000000000000000000000000000000000000
820;1121824.00000000000000000000000000000000000000000000000000
821;1122256.00000000000000000000000000000000000000000000000000
822;1122812.00000000000000000000000000000000000000000000000000
823;1124084.00000000000000000000000000000000000000000000000000
824;1126236.00000000000000000000000000000000000000000000000000
825;1128448.00000000000000000000000000000000000000000000000000
826;1130100.00000000000000000000000000000000000000000000000000
827;1132228.00000000000000000000000000000000000000000000000000
828;1134548.00000000000000000000000000000000000000000000000000
829;1137548.00000000000000000000000000000000000000000000000000
830;1139268.00000000000000000000000000000000000000000000000000
831;1141296.00000000000000000000000000000000000000000000000000
832;1144644.00000000000000000000000000000000000000000000000000
833;1146976.00000000000000000000000000000000000000000000000000
834;1149684.00000000000000000000000000000000000000000000000000
835;1152004.00000000000000000000000000000000000000000000000000
836;1153928.00000000000000000000000000000000000000000000000000
837;1156324.00000000000000000000000000000000000000000000000000
838;1158740.00000000000000000000000000000000000000000000000000
839;1161712.00000000000000000000000000000000000000000000000000
840;1164000.00000000000000000000000000000000000000000000000000
841;1165776.00000000000000000000000000000000000000000000000000
842;1169212.00000000000000000000000000000000000000000000000000
843;1171328.00000000000000000000000000000000000000000000000000
844;1173956.00000000000000000000000000000000000000000000000000
845;1180704.00000000000000000000000000000000000000000000000000
846;1182492.00000000000000000000000000000000000000000000000000
847;1184772.00000000000000000000000000000000000000000000000000
848;1186232.00000000000000000000000000000000000000000000000000
849;1192888.00000000000000000000000000000000000000000000000000
850;1194152.00000000000000000000000000000000000000000000000000
851;1197212.00000000000000000000000000000000000000000000000000
852;1200768.00000000000000000000000000000000000000000000000000
853;1203468.00000000000000000000000000000000000000000000000000
854;1205544.00000000000000000000000000000000000000000000000000
855;1207776.00000000000000000000000000000000000000000000000000
856;1210400.00000000000000000000000000000000000000000000000000
857;1215416.00000000000000000000000000000000000000000000000000
858;1216420.00000000000000000000000000000000000000000000000000
859;1218916.00000000000000000000000000000000000000000000000000
860;1220572.00000000000000000000000000000000000000000000000000
861;1222076.00000000000000000000000000000000000000000000000000
862;1229580.00000000000000000000000000000000000000000000000000
863;1229580.00000000000000000000000000000000000000000000000000
864;1229748.00000000000000000000000000000000000000000000000000
865;1228788.00000000000000000000000000000000000000000000000000
866;1228792.00000000000000000000000000000000000000000000000000
867;1229552.00000000000000000000000000000000000000000000000000
868;1229172.00000000000000000000000000000000000000000000000000
869;1229748.00000000000000000000000000000000000000000000000000
870;1229752.00000000000000000000000000000000000000000000000000
871;1229748.00000000000000000000000000000000000000000000000000
872;1229684.00000000000000000000000000000000000000000000000000
873;1229552.00000000000000000000000000000000000000000000000000
874;1228792.00000000000000000000000000000000000000000000000000
875;1229808.00000000000000000000000000000000000000000000000000
876;1229684.00000000000000000000000000000000000000000000000000
877;1229808.00000000000000000000000000000000000000000000000000
878;1229752.00000000000000000000000000000000000000000000000000
879;1229752.00000000000000000000000000000000000000000000000000
880;1228788.00000000000000000000000000000000000000000000000000
881;1229204.00000000000000000000000000000000000000000000000000
882;1229808.00000000000000000000000000000000000000000000000000
883;1228788.00000000000000000000000000000000000000000000000000
884;1228788.00000000000000000000000000000000000000000000000000
885;1228772.00000000000000000000000000000000000000000000000000
886;1228764.00000000000000000000000000000000000000000000000000
887;1229204.00000000000000000000000000000000000000000000000000
888;1229808.00000000000000000000000000000000000000000000000000
889;1229192.00000000000000000000000000000000000000000000000000
890;1229684.00000000000000000000000000000000000000000000000000
891;1228764.00000000000000000000000000000000000000000000000000
892;1228788.00000000000000000000000000000000000000000000000000
893;1229748.00000000000000000000000000000000000000000000000000
894;1229748.00000000000000000000000000000000000000000000000000
895;1229748.00000000000000000000000000000000000000000000000000
896;1229684.00000000000000000000000000000000000000000000000000
897;1229176.00000000000000000000000000000000000000000000000000
898;1228764.00000000000000000000000000000000000000000000000000
899;1229620.00000000000000000000000000000000000000000000000000
900;1229360.00000000000000000000000000000000000000000000000000
901;1228788.00000000000000000000000000000000000000000000000000
902;1228764.00000000000000000000000000000000000000000000000000
903;1229752.00000000000000000000000000000000000000000000000000
904;1228788.00000000000000000000000000000000000000000000000000
905;1229684.00000000000000000000000000000000000000000000000000
906;1229684.00000000000000000000000000000000000000000000000000
907;1229808.00000000000000000000000000000000000000000000000000
908;1228792.00000000000000000000000000000000000000000000000000
909;1229684.00000000000000000000000000000000000000000000000000
910;1121396.00000000000000000000000000000000000000000000000000
911;1122060.00000000000000000000000000000000000000000000000000
912;1123140.00000000000000000000000000000000000000000000000000
913;1124276.00000000000000000000000000000000000000000000000000
914;1125796.00000000000000000000000000000000000000000000000000
915;1127536.00000000000000000000000000000000000000000000000000
916;1129644.00000000000000000000000000000000000000000000000000
917;1131136.00000000000000000000000000000000000000000000000000
918;1133960.00000000000000000000000000000000000000000000000000
919;1136764.00000000000000000000000000000000000000000000000000
920;1139556.00000000000000000000000000000000000000000000000000
921;1141260.00000000000000000000000000000000000000000000000000
922;1144992.00000000000000000000000000000000000000000000000000
923;1147400.00000000000000000000000000000000000000000000000000
924;1149724.00000000000000000000000000000000000000000000000000
925;1152920.00000000000000000000000000000000000000000000000000
926;1154752.00000000000000000000000000000000000000000000000000
927;1156852.00000000000000000000000000000000000000000000000000
928;1161044.00000000000000000000000000000000000000000000000000
929;1162844.00000000000000000000000000000000000000000000000000
930;1166672.00000000000000000000000000000000000000000000000000
931;1168268.00000000000000000000000000000000000000000000000000
932;1171212.00000000000000000000000000000000000000000000000000
933;1176044.00000000000000000000000000000000000000000000000000
934;1178912.00000000000000000000000000000000000000000000000000
935;1183424.00000000000000000000000000000000000000000000000000
936;1186116.00000000000000000000000000000000000000000000000000
937;1187944.00000000000000000000000000000000000000000000000000
938;1190264.00000000000000000000000000000000000000000000000000
939;1196396.00000000000000000000000000000000000000000000000000
940;1198128.00000000000000000000000000000000000000000000000000
941;1200364.00000000000000000000000000000000000000000000000000
942;1201924.00000000000000000000000000000000000000000000000000
943;1205884.00000000000000000000000000000000000000000000000000
944;1208176.00000000000000000000000000000000000000000000000000
945;1210216.00000000000000000000000000000000000000000000000000
946;1212376.00000000000000000000000000000000000000000000000000
947;1216328.00000000000000000000000000000000000000000000000000
948;1217448.00000000000000000000000000000000000000000000000000
949;1220200.00000000000000000000000000000000000000000000000000
950;1221480.00000000000000000000000000000000000000000000000000
951;1227732.00000000000000000000000000000000000000000000000000
952;1228652.00000000000000000000000000000000000000000000000000
953;1228664.00000000000000000000000000000000000000000000000000
954;1227768.00000000000000000000000000000000000000000000000000
955;1228660.00000000000000000000000000000000000000000000000000
956;1228532.00000000000000000000000000000000000000000000000000
957;1228664.00000000000000000000000000000000000000000000000000
958;1228660.00000000000000000000000000000000000000000000000000
959;1228660.00000000000000000000000000000000000000000000000000
960;1227704.00000000000000000000000000000000000000000000000000
961;1228596.00000000000000000000000000000000000000000000000000
962;1228120.00000000000000000000000000000000000000000000000000
963;1227832.00000000000000000000000000000000000000000000000000
964;1228152.00000000000000000000000000000000000000000000000000
965;1227768.00000000000000000000000000000000000000000000000000
966;1228664.00000000000000000000000000000000000000000000000000
967;1228660.00000000000000000000000000000000000000000000000000
968;1228668.00000000000000000000000000000000000000000000000000
969;1227708.00000000000000000000000000000000000000000000000000
970;1227708.00000000000000000000000000000000000000000000000000
971;1228112.00000000000000000000000000000000000000000000000000
972;1228664.00000000000000000000000000000000000000000000000000
973;1227772.00000000000000000000000000000000000000000000000000
974;1227708.00000000000000000000000000000000000000000000000000
975;1228664.00000000000000000000000000000000000000000000000000
976;1227772.00000000000000000000000000000000000000000000000000
977;1228664.00000000000000000000000000000000000000000000000000
978;1228728.00000000000000000000000000000000000000000000000000
979;1227772.00000000000000000000000000000000000000000000000000
980;1228792.00000000000000000000000000000000000000000000000000
981;1228664.00000000000000000000000000000000000000000000000000
982;1228728.00000000000000000000000000000000000000000000000000
983;1227772.00000000000000000000000000000000000000000000000000
984;1227708.00000000000000000000000000000000000000000000000000
985;1227708.00000000000000000000000000000000000000000000000000
986;1228668.00000000000000000000000000000000000000000000000000
987;1227708.00000000000000000000000000000000000000000000000000
988;1228156.00000000000000000000000000000000000000000000000000
989;1227708.00000000000000000000000000000000000000000000000000
990;1227772.00000000000000000000000000000000000000000000000000
991;1228124.00000000000000000000000000000000000000000000000000
992;1228728.00000000000000000000000000000000000000000000000000
993;1228728.00000000000000000000000000000000000000000000000000
994;1228664.00000000000000000000000000000000000000000000000000
995;1228664.00000000000000000000000000000000000000000000000000
996;1228664.00000000000000000000000000000000000000000000000000
997;1228728.00000000000000000000000000000000000000000000000000
998;1228112.00000000000000000000000000000000000000000000000000
999;1227772.00000000000000000000000000000000000000000000000000
1000;1122236.00000000000000000000000000000000000000000000000000
1001;1123012.00000000000000000000000000000000000000000000000000
1002;1124104.00000000000000000000000000000000000000000000000000
1003;1124056.00000000000000000000000000000000000000000000000000
1004;1125576.00000000000000000000000000000000000000000000000000
1005;1127316.00000000000000000000000000000000000000000000000000
1006;1129596.00000000000000000000000000000000000000000000000000
1007;1131120.00000000000000000000000000000000000000000000000000
1008;1134044.00000000000000000000000000000000000000000000000000
1009;1137124.00000000000000000000000000000000000000000000000000
1010;1139476.00000000000000000000000000000000000000000000000000
1011;1141772.00000000000000000000000000000000000000000000000000
1012;1144304.00000000000000000000000000000000000000000000000000
1013;1147580.00000000000000000000000000000000000000000000000000
1014;1149788.00000000000000000000000000000000000000000000000000
1015;1152936.00000000000000000000000000000000000000000000000000
1016;1155596.00000000000000000000000000000000000000000000000000
1017;1157452.00000000000000000000000000000000000000000000000000
1018;1159612.00000000000000000000000000000000000000000000000000
1019;1162848.00000000000000000000000000000000000000000000000000
1020;1165600.00000000000000000000000000000000000000000000000000
1021;1168992.00000000000000000000000000000000000000000000000000
1022;1171304.00000000000000000000000000000000000000000000000000
1023;1173280.00000000000000000000000000000000000000000000000000
1024;1179088.00000000000000000000000000000000000000000000000000
1025;1180184.00000000000000000000000000000000000000000000000000
1026;1183564.00000000000000000000000000000000000000000000000000
1027;1188392.00000000000000000000000000000000000000000000000000
1028;1190916.00000000000000000000000000000000000000000000000000
1029;1192324.00000000000000000000000000000000000000000000000000
1030;1196708.00000000000000000000000000000000000000000000000000
1031;1197572.00000000000000000000000000000000000000000000000000
1032;1200996.00000000000000000000000000000000000000000000000000
1033;1202968.00000000000000000000000000000000000000000000000000
1034;1211860.00000000000000000000000000000000000000000000000000
1035;1213352.00000000000000000000000000000000000000000000000000
1036;1216776.00000000000000000000000000000000000000000000000000
1037;1217888.00000000000000000000000000000000000000000000000000
1038;1220880.00000000000000000000000000000000000000000000000000
1039;1224940.00000000000000000000000000000000000000000000000000
1040;1227288.00000000000000000000000000000000000000000000000000
1041;1229344.00000000000000000000000000000000000000000000000000
1042;1232668.00000000000000000000000000000000000000000000000000
1043;1232668.00000000000000000000000000000000000000000000000000
1044;1232340.00000000000000000000000000000000000000000000000000
1045;1231444.00000000000000000000000000000000000000000000000000
1046;1232340.00000000000000000000000000000000000000000000000000
1047;1232340.00000000000000000000000000000000000000000000000000
1048;1231860.00000000000000000000000000000000000000000000000000
1049;1232340.00000000000000000000000000000000000000000000000000
1050;1232468.00000000000000000000000000000000000000000000000000
1051;1232340.00000000000000000000000000000000000000000000000000
1052;1232208.00000000000000000000000000000000000000000000000000
1053;1231444.00000000000000000000000000000000000000000000000000
1054;1232340.00000000000000000000000000000000000000000000000000
1055;1231832.00000000000000000000000000000000000000000000000000
1056;1231860.00000000000000000000000000000000000000000000000000
1057;1232340.00000000000000000000000000000000000000000000000000
1058;1231956.00000000000000000000000000000000000000000000000000
1059;1231956.00000000000000000000000000000000000000000000000000
1060;1231384.00000000000000000000000000000000000000000000000000
1061;1232464.00000000000000000000000000000000000000000000000000
1062;1232212.00000000000000000000000000000000000000000000000000
1063;1232208.00000000000000000000000000000000000000000000000000
1064;1231448.00000000000000000000000000000000000000000000000000
1065;1232404.00000000000000000000000000000000000000000000000000
1066;1231444.00000000000000000000000000000000000000000000000000
1067;1232404.00000000000000000000000000000000000000000000000000
1068;1231448.00000000000000000000000000000000000000000000000000
1069;1231444.00000000000000000000000000000000000000000000000000
1070;1232464.00000000000000000000000000000000000000000000000000
1071;1232208.00000000000000000000000000000000000000000000000000
1072;1231448.00000000000000000000000000000000000000000000000000
1073;1231444.00000000000000000000000000000000000000000000000000
1074;1231444.00000000000000000000000000000000000000000000000000
1075;1231444.00000000000000000000000000000000000000000000000000
1076;1231832.00000000000000000000000000000000000000000000000000
1077;1232340.00000000000000000000000000000000000000000000000000
1078;1232208.00000000000000000000000000000000000000000000000000
1079;1231444.00000000000000000000000000000000000000000000000000
1080;1232340.00000000000000000000000000000000000000000000000000
1081;1231444.00000000000000000000000000000000000000000000000000
1082;1232340.00000000000000000000000000000000000000000000000000
1083;1232340.00000000000000000000000000000000000000000000000000
1084;1231448.00000000000000000000000000000000000000000000000000
1085;1232340.00000000000000000000000000000000000000000000000000
1086;1232340.00000000000000000000000000000000000000000000000000
1087;1232340.00000000000000000000000000000000000000000000000000
1088;1231860.00000000000000000000000000000000000000000000000000
1089;1232464.00000000000000000000000000000000000000000000000000
1090;1123772.00000000000000000000000000000000000000000000000000
1091;1124284.00000000000000000000000000000000000000000000000000
1092;1124956.00000000000000000000000000000000000000000000000000
1093;1125812.00000000000000000000000000000000000000000000000000
1094;1127484.00000000000000000000000000000000000000000000000000
1095;1129328.00000000000000000000000000000000000000000000000000
1096;1131528.00000000000000000000000000000000000000000000000000
1097;1143740.00000000000000000000000000000000000000000000000000
1098;1146124.00000000000000000000000000000000000000000000000000
1099;1148440.00000000000000000000000000000000000000000000000000
1100;1150060.00000000000000000000000000000000000000000000000000
1101;1152812.00000000000000000000000000000000000000000000000000
1102;1155716.00000000000000000000000000000000000000000000000000
1103;1159036.00000000000000000000000000000000000000000000000000
1104;1161644.00000000000000000000000000000000000000000000000000
1105;1165332.00000000000000000000000000000000000000000000000000
1106;1167804.00000000000000000000000000000000000000000000000000
1107;1170664.00000000000000000000000000000000000000000000000000
1108;1172140.00000000000000000000000000000000000000000000000000
1109;1173772.00000000000000000000000000000000000000000000000000
1110;1177400.00000000000000000000000000000000000000000000000000
1111;1179328.00000000000000000000000000000000000000000000000000
1112;1182948.00000000000000000000000000000000000000000000000000
1113;1185160.00000000000000000000000000000000000000000000000000
1114;1187080.00000000000000000000000000000000000000000000000000
1115;1192928.00000000000000000000000000000000000000000000000000
1116;1194772.00000000000000000000000000000000000000000000000000
1117;1196848.00000000000000000000000000000000000000000000000000
1118;1198392.00000000000000000000000000000000000000000000000000
1119;1203960.00000000000000000000000000000000000000000000000000
1120;1205948.00000000000000000000000000000000000000000000000000
1121;1208432.00000000000000000000000000000000000000000000000000
1122;1209780.00000000000000000000000000000000000000000000000000
1123;1215472.00000000000000000000000000000000000000000000000000
1124;1217456.00000000000000000000000000000000000000000000000000
1125;1219368.00000000000000000000000000000000000000000000000000
1126;1224856.00000000000000000000000000000000000000000000000000
1127;1225524.00000000000000000000000000000000000000000000000000
1128;1228032.00000000000000000000000000000000000000000000000000
1129;1230172.00000000000000000000000000000000000000000000000000
1130;1232496.00000000000000000000000000000000000000000000000000
1131;1239972.00000000000000000000000000000000000000000000000000
1132;1240060.00000000000000000000000000000000000000000000000000
1133;1240060.00000000000000000000000000000000000000000000000000
1134;1239052.00000000000000000000000000000000000000000000000000
1135;1240008.00000000000000000000000000000000000000000000000000
1136;1239112.00000000000000000000000000000000000000000000000000
1137;1240008.00000000000000000000000000000000000000000000000000
1138;1239944.00000000000000000000000000000000000000000000000000
1139;1240136.00000000000000000000000000000000000000000000000000
1140;1239560.00000000000000000000000000000000000000000000000000
1141;1240008.00000000000000000000000000000000000000000000000000
1142;1239084.00000000000000000000000000000000000000000000000000
1143;1239560.00000000000000000000000000000000000000000000000000
1144;1240008.00000000000000000000000000000000000000000000000000
1145;1240072.00000000000000000000000000000000000000000000000000
1146;1240072.00000000000000000000000000000000000000000000000000
1147;1240072.00000000000000000000000000000000000000000000000000
1148;1239560.00000000000000000000000000000000000000000000000000
1149;1239560.00000000000000000000000000000000000000000000000000
1150;1239084.00000000000000000000000000000000000000000000000000
1151;1239496.00000000000000000000000000000000000000000000000000
1152;1239496.00000000000000000000000000000000000000000000000000
1153;1240008.00000000000000000000000000000000000000000000000000
1154;1239112.00000000000000000000000000000000000000000000000000
1155;1240072.00000000000000000000000000000000000000000000000000
1156;1240072.00000000000000000000000000000000000000000000000000
1157;1239084.00000000000000000000000000000000000000000000000000
1158;1239084.00000000000000000000000000000000000000000000000000
1159;1239496.00000000000000000000000000000000000000000000000000
1160;1239944.00000000000000000000000000000000000000000000000000
1161;1240008.00000000000000000000000000000000000000000000000000
1162;1240072.00000000000000000000000000000000000000000000000000
1163;1239048.00000000000000000000000000000000000000000000000000
1164;1239560.00000000000000000000000000000000000000000000000000
1165;1239560.00000000000000000000000000000000000000000000000000
1166;1240008.00000000000000000000000000000000000000000000000000
1167;1240072.00000000000000000000000000000000000000000000000000
1168;1239496.00000000000000000000000000000000000000000000000000
1169;1239084.00000000000000000000000000000000000000000000000000
1170;1239048.00000000000000000000000000000000000000000000000000
1171;1239084.00000000000000000000000000000000000000000000000000
1172;1240008.00000000000000000000000000000000000000000000000000
1173;1240008.00000000000000000000000000000000000000000000000000
1174;1240008.00000000000000000000000000000000000000000000000000
1175;1239048.00000000000000000000000000000000000000000000000000
1176;1240008.00000000000000000000000000000000000000000000000000
1177;1240008.00000000000000000000000000000000000000000000000000
1178;1240072.00000000000000000000000000000000000000000000000000
1179;1239048.00000000000000000000000000000000000000000000000000
1180;1144040.00000000000000000000000000000000000000000000000000
1181;1143024.00000000000000000000000000000000000000000000000000
1182;1144140.00000000000000000000000000000000000000000000000000
1183;1144860.00000000000000000000000000000000000000000000000000
1184;1146348.00000000000000000000000000000000000000000000000000
1185;1148136.00000000000000000000000000000000000000000000000000
1186;1150344.00000000000000000000000000000000000000000000000000
1187;1152592.00000000000000000000000000000000000000000000000000
1188;1154508.00000000000000000000000000000000000000000000000000
1189;1156536.00000000000000000000000000000000000000000000000000
1190;1158216.00000000000000000000000000000000000000000000000000
1191;1161324.00000000000000000000000000000000000000000000000000
1192;1164540.00000000000000000000000000000000000000000000000000
1193;1167096.00000000000000000000000000000000000000000000000000
1194;1169404.00000000000000000000000000000000000000000000000000
1195;1172288.00000000000000000000000000000000000000000000000000
1196;1174288.00000000000000000000000000000000000000000000000000
1197;1176748.00000000000000000000000000000000000000000000000000
1198;1178384.00000000000000000000000000000000000000000000000000
1199;1179340.00000000000000000000000000000000000000000000000000
1200;1181696.00000000000000000000000000000000000000000000000000
1201;1182480.00000000000000000000000000000000000000000000000000
1202;1185292.00000000000000000000000000000000000000000000000000
1203;1187032.00000000000000000000000000000000000000000000000000
1204;1188576.00000000000000000000000000000000000000000000000000
1205;1195180.00000000000000000000000000000000000000000000000000
1206;1197664.00000000000000000000000000000000000000000000000000
1207;1199528.00000000000000000000000000000000000000000000000000
1208;1201164.00000000000000000000000000000000000000000000000000
1209;1205824.00000000000000000000000000000000000000000000000000
1210;1207228.00000000000000000000000000000000000000000000000000
1211;1208872.00000000000000000000000000000000000000000000000000
1212;1215244.00000000000000000000000000000000000000000000000000
1213;1217832.00000000000000000000000000000000000000000000000000
1214;1219672.00000000000000000000000000000000000000000000000000
1215;1221432.00000000000000000000000000000000000000000000000000
1216;1223908.00000000000000000000000000000000000000000000000000
1217;1228720.00000000000000000000000000000000000000000000000000
1218;1230784.00000000000000000000000000000000000000000000000000
1219;1232596.00000000000000000000000000000000000000000000000000
1220;1239864.00000000000000000000000000000000000000000000000000
1221;1240196.00000000000000000000000000000000000000000000000000
1222;1240984.00000000000000000000000000000000000000000000000000
1223;1240984.00000000000000000000000000000000000000000000000000
1224;1240132.00000000000000000000000000000000000000000000000000
1225;1239744.00000000000000000000000000000000000000000000000000
1226;1240640.00000000000000000000000000000000000000000000000000
1227;1240252.00000000000000000000000000000000000000000000000000
1228;1240640.00000000000000000000000000000000000000000000000000
1229;1240640.00000000000000000000000000000000000000000000000000
1230;1240508.00000000000000000000000000000000000000000000000000
1231;1239748.00000000000000000000000000000000000000000000000000
1232;1240256.00000000000000000000000000000000000000000000000000
1233;1240764.00000000000000000000000000000000000000000000000000
1234;1240640.00000000000000000000000000000000000000000000000000
1235;1239744.00000000000000000000000000000000000000000000000000
1236;1240256.00000000000000000000000000000000000000000000000000
1237;1240640.00000000000000000000000000000000000000000000000000
1238;1239944.00000000000000000000000000000000000000000000000000
1239;1240328.00000000000000000000000000000000000000000000000000
1240;1240836.00000000000000000000000000000000000000000000000000
1241;1240964.00000000000000000000000000000000000000000000000000
1242;1239948.00000000000000000000000000000000000000000000000000
1243;1240840.00000000000000000000000000000000000000000000000000
1244;1239944.00000000000000000000000000000000000000000000000000
1245;1240904.00000000000000000000000000000000000000000000000000
1246;1240204.00000000000000000000000000000000000000000000000000
1247;1240840.00000000000000000000000000000000000000000000000000
1248;1240840.00000000000000000000000000000000000000000000000000
1249;1240320.00000000000000000000000000000000000000000000000000
1250;1240840.00000000000000000000000000000000000000000000000000
1251;1240364.00000000000000000000000000000000000000000000000000
1252;1240460.00000000000000000000000000000000000000000000000000
1253;1239952.00000000000000000000000000000000000000000000000000
1254;1240908.00000000000000000000000000000000000000000000000000
1255;1240912.00000000000000000000000000000000000000000000000000
1256;1240968.00000000000000000000000000000000000000000000000000
1257;1240368.00000000000000000000000000000000000000000000000000
1258;1240968.00000000000000000000000000000000000000000000000000
1259;1239948.00000000000000000000000000000000000000000000000000
1260;1240372.00000000000000000000000000000000000000000000000000
1261;1239952.00000000000000000000000000000000000000000000000000
1262;1240844.00000000000000000000000000000000000000000000000000
1263;1240520.00000000000000000000000000000000000000000000000000
1264;1240968.00000000000000000000000000000000000000000000000000
1265;1239952.00000000000000000000000000000000000000000000000000
1266;1239952.00000000000000000000000000000000000000000000000000
1267;1239952.00000000000000000000000000000000000000000000000000
1268;1240332.00000000000000000000000000000000000000000000000000
1269;1240908.00000000000000000000000000000000000000000000000000
1270;1142144.00000000000000000000000000000000000000000000000000
1271;1142732.00000000000000000000000000000000000000000000000000
1272;1144440.00000000000000000000000000000000000000000000000000
1273;1145140.00000000000000000000000000000000000000000000000000
1274;1146796.00000000000000000000000000000000000000000000000000
1275;1149152.00000000000000000000000000000000000000000000000000
1276;1151248.00000000000000000000000000000000000000000000000000
1277;1152844.00000000000000000000000000000000000000000000000000
1278;1155324.00000000000000000000000000000000000000000000000000
1279;1157724.00000000000000000000000000000000000000000000000000
1280;1161012.00000000000000000000000000000000000000000000000000
1281;1162216.00000000000000000000000000000000000000000000000000
1282;1164928.00000000000000000000000000000000000000000000000000
1283;1167004.00000000000000000000000000000000000000000000000000
1284;1169396.00000000000000000000000000000000000000000000000000
1285;1171736.00000000000000000000000000000000000000000000000000
1286;1173508.00000000000000000000000000000000000000000000000000
1287;1177500.00000000000000000000000000000000000000000000000000
1288;1178964.00000000000000000000000000000000000000000000000000
1289;1181476.00000000000000000000000000000000000000000000000000
1290;1183912.00000000000000000000000000000000000000000000000000
1291;1185128.00000000000000000000000000000000000000000000000000
1292;1187668.00000000000000000000000000000000000000000000000000
1293;1188672.00000000000000000000000000000000000000000000000000
1294;1190992.00000000000000000000000000000000000000000000000000
1295;1195328.00000000000000000000000000000000000000000000000000
1296;1197484.00000000000000000000000000000000000000000000000000
1297;1199332.00000000000000000000000000000000000000000000000000
1298;1204464.00000000000000000000000000000000000000000000000000
1299;1206644.00000000000000000000000000000000000000000000000000
1300;1208736.00000000000000000000000000000000000000000000000000
1301;1217204.00000000000000000000000000000000000000000000000000
1302;1218876.00000000000000000000000000000000000000000000000000
1303;1221568.00000000000000000000000000000000000000000000000000
1304;1223004.00000000000000000000000000000000000000000000000000
1305;1227548.00000000000000000000000000000000000000000000000000
1306;1229704.00000000000000000000000000000000000000000000000000
1307;1232132.00000000000000000000000000000000000000000000000000
1308;1233896.00000000000000000000000000000000000000000000000000
1309;1239984.00000000000000000000000000000000000000000000000000
1310;1240120.00000000000000000000000000000000000000000000000000
1311;1241088.00000000000000000000000000000000000000000000000000
1312;1243952.00000000000000000000000000000000000000000000000000
1313;1243956.00000000000000000000000000000000000000000000000000
1314;1243932.00000000000000000000000000000000000000000000000000
1315;1243372.00000000000000000000000000000000000000000000000000
1316;1242944.00000000000000000000000000000000000000000000000000
1317;1242908.00000000000000000000000000000000000000000000000000
1318;1243384.00000000000000000000000000000000000000000000000000
1319;1243356.00000000000000000000000000000000000000000000000000
1320;1243372.00000000000000000000000000000000000000000000000000
1321;1243372.00000000000000000000000000000000000000000000000000
1322;1242908.00000000000000000000000000000000000000000000000000
1323;1243100.00000000000000000000000000000000000000000000000000
1324;1243864.00000000000000000000000000000000000000000000000000
1325;1243384.00000000000000000000000000000000000000000000000000
1326;1243932.00000000000000000000000000000000000000000000000000
1327;1243864.00000000000000000000000000000000000000000000000000
1328;1243684.00000000000000000000000000000000000000000000000000
1329;1243684.00000000000000000000000000000000000000000000000000
1330;1243868.00000000000000000000000000000000000000000000000000
1331;1244192.00000000000000000000000000000000000000000000000000
1332;1244132.00000000000000000000000000000000000000000000000000
1333;1244196.00000000000000000000000000000000000000000000000000
1334;1243216.00000000000000000000000000000000000000000000000000
1335;1243740.00000000000000000000000000000000000000000000000000
1336;1243236.00000000000000000000000000000000000000000000000000
1337;1244192.00000000000000000000000000000000000000000000000000
1338;1244128.00000000000000000000000000000000000000000000000000
1339;1243636.00000000000000000000000000000000000000000000000000
1340;1243188.00000000000000000000000000000000000000000000000000
1341;1244132.00000000000000000000000000000000000000000000000000
1342;1244192.00000000000000000000000000000000000000000000000000
1343;1244192.00000000000000000000000000000000000000000000000000
1344;1243172.00000000000000000000000000000000000000000000000000
1345;1244128.00000000000000000000000000000000000000000000000000
1346;1244256.00000000000000000000000000000000000000000000000000
1347;1243652.00000000000000000000000000000000000000000000000000
1348;1244192.00000000000000000000000000000000000000000000000000
1349;1244128.00000000000000000000000000000000000000000000000000
1350;1243648.00000000000000000000000000000000000000000000000000
1351;1243236.00000000000000000000000000000000000000000000000000
1352;1243236.00000000000000000000000000000000000000000000000000
1353;1243636.00000000000000000000000000000000000000000000000000
1354;1243636.00000000000000000000000000000000000000000000000000
1355;1243208.00000000000000000000000000000000000000000000000000
1356;1243236.00000000000000000000000000000000000000000000000000
1357;1244192.00000000000000000000000000000000000000000000000000
1358;1243648.00000000000000000000000000000000000000000000000000
1359;1243208.00000000000000000000000000000000000000000000000000
1360;1139916.00000000000000000000000000000000000000000000000000
1361;1140432.00000000000000000000000000000000000000000000000000
1362;1141216.00000000000000000000000000000000000000000000000000
1363;1141916.00000000000000000000000000000000000000000000000000
1364;1144064.00000000000000000000000000000000000000000000000000
1365;1146296.00000000000000000000000000000000000000000000000000
1366;1148372.00000000000000000000000000000000000000000000000000
1367;1152492.00000000000000000000000000000000000000000000000000
1368;1156044.00000000000000000000000000000000000000000000000000
1369;1159548.00000000000000000000000000000000000000000000000000
1370;1162392.00000000000000000000000000000000000000000000000000
1371;1164508.00000000000000000000000000000000000000000000000000
1372;1167424.00000000000000000000000000000000000000000000000000
1373;1169592.00000000000000000000000000000000000000000000000000
1374;1171448.00000000000000000000000000000000000000000000000000
1375;1174976.00000000000000000000000000000000000000000000000000
1376;1177084.00000000000000000000000000000000000000000000000000
1377;1180008.00000000000000000000000000000000000000000000000000
1378;1181276.00000000000000000000000000000000000000000000000000
1379;1182760.00000000000000000000000000000000000000000000000000
1380;1185072.00000000000000000000000000000000000000000000000000
1381;1187192.00000000000000000000000000000000000000000000000000
1382;1189528.00000000000000000000000000000000000000000000000000
1383;1192496.00000000000000000000000000000000000000000000000000
1384;1193828.00000000000000000000000000000000000000000000000000
1385;1196084.00000000000000000000000000000000000000000000000000
1386;1200288.00000000000000000000000000000000000000000000000000
1387;1201712.00000000000000000000000000000000000000000000000000
1388;1204400.00000000000000000000000000000000000000000000000000
1389;1209028.00000000000000000000000000000000000000000000000000
1390;1211612.00000000000000000000000000000000000000000000000000
1391;1213948.00000000000000000000000000000000000000000000000000
1392;1216648.00000000000000000000000000000000000000000000000000
1393;1225240.00000000000000000000000000000000000000000000000000
1394;1227640.00000000000000000000000000000000000000000000000000
1395;1229824.00000000000000000000000000000000000000000000000000
1396;1232092.00000000000000000000000000000000000000000000000000
1397;1238344.00000000000000000000000000000000000000000000000000
1398;1239112.00000000000000000000000000000000000000000000000000
1399;1241460.00000000000000000000000000000000000000000000000000
1400;1243464.00000000000000000000000000000000000000000000000000
1401;1246664.00000000000000000000000000000000000000000000000000
1402;1246664.00000000000000000000000000000000000000000000000000
1403;1246116.00000000000000000000000000000000000000000000000000
1404;1246628.00000000000000000000000000000000000000000000000000
1405;1246504.00000000000000000000000000000000000000000000000000
1406;1246500.00000000000000000000000000000000000000000000000000
1407;1246628.00000000000000000000000000000000000000000000000000
1408;1246564.00000000000000000000000000000000000000000000000000
1409;1246504.00000000000000000000000000000000000000000000000000
1410;1246628.00000000000000000000000000000000000000000000000000
1411;1246628.00000000000000000000000000000000000000000000000000
1412;1245604.00000000000000000000000000000000000000000000000000
1413;1246564.00000000000000000000000000000000000000000000000000
1414;1246500.00000000000000000000000000000000000000000000000000
1415;1246116.00000000000000000000000000000000000000000000000000
1416;1246564.00000000000000000000000000000000000000000000000000
1417;1246864.00000000000000000000000000000000000000000000000000
1418;1246864.00000000000000000000000000000000000000000000000000
1419;1246804.00000000000000000000000000000000000000000000000000
1420;1245904.00000000000000000000000000000000000000000000000000
1421;1246352.00000000000000000000000000000000000000000000000000
1422;1246804.00000000000000000000000000000000000000000000000000
1423;1246928.00000000000000000000000000000000000000000000000000
1424;1246800.00000000000000000000000000000000000000000000000000
1425;1246804.00000000000000000000000000000000000000000000000000
1426;1246804.00000000000000000000000000000000000000000000000000
1427;1245904.00000000000000000000000000000000000000000000000000
1428;1246800.00000000000000000000000000000000000000000000000000
1429;1246032.00000000000000000000000000000000000000000000000000
1430;1246860.00000000000000000000000000000000000000000000000000
1431;1245876.00000000000000000000000000000000000000000000000000
1432;1246412.00000000000000000000000000000000000000000000000000
1433;1246860.00000000000000000000000000000000000000000000000000
1434;1246860.00000000000000000000000000000000000000000000000000
1435;1246800.00000000000000000000000000000000000000000000000000
1436;1246924.00000000000000000000000000000000000000000000000000
1437;1246924.00000000000000000000000000000000000000000000000000
1438;1246800.00000000000000000000000000000000000000000000000000
1439;1246668.00000000000000000000000000000000000000000000000000
1440;1246668.00000000000000000000000000000000000000000000000000
1441;1245900.00000000000000000000000000000000000000000000000000
1442;1245876.00000000000000000000000000000000000000000000000000
1443;1246668.00000000000000000000000000000000000000000000000000
1444;1246800.00000000000000000000000000000000000000000000000000
1445;1246348.00000000000000000000000000000000000000000000000000
1446;1246348.00000000000000000000000000000000000000000000000000
1447;1245900.00000000000000000000000000000000000000000000000000
1448;1246412.00000000000000000000000000000000000000000000000000
1449;1142172.00000000000000000000000000000000000000000000000000
1450;1142908.00000000000000000000000000000000000000000000000000
1451;1143616.00000000000000000000000000000000000000000000000000
1452;1144100.00000000000000000000000000000000000000000000000000
1453;1145068.00000000000000000000000000000000000000000000000000
1454;1146636.00000000000000000000000000000000000000000000000000
1455;1148812.00000000000000000000000000000000000000000000000000
1456;1150716.00000000000000000000000000000000000000000000000000
1457;1152804.00000000000000000000000000000000000000000000000000
1458;1156180.00000000000000000000000000000000000000000000000000
1459;1159176.00000000000000000000000000000000000000000000000000
1460;1161936.00000000000000000000000000000000000000000000000000
1461;1163868.00000000000000000000000000000000000000000000000000
1462;1166344.00000000000000000000000000000000000000000000000000
1463;1168184.00000000000000000000000000000000000000000000000000
1464;1170380.00000000000000000000000000000000000000000000000000
1465;1174464.00000000000000000000000000000000000000000000000000
1466;1176744.00000000000000000000000000000000000000000000000000
1467;1179856.00000000000000000000000000000000000000000000000000
1468;1181772.00000000000000000000000000000000000000000000000000
1469;1183696.00000000000000000000000000000000000000000000000000
1470;1185104.00000000000000000000000000000000000000000000000000
1471;1186936.00000000000000000000000000000000000000000000000000
1472;1188600.00000000000000000000000000000000000000000000000000
1473;1191752.00000000000000000000000000000000000000000000000000
1474;1193464.00000000000000000000000000000000000000000000000000
1475;1195100.00000000000000000000000000000000000000000000000000
1476;1200408.00000000000000000000000000000000000000000000000000
1477;1202384.00000000000000000000000000000000000000000000000000
1478;1204484.00000000000000000000000000000000000000000000000000
1479;1210168.00000000000000000000000000000000000000000000000000
1480;1212732.00000000000000000000000000000000000000000000000000
1481;1214712.00000000000000000000000000000000000000000000000000
1482;1222356.00000000000000000000000000000000000000000000000000
1483;1224708.00000000000000000000000000000000000000000000000000
1484;1226864.00000000000000000000000000000000000000000000000000
1485;1228868.00000000000000000000000000000000000000000000000000
1486;1231212.00000000000000000000000000000000000000000000000000
1487;1238040.00000000000000000000000000000000000000000000000000
1488;1238420.00000000000000000000000000000000000000000000000000
1489;1240604.00000000000000000000000000000000000000000000000000
1490;1242944.00000000000000000000000000000000000000000000000000
1491;1243276.00000000000000000000000000000000000000000000000000
1492;1242560.00000000000000000000000000000000000000000000000000
1493;1242524.00000000000000000000000000000000000000000000000000
1494;1243008.00000000000000000000000000000000000000000000000000
1495;1243004.00000000000000000000000000000000000000000000000000
1496;1242872.00000000000000000000000000000000000000000000000000
1497;1242048.00000000000000000000000000000000000000000000000000
1498;1242112.00000000000000000000000000000000000000000000000000
1499;1242048.00000000000000000000000000000000000000000000000000
1500;1242496.00000000000000000000000000000000000000000000000000
1501;1242112.00000000000000000000000000000000000000000000000000
1502;1243068.00000000000000000000000000000000000000000000000000
1503;1242512.00000000000000000000000000000000000000000000000000
1504;1242048.00000000000000000000000000000000000000000000000000
1505;1243068.00000000000000000000000000000000000000000000000000
1506;1242312.00000000000000000000000000000000000000000000000000
1507;1242316.00000000000000000000000000000000000000000000000000
1508;1243272.00000000000000000000000000000000000000000000000000
1509;1243336.00000000000000000000000000000000000000000000000000
1510;1242380.00000000000000000000000000000000000000000000000000
1511;1242780.00000000000000000000000000000000000000000000000000
1512;1243276.00000000000000000000000000000000000000000000000000
1513;1243272.00000000000000000000000000000000000000000000000000
1514;1243336.00000000000000000000000000000000000000000000000000
1515;1243272.00000000000000000000000000000000000000000000000000
1516;1242380.00000000000000000000000000000000000000000000000000
1517;1242316.00000000000000000000000000000000000000000000000000
1518;1242316.00000000000000000000000000000000000000000000000000
1519;1243272.00000000000000000000000000000000000000000000000000
1520;1243276.00000000000000000000000000000000000000000000000000
1521;1242380.00000000000000000000000000000000000000000000000000
1522;1243276.00000000000000000000000000000000000000000000000000
1523;1243276.00000000000000000000000000000000000000000000000000
1524;1242380.00000000000000000000000000000000000000000000000000
1525;1243272.00000000000000000000000000000000000000000000000000
1526;1242316.00000000000000000000000000000000000000000000000000
1527;1242572.00000000000000000000000000000000000000000000000000
1528;1242380.00000000000000000000000000000000000000000000000000
1529;1243208.00000000000000000000000000000000000000000000000000
1530;1242792.00000000000000000000000000000000000000000000000000
1531;1243336.00000000000000000000000000000000000000000000000000
1532;1243276.00000000000000000000000000000000000000000000000000
1533;1242380.00000000000000000000000000000000000000000000000000
1534;1243336.00000000000000000000000000000000000000000000000000
1535;1242792.00000000000000000000000000000000000000000000000000
1536;1242380.00000000000000000000000000000000000000000000000000
1537;1243276.00000000000000000000000000000000000000000000000000
1538;1234008.00000000000000000000000000000000000000000000000000
1539;1233956.00000000000000000000000000000000000000000000000000
1540;1234640.00000000000000000000000000000000000000000000000000
1541;1234456.00000000000000000000000000000000000000000000000000
1542;1234852.00000000000000000000000000000000000000000000000000
1543;1234664.00000000000000000000000000000000000000000000000000
1544;1234724.00000000000000000000000000000000000000000000000000
1545;1234624.00000000000000000000000000000000000000000000000000
1546;1234780.00000000000000000000000000000000000000000000000000
1547;1234576.00000000000000000000000000000000000000000000000000
1548;1235128.00000000000000000000000000000000000000000000000000
1549;1234948.00000000000000000000000000000000000000000000000000
1550;1235016.00000000000000000000000000000000000000000000000000
1551;1234992.00000000000000000000000000000000000000000000000000
1552;1235276.00000000000000000000000000000000000000000000000000
1553;1235088.00000000000000000000000000000000000000000000000000
1554;1235144.00000000000000000000000000000000000000000000000000
1555;1235196.00000000000000000000000000000000000000000000000000
1556;1235516.00000000000000000000000000000000000000000000000000
1557;1235120.00000000000000000000000000000000000000000000000000
1558;1235264.00000000000000000000000000000000000000000000000000
1559;1235452.00000000000000000000000000000000000000000000000000
1560;1235316.00000000000000000000000000000000000000000000000000
1561;1235372.00000000000000000000000000000000000000000000000000
1562;1235692.00000000000000000000000000000000000000000000000000
1563;1235420.00000000000000000000000000000000000000000000000000
1564;1235460.00000000000000000000000000000000000000000000000000
1565;1235544.00000000000000000000000000000000000000000000000000
1566;1235564.00000000000000000000000000000000000000000000000000
1567;1235868.00000000000000000000000000000000000000000000000000
1568;1235724.00000000000000000000000000000000000000000000000000
1569;1235752.00000000000000000000000000000000000000000000000000
1570;1235948.00000000000000000000000000000000000000000000000000
1571;1236052.00000000000000000000000000000000000000000000000000
1572;1236260.00000000000000000000000000000000000000000000000000
1573;1236292.00000000000000000000000000000000000000000000000000
1574;1236328.00000000000000000000000000000000000000000000000000
1575;1236668.00000000000000000000000000000000000000000000000000
1576;1236908.00000000000000000000000000000000000000000000000000
1577;1237980.00000000000000000000000000000000000000000000000000
1578;1240552.00000000000000000000000000000000000000000000000000
1579;1243988.00000000000000000000000000000000000000000000000000
1580;1245080.00000000000000000000000000000000000000000000000000
1581;1247152.00000000000000000000000000000000000000000000000000
1582;1246816.00000000000000000000000000000000000000000000000000
1583;1246296.00000000000000000000000000000000000000000000000000
1584;1246044.00000000000000000000000000000000000000000000000000
1585;1246872.00000000000000000000000000000000000000000000000000
1586;1245916.00000000000000000000000000000000000000000000000000
1587;1246808.00000000000000000000000000000000000000000000000000
1588;1246808.00000000000000000000000000000000000000000000000000
1589;1246744.00000000000000000000000000000000000000000000000000
1590;1246808.00000000000000000000000000000000000000000000000000
1591;1246428.00000000000000000000000000000000000000000000000000
1592;1246808.00000000000000000000000000000000000000000000000000
1593;1246936.00000000000000000000000000000000000000000000000000
1594;1246872.00000000000000000000000000000000000000000000000000
1595;1246812.00000000000000000000000000000000000000000000000000
1596;1246812.00000000000000000000000000000000000000000000000000
1597;1247092.00000000000000000000000000000000000000000000000000
1598;1247148.00000000000000000000000000000000000000000000000000
1599;1247148.00000000000000000000000000000000000000000000000000
1600;1247148.00000000000000000000000000000000000000000000000000
1601;1247088.00000000000000000000000000000000000000000000000000
1602;1246192.00000000000000000000000000000000000000000000000000
1603;1247084.00000000000000000000000000000000000000000000000000
1604;1247084.00000000000000000000000000000000000000000000000000
1605;1246640.00000000000000000000000000000000000000000000000000
1606;1247084.00000000000000000000000000000000000000000000000000
1607;1247084.00000000000000000000000000000000000000000000000000
1608;1246576.00000000000000000000000000000000000000000000000000
1609;1247148.00000000000000000000000000000000000000000000000000
1610;1246604.00000000000000000000000000000000000000000000000000
1611;1247020.00000000000000000000000000000000000000000000000000
1612;1246128.00000000000000000000000000000000000000000000000000
1613;1246128.00000000000000000000000000000000000000000000000000
1614;1246128.00000000000000000000000000000000000000000000000000
1615;1247088.00000000000000000000000000000000000000000000000000
1616;1246592.00000000000000000000000000000000000000000000000000
1617;1247148.00000000000000000000000000000000000000000000000000
1618;1246128.00000000000000000000000000000000000000000000000000
1619;1247084.00000000000000000000000000000000000000000000000000
1620;1247084.00000000000000000000000000000000000000000000000000
1621;1246128.00000000000000000000000000000000000000000000000000
1622;1247088.00000000000000000000000000000000000000000000000000
1623;1247084.00000000000000000000000000000000000000000000000000
1624;1246192.00000000000000000000000000000000000000000000000000
1625;1246164.00000000000000000000000000000000000000000000000000
1626;1247212.00000000000000000000000000000000000000000000000000
1627;1247148.00000000000000000000000000000000000000000000000000
1628;1234188.00000000000000000000000000000000000000000000000000
1629;1234404.00000000000000000000000000000000000000000000000000
1630;1234528.00000000000000000000000000000000000000000000000000
1631;1234856.00000000000000000000000000000000000000000000000000
1632;1234724.00000000000000000000000000000000000000000000000000
1633;1234760.00000000000000000000000000000000000000000000000000
1634;1234868.00000000000000000000000000000000000000000000000000
1635;1234816.00000000000000000000000000000000000000000000000000
1636;1234680.00000000000000000000000000000000000000000000000000
1637;1234808.00000000000000000000000000000000000000000000000000
1638;1234912.00000000000000000000000000000000000000000000000000
1639;1235232.00000000000000000000000000000000000000000000000000
1640;1235084.00000000000000000000000000000000000000000000000000
1641;1235108.00000000000000000000000000000000000000000000000000
1642;1235080.00000000000000000000000000000000000000000000000000
1643;1234688.00000000000000000000000000000000000000000000000000
1644;1234776.00000000000000000000000000000000000000000000000000
1645;1235464.00000000000000000000000000000000000000000000000000
1646;1235352.00000000000000000000000000000000000000000000000000
1647;1235500.00000000000000000000000000000000000000000000000000
1648;1235412.00000000000000000000000000000000000000000000000000
1649;1235700.00000000000000000000000000000000000000000000000000
1650;1235488.00000000000000000000000000000000000000000000000000
1651;1235688.00000000000000000000000000000000000000000000000000
1652;1235488.00000000000000000000000000000000000000000000000000
1653;1235752.00000000000000000000000000000000000000000000000000
1654;1235800.00000000000000000000000000000000000000000000000000
1655;1235776.00000000000000000000000000000000000000000000000000
1656;1235864.00000000000000000000000000000000000000000000000000
1657;1235868.00000000000000000000000000000000000000000000000000
1658;1235808.00000000000000000000000000000000000000000000000000
1659;1235664.00000000000000000000000000000000000000000000000000
1660;1235956.00000000000000000000000000000000000000000000000000
1661;1235964.00000000000000000000000000000000000000000000000000
1662;1236168.00000000000000000000000000000000000000000000000000
1663;1236236.00000000000000000000000000000000000000000000000000
1664;1236504.00000000000000000000000000000000000000000000000000
1665;1236868.00000000000000000000000000000000000000000000000000
1666;1238232.00000000000000000000000000000000000000000000000000
1667;1240408.00000000000000000000000000000000000000000000000000
1668;1245632.00000000000000000000000000000000000000000000000000
1669;1248008.00000000000000000000000000000000000000000000000000
1670;1249328.00000000000000000000000000000000000000000000000000
1671;1252988.00000000000000000000000000000000000000000000000000
1672;1252988.00000000000000000000000000000000000000000000000000
1673;1252812.00000000000000000000000000000000000000000000000000
1674;1252940.00000000000000000000000000000000000000000000000000
1675;1252616.00000000000000000000000000000000000000000000000000
1676;1251980.00000000000000000000000000000000000000000000000000
1677;1252940.00000000000000000000000000000000000000000000000000
1678;1252940.00000000000000000000000000000000000000000000000000
1679;1252016.00000000000000000000000000000000000000000000000000
1680;1252808.00000000000000000000000000000000000000000000000000
1681;1252016.00000000000000000000000000000000000000000000000000
1682;1252016.00000000000000000000000000000000000000000000000000
1683;1252940.00000000000000000000000000000000000000000000000000
1684;1251980.00000000000000000000000000000000000000000000000000
1685;1252808.00000000000000000000000000000000000000000000000000
1686;1252236.00000000000000000000000000000000000000000000000000
1687;1252244.00000000000000000000000000000000000000000000000000
1688;1252244.00000000000000000000000000000000000000000000000000
1689;1253204.00000000000000000000000000000000000000000000000000
1690;1252280.00000000000000000000000000000000000000000000000000
1691;1253204.00000000000000000000000000000000000000000000000000
1692;1252244.00000000000000000000000000000000000000000000000000
1693;1252308.00000000000000000000000000000000000000000000000000
1694;1252308.00000000000000000000000000000000000000000000000000
1695;1252280.00000000000000000000000000000000000000000000000000
1696;1253072.00000000000000000000000000000000000000000000000000
1697;1252692.00000000000000000000000000000000000000000000000000
1698;1253204.00000000000000000000000000000000000000000000000000
1699;1252752.00000000000000000000000000000000000000000000000000
1700;1252692.00000000000000000000000000000000000000000000000000
1701;1253140.00000000000000000000000000000000000000000000000000
1702;1253140.00000000000000000000000000000000000000000000000000
1703;1252756.00000000000000000000000000000000000000000000000000
1704;1252756.00000000000000000000000000000000000000000000000000
1705;1252820.00000000000000000000000000000000000000000000000000
1706;1252308.00000000000000000000000000000000000000000000000000
1707;1252752.00000000000000000000000000000000000000000000000000
1708;1252308.00000000000000000000000000000000000000000000000000
1709;1252756.00000000000000000000000000000000000000000000000000
1710;1253268.00000000000000000000000000000000000000000000000000
1711;1253204.00000000000000000000000000000000000000000000000000
1712;1252308.00000000000000000000000000000000000000000000000000
1713;1252244.00000000000000000000000000000000000000000000000000
1714;1253072.00000000000000000000000000000000000000000000000000
1715;1253268.00000000000000000000000000000000000000000000000000
1716;1253204.00000000000000000000000000000000000000000000000000
1717;1253204.00000000000000000000000000000000000000000000000000
1718;1253072.00000000000000000000000000000000000000000000000000
1719;1149072.00000000000000000000000000000000000000000000000000
1720;1149160.00000000000000000000000000000000000000000000000000
1721;1150188.00000000000000000000000000000000000000000000000000
1722;1150872.00000000000000000000000000000000000000000000000000
1723;1152356.00000000000000000000000000000000000000000000000000
1724;1154492.00000000000000000000000000000000000000000000000000
1725;1156180.00000000000000000000000000000000000000000000000000
1726;1158240.00000000000000000000000000000000000000000000000000
1727;1161076.00000000000000000000000000000000000000000000000000
1728;1163736.00000000000000000000000000000000000000000000000000
1729;1165816.00000000000000000000000000000000000000000000000000
1730;1168192.00000000000000000000000000000000000000000000000000
1731;1170640.00000000000000000000000000000000000000000000000000
1732;1172644.00000000000000000000000000000000000000000000000000
1733;1175628.00000000000000000000000000000000000000000000000000
1734;1177860.00000000000000000000000000000000000000000000000000
1735;1182384.00000000000000000000000000000000000000000000000000
1736;1183236.00000000000000000000000000000000000000000000000000
1737;1187356.00000000000000000000000000000000000000000000000000
1738;1188452.00000000000000000000000000000000000000000000000000
1739;1190900.00000000000000000000000000000000000000000000000000
1740;1192412.00000000000000000000000000000000000000000000000000
1741;1193548.00000000000000000000000000000000000000000000000000
1742;1197348.00000000000000000000000000000000000000000000000000
1743;1198288.00000000000000000000000000000000000000000000000000
1744;1200320.00000000000000000000000000000000000000000000000000
1745;1203692.00000000000000000000000000000000000000000000000000
1746;1206452.00000000000000000000000000000000000000000000000000
1747;1207792.00000000000000000000000000000000000000000000000000
1748;1209176.00000000000000000000000000000000000000000000000000
1749;1215052.00000000000000000000000000000000000000000000000000
1750;1217068.00000000000000000000000000000000000000000000000000
1751;1219648.00000000000000000000000000000000000000000000000000
1752;1227424.00000000000000000000000000000000000000000000000000
1753;1228964.00000000000000000000000000000000000000000000000000
1754;1231172.00000000000000000000000000000000000000000000000000
1755;1233816.00000000000000000000000000000000000000000000000000
1756;1235588.00000000000000000000000000000000000000000000000000
1757;1240788.00000000000000000000000000000000000000000000000000
1758;1241356.00000000000000000000000000000000000000000000000000
1759;1243092.00000000000000000000000000000000000000000000000000
1760;1245296.00000000000000000000000000000000000000000000000000
1761;1247116.00000000000000000000000000000000000000000000000000
1762;1247116.00000000000000000000000000000000000000000000000000
1763;1247116.00000000000000000000000000000000000000000000000000
1764;1247048.00000000000000000000000000000000000000000000000000
1765;1246540.00000000000000000000000000000000000000000000000000
1766;1247052.00000000000000000000000000000000000000000000000000
1767;1247052.00000000000000000000000000000000000000000000000000
1768;1247180.00000000000000000000000000000000000000000000000000
1769;1247176.00000000000000000000000000000000000000000000000000
1770;1247116.00000000000000000000000000000000000000000000000000
1771;1246544.00000000000000000000000000000000000000000000000000
1772;1246160.00000000000000000000000000000000000000000000000000
1773;1246160.00000000000000000000000000000000000000000000000000
1774;1247116.00000000000000000000000000000000000000000000000000
1775;1246156.00000000000000000000000000000000000000000000000000
1776;1247052.00000000000000000000000000000000000000000000000000
1777;1247380.00000000000000000000000000000000000000000000000000
1778;1247380.00000000000000000000000000000000000000000000000000
1779;1247380.00000000000000000000000000000000000000000000000000
1780;1247440.00000000000000000000000000000000000000000000000000
1781;1247380.00000000000000000000000000000000000000000000000000
1782;1246428.00000000000000000000000000000000000000000000000000
1783;1247444.00000000000000000000000000000000000000000000000000
1784;1246424.00000000000000000000000000000000000000000000000000
1785;1246424.00000000000000000000000000000000000000000000000000
1786;1246428.00000000000000000000000000000000000000000000000000
1787;1246840.00000000000000000000000000000000000000000000000000
1788;1246828.00000000000000000000000000000000000000000000000000
1789;1246428.00000000000000000000000000000000000000000000000000
1790;1246812.00000000000000000000000000000000000000000000000000
1791;1246828.00000000000000000000000000000000000000000000000000
1792;1246868.00000000000000000000000000000000000000000000000000
1793;1247384.00000000000000000000000000000000000000000000000000
1794;1247320.00000000000000000000000000000000000000000000000000
1795;1246492.00000000000000000000000000000000000000000000000000
1796;1247320.00000000000000000000000000000000000000000000000000
1797;1247384.00000000000000000000000000000000000000000000000000
1798;1246840.00000000000000000000000000000000000000000000000000
1799;1247320.00000000000000000000000000000000000000000000000000
1800;1246424.00000000000000000000000000000000000000000000000000
1801;1246428.00000000000000000000000000000000000000000000000000
1802;1247320.00000000000000000000000000000000000000000000000000
1803;1246828.00000000000000000000000000000000000000000000000000
1804;1246428.00000000000000000000000000000000000000000000000000
1805;1247444.00000000000000000000000000000000000000000000000000
1806;1247320.00000000000000000000000000000000000000000000000000
1807;1246812.00000000000000000000000000000000000000000000000000
1808;1139208.00000000000000000000000000000000000000000000000000
1809;1140520.00000000000000000000000000000000000000000000000000
1810;1141020.00000000000000000000000000000000000000000000000000
1811;1142268.00000000000000000000000000000000000000000000000000
1812;1143216.00000000000000000000000000000000000000000000000000
1813;1145344.00000000000000000000000000000000000000000000000000
1814;1147620.00000000000000000000000000000000000000000000000000
1815;1150196.00000000000000000000000000000000000000000000000000
1816;1154056.00000000000000000000000000000000000000000000000000
1817;1156712.00000000000000000000000000000000000000000000000000
1818;1159640.00000000000000000000000000000000000000000000000000
1819;1162620.00000000000000000000000000000000000000000000000000
1820;1165240.00000000000000000000000000000000000000000000000000
1821;1168060.00000000000000000000000000000000000000000000000000
1822;1169904.00000000000000000000000000000000000000000000000000
1823;1172544.00000000000000000000000000000000000000000000000000
1824;1177896.00000000000000000000000000000000000000000000000000
1825;1179776.00000000000000000000000000000000000000000000000000
1826;1183996.00000000000000000000000000000000000000000000000000
1827;1185460.00000000000000000000000000000000000000000000000000
1828;1187780.00000000000000000000000000000000000000000000000000
1829;1189748.00000000000000000000000000000000000000000000000000
1830;1191972.00000000000000000000000000000000000000000000000000
1831;1194544.00000000000000000000000000000000000000000000000000
1832;1196788.00000000000000000000000000000000000000000000000000
1833;1198152.00000000000000000000000000000000000000000000000000
1834;1202332.00000000000000000000000000000000000000000000000000
1835;1204692.00000000000000000000000000000000000000000000000000
1836;1206548.00000000000000000000000000000000000000000000000000
1837;1211720.00000000000000000000000000000000000000000000000000
1838;1214204.00000000000000000000000000000000000000000000000000
1839;1215924.00000000000000000000000000000000000000000000000000
1840;1218452.00000000000000000000000000000000000000000000000000
1841;1227628.00000000000000000000000000000000000000000000000000
1842;1230292.00000000000000000000000000000000000000000000000000
1843;1232264.00000000000000000000000000000000000000000000000000
1844;1234532.00000000000000000000000000000000000000000000000000
1845;1240840.00000000000000000000000000000000000000000000000000
1846;1241188.00000000000000000000000000000000000000000000000000
1847;1243800.00000000000000000000000000000000000000000000000000
1848;1245784.00000000000000000000000000000000000000000000000000
1849;1248968.00000000000000000000000000000000000000000000000000
1850;1248968.00000000000000000000000000000000000000000000000000
1851;1249048.00000000000000000000000000000000000000000000000000
1852;1248732.00000000000000000000000000000000000000000000000000
1853;1248728.00000000000000000000000000000000000000000000000000
1854;1248728.00000000000000000000000000000000000000000000000000
1855;1248668.00000000000000000000000000000000000000000000000000
1856;1248728.00000000000000000000000000000000000000000000000000
1857;1249180.00000000000000000000000000000000000000000000000000
1858;1249180.00000000000000000000000000000000000000000000000000
1859;1249180.00000000000000000000000000000000000000000000000000
1860;1249180.00000000000000000000000000000000000000000000000000
1861;1248220.00000000000000000000000000000000000000000000000000
1862;1248668.00000000000000000000000000000000000000000000000000
1863;1248284.00000000000000000000000000000000000000000000000000
1864;1248728.00000000000000000000000000000000000000000000000000
1865;1248220.00000000000000000000000000000000000000000000000000
1866;1248220.00000000000000000000000000000000000000000000000000
1867;1248284.00000000000000000000000000000000000000000000000000
1868;1248220.00000000000000000000000000000000000000000000000000
1869;1249180.00000000000000000000000000000000000000000000000000
1870;1248284.00000000000000000000000000000000000000000000000000
1871;1248728.00000000000000000000000000000000000000000000000000
1872;1249048.00000000000000000000000000000000000000000000000000
1873;1248220.00000000000000000000000000000000000000000000000000
1874;1249244.00000000000000000000000000000000000000000000000000
1875;1249180.00000000000000000000000000000000000000000000000000
1876;1248668.00000000000000000000000000000000000000000000000000
1877;1248728.00000000000000000000000000000000000000000000000000
1878;1249180.00000000000000000000000000000000000000000000000000
1879;1249048.00000000000000000000000000000000000000000000000000
1880;1249180.00000000000000000000000000000000000000000000000000
1881;1248220.00000000000000000000000000000000000000000000000000
1882;1249180.00000000000000000000000000000000000000000000000000
1883;1249244.00000000000000000000000000000000000000000000000000
1884;1249308.00000000000000000000000000000000000000000000000000
1885;1249180.00000000000000000000000000000000000000000000000000
1886;1248284.00000000000000000000000000000000000000000000000000
1887;1248728.00000000000000000000000000000000000000000000000000
1888;1249048.00000000000000000000000000000000000000000000000000
1889;1248284.00000000000000000000000000000000000000000000000000
1890;1248664.00000000000000000000000000000000000000000000000000
1891;1248284.00000000000000000000000000000000000000000000000000
1892;1248728.00000000000000000000000000000000000000000000000000
1893;1248284.00000000000000000000000000000000000000000000000000
1894;1248220.00000000000000000000000000000000000000000000000000
1895;1248728.00000000000000000000000000000000000000000000000000
1896;1171360.00000000000000000000000000000000000000000000000000
1897;1146060.00000000000000000000000000000000000000000000000000
1898;1146640.00000000000000000000000000000000000000000000000000
1899;1147324.00000000000000000000000000000000000000000000000000
1900;1148612.00000000000000000000000000000000000000000000000000
1901;1150932.00000000000000000000000000000000000000000000000000
1902;1153720.00000000000000000000000000000000000000000000000000
1903;1155668.00000000000000000000000000000000000000000000000000
1904;1158116.00000000000000000000000000000000000000000000000000
1905;1160688.00000000000000000000000000000000000000000000000000
1906;1163804.00000000000000000000000000000000000000000000000000
1907;1166132.00000000000000000000000000000000000000000000000000
1908;1169612.00000000000000000000000000000000000000000000000000
1909;1171160.00000000000000000000000000000000000000000000000000
1910;1173768.00000000000000000000000000000000000000000000000000
1911;1176044.00000000000000000000000000000000000000000000000000
1912;1180396.00000000000000000000000000000000000000000000000000
1913;1182268.00000000000000000000000000000000000000000000000000
1914;1185636.00000000000000000000000000000000000000000000000000
1915;1187676.00000000000000000000000000000000000000000000000000
1916;1190008.00000000000000000000000000000000000000000000000000
1917;1192936.00000000000000000000000000000000000000000000000000
1918;1194092.00000000000000000000000000000000000000000000000000
1919;1197500.00000000000000000000000000000000000000000000000000
1920;1199220.00000000000000000000000000000000000000000000000000
1921;1201412.00000000000000000000000000000000000000000000000000
1922;1205364.00000000000000000000000000000000000000000000000000
1923;1207464.00000000000000000000000000000000000000000000000000
1924;1209856.00000000000000000000000000000000000000000000000000
1925;1211768.00000000000000000000000000000000000000000000000000
1926;1218528.00000000000000000000000000000000000000000000000000
1927;1220176.00000000000000000000000000000000000000000000000000
1928;1222072.00000000000000000000000000000000000000000000000000
1929;1231632.00000000000000000000000000000000000000000000000000
1930;1233952.00000000000000000000000000000000000000000000000000
1931;1235768.00000000000000000000000000000000000000000000000000
1932;1237572.00000000000000000000000000000000000000000000000000
1933;1239620.00000000000000000000000000000000000000000000000000
1934;1244884.00000000000000000000000000000000000000000000000000
1935;1247752.00000000000000000000000000000000000000000000000000
1936;1249544.00000000000000000000000000000000000000000000000000
1937;1252136.00000000000000000000000000000000000000000000000000
1938;1252136.00000000000000000000000000000000000000000000000000
1939;1251288.00000000000000000000000000000000000000000000000000
1940;1251828.00000000000000000000000000000000000000000000000000
1941;1251892.00000000000000000000000000000000000000000000000000
1942;1251828.00000000000000000000000000000000000000000000000000
1943;1251288.00000000000000000000000000000000000000000000000000
1944;1251828.00000000000000000000000000000000000000000000000000
1945;1251828.00000000000000000000000000000000000000000000000000
1946;1251828.00000000000000000000000000000000000000000000000000
1947;1250936.00000000000000000000000000000000000000000000000000
1948;1251832.00000000000000000000000000000000000000000000000000
1949;1250872.00000000000000000000000000000000000000000000000000
1950;1250936.00000000000000000000000000000000000000000000000000
1951;1251320.00000000000000000000000000000000000000000000000000
1952;1251320.00000000000000000000000000000000000000000000000000
1953;1250932.00000000000000000000000000000000000000000000000000
1954;1250932.00000000000000000000000000000000000000000000000000
1955;1251696.00000000000000000000000000000000000000000000000000
1956;1251888.00000000000000000000000000000000000000000000000000
1957;1251892.00000000000000000000000000000000000000000000000000
1958;1250996.00000000000000000000000000000000000000000000000000
1959;1251888.00000000000000000000000000000000000000000000000000
1960;1250932.00000000000000000000000000000000000000000000000000
1961;1251888.00000000000000000000000000000000000000000000000000
1962;1251336.00000000000000000000000000000000000000000000000000
1963;1251380.00000000000000000000000000000000000000000000000000
1964;1251888.00000000000000000000000000000000000000000000000000
1965;1250932.00000000000000000000000000000000000000000000000000
1966;1250996.00000000000000000000000000000000000000000000000000
1967;1251952.00000000000000000000000000000000000000000000000000
1968;1251444.00000000000000000000000000000000000000000000000000
1969;1251892.00000000000000000000000000000000000000000000000000
1970;1251892.00000000000000000000000000000000000000000000000000
1971;1251380.00000000000000000000000000000000000000000000000000
1972;1251888.00000000000000000000000000000000000000000000000000
1973;1250932.00000000000000000000000000000000000000000000000000
1974;1251888.00000000000000000000000000000000000000000000000000
1975;1251952.00000000000000000000000000000000000000000000000000
1976;1251888.00000000000000000000000000000000000000000000000000
1977;1251888.00000000000000000000000000000000000000000000000000
1978;1251824.00000000000000000000000000000000000000000000000000
1979;1251952.00000000000000000000000000000000000000000000000000
1980;1251888.00000000000000000000000000000000000000000000000000
1981;1251348.00000000000000000000000000000000000000000000000000
1982;1250932.00000000000000000000000000000000000000000000000000
1983;1251444.00000000000000000000000000000000000000000000000000
1984;1250932.00000000000000000000000000000000000000000000000000
1985;1243984.00000000000000000000000000000000000000000000000000
1986;1244092.00000000000000000000000000000000000000000000000000
1987;1244352.00000000000000000000000000000000000000000000000000
1988;1244312.00000000000000000000000000000000000000000000000000
1989;1244488.00000000000000000000000000000000000000000000000000
1990;1244448.00000000000000000000000000000000000000000000000000
1991;1244704.00000000000000000000000000000000000000000000000000
1992;1244356.00000000000000000000000000000000000000000000000000
1993;1244500.00000000000000000000000000000000000000000000000000
1994;1244500.00000000000000000000000000000000000000000000000000
1995;1244580.00000000000000000000000000000000000000000000000000
1996;1244684.00000000000000000000000000000000000000000000000000
1997;1244596.00000000000000000000000000000000000000000000000000
1998;1244728.00000000000000000000000000000000000000000000000000
1999;1244664.00000000000000000000000000000000000000000000000000
2000;1244700.00000000000000000000000000000000000000000000000000
2001;1244980.00000000000000000000000000000000000000000000000000
2002;1244760.00000000000000000000000000000000000000000000000000
2003;1245224.00000000000000000000000000000000000000000000000000
2004;1244808.00000000000000000000000000000000000000000000000000
2005;1244972.00000000000000000000000000000000000000000000000000
2006;1244840.00000000000000000000000000000000000000000000000000
2007;1245324.00000000000000000000000000000000000000000000000000
2008;1245296.00000000000000000000000000000000000000000000000000
2009;1245344.00000000000000000000000000000000000000000000000000
2010;1245304.00000000000000000000000000000000000000000000000000
2011;1245304.00000000000000000000000000000000000000000000000000
2012;1245436.00000000000000000000000000000000000000000000000000
2013;1245540.00000000000000000000000000000000000000000000000000
2014;1245520.00000000000000000000000000000000000000000000000000
2015;1245864.00000000000000000000000000000000000000000000000000
2016;1245824.00000000000000000000000000000000000000000000000000
2017;1245760.00000000000000000000000000000000000000000000000000
2018;1246164.00000000000000000000000000000000000000000000000000
2019;1246620.00000000000000000000000000000000000000000000000000
2020;1246488.00000000000000000000000000000000000000000000000000
2021;1246636.00000000000000000000000000000000000000000000000000
2022;1246940.00000000000000000000000000000000000000000000000000
2023;1249844.00000000000000000000000000000000000000000000000000
2024;1250384.00000000000000000000000000000000000000000000000000
2025;1252296.00000000000000000000000000000000000000000000000000
2026;1252992.00000000000000000000000000000000000000000000000000
2027;1251936.00000000000000000000000000000000000000000000000000
2028;1252892.00000000000000000000000000000000000000000000000000
2029;1251908.00000000000000000000000000000000000000000000000000
2030;1252380.00000000000000000000000000000000000000000000000000
2031;1252128.00000000000000000000000000000000000000000000000000
2032;1251932.00000000000000000000000000000000000000000000000000
2033;1252380.00000000000000000000000000000000000000000000000000
2034;1251936.00000000000000000000000000000000000000000000000000
2035;1252832.00000000000000000000000000000000000000000000000000
2036;1252700.00000000000000000000000000000000000000000000000000
2037;1252956.00000000000000000000000000000000000000000000000000
2038;1252956.00000000000000000000000000000000000000000000000000
2039;1252380.00000000000000000000000000000000000000000000000000
2040;1252832.00000000000000000000000000000000000000000000000000
2041;1251932.00000000000000000000000000000000000000000000000000
2042;1252196.00000000000000000000000000000000000000000000000000
2043;1252196.00000000000000000000000000000000000000000000000000
2044;1253220.00000000000000000000000000000000000000000000000000
2045;1252900.00000000000000000000000000000000000000000000000000
2046;1253220.00000000000000000000000000000000000000000000000000
2047;1252644.00000000000000000000000000000000000000000000000000
2048;1252196.00000000000000000000000000000000000000000000000000
2049;1252584.00000000000000000000000000000000000000000000000000
2050;1253096.00000000000000000000000000000000000000000000000000
2051;1252172.00000000000000000000000000000000000000000000000000
2052;1253220.00000000000000000000000000000000000000000000000000
2053;1252200.00000000000000000000000000000000000000000000000000
2054;1253220.00000000000000000000000000000000000000000000000000
2055;1252196.00000000000000000000000000000000000000000000000000
2056;1253096.00000000000000000000000000000000000000000000000000
2057;1253156.00000000000000000000000000000000000000000000000000
2058;1253156.00000000000000000000000000000000000000000000000000
2059;1253092.00000000000000000000000000000000000000000000000000
2060;1252964.00000000000000000000000000000000000000000000000000
2061;1253224.00000000000000000000000000000000000000000000000000
2062;1253096.00000000000000000000000000000000000000000000000000
2063;1253156.00000000000000000000000000000000000000000000000000
2064;1252648.00000000000000000000000000000000000000000000000000
2065;1253096.00000000000000000000000000000000000000000000000000
2066;1253096.00000000000000000000000000000000000000000000000000
2067;1252712.00000000000000000000000000000000000000000000000000
2068;1252172.00000000000000000000000000000000000000000000000000
2069;1252584.00000000000000000000000000000000000000000000000000
2070;1252392.00000000000000000000000000000000000000000000000000
2071;1252200.00000000000000000000000000000000000000000000000000
2072;1253220.00000000000000000000000000000000000000000000000000
2073;1244464.00000000000000000000000000000000000000000000000000
2074;1244892.00000000000000000000000000000000000000000000000000
2075;1244864.00000000000000000000000000000000000000000000000000
2076;1244972.00000000000000000000000000000000000000000000000000
2077;1245008.00000000000000000000000000000000000000000000000000
2078;1245168.00000000000000000000000000000000000000000000000000
2079;1245172.00000000000000000000000000000000000000000000000000
2080;1245172.00000000000000000000000000000000000000000000000000
2081;1245136.00000000000000000000000000000000000000000000000000
2082;1245236.00000000000000000000000000000000000000000000000000
2083;1245156.00000000000000000000000000000000000000000000000000
2084;1245536.00000000000000000000000000000000000000000000000000
2085;1245720.00000000000000000000000000000000000000000000000000
2086;1245832.00000000000000000000000000000000000000000000000000
2087;1245644.00000000000000000000000000000000000000000000000000
2088;1245820.00000000000000000000000000000000000000000000000000
2089;1246040.00000000000000000000000000000000000000000000000000
2090;1245956.00000000000000000000000000000000000000000000000000
2091;1245928.00000000000000000000000000000000000000000000000000
2092;1245880.00000000000000000000000000000000000000000000000000
2093;1245808.00000000000000000000000000000000000000000000000000
2094;1246208.00000000000000000000000000000000000000000000000000
2095;1246084.00000000000000000000000000000000000000000000000000
2096;1246108.00000000000000000000000000000000000000000000000000
2097;1246108.00000000000000000000000000000000000000000000000000
2098;1246424.00000000000000000000000000000000000000000000000000
2099;1246224.00000000000000000000000000000000000000000000000000
2100;1246180.00000000000000000000000000000000000000000000000000
2101;1245876.00000000000000000000000000000000000000000000000000
2102;1246616.00000000000000000000000000000000000000000000000000
2103;1246456.00000000000000000000000000000000000000000000000000
2104;1246456.00000000000000000000000000000000000000000000000000
2105;1246660.00000000000000000000000000000000000000000000000000
2106;1246468.00000000000000000000000000000000000000000000000000
2107;1246800.00000000000000000000000000000000000000000000000000
2108;1246572.00000000000000000000000000000000000000000000000000
2109;1246548.00000000000000000000000000000000000000000000000000
2110;1246644.00000000000000000000000000000000000000000000000000
2111;1250432.00000000000000000000000000000000000000000000000000
2112;1251648.00000000000000000000000000000000000000000000000000
2113;1253484.00000000000000000000000000000000000000000000000000
2114;1254756.00000000000000000000000000000000000000000000000000
2115;1255964.00000000000000000000000000000000000000000000000000
2116;1255836.00000000000000000000000000000000000000000000000000
2117;1254812.00000000000000000000000000000000000000000000000000
2118;1255772.00000000000000000000000000000000000000000000000000
2119;1254876.00000000000000000000000000000000000000000000000000
2120;1255772.00000000000000000000000000000000000000000000000000
2121;1254812.00000000000000000000000000000000000000000000000000
2122;1254876.00000000000000000000000000000000000000000000000000
2123;1254812.00000000000000000000000000000000000000000000000000
2124;1255772.00000000000000000000000000000000000000000000000000
2125;1255836.00000000000000000000000000000000000000000000000000
2126;1254812.00000000000000000000000000000000000000000000000000
2127;1254876.00000000000000000000000000000000000000000000000000
2128;1254812.00000000000000000000000000000000000000000000000000
2129;1255836.00000000000000000000000000000000000000000000000000
2130;1255772.00000000000000000000000000000000000000000000000000
2131;1256036.00000000000000000000000000000000000000000000000000
2132;1256036.00000000000000000000000000000000000000000000000000
2133;1256100.00000000000000000000000000000000000000000000000000
2134;1255140.00000000000000000000000000000000000000000000000000
2135;1255076.00000000000000000000000000000000000000000000000000
2136;1255956.00000000000000000000000000000000000000000000000000
2137;1256036.00000000000000000000000000000000000000000000000000
2138;1256036.00000000000000000000000000000000000000000000000000
2139;1256036.00000000000000000000000000000000000000000000000000
2140;1255140.00000000000000000000000000000000000000000000000000
2141;1255460.00000000000000000000000000000000000000000000000000
2142;1255076.00000000000000000000000000000000000000000000000000
2143;1256036.00000000000000000000000000000000000000000000000000
2144;1256036.00000000000000000000000000000000000000000000000000
2145;1256100.00000000000000000000000000000000000000000000000000
2146;1255140.00000000000000000000000000000000000000000000000000
2147;1255076.00000000000000000000000000000000000000000000000000
2148;1255140.00000000000000000000000000000000000000000000000000
2149;1255332.00000000000000000000000000000000000000000000000000
2150;1255140.00000000000000000000000000000000000000000000000000
2151;1256100.00000000000000000000000000000000000000000000000000
2152;1255524.00000000000000000000000000000000000000000000000000
2153;1255140.00000000000000000000000000000000000000000000000000
2154;1256036.00000000000000000000000000000000000000000000000000
2155;1256100.00000000000000000000000000000000000000000000000000
2156;1255076.00000000000000000000000000000000000000000000000000
2157;1256036.00000000000000000000000000000000000000000000000000
2158;1256036.00000000000000000000000000000000000000000000000000
2159;1255524.00000000000000000000000000000000000000000000000000
2160;1256036.00000000000000000000000000000000000000000000000000
2161;1255140.00000000000000000000000000000000000000000000000000
2162;1256036.00000000000000000000000000000000000000000000000000
2163;1148448.00000000000000000000000000000000000000000000000000
2164;1149448.00000000000000000000000000000000000000000000000000
2165;1150264.00000000000000000000000000000000000000000000000000
2166;1151112.00000000000000000000000000000000000000000000000000
2167;1153024.00000000000000000000000000000000000000000000000000
2168;1155036.00000000000000000000000000000000000000000000000000
2169;1157328.00000000000000000000000000000000000000000000000000
2170;1159508.00000000000000000000000000000000000000000000000000
2171;1162220.00000000000000000000000000000000000000000000000000
2172;1165044.00000000000000000000000000000000000000000000000000
2173;1166968.00000000000000000000000000000000000000000000000000
2174;1169780.00000000000000000000000000000000000000000000000000
2175;1172812.00000000000000000000000000000000000000000000000000
2176;1175196.00000000000000000000000000000000000000000000000000
2177;1177008.00000000000000000000000000000000000000000000000000
