Second;RAM_KB
0;13904.00000000000000000000000000000000000000000000000000
1;326552.00000000000000000000000000000000000000000000000000
2;375556.00000000000000000000000000000000000000000000000000
3;697264.00000000000000000000000000000000000000000000000000
4;748752.00000000000000000000000000000000000000000000000000
5;804512.00000000000000000000000000000000000000000000000000
6;900792.00000000000000000000000000000000000000000000000000
7;933360.00000000000000000000000000000000000000000000000000
8;972348.00000000000000000000000000000000000000000000000000
9;980768.00000000000000000000000000000000000000000000000000
10;990020.00000000000000000000000000000000000000000000000000
11;996144.00000000000000000000000000000000000000000000000000
12;1000436.00000000000000000000000000000000000000000000000000
13;1006504.00000000000000000000000000000000000000000000000000
14;1010112.00000000000000000000000000000000000000000000000000
15;1014480.00000000000000000000000000000000000000000000000000
16;1019876.00000000000000000000000000000000000000000000000000
17;1026492.00000000000000000000000000000000000000000000000000
18;1032324.00000000000000000000000000000000000000000000000000
19;1036136.00000000000000000000000000000000000000000000000000
20;1042100.00000000000000000000000000000000000000000000000000
21;1047988.00000000000000000000000000000000000000000000000000
22;1052612.00000000000000000000000000000000000000000000000000
23;1058748.00000000000000000000000000000000000000000000000000
24;1063912.00000000000000000000000000000000000000000000000000
25;1071184.00000000000000000000000000000000000000000000000000
26;1074944.00000000000000000000000000000000000000000000000000
27;1079620.00000000000000000000000000000000000000000000000000
28;1086004.00000000000000000000000000000000000000000000000000
29;1092624.00000000000000000000000000000000000000000000000000
30;1097536.00000000000000000000000000000000000000000000000000
31;1101620.00000000000000000000000000000000000000000000000000
32;1105844.00000000000000000000000000000000000000000000000000
33;1112596.00000000000000000000000000000000000000000000000000
34;1117108.00000000000000000000000000000000000000000000000000
35;1121440.00000000000000000000000000000000000000000000000000
36;1129284.00000000000000000000000000000000000000000000000000
37;1132432.00000000000000000000000000000000000000000000000000
38;1137252.00000000000000000000000000000000000000000000000000
39;1141904.00000000000000000000000000000000000000000000000000
40;1148616.00000000000000000000000000000000000000000000000000
41;1153680.00000000000000000000000000000000000000000000000000
42;1159032.00000000000000000000000000000000000000000000000000
43;1164084.00000000000000000000000000000000000000000000000000
44;1170648.00000000000000000000000000000000000000000000000000
45;1176108.00000000000000000000000000000000000000000000000000
46;1180800.00000000000000000000000000000000000000000000000000
47;1180808.00000000000000000000000000000000000000000000000000
48;1452516.00000000000000000000000000000000000000000000000000
49;1452820.00000000000000000000000000000000000000000000000000
50;1452820.00000000000000000000000000000000000000000000000000
51;1452304.00000000000000000000000000000000000000000000000000
52;1452856.00000000000000000000000000000000000000000000000000
53;1452848.00000000000000000000000000000000000000000000000000
54;1452852.00000000000000000000000000000000000000000000000000
55;1452848.00000000000000000000000000000000000000000000000000
56;1452864.00000000000000000000000000000000000000000000000000
57;1452820.00000000000000000000000000000000000000000000000000
58;1452248.00000000000000000000000000000000000000000000000000
59;1451688.00000000000000000000000000000000000000000000000000
60;1453004.00000000000000000000000000000000000000000000000000
61;1453492.00000000000000000000000000000000000000000000000000
62;1453456.00000000000000000000000000000000000000000000000000
63;1453472.00000000000000000000000000000000000000000000000000
64;1453144.00000000000000000000000000000000000000000000000000
65;1452944.00000000000000000000000000000000000000000000000000
66;1452944.00000000000000000000000000000000000000000000000000
67;1453004.00000000000000000000000000000000000000000000000000
68;1452996.00000000000000000000000000000000000000000000000000
69;1453004.00000000000000000000000000000000000000000000000000
70;1453488.00000000000000000000000000000000000000000000000000
71;1451620.00000000000000000000000000000000000000000000000000
72;1451620.00000000000000000000000000000000000000000000000000
73;1452944.00000000000000000000000000000000000000000000000000
74;1453004.00000000000000000000000000000000000000000000000000
75;1453508.00000000000000000000000000000000000000000000000000
76;1453004.00000000000000000000000000000000000000000000000000
77;1453508.00000000000000000000000000000000000000000000000000
78;1453004.00000000000000000000000000000000000000000000000000
79;1453504.00000000000000000000000000000000000000000000000000
80;1453488.00000000000000000000000000000000000000000000000000
81;1453488.00000000000000000000000000000000000000000000000000
82;1453280.00000000000000000000000000000000000000000000000000
83;1453004.00000000000000000000000000000000000000000000000000
84;1348292.00000000000000000000000000000000000000000000000000
85;1349832.00000000000000000000000000000000000000000000000000
86;1349432.00000000000000000000000000000000000000000000000000
87;1351380.00000000000000000000000000000000000000000000000000
88;1353256.00000000000000000000000000000000000000000000000000
89;1354956.00000000000000000000000000000000000000000000000000
90;1357496.00000000000000000000000000000000000000000000000000
91;1359640.00000000000000000000000000000000000000000000000000
92;1362180.00000000000000000000000000000000000000000000000000
93;1363720.00000000000000000000000000000000000000000000000000
94;1365808.00000000000000000000000000000000000000000000000000
95;1367548.00000000000000000000000000000000000000000000000000
96;1370280.00000000000000000000000000000000000000000000000000
97;1373176.00000000000000000000000000000000000000000000000000
98;1374684.00000000000000000000000000000000000000000000000000
99;1378728.00000000000000000000000000000000000000000000000000
100;1382608.00000000000000000000000000000000000000000000000000
101;1385848.00000000000000000000000000000000000000000000000000
102;1389620.00000000000000000000000000000000000000000000000000
103;1391820.00000000000000000000000000000000000000000000000000
104;1394632.00000000000000000000000000000000000000000000000000
105;1399912.00000000000000000000000000000000000000000000000000
106;1401860.00000000000000000000000000000000000000000000000000
107;1403872.00000000000000000000000000000000000000000000000000
108;1409024.00000000000000000000000000000000000000000000000000
109;1411836.00000000000000000000000000000000000000000000000000
110;1416928.00000000000000000000000000000000000000000000000000
111;1419176.00000000000000000000000000000000000000000000000000
112;1422124.00000000000000000000000000000000000000000000000000
113;1423824.00000000000000000000000000000000000000000000000000
114;1427876.00000000000000000000000000000000000000000000000000
115;1429944.00000000000000000000000000000000000000000000000000
116;1432504.00000000000000000000000000000000000000000000000000
117;1437752.00000000000000000000000000000000000000000000000000
118;1439904.00000000000000000000000000000000000000000000000000
119;1443208.00000000000000000000000000000000000000000000000000
120;1444772.00000000000000000000000000000000000000000000000000
121;1451856.00000000000000000000000000000000000000000000000000
122;1453796.00000000000000000000000000000000000000000000000000
123;1456388.00000000000000000000000000000000000000000000000000
124;1460840.00000000000000000000000000000000000000000000000000
125;1463812.00000000000000000000000000000000000000000000000000
126;1465620.00000000000000000000000000000000000000000000000000
127;1465624.00000000000000000000000000000000000000000000000000
128;1465076.00000000000000000000000000000000000000000000000000
129;1465644.00000000000000000000000000000000000000000000000000
130;1465592.00000000000000000000000000000000000000000000000000
131;1465592.00000000000000000000000000000000000000000000000000
132;1465568.00000000000000000000000000000000000000000000000000
133;1465568.00000000000000000000000000000000000000000000000000
134;1465384.00000000000000000000000000000000000000000000000000
135;1465020.00000000000000000000000000000000000000000000000000
136;1465584.00000000000000000000000000000000000000000000000000
137;1463700.00000000000000000000000000000000000000000000000000
138;1463700.00000000000000000000000000000000000000000000000000
139;1465564.00000000000000000000000000000000000000000000000000
140;1465564.00000000000000000000000000000000000000000000000000
141;1465388.00000000000000000000000000000000000000000000000000
142;1465568.00000000000000000000000000000000000000000000000000
143;1465268.00000000000000000000000000000000000000000000000000
144;1465076.00000000000000000000000000000000000000000000000000
145;1465564.00000000000000000000000000000000000000000000000000
146;1465564.00000000000000000000000000000000000000000000000000
147;1465568.00000000000000000000000000000000000000000000000000
148;1465020.00000000000000000000000000000000000000000000000000
149;1465576.00000000000000000000000000000000000000000000000000
150;1463700.00000000000000000000000000000000000000000000000000
151;1463700.00000000000000000000000000000000000000000000000000
152;1465568.00000000000000000000000000000000000000000000000000
153;1465568.00000000000000000000000000000000000000000000000000
154;1465020.00000000000000000000000000000000000000000000000000
155;1465020.00000000000000000000000000000000000000000000000000
156;1465084.00000000000000000000000000000000000000000000000000
157;1465084.00000000000000000000000000000000000000000000000000
158;1465588.00000000000000000000000000000000000000000000000000
159;1465564.00000000000000000000000000000000000000000000000000
160;1465564.00000000000000000000000000000000000000000000000000
161;1465020.00000000000000000000000000000000000000000000000000
162;1465084.00000000000000000000000000000000000000000000000000
163;1356220.00000000000000000000000000000000000000000000000000
164;1358768.00000000000000000000000000000000000000000000000000
165;1360760.00000000000000000000000000000000000000000000000000
166;1362248.00000000000000000000000000000000000000000000000000
167;1364900.00000000000000000000000000000000000000000000000000
168;1366700.00000000000000000000000000000000000000000000000000
169;1368160.00000000000000000000000000000000000000000000000000
170;1370232.00000000000000000000000000000000000000000000000000
171;1373548.00000000000000000000000000000000000000000000000000
172;1375964.00000000000000000000000000000000000000000000000000
173;1378232.00000000000000000000000000000000000000000000000000
174;1381424.00000000000000000000000000000000000000000000000000
175;1383044.00000000000000000000000000000000000000000000000000
176;1385868.00000000000000000000000000000000000000000000000000
177;1387256.00000000000000000000000000000000000000000000000000
178;1390632.00000000000000000000000000000000000000000000000000
179;1392884.00000000000000000000000000000000000000000000000000
180;1396332.00000000000000000000000000000000000000000000000000
181;1398080.00000000000000000000000000000000000000000000000000
182;1399996.00000000000000000000000000000000000000000000000000
183;1404404.00000000000000000000000000000000000000000000000000
184;1406508.00000000000000000000000000000000000000000000000000
185;1411792.00000000000000000000000000000000000000000000000000
186;1414340.00000000000000000000000000000000000000000000000000
187;1417236.00000000000000000000000000000000000000000000000000
188;1422468.00000000000000000000000000000000000000000000000000
189;1424624.00000000000000000000000000000000000000000000000000
190;1427264.00000000000000000000000000000000000000000000000000
191;1432504.00000000000000000000000000000000000000000000000000
192;1435212.00000000000000000000000000000000000000000000000000
193;1437456.00000000000000000000000000000000000000000000000000
194;1440104.00000000000000000000000000000000000000000000000000
195;1445332.00000000000000000000000000000000000000000000000000
196;1447600.00000000000000000000000000000000000000000000000000
197;1449176.00000000000000000000000000000000000000000000000000
198;1451480.00000000000000000000000000000000000000000000000000
199;1455712.00000000000000000000000000000000000000000000000000
200;1458232.00000000000000000000000000000000000000000000000000
201;1460180.00000000000000000000000000000000000000000000000000
202;1462588.00000000000000000000000000000000000000000000000000
203;1463708.00000000000000000000000000000000000000000000000000
204;1465020.00000000000000000000000000000000000000000000000000
205;1464836.00000000000000000000000000000000000000000000000000
206;1465328.00000000000000000000000000000000000000000000000000
207;1465320.00000000000000000000000000000000000000000000000000
208;1465320.00000000000000000000000000000000000000000000000000
209;1465016.00000000000000000000000000000000000000000000000000
210;1464772.00000000000000000000000000000000000000000000000000
211;1465324.00000000000000000000000000000000000000000000000000
212;1465140.00000000000000000000000000000000000000000000000000
213;1464836.00000000000000000000000000000000000000000000000000
214;1465336.00000000000000000000000000000000000000000000000000
215;1463452.00000000000000000000000000000000000000000000000000
216;1463452.00000000000000000000000000000000000000000000000000
217;1465332.00000000000000000000000000000000000000000000000000
218;1465316.00000000000000000000000000000000000000000000000000
219;1465332.00000000000000000000000000000000000000000000000000
220;1464768.00000000000000000000000000000000000000000000000000
221;1465312.00000000000000000000000000000000000000000000000000
222;1465312.00000000000000000000000000000000000000000000000000
223;1464952.00000000000000000000000000000000000000000000000000
224;1465316.00000000000000000000000000000000000000000000000000
225;1465332.00000000000000000000000000000000000000000000000000
226;1465312.00000000000000000000000000000000000000000000000000
227;1464832.00000000000000000000000000000000000000000000000000
228;1463448.00000000000000000000000000000000000000000000000000
229;1463448.00000000000000000000000000000000000000000000000000
230;1463448.00000000000000000000000000000000000000000000000000
231;1464832.00000000000000000000000000000000000000000000000000
232;1465312.00000000000000000000000000000000000000000000000000
233;1465316.00000000000000000000000000000000000000000000000000
234;1465332.00000000000000000000000000000000000000000000000000
235;1465012.00000000000000000000000000000000000000000000000000
236;1464768.00000000000000000000000000000000000000000000000000
237;1465332.00000000000000000000000000000000000000000000000000
238;1465316.00000000000000000000000000000000000000000000000000
239;1464892.00000000000000000000000000000000000000000000000000
240;1465336.00000000000000000000000000000000000000000000000000
241;1353140.00000000000000000000000000000000000000000000000000
242;1354760.00000000000000000000000000000000000000000000000000
243;1356936.00000000000000000000000000000000000000000000000000
244;1359452.00000000000000000000000000000000000000000000000000
245;1361652.00000000000000000000000000000000000000000000000000
246;1364148.00000000000000000000000000000000000000000000000000
247;1366428.00000000000000000000000000000000000000000000000000
248;1368224.00000000000000000000000000000000000000000000000000
249;1371180.00000000000000000000000000000000000000000000000000
250;1374376.00000000000000000000000000000000000000000000000000
251;1376836.00000000000000000000000000000000000000000000000000
252;1379620.00000000000000000000000000000000000000000000000000
253;1381256.00000000000000000000000000000000000000000000000000
254;1383040.00000000000000000000000000000000000000000000000000
255;1386044.00000000000000000000000000000000000000000000000000
256;1387920.00000000000000000000000000000000000000000000000000
257;1391276.00000000000000000000000000000000000000000000000000
258;1393116.00000000000000000000000000000000000000000000000000
259;1396712.00000000000000000000000000000000000000000000000000
260;1398264.00000000000000000000000000000000000000000000000000
261;1403648.00000000000000000000000000000000000000000000000000
262;1404596.00000000000000000000000000000000000000000000000000
263;1407496.00000000000000000000000000000000000000000000000000
264;1411908.00000000000000000000000000000000000000000000000000
265;1413968.00000000000000000000000000000000000000000000000000
266;1417004.00000000000000000000000000000000000000000000000000
267;1422924.00000000000000000000000000000000000000000000000000
268;1425832.00000000000000000000000000000000000000000000000000
269;1428052.00000000000000000000000000000000000000000000000000
270;1433792.00000000000000000000000000000000000000000000000000
271;1436392.00000000000000000000000000000000000000000000000000
272;1439252.00000000000000000000000000000000000000000000000000
273;1440856.00000000000000000000000000000000000000000000000000
274;1445540.00000000000000000000000000000000000000000000000000
275;1447412.00000000000000000000000000000000000000000000000000
276;1450248.00000000000000000000000000000000000000000000000000
277;1452240.00000000000000000000000000000000000000000000000000
278;1458640.00000000000000000000000000000000000000000000000000
279;1459496.00000000000000000000000000000000000000000000000000
280;1462236.00000000000000000000000000000000000000000000000000
281;1463976.00000000000000000000000000000000000000000000000000
282;1467036.00000000000000000000000000000000000000000000000000
283;1469188.00000000000000000000000000000000000000000000000000
284;1470908.00000000000000000000000000000000000000000000000000
285;1470912.00000000000000000000000000000000000000000000000000
286;1471148.00000000000000000000000000000000000000000000000000
287;1471116.00000000000000000000000000000000000000000000000000
288;1470740.00000000000000000000000000000000000000000000000000
289;1471288.00000000000000000000000000000000000000000000000000
290;1471072.00000000000000000000000000000000000000000000000000
291;1471576.00000000000000000000000000000000000000000000000000
292;1471072.00000000000000000000000000000000000000000000000000
293;1471556.00000000000000000000000000000000000000000000000000
294;1471232.00000000000000000000000000000000000000000000000000
295;1470024.00000000000000000000000000000000000000000000000000
296;1470024.00000000000000000000000000000000000000000000000000
297;1471888.00000000000000000000000000000000000000000000000000
298;1471348.00000000000000000000000000000000000000000000000000
299;1471892.00000000000000000000000000000000000000000000000000
300;1471892.00000000000000000000000000000000000000000000000000
301;1471904.00000000000000000000000000000000000000000000000000
302;1471560.00000000000000000000000000000000000000000000000000
303;1471900.00000000000000000000000000000000000000000000000000
304;1471892.00000000000000000000000000000000000000000000000000
305;1471864.00000000000000000000000000000000000000000000000000
306;1471348.00000000000000000000000000000000000000000000000000
307;1471408.00000000000000000000000000000000000000000000000000
308;1470024.00000000000000000000000000000000000000000000000000
309;1471892.00000000000000000000000000000000000000000000000000
310;1471908.00000000000000000000000000000000000000000000000000
311;1471860.00000000000000000000000000000000000000000000000000
312;1471528.00000000000000000000000000000000000000000000000000
313;1471408.00000000000000000000000000000000000000000000000000
314;1471408.00000000000000000000000000000000000000000000000000
315;1471892.00000000000000000000000000000000000000000000000000
316;1471860.00000000000000000000000000000000000000000000000000
317;1471348.00000000000000000000000000000000000000000000000000
318;1471908.00000000000000000000000000000000000000000000000000
319;1471408.00000000000000000000000000000000000000000000000000
320;1355148.00000000000000000000000000000000000000000000000000
321;1355776.00000000000000000000000000000000000000000000000000
322;1358608.00000000000000000000000000000000000000000000000000
323;1360200.00000000000000000000000000000000000000000000000000
324;1363144.00000000000000000000000000000000000000000000000000
325;1364644.00000000000000000000000000000000000000000000000000
326;1366344.00000000000000000000000000000000000000000000000000
327;1368188.00000000000000000000000000000000000000000000000000
328;1370308.00000000000000000000000000000000000000000000000000
329;1373776.00000000000000000000000000000000000000000000000000
330;1376208.00000000000000000000000000000000000000000000000000
331;1378916.00000000000000000000000000000000000000000000000000
332;1382196.00000000000000000000000000000000000000000000000000
333;1385204.00000000000000000000000000000000000000000000000000
334;1387472.00000000000000000000000000000000000000000000000000
335;1388800.00000000000000000000000000000000000000000000000000
336;1393736.00000000000000000000000000000000000000000000000000
337;1395284.00000000000000000000000000000000000000000000000000
338;1397376.00000000000000000000000000000000000000000000000000
339;1399736.00000000000000000000000000000000000000000000000000
340;1402380.00000000000000000000000000000000000000000000000000
341;1406320.00000000000000000000000000000000000000000000000000
342;1408880.00000000000000000000000000000000000000000000000000
343;1410840.00000000000000000000000000000000000000000000000000
344;1416632.00000000000000000000000000000000000000000000000000
345;1419160.00000000000000000000000000000000000000000000000000
346;1425556.00000000000000000000000000000000000000000000000000
347;1426800.00000000000000000000000000000000000000000000000000
348;1429888.00000000000000000000000000000000000000000000000000
349;1432676.00000000000000000000000000000000000000000000000000
350;1438364.00000000000000000000000000000000000000000000000000
351;1440668.00000000000000000000000000000000000000000000000000
352;1443072.00000000000000000000000000000000000000000000000000
353;1445280.00000000000000000000000000000000000000000000000000
354;1449676.00000000000000000000000000000000000000000000000000
355;1451624.00000000000000000000000000000000000000000000000000
356;1454240.00000000000000000000000000000000000000000000000000
357;1456780.00000000000000000000000000000000000000000000000000
358;1461080.00000000000000000000000000000000000000000000000000
359;1462928.00000000000000000000000000000000000000000000000000
360;1464748.00000000000000000000000000000000000000000000000000
361;1468888.00000000000000000000000000000000000000000000000000
362;1469136.00000000000000000000000000000000000000000000000000
363;1470572.00000000000000000000000000000000000000000000000000
364;1471056.00000000000000000000000000000000000000000000000000
365;1471056.00000000000000000000000000000000000000000000000000
366;1471060.00000000000000000000000000000000000000000000000000
367;1471052.00000000000000000000000000000000000000000000000000
368;1471064.00000000000000000000000000000000000000000000000000
369;1470572.00000000000000000000000000000000000000000000000000
370;1471060.00000000000000000000000000000000000000000000000000
371;1471024.00000000000000000000000000000000000000000000000000
372;1470512.00000000000000000000000000000000000000000000000000
373;1470512.00000000000000000000000000000000000000000000000000
374;1469200.00000000000000000000000000000000000000000000000000
375;1471064.00000000000000000000000000000000000000000000000000
376;1470524.00000000000000000000000000000000000000000000000000
377;1471084.00000000000000000000000000000000000000000000000000
378;1471068.00000000000000000000000000000000000000000000000000
379;1471040.00000000000000000000000000000000000000000000000000
380;1470736.00000000000000000000000000000000000000000000000000
381;1470524.00000000000000000000000000000000000000000000000000
382;1471072.00000000000000000000000000000000000000000000000000
383;1471008.00000000000000000000000000000000000000000000000000
384;1470980.00000000000000000000000000000000000000000000000000
385;1470428.00000000000000000000000000000000000000000000000000
386;1470488.00000000000000000000000000000000000000000000000000
387;1469060.00000000000000000000000000000000000000000000000000
388;1470444.00000000000000000000000000000000000000000000000000
389;1470936.00000000000000000000000000000000000000000000000000
390;1470924.00000000000000000000000000000000000000000000000000
391;1470924.00000000000000000000000000000000000000000000000000
392;1470600.00000000000000000000000000000000000000000000000000
393;1470444.00000000000000000000000000000000000000000000000000
394;1470936.00000000000000000000000000000000000000000000000000
395;1470924.00000000000000000000000000000000000000000000000000
396;1470896.00000000000000000000000000000000000000000000000000
397;1470600.00000000000000000000000000000000000000000000000000
398;1470444.00000000000000000000000000000000000000000000000000
399;1355220.00000000000000000000000000000000000000000000000000
400;1355668.00000000000000000000000000000000000000000000000000
401;1356776.00000000000000000000000000000000000000000000000000
402;1358992.00000000000000000000000000000000000000000000000000
403;1361276.00000000000000000000000000000000000000000000000000
404;1363380.00000000000000000000000000000000000000000000000000
405;1365376.00000000000000000000000000000000000000000000000000
406;1366816.00000000000000000000000000000000000000000000000000
407;1370540.00000000000000000000000000000000000000000000000000
408;1372968.00000000000000000000000000000000000000000000000000
409;1375036.00000000000000000000000000000000000000000000000000
410;1376972.00000000000000000000000000000000000000000000000000
411;1380104.00000000000000000000000000000000000000000000000000
412;1382864.00000000000000000000000000000000000000000000000000
413;1384892.00000000000000000000000000000000000000000000000000
414;1388012.00000000000000000000000000000000000000000000000000
415;1390124.00000000000000000000000000000000000000000000000000
416;1392292.00000000000000000000000000000000000000000000000000
417;1394136.00000000000000000000000000000000000000000000000000
418;1396904.00000000000000000000000000000000000000000000000000
419;1399748.00000000000000000000000000000000000000000000000000
420;1401764.00000000000000000000000000000000000000000000000000
421;1407584.00000000000000000000000000000000000000000000000000
422;1408908.00000000000000000000000000000000000000000000000000
423;1411588.00000000000000000000000000000000000000000000000000
424;1418008.00000000000000000000000000000000000000000000000000
425;1420164.00000000000000000000000000000000000000000000000000
426;1423472.00000000000000000000000000000000000000000000000000
427;1427764.00000000000000000000000000000000000000000000000000
428;1429804.00000000000000000000000000000000000000000000000000
429;1432944.00000000000000000000000000000000000000000000000000
430;1434564.00000000000000000000000000000000000000000000000000
431;1439292.00000000000000000000000000000000000000000000000000
432;1441968.00000000000000000000000000000000000000000000000000
433;1444268.00000000000000000000000000000000000000000000000000
434;1447052.00000000000000000000000000000000000000000000000000
435;1452080.00000000000000000000000000000000000000000000000000
436;1452724.00000000000000000000000000000000000000000000000000
437;1454464.00000000000000000000000000000000000000000000000000
438;1457020.00000000000000000000000000000000000000000000000000
439;1459096.00000000000000000000000000000000000000000000000000
440;1466500.00000000000000000000000000000000000000000000000000
441;1467776.00000000000000000000000000000000000000000000000000
442;1467776.00000000000000000000000000000000000000000000000000
443;1469372.00000000000000000000000000000000000000000000000000
444;1469280.00000000000000000000000000000000000000000000000000
445;1468768.00000000000000000000000000000000000000000000000000
446;1468828.00000000000000000000000000000000000000000000000000
447;1469332.00000000000000000000000000000000000000000000000000
448;1469308.00000000000000000000000000000000000000000000000000
449;1469308.00000000000000000000000000000000000000000000000000
450;1468768.00000000000000000000000000000000000000000000000000
451;1468768.00000000000000000000000000000000000000000000000000
452;1469324.00000000000000000000000000000000000000000000000000
453;1469308.00000000000000000000000000000000000000000000000000
454;1467444.00000000000000000000000000000000000000000000000000
455;1469284.00000000000000000000000000000000000000000000000000
456;1468768.00000000000000000000000000000000000000000000000000
457;1467804.00000000000000000000000000000000000000000000000000
458;1469308.00000000000000000000000000000000000000000000000000
459;1469312.00000000000000000000000000000000000000000000000000
460;1468984.00000000000000000000000000000000000000000000000000
461;1468828.00000000000000000000000000000000000000000000000000
462;1468828.00000000000000000000000000000000000000000000000000
463;1469308.00000000000000000000000000000000000000000000000000
464;1469312.00000000000000000000000000000000000000000000000000
465;1469284.00000000000000000000000000000000000000000000000000
466;1467444.00000000000000000000000000000000000000000000000000
467;1467444.00000000000000000000000000000000000000000000000000
468;1468768.00000000000000000000000000000000000000000000000000
469;1468768.00000000000000000000000000000000000000000000000000
470;1469324.00000000000000000000000000000000000000000000000000
471;1469308.00000000000000000000000000000000000000000000000000
472;1469308.00000000000000000000000000000000000000000000000000
473;1469284.00000000000000000000000000000000000000000000000000
474;1468892.00000000000000000000000000000000000000000000000000
475;1468816.00000000000000000000000000000000000000000000000000
476;1468824.00000000000000000000000000000000000000000000000000
477;1469304.00000000000000000000000000000000000000000000000000
478;1469280.00000000000000000000000000000000000000000000000000
479;1354128.00000000000000000000000000000000000000000000000000
480;1354700.00000000000000000000000000000000000000000000000000
481;1356436.00000000000000000000000000000000000000000000000000
482;1359176.00000000000000000000000000000000000000000000000000
483;1361296.00000000000000000000000000000000000000000000000000
484;1363096.00000000000000000000000000000000000000000000000000
485;1365508.00000000000000000000000000000000000000000000000000
486;1368184.00000000000000000000000000000000000000000000000000
487;1370700.00000000000000000000000000000000000000000000000000
488;1373272.00000000000000000000000000000000000000000000000000
489;1376396.00000000000000000000000000000000000000000000000000
490;1378120.00000000000000000000000000000000000000000000000000
491;1381216.00000000000000000000000000000000000000000000000000
492;1383820.00000000000000000000000000000000000000000000000000
493;1386112.00000000000000000000000000000000000000000000000000
494;1388364.00000000000000000000000000000000000000000000000000
495;1390376.00000000000000000000000000000000000000000000000000
496;1395632.00000000000000000000000000000000000000000000000000
497;1397604.00000000000000000000000000000000000000000000000000
498;1400472.00000000000000000000000000000000000000000000000000
499;1403616.00000000000000000000000000000000000000000000000000
500;1406352.00000000000000000000000000000000000000000000000000
501;1409976.00000000000000000000000000000000000000000000000000
502;1411488.00000000000000000000000000000000000000000000000000
503;1419472.00000000000000000000000000000000000000000000000000
504;1421028.00000000000000000000000000000000000000000000000000
505;1423724.00000000000000000000000000000000000000000000000000
506;1428204.00000000000000000000000000000000000000000000000000
507;1430908.00000000000000000000000000000000000000000000000000
508;1432204.00000000000000000000000000000000000000000000000000
509;1434636.00000000000000000000000000000000000000000000000000
510;1439804.00000000000000000000000000000000000000000000000000
511;1441932.00000000000000000000000000000000000000000000000000
512;1444016.00000000000000000000000000000000000000000000000000
513;1446504.00000000000000000000000000000000000000000000000000
514;1451152.00000000000000000000000000000000000000000000000000
515;1452420.00000000000000000000000000000000000000000000000000
516;1455548.00000000000000000000000000000000000000000000000000
517;1457164.00000000000000000000000000000000000000000000000000
518;1460236.00000000000000000000000000000000000000000000000000
519;1466720.00000000000000000000000000000000000000000000000000
520;1466312.00000000000000000000000000000000000000000000000000
521;1469056.00000000000000000000000000000000000000000000000000
522;1470684.00000000000000000000000000000000000000000000000000
523;1470296.00000000000000000000000000000000000000000000000000
524;1470840.00000000000000000000000000000000000000000000000000
525;1470840.00000000000000000000000000000000000000000000000000
526;1470688.00000000000000000000000000000000000000000000000000
527;1470508.00000000000000000000000000000000000000000000000000
528;1468972.00000000000000000000000000000000000000000000000000
529;1469320.00000000000000000000000000000000000000000000000000
530;1470860.00000000000000000000000000000000000000000000000000
531;1470836.00000000000000000000000000000000000000000000000000
532;1470836.00000000000000000000000000000000000000000000000000
533;1469132.00000000000000000000000000000000000000000000000000
534;1469132.00000000000000000000000000000000000000000000000000
535;1470668.00000000000000000000000000000000000000000000000000
536;1470668.00000000000000000000000000000000000000000000000000
537;1470456.00000000000000000000000000000000000000000000000000
538;1470456.00000000000000000000000000000000000000000000000000
539;1470516.00000000000000000000000000000000000000000000000000
540;1470516.00000000000000000000000000000000000000000000000000
541;1471016.00000000000000000000000000000000000000000000000000
542;1471000.00000000000000000000000000000000000000000000000000
543;1471000.00000000000000000000000000000000000000000000000000
544;1470996.00000000000000000000000000000000000000000000000000
545;1470968.00000000000000000000000000000000000000000000000000
546;1469132.00000000000000000000000000000000000000000000000000
547;1470456.00000000000000000000000000000000000000000000000000
548;1470516.00000000000000000000000000000000000000000000000000
549;1470996.00000000000000000000000000000000000000000000000000
550;1470996.00000000000000000000000000000000000000000000000000
551;1471000.00000000000000000000000000000000000000000000000000
552;1470972.00000000000000000000000000000000000000000000000000
553;1470968.00000000000000000000000000000000000000000000000000
554;1470516.00000000000000000000000000000000000000000000000000
555;1470996.00000000000000000000000000000000000000000000000000
556;1470504.00000000000000000000000000000000000000000000000000
557;1471000.00000000000000000000000000000000000000000000000000
558;1470972.00000000000000000000000000000000000000000000000000
559;1364780.00000000000000000000000000000000000000000000000000
560;1365220.00000000000000000000000000000000000000000000000000
561;1366352.00000000000000000000000000000000000000000000000000
562;1366376.00000000000000000000000000000000000000000000000000
563;1367452.00000000000000000000000000000000000000000000000000
564;1367608.00000000000000000000000000000000000000000000000000
565;1369848.00000000000000000000000000000000000000000000000000
566;1372064.00000000000000000000000000000000000000000000000000
567;1375424.00000000000000000000000000000000000000000000000000
568;1376776.00000000000000000000000000000000000000000000000000
569;1379592.00000000000000000000000000000000000000000000000000
570;1382464.00000000000000000000000000000000000000000000000000
571;1385196.00000000000000000000000000000000000000000000000000
572;1387928.00000000000000000000000000000000000000000000000000
573;1389772.00000000000000000000000000000000000000000000000000
574;1392984.00000000000000000000000000000000000000000000000000
575;1394932.00000000000000000000000000000000000000000000000000
576;1397792.00000000000000000000000000000000000000000000000000
577;1400484.00000000000000000000000000000000000000000000000000
578;1402536.00000000000000000000000000000000000000000000000000
579;1404884.00000000000000000000000000000000000000000000000000
580;1406236.00000000000000000000000000000000000000000000000000
581;1409780.00000000000000000000000000000000000000000000000000
582;1411740.00000000000000000000000000000000000000000000000000
583;1413616.00000000000000000000000000000000000000000000000000
584;1417028.00000000000000000000000000000000000000000000000000
585;1419384.00000000000000000000000000000000000000000000000000
586;1422200.00000000000000000000000000000000000000000000000000
587;1426700.00000000000000000000000000000000000000000000000000
588;1428796.00000000000000000000000000000000000000000000000000
589;1431696.00000000000000000000000000000000000000000000000000
590;1433212.00000000000000000000000000000000000000000000000000
591;1439604.00000000000000000000000000000000000000000000000000
592;1441664.00000000000000000000000000000000000000000000000000
593;1443780.00000000000000000000000000000000000000000000000000
594;1451324.00000000000000000000000000000000000000000000000000
595;1453468.00000000000000000000000000000000000000000000000000
596;1455800.00000000000000000000000000000000000000000000000000
597;1458300.00000000000000000000000000000000000000000000000000
598;1461004.00000000000000000000000000000000000000000000000000
599;1465564.00000000000000000000000000000000000000000000000000
600;1468588.00000000000000000000000000000000000000000000000000
601;1469436.00000000000000000000000000000000000000000000000000
602;1471944.00000000000000000000000000000000000000000000000000
603;1473144.00000000000000000000000000000000000000000000000000
604;1473120.00000000000000000000000000000000000000000000000000
605;1473632.00000000000000000000000000000000000000000000000000
606;1473120.00000000000000000000000000000000000000000000000000
607;1473644.00000000000000000000000000000000000000000000000000
608;1473628.00000000000000000000000000000000000000000000000000
609;1473632.00000000000000000000000000000000000000000000000000
610;1473632.00000000000000000000000000000000000000000000000000
611;1473628.00000000000000000000000000000000000000000000000000
612;1473512.00000000000000000000000000000000000000000000000000
613;1473336.00000000000000000000000000000000000000000000000000
614;1471772.00000000000000000000000000000000000000000000000000
615;1471772.00000000000000000000000000000000000000000000000000
616;1473156.00000000000000000000000000000000000000000000000000
617;1473144.00000000000000000000000000000000000000000000000000
618;1473156.00000000000000000000000000000000000000000000000000
619;1473156.00000000000000000000000000000000000000000000000000
620;1473156.00000000000000000000000000000000000000000000000000
621;1473092.00000000000000000000000000000000000000000000000000
622;1473156.00000000000000000000000000000000000000000000000000
623;1473152.00000000000000000000000000000000000000000000000000
624;1473160.00000000000000000000000000000000000000000000000000
625;1473136.00000000000000000000000000000000000000000000000000
626;1471776.00000000000000000000000000000000000000000000000000
627;1471776.00000000000000000000000000000000000000000000000000
628;1473640.00000000000000000000000000000000000000000000000000
629;1473340.00000000000000000000000000000000000000000000000000
630;1473096.00000000000000000000000000000000000000000000000000
631;1473160.00000000000000000000000000000000000000000000000000
632;1473132.00000000000000000000000000000000000000000000000000
633;1473640.00000000000000000000000000000000000000000000000000
634;1473096.00000000000000000000000000000000000000000000000000
635;1473160.00000000000000000000000000000000000000000000000000
636;1473160.00000000000000000000000000000000000000000000000000
637;1473116.00000000000000000000000000000000000000000000000000
638;1473592.00000000000000000000000000000000000000000000000000
639;1363584.00000000000000000000000000000000000000000000000000
640;1365196.00000000000000000000000000000000000000000000000000
641;1365436.00000000000000000000000000000000000000000000000000
642;1366344.00000000000000000000000000000000000000000000000000
643;1367196.00000000000000000000000000000000000000000000000000
644;1368064.00000000000000000000000000000000000000000000000000
645;1368636.00000000000000000000000000000000000000000000000000
646;1369272.00000000000000000000000000000000000000000000000000
647;1371320.00000000000000000000000000000000000000000000000000
648;1375808.00000000000000000000000000000000000000000000000000
649;1377280.00000000000000000000000000000000000000000000000000
650;1378964.00000000000000000000000000000000000000000000000000
651;1381224.00000000000000000000000000000000000000000000000000
652;1383588.00000000000000000000000000000000000000000000000000
653;1385252.00000000000000000000000000000000000000000000000000
654;1387824.00000000000000000000000000000000000000000000000000
655;1392296.00000000000000000000000000000000000000000000000000
656;1393968.00000000000000000000000000000000000000000000000000
657;1395724.00000000000000000000000000000000000000000000000000
658;1398632.00000000000000000000000000000000000000000000000000
659;1400836.00000000000000000000000000000000000000000000000000
660;1402792.00000000000000000000000000000000000000000000000000
661;1406444.00000000000000000000000000000000000000000000000000
662;1408900.00000000000000000000000000000000000000000000000000
663;1412152.00000000000000000000000000000000000000000000000000
664;1413956.00000000000000000000000000000000000000000000000000
665;1417252.00000000000000000000000000000000000000000000000000
666;1422704.00000000000000000000000000000000000000000000000000
667;1424984.00000000000000000000000000000000000000000000000000
668;1428068.00000000000000000000000000000000000000000000000000
669;1429920.00000000000000000000000000000000000000000000000000
670;1436572.00000000000000000000000000000000000000000000000000
671;1438940.00000000000000000000000000000000000000000000000000
672;1441856.00000000000000000000000000000000000000000000000000
673;1444104.00000000000000000000000000000000000000000000000000
674;1449748.00000000000000000000000000000000000000000000000000
675;1451668.00000000000000000000000000000000000000000000000000
676;1454656.00000000000000000000000000000000000000000000000000
677;1459244.00000000000000000000000000000000000000000000000000
678;1461460.00000000000000000000000000000000000000000000000000
679;1464184.00000000000000000000000000000000000000000000000000
680;1465668.00000000000000000000000000000000000000000000000000
681;1468136.00000000000000000000000000000000000000000000000000
682;1470732.00000000000000000000000000000000000000000000000000
683;1472560.00000000000000000000000000000000000000000000000000
684;1473868.00000000000000000000000000000000000000000000000000
685;1473924.00000000000000000000000000000000000000000000000000
686;1473924.00000000000000000000000000000000000000000000000000
687;1473928.00000000000000000000000000000000000000000000000000
688;1473964.00000000000000000000000000000000000000000000000000
689;1474380.00000000000000000000000000000000000000000000000000
690;1474380.00000000000000000000000000000000000000000000000000
691;1474052.00000000000000000000000000000000000000000000000000
692;1473868.00000000000000000000000000000000000000000000000000
693;1473928.00000000000000000000000000000000000000000000000000
694;1473928.00000000000000000000000000000000000000000000000000
695;1472544.00000000000000000000000000000000000000000000000000
696;1472544.00000000000000000000000000000000000000000000000000
697;1473920.00000000000000000000000000000000000000000000000000
698;1473928.00000000000000000000000000000000000000000000000000
699;1473896.00000000000000000000000000000000000000000000000000
700;1474412.00000000000000000000000000000000000000000000000000
701;1474384.00000000000000000000000000000000000000000000000000
702;1474080.00000000000000000000000000000000000000000000000000
703;1473868.00000000000000000000000000000000000000000000000000
704;1473928.00000000000000000000000000000000000000000000000000
705;1473928.00000000000000000000000000000000000000000000000000
706;1473900.00000000000000000000000000000000000000000000000000
707;1474380.00000000000000000000000000000000000000000000000000
708;1472544.00000000000000000000000000000000000000000000000000
709;1473896.00000000000000000000000000000000000000000000000000
710;1474084.00000000000000000000000000000000000000000000000000
711;1474412.00000000000000000000000000000000000000000000000000
712;1474384.00000000000000000000000000000000000000000000000000
713;1474080.00000000000000000000000000000000000000000000000000
714;1473868.00000000000000000000000000000000000000000000000000
715;1473928.00000000000000000000000000000000000000000000000000
716;1473928.00000000000000000000000000000000000000000000000000
717;1474084.00000000000000000000000000000000000000000000000000
718;1473928.00000000000000000000000000000000000000000000000000
719;1473928.00000000000000000000000000000000000000000000000000
720;1473896.00000000000000000000000000000000000000000000000000
721;1374372.00000000000000000000000000000000000000000000000000
722;1374920.00000000000000000000000000000000000000000000000000
723;1375304.00000000000000000000000000000000000000000000000000
724;1375332.00000000000000000000000000000000000000000000000000
725;1375804.00000000000000000000000000000000000000000000000000
726;1375752.00000000000000000000000000000000000000000000000000
727;1376156.00000000000000000000000000000000000000000000000000
728;1376864.00000000000000000000000000000000000000000000000000
729;1377364.00000000000000000000000000000000000000000000000000
730;1379644.00000000000000000000000000000000000000000000000000
731;1381820.00000000000000000000000000000000000000000000000000
732;1383096.00000000000000000000000000000000000000000000000000
733;1385260.00000000000000000000000000000000000000000000000000
734;1386644.00000000000000000000000000000000000000000000000000
735;1388728.00000000000000000000000000000000000000000000000000
736;1389960.00000000000000000000000000000000000000000000000000
737;1391852.00000000000000000000000000000000000000000000000000
738;1392908.00000000000000000000000000000000000000000000000000
739;1395936.00000000000000000000000000000000000000000000000000
740;1396620.00000000000000000000000000000000000000000000000000
741;1400088.00000000000000000000000000000000000000000000000000
742;1401540.00000000000000000000000000000000000000000000000000
743;1403164.00000000000000000000000000000000000000000000000000
744;1407088.00000000000000000000000000000000000000000000000000
745;1408236.00000000000000000000000000000000000000000000000000
746;1410260.00000000000000000000000000000000000000000000000000
747;1413188.00000000000000000000000000000000000000000000000000
748;1415456.00000000000000000000000000000000000000000000000000
749;1417316.00000000000000000000000000000000000000000000000000
750;1422700.00000000000000000000000000000000000000000000000000
751;1425148.00000000000000000000000000000000000000000000000000
752;1428048.00000000000000000000000000000000000000000000000000
753;1429248.00000000000000000000000000000000000000000000000000
754;1435312.00000000000000000000000000000000000000000000000000
755;1437220.00000000000000000000000000000000000000000000000000
756;1438532.00000000000000000000000000000000000000000000000000
757;1440532.00000000000000000000000000000000000000000000000000
758;1442256.00000000000000000000000000000000000000000000000000
759;1447884.00000000000000000000000000000000000000000000000000
760;1449868.00000000000000000000000000000000000000000000000000
761;1451768.00000000000000000000000000000000000000000000000000
762;1453712.00000000000000000000000000000000000000000000000000
763;1459080.00000000000000000000000000000000000000000000000000
764;1459384.00000000000000000000000000000000000000000000000000
765;1460312.00000000000000000000000000000000000000000000000000
766;1462516.00000000000000000000000000000000000000000000000000
767;1464692.00000000000000000000000000000000000000000000000000
768;1466556.00000000000000000000000000000000000000000000000000
769;1471512.00000000000000000000000000000000000000000000000000
770;1471244.00000000000000000000000000000000000000000000000000
771;1471244.00000000000000000000000000000000000000000000000000
772;1472084.00000000000000000000000000000000000000000000000000
773;1472600.00000000000000000000000000000000000000000000000000
774;1472600.00000000000000000000000000000000000000000000000000
775;1472052.00000000000000000000000000000000000000000000000000
776;1472116.00000000000000000000000000000000000000000000000000
777;1472100.00000000000000000000000000000000000000000000000000
778;1472600.00000000000000000000000000000000000000000000000000
779;1472088.00000000000000000000000000000000000000000000000000
780;1472296.00000000000000000000000000000000000000000000000000
781;1472052.00000000000000000000000000000000000000000000000000
782;1472052.00000000000000000000000000000000000000000000000000
783;1470736.00000000000000000000000000000000000000000000000000
784;1472100.00000000000000000000000000000000000000000000000000
785;1472120.00000000000000000000000000000000000000000000000000
786;1472092.00000000000000000000000000000000000000000000000000
787;1472604.00000000000000000000000000000000000000000000000000
788;1472092.00000000000000000000000000000000000000000000000000
789;1472600.00000000000000000000000000000000000000000000000000
790;1472600.00000000000000000000000000000000000000000000000000
791;1472304.00000000000000000000000000000000000000000000000000
792;1472056.00000000000000000000000000000000000000000000000000
793;1472056.00000000000000000000000000000000000000000000000000
794;1472120.00000000000000000000000000000000000000000000000000
795;1470736.00000000000000000000000000000000000000000000000000
796;1470736.00000000000000000000000000000000000000000000000000
797;1472092.00000000000000000000000000000000000000000000000000
798;1472600.00000000000000000000000000000000000000000000000000
799;1472056.00000000000000000000000000000000000000000000000000
800;1472120.00000000000000000000000000000000000000000000000000
801;1472604.00000000000000000000000000000000000000000000000000
802;1472668.00000000000000000000000000000000000000000000000000
803;1472300.00000000000000000000000000000000000000000000000000
804;1472056.00000000000000000000000000000000000000000000000000
805;1472104.00000000000000000000000000000000000000000000000000
806;1472612.00000000000000000000000000000000000000000000000000
807;1472100.00000000000000000000000000000000000000000000000000
808;1366572.00000000000000000000000000000000000000000000000000
809;1366260.00000000000000000000000000000000000000000000000000
810;1366748.00000000000000000000000000000000000000000000000000
811;1367044.00000000000000000000000000000000000000000000000000
812;1367648.00000000000000000000000000000000000000000000000000
813;1368328.00000000000000000000000000000000000000000000000000
814;1368420.00000000000000000000000000000000000000000000000000
815;1369404.00000000000000000000000000000000000000000000000000
816;1370652.00000000000000000000000000000000000000000000000000
817;1373216.00000000000000000000000000000000000000000000000000
818;1375300.00000000000000000000000000000000000000000000000000
819;1378108.00000000000000000000000000000000000000000000000000
820;1379752.00000000000000000000000000000000000000000000000000
821;1382152.00000000000000000000000000000000000000000000000000
822;1383892.00000000000000000000000000000000000000000000000000
823;1386060.00000000000000000000000000000000000000000000000000
824;1389184.00000000000000000000000000000000000000000000000000
825;1390164.00000000000000000000000000000000000000000000000000
826;1392984.00000000000000000000000000000000000000000000000000
827;1393804.00000000000000000000000000000000000000000000000000
828;1395572.00000000000000000000000000000000000000000000000000
829;1398276.00000000000000000000000000000000000000000000000000
830;1399848.00000000000000000000000000000000000000000000000000
831;1401716.00000000000000000000000000000000000000000000000000
832;1405240.00000000000000000000000000000000000000000000000000
833;1406640.00000000000000000000000000000000000000000000000000
834;1408308.00000000000000000000000000000000000000000000000000
835;1411688.00000000000000000000000000000000000000000000000000
836;1414492.00000000000000000000000000000000000000000000000000
837;1416220.00000000000000000000000000000000000000000000000000
838;1418388.00000000000000000000000000000000000000000000000000
839;1422620.00000000000000000000000000000000000000000000000000
840;1424200.00000000000000000000000000000000000000000000000000
841;1427096.00000000000000000000000000000000000000000000000000
842;1428428.00000000000000000000000000000000000000000000000000
843;1433056.00000000000000000000000000000000000000000000000000
844;1435300.00000000000000000000000000000000000000000000000000
845;1436964.00000000000000000000000000000000000000000000000000
846;1439584.00000000000000000000000000000000000000000000000000
847;1447528.00000000000000000000000000000000000000000000000000
848;1449036.00000000000000000000000000000000000000000000000000
849;1451428.00000000000000000000000000000000000000000000000000
850;1452852.00000000000000000000000000000000000000000000000000
851;1454744.00000000000000000000000000000000000000000000000000
852;1460504.00000000000000000000000000000000000000000000000000
853;1460528.00000000000000000000000000000000000000000000000000
854;1461980.00000000000000000000000000000000000000000000000000
855;1464612.00000000000000000000000000000000000000000000000000
856;1465644.00000000000000000000000000000000000000000000000000
857;1468176.00000000000000000000000000000000000000000000000000
858;1475220.00000000000000000000000000000000000000000000000000
859;1475220.00000000000000000000000000000000000000000000000000
860;1476984.00000000000000000000000000000000000000000000000000
861;1476440.00000000000000000000000000000000000000000000000000
862;1476504.00000000000000000000000000000000000000000000000000
863;1476476.00000000000000000000000000000000000000000000000000
864;1476504.00000000000000000000000000000000000000000000000000
865;1476480.00000000000000000000000000000000000000000000000000
866;1476504.00000000000000000000000000000000000000000000000000
867;1476480.00000000000000000000000000000000000000000000000000
868;1476984.00000000000000000000000000000000000000000000000000
869;1476684.00000000000000000000000000000000000000000000000000
870;1476492.00000000000000000000000000000000000000000000000000
871;1475328.00000000000000000000000000000000000000000000000000
872;1476648.00000000000000000000000000000000000000000000000000
873;1476712.00000000000000000000000000000000000000000000000000
874;1476680.00000000000000000000000000000000000000000000000000
875;1477212.00000000000000000000000000000000000000000000000000
876;1476896.00000000000000000000000000000000000000000000000000
877;1476712.00000000000000000000000000000000000000000000000000
878;1477192.00000000000000000000000000000000000000000000000000
879;1476680.00000000000000000000000000000000000000000000000000
880;1477196.00000000000000000000000000000000000000000000000000
881;1477196.00000000000000000000000000000000000000000000000000
882;1476648.00000000000000000000000000000000000000000000000000
883;1475432.00000000000000000000000000000000000000000000000000
884;1475516.00000000000000000000000000000000000000000000000000
885;1476896.00000000000000000000000000000000000000000000000000
886;1476884.00000000000000000000000000000000000000000000000000
887;1477376.00000000000000000000000000000000000000000000000000
888;1477076.00000000000000000000000000000000000000000000000000
889;1476468.00000000000000000000000000000000000000000000000000
890;1476896.00000000000000000000000000000000000000000000000000
891;1476868.00000000000000000000000000000000000000000000000000
892;1477376.00000000000000000000000000000000000000000000000000
893;1477376.00000000000000000000000000000000000000000000000000
894;1476832.00000000000000000000000000000000000000000000000000
895;1476896.00000000000000000000000000000000000000000000000000
896;1374448.00000000000000000000000000000000000000000000000000
897;1373856.00000000000000000000000000000000000000000000000000
898;1374668.00000000000000000000000000000000000000000000000000
899;1374672.00000000000000000000000000000000000000000000000000
900;1375880.00000000000000000000000000000000000000000000000000
901;1375876.00000000000000000000000000000000000000000000000000
902;1376324.00000000000000000000000000000000000000000000000000
903;1376720.00000000000000000000000000000000000000000000000000
904;1377748.00000000000000000000000000000000000000000000000000
905;1379176.00000000000000000000000000000000000000000000000000
906;1382016.00000000000000000000000000000000000000000000000000
907;1383280.00000000000000000000000000000000000000000000000000
908;1385060.00000000000000000000000000000000000000000000000000
909;1386880.00000000000000000000000000000000000000000000000000
910;1388488.00000000000000000000000000000000000000000000000000
911;1390744.00000000000000000000000000000000000000000000000000
912;1391824.00000000000000000000000000000000000000000000000000
913;1393724.00000000000000000000000000000000000000000000000000
914;1395680.00000000000000000000000000000000000000000000000000
915;1398468.00000000000000000000000000000000000000000000000000
916;1400076.00000000000000000000000000000000000000000000000000
917;1401256.00000000000000000000000000000000000000000000000000
918;1403476.00000000000000000000000000000000000000000000000000
919;1405128.00000000000000000000000000000000000000000000000000
920;1408508.00000000000000000000000000000000000000000000000000
921;1409848.00000000000000000000000000000000000000000000000000
922;1411556.00000000000000000000000000000000000000000000000000
923;1415848.00000000000000000000000000000000000000000000000000
924;1417400.00000000000000000000000000000000000000000000000000
925;1419288.00000000000000000000000000000000000000000000000000
926;1420916.00000000000000000000000000000000000000000000000000
927;1426740.00000000000000000000000000000000000000000000000000
928;1428624.00000000000000000000000000000000000000000000000000
929;1430440.00000000000000000000000000000000000000000000000000
930;1432048.00000000000000000000000000000000000000000000000000
931;1434112.00000000000000000000000000000000000000000000000000
932;1440744.00000000000000000000000000000000000000000000000000
933;1443088.00000000000000000000000000000000000000000000000000
934;1444516.00000000000000000000000000000000000000000000000000
935;1446968.00000000000000000000000000000000000000000000000000
936;1452148.00000000000000000000000000000000000000000000000000
937;1454372.00000000000000000000000000000000000000000000000000
938;1456636.00000000000000000000000000000000000000000000000000
939;1458332.00000000000000000000000000000000000000000000000000
940;1461344.00000000000000000000000000000000000000000000000000
941;1464816.00000000000000000000000000000000000000000000000000
942;1466764.00000000000000000000000000000000000000000000000000
943;1468928.00000000000000000000000000000000000000000000000000
944;1471076.00000000000000000000000000000000000000000000000000
945;1472496.00000000000000000000000000000000000000000000000000
946;1475972.00000000000000000000000000000000000000000000000000
947;1477888.00000000000000000000000000000000000000000000000000
948;1477372.00000000000000000000000000000000000000000000000000
949;1477880.00000000000000000000000000000000000000000000000000
950;1477896.00000000000000000000000000000000000000000000000000
951;1477856.00000000000000000000000000000000000000000000000000
952;1477856.00000000000000000000000000000000000000000000000000
953;1477520.00000000000000000000000000000000000000000000000000
954;1477340.00000000000000000000000000000000000000000000000000
955;1477388.00000000000000000000000000000000000000000000000000
956;1477400.00000000000000000000000000000000000000000000000000
957;1477372.00000000000000000000000000000000000000000000000000
958;1476024.00000000000000000000000000000000000000000000000000
959;1476024.00000000000000000000000000000000000000000000000000
960;1477384.00000000000000000000000000000000000000000000000000
961;1477880.00000000000000000000000000000000000000000000000000
962;1477852.00000000000000000000000000000000000000000000000000
963;1477336.00000000000000000000000000000000000000000000000000
964;1477396.00000000000000000000000000000000000000000000000000
965;1477372.00000000000000000000000000000000000000000000000000
966;1477880.00000000000000000000000000000000000000000000000000
967;1477852.00000000000000000000000000000000000000000000000000
968;1477396.00000000000000000000000000000000000000000000000000
969;1477396.00000000000000000000000000000000000000000000000000
970;1477364.00000000000000000000000000000000000000000000000000
971;1476012.00000000000000000000000000000000000000000000000000
972;1476012.00000000000000000000000000000000000000000000000000
973;1477848.00000000000000000000000000000000000000000000000000
974;1477336.00000000000000000000000000000000000000000000000000
975;1477372.00000000000000000000000000000000000000000000000000
976;1477880.00000000000000000000000000000000000000000000000000
977;1477852.00000000000000000000000000000000000000000000000000
978;1477548.00000000000000000000000000000000000000000000000000
979;1477336.00000000000000000000000000000000000000000000000000
980;1477380.00000000000000000000000000000000000000000000000000
981;1477880.00000000000000000000000000000000000000000000000000
982;1477368.00000000000000000000000000000000000000000000000000
983;1477516.00000000000000000000000000000000000000000000000000
984;1385436.00000000000000000000000000000000000000000000000000
985;1385444.00000000000000000000000000000000000000000000000000
986;1386688.00000000000000000000000000000000000000000000000000
987;1387220.00000000000000000000000000000000000000000000000000
988;1387308.00000000000000000000000000000000000000000000000000
989;1387764.00000000000000000000000000000000000000000000000000
990;1388160.00000000000000000000000000000000000000000000000000
991;1394868.00000000000000000000000000000000000000000000000000
992;1394876.00000000000000000000000000000000000000000000000000
993;1395404.00000000000000000000000000000000000000000000000000
994;1396348.00000000000000000000000000000000000000000000000000
995;1396984.00000000000000000000000000000000000000000000000000
996;1398412.00000000000000000000000000000000000000000000000000
997;1399908.00000000000000000000000000000000000000000000000000
998;1401452.00000000000000000000000000000000000000000000000000
999;1402688.00000000000000000000000000000000000000000000000000
1000;1405028.00000000000000000000000000000000000000000000000000
1001;1406424.00000000000000000000000000000000000000000000000000
1002;1406928.00000000000000000000000000000000000000000000000000
1003;1409156.00000000000000000000000000000000000000000000000000
1004;1410620.00000000000000000000000000000000000000000000000000
1005;1411756.00000000000000000000000000000000000000000000000000
1006;1416268.00000000000000000000000000000000000000000000000000
1007;1417296.00000000000000000000000000000000000000000000000000
1008;1417884.00000000000000000000000000000000000000000000000000
1009;1421232.00000000000000000000000000000000000000000000000000
1010;1423348.00000000000000000000000000000000000000000000000000
1011;1423968.00000000000000000000000000000000000000000000000000
1012;1425372.00000000000000000000000000000000000000000000000000
1013;1428664.00000000000000000000000000000000000000000000000000
1014;1430344.00000000000000000000000000000000000000000000000000
1015;1431160.00000000000000000000000000000000000000000000000000
1016;1432920.00000000000000000000000000000000000000000000000000
1017;1437472.00000000000000000000000000000000000000000000000000
1018;1438316.00000000000000000000000000000000000000000000000000
1019;1440584.00000000000000000000000000000000000000000000000000
1020;1441340.00000000000000000000000000000000000000000000000000
1021;1442964.00000000000000000000000000000000000000000000000000
1022;1449076.00000000000000000000000000000000000000000000000000
1023;1449744.00000000000000000000000000000000000000000000000000
1024;1451104.00000000000000000000000000000000000000000000000000
1025;1452236.00000000000000000000000000000000000000000000000000
1026;1453188.00000000000000000000000000000000000000000000000000
1027;1457660.00000000000000000000000000000000000000000000000000
1028;1459252.00000000000000000000000000000000000000000000000000
1029;1460392.00000000000000000000000000000000000000000000000000
1030;1462476.00000000000000000000000000000000000000000000000000
1031;1463588.00000000000000000000000000000000000000000000000000
1032;1469924.00000000000000000000000000000000000000000000000000
1033;1470400.00000000000000000000000000000000000000000000000000
1034;1470488.00000000000000000000000000000000000000000000000000
1035;1471080.00000000000000000000000000000000000000000000000000
1036;1471736.00000000000000000000000000000000000000000000000000
1037;1472796.00000000000000000000000000000000000000000000000000
1038;1475060.00000000000000000000000000000000000000000000000000
1039;1479196.00000000000000000000000000000000000000000000000000
1040;1479468.00000000000000000000000000000000000000000000000000
1041;1481476.00000000000000000000000000000000000000000000000000
1042;1482084.00000000000000000000000000000000000000000000000000
1043;1484000.00000000000000000000000000000000000000000000000000
1044;1484000.00000000000000000000000000000000000000000000000000
1045;1485112.00000000000000000000000000000000000000000000000000
1046;1485048.00000000000000000000000000000000000000000000000000
1047;1485112.00000000000000000000000000000000000000000000000000
1048;1485048.00000000000000000000000000000000000000000000000000
1049;1485048.00000000000000000000000000000000000000000000000000
1050;1485080.00000000000000000000000000000000000000000000000000
1051;1485096.00000000000000000000000000000000000000000000000000
1052;1485296.00000000000000000000000000000000000000000000000000
1053;1485660.00000000000000000000000000000000000000000000000000
1054;1485112.00000000000000000000000000000000000000000000000000
1055;1485048.00000000000000000000000000000000000000000000000000
1056;1485048.00000000000000000000000000000000000000000000000000
1057;1484092.00000000000000000000000000000000000000000000000000
1058;1484092.00000000000000000000000000000000000000000000000000
1059;1485956.00000000000000000000000000000000000000000000000000
1060;1485476.00000000000000000000000000000000000000000000000000
1061;1485472.00000000000000000000000000000000000000000000000000
1062;1485472.00000000000000000000000000000000000000000000000000
1063;1485952.00000000000000000000000000000000000000000000000000
1064;1485440.00000000000000000000000000000000000000000000000000
1065;1485444.00000000000000000000000000000000000000000000000000
1066;1485460.00000000000000000000000000000000000000000000000000
1067;1485956.00000000000000000000000000000000000000000000000000
1068;1485956.00000000000000000000000000000000000000000000000000
1069;1485956.00000000000000000000000000000000000000000000000000
1070;1485956.00000000000000000000000000000000000000000000000000
1071;1485472.00000000000000000000000000000000000000000000000000
1072;1484088.00000000000000000000000000000000000000000000000000
1073;1485408.00000000000000000000000000000000000000000000000000
1074;1485952.00000000000000000000000000000000000000000000000000
1075;1485952.00000000000000000000000000000000000000000000000000
1076;1485472.00000000000000000000000000000000000000000000000000
1077;1485472.00000000000000000000000000000000000000000000000000
1078;1485420.00000000000000000000000000000000000000000000000000
1079;1485472.00000000000000000000000000000000000000000000000000
1080;1485588.00000000000000000000000000000000000000000000000000
1081;1485440.00000000000000000000000000000000000000000000000000
1082;1485440.00000000000000000000000000000000000000000000000000
1083;1485440.00000000000000000000000000000000000000000000000000
1084;1485448.00000000000000000000000000000000000000000000000000
1085;1485472.00000000000000000000000000000000000000000000000000
1086;1396532.00000000000000000000000000000000000000000000000000
1087;1397164.00000000000000000000000000000000000000000000000000
1088;1398328.00000000000000000000000000000000000000000000000000
1089;1397844.00000000000000000000000000000000000000000000000000
1090;1398324.00000000000000000000000000000000000000000000000000
1091;1399048.00000000000000000000000000000000000000000000000000
1092;1399468.00000000000000000000000000000000000000000000000000
1093;1399440.00000000000000000000000000000000000000000000000000
1094;1400988.00000000000000000000000000000000000000000000000000
1095;1401132.00000000000000000000000000000000000000000000000000
1096;1402128.00000000000000000000000000000000000000000000000000
1097;1403080.00000000000000000000000000000000000000000000000000
1098;1402840.00000000000000000000000000000000000000000000000000
1099;1403200.00000000000000000000000000000000000000000000000000
1100;1403948.00000000000000000000000000000000000000000000000000
1101;1403916.00000000000000000000000000000000000000000000000000
1102;1404940.00000000000000000000000000000000000000000000000000
1103;1406456.00000000000000000000000000000000000000000000000000
1104;1407520.00000000000000000000000000000000000000000000000000
1105;1408604.00000000000000000000000000000000000000000000000000
1106;1411092.00000000000000000000000000000000000000000000000000
1107;1412740.00000000000000000000000000000000000000000000000000
1108;1413636.00000000000000000000000000000000000000000000000000
1109;1418560.00000000000000000000000000000000000000000000000000
1110;1419924.00000000000000000000000000000000000000000000000000
1111;1420824.00000000000000000000000000000000000000000000000000
1112;1422832.00000000000000000000000000000000000000000000000000
1113;1424432.00000000000000000000000000000000000000000000000000
1114;1425332.00000000000000000000000000000000000000000000000000
1115;1427316.00000000000000000000000000000000000000000000000000
1116;1428252.00000000000000000000000000000000000000000000000000
1117;1429664.00000000000000000000000000000000000000000000000000
1118;1431132.00000000000000000000000000000000000000000000000000
1119;1434240.00000000000000000000000000000000000000000000000000
1120;1435120.00000000000000000000000000000000000000000000000000
1121;1437236.00000000000000000000000000000000000000000000000000
1122;1439068.00000000000000000000000000000000000000000000000000
1123;1440348.00000000000000000000000000000000000000000000000000
1124;1443444.00000000000000000000000000000000000000000000000000
1125;1444800.00000000000000000000000000000000000000000000000000
1126;1445792.00000000000000000000000000000000000000000000000000
1127;1446656.00000000000000000000000000000000000000000000000000
1128;1448892.00000000000000000000000000000000000000000000000000
1129;1453056.00000000000000000000000000000000000000000000000000
1130;1454064.00000000000000000000000000000000000000000000000000
1131;1455220.00000000000000000000000000000000000000000000000000
1132;1456464.00000000000000000000000000000000000000000000000000
1133;1458444.00000000000000000000000000000000000000000000000000
1134;1467488.00000000000000000000000000000000000000000000000000
1135;1469648.00000000000000000000000000000000000000000000000000
1136;1470136.00000000000000000000000000000000000000000000000000
1137;1472472.00000000000000000000000000000000000000000000000000
1138;1473976.00000000000000000000000000000000000000000000000000
1139;1474948.00000000000000000000000000000000000000000000000000
1140;1476276.00000000000000000000000000000000000000000000000000
1141;1483256.00000000000000000000000000000000000000000000000000
1142;1483416.00000000000000000000000000000000000000000000000000
1143;1484620.00000000000000000000000000000000000000000000000000
1144;1485608.00000000000000000000000000000000000000000000000000
1145;1486672.00000000000000000000000000000000000000000000000000
1146;1489768.00000000000000000000000000000000000000000000000000
1147;1489768.00000000000000000000000000000000000000000000000000
1148;1490956.00000000000000000000000000000000000000000000000000
1149;1490964.00000000000000000000000000000000000000000000000000
1150;1491432.00000000000000000000000000000000000000000000000000
1151;1491460.00000000000000000000000000000000000000000000000000
1152;1491432.00000000000000000000000000000000000000000000000000
1153;1491460.00000000000000000000000000000000000000000000000000
1154;1490976.00000000000000000000000000000000000000000000000000
1155;1491460.00000000000000000000000000000000000000000000000000
1156;1490916.00000000000000000000000000000000000000000000000000
1157;1491252.00000000000000000000000000000000000000000000000000
1158;1491432.00000000000000000000000000000000000000000000000000
1159;1490952.00000000000000000000000000000000000000000000000000
1160;1490976.00000000000000000000000000000000000000000000000000
1161;1489888.00000000000000000000000000000000000000000000000000
1162;1491272.00000000000000000000000000000000000000000000000000
1163;1491732.00000000000000000000000000000000000000000000000000
1164;1491240.00000000000000000000000000000000000000000000000000
1165;1491260.00000000000000000000000000000000000000000000000000
1166;1491212.00000000000000000000000000000000000000000000000000
1167;1491428.00000000000000000000000000000000000000000000000000
1168;1491212.00000000000000000000000000000000000000000000000000
1169;1491820.00000000000000000000000000000000000000000000000000
1170;1491272.00000000000000000000000000000000000000000000000000
1171;1491272.00000000000000000000000000000000000000000000000000
1172;1491272.00000000000000000000000000000000000000000000000000
1173;1491428.00000000000000000000000000000000000000000000000000
1174;1491244.00000000000000000000000000000000000000000000000000
1175;1489888.00000000000000000000000000000000000000000000000000
1176;1489888.00000000000000000000000000000000000000000000000000
1177;1491752.00000000000000000000000000000000000000000000000000
1178;1491272.00000000000000000000000000000000000000000000000000
1179;1491424.00000000000000000000000000000000000000000000000000
1180;1491392.00000000000000000000000000000000000000000000000000
1181;1491724.00000000000000000000000000000000000000000000000000
1182;1491240.00000000000000000000000000000000000000000000000000
1183;1491240.00000000000000000000000000000000000000000000000000
1184;1491248.00000000000000000000000000000000000000000000000000
1185;1491212.00000000000000000000000000000000000000000000000000
1186;1491396.00000000000000000000000000000000000000000000000000
1187;1491724.00000000000000000000000000000000000000000000000000
1188;1491424.00000000000000000000000000000000000000000000000000
1189;1491752.00000000000000000000000000000000000000000000000000
1190;1397016.00000000000000000000000000000000000000000000000000
1191;1397568.00000000000000000000000000000000000000000000000000
1192;1398420.00000000000000000000000000000000000000000000000000
1193;1398712.00000000000000000000000000000000000000000000000000
1194;1399652.00000000000000000000000000000000000000000000000000
1195;1399748.00000000000000000000000000000000000000000000000000
1196;1400768.00000000000000000000000000000000000000000000000000
1197;1401836.00000000000000000000000000000000000000000000000000
1198;1401916.00000000000000000000000000000000000000000000000000
1199;1402292.00000000000000000000000000000000000000000000000000
1200;1403408.00000000000000000000000000000000000000000000000000
1201;1403540.00000000000000000000000000000000000000000000000000
1202;1405564.00000000000000000000000000000000000000000000000000
1203;1405780.00000000000000000000000000000000000000000000000000
1204;1406392.00000000000000000000000000000000000000000000000000
1205;1406900.00000000000000000000000000000000000000000000000000
1206;1407288.00000000000000000000000000000000000000000000000000
1207;1407428.00000000000000000000000000000000000000000000000000
1208;1409872.00000000000000000000000000000000000000000000000000
1209;1410948.00000000000000000000000000000000000000000000000000
1210;1412716.00000000000000000000000000000000000000000000000000
1211;1413916.00000000000000000000000000000000000000000000000000
1212;1415416.00000000000000000000000000000000000000000000000000
1213;1419604.00000000000000000000000000000000000000000000000000
1214;1421704.00000000000000000000000000000000000000000000000000
1215;1422084.00000000000000000000000000000000000000000000000000
1216;1424040.00000000000000000000000000000000000000000000000000
1217;1425152.00000000000000000000000000000000000000000000000000
1218;1425868.00000000000000000000000000000000000000000000000000
1219;1427504.00000000000000000000000000000000000000000000000000
1220;1429520.00000000000000000000000000000000000000000000000000
1221;1430880.00000000000000000000000000000000000000000000000000
1222;1431636.00000000000000000000000000000000000000000000000000
1223;1433752.00000000000000000000000000000000000000000000000000
1224;1435188.00000000000000000000000000000000000000000000000000
1225;1436668.00000000000000000000000000000000000000000000000000
1226;1439036.00000000000000000000000000000000000000000000000000
1227;1440540.00000000000000000000000000000000000000000000000000
1228;1443372.00000000000000000000000000000000000000000000000000
1229;1445108.00000000000000000000000000000000000000000000000000
1230;1446108.00000000000000000000000000000000000000000000000000
1231;1447536.00000000000000000000000000000000000000000000000000
1232;1449544.00000000000000000000000000000000000000000000000000
1233;1457948.00000000000000000000000000000000000000000000000000
1234;1459164.00000000000000000000000000000000000000000000000000
1235;1460788.00000000000000000000000000000000000000000000000000
1236;1461936.00000000000000000000000000000000000000000000000000
1237;1463664.00000000000000000000000000000000000000000000000000
1238;1465000.00000000000000000000000000000000000000000000000000
1239;1470112.00000000000000000000000000000000000000000000000000
1240;1471196.00000000000000000000000000000000000000000000000000
1241;1471380.00000000000000000000000000000000000000000000000000
1242;1472680.00000000000000000000000000000000000000000000000000
1243;1475180.00000000000000000000000000000000000000000000000000
1244;1476648.00000000000000000000000000000000000000000000000000
1245;1478268.00000000000000000000000000000000000000000000000000
1246;1484464.00000000000000000000000000000000000000000000000000
1247;1484744.00000000000000000000000000000000000000000000000000
1248;1485016.00000000000000000000000000000000000000000000000000
1249;1485308.00000000000000000000000000000000000000000000000000
1250;1486380.00000000000000000000000000000000000000000000000000
1251;1487784.00000000000000000000000000000000000000000000000000
1252;1487744.00000000000000000000000000000000000000000000000000
1253;1487744.00000000000000000000000000000000000000000000000000
1254;1487988.00000000000000000000000000000000000000000000000000
1255;1488288.00000000000000000000000000000000000000000000000000
1256;1488292.00000000000000000000000000000000000000000000000000
1257;1488288.00000000000000000000000000000000000000000000000000
1258;1488288.00000000000000000000000000000000000000000000000000
1259;1487744.00000000000000000000000000000000000000000000000000
1260;1487988.00000000000000000000000000000000000000000000000000
1261;1487988.00000000000000000000000000000000000000000000000000
1262;1488288.00000000000000000000000000000000000000000000000000
1263;1487776.00000000000000000000000000000000000000000000000000
1264;1486428.00000000000000000000000000000000000000000000000000
1265;1486428.00000000000000000000000000000000000000000000000000
1266;1487812.00000000000000000000000000000000000000000000000000
1267;1487812.00000000000000000000000000000000000000000000000000
1268;1487748.00000000000000000000000000000000000000000000000000
1269;1488312.00000000000000000000000000000000000000000000000000
1270;1487784.00000000000000000000000000000000000000000000000000
1271;1487784.00000000000000000000000000000000000000000000000000
1272;1487784.00000000000000000000000000000000000000000000000000
1273;1487784.00000000000000000000000000000000000000000000000000
1274;1487784.00000000000000000000000000000000000000000000000000
1275;1487784.00000000000000000000000000000000000000000000000000
1276;1488296.00000000000000000000000000000000000000000000000000
1277;1487812.00000000000000000000000000000000000000000000000000
1278;1486428.00000000000000000000000000000000000000000000000000
1279;1486428.00000000000000000000000000000000000000000000000000
1280;1486428.00000000000000000000000000000000000000000000000000
1281;1487812.00000000000000000000000000000000000000000000000000
1282;1487800.00000000000000000000000000000000000000000000000000
1283;1487784.00000000000000000000000000000000000000000000000000
1284;1487932.00000000000000000000000000000000000000000000000000
1285;1487812.00000000000000000000000000000000000000000000000000
1286;1488296.00000000000000000000000000000000000000000000000000
1287;1487932.00000000000000000000000000000000000000000000000000
1288;1487780.00000000000000000000000000000000000000000000000000
1289;1488292.00000000000000000000000000000000000000000000000000
1290;1487992.00000000000000000000000000000000000000000000000000
1291;1488172.00000000000000000000000000000000000000000000000000
1292;1488292.00000000000000000000000000000000000000000000000000
1293;1488292.00000000000000000000000000000000000000000000000000
1294;1487780.00000000000000000000000000000000000000000000000000
1295;1473096.00000000000000000000000000000000000000000000000000
1296;1473112.00000000000000000000000000000000000000000000000000
1297;1472952.00000000000000000000000000000000000000000000000000
1298;1473376.00000000000000000000000000000000000000000000000000
1299;1473360.00000000000000000000000000000000000000000000000000
1300;1473192.00000000000000000000000000000000000000000000000000
1301;1473264.00000000000000000000000000000000000000000000000000
1302;1473000.00000000000000000000000000000000000000000000000000
1303;1473404.00000000000000000000000000000000000000000000000000
1304;1473348.00000000000000000000000000000000000000000000000000
1305;1473400.00000000000000000000000000000000000000000000000000
1306;1473664.00000000000000000000000000000000000000000000000000
1307;1473472.00000000000000000000000000000000000000000000000000
1308;1473564.00000000000000000000000000000000000000000000000000
1309;1473644.00000000000000000000000000000000000000000000000000
1310;1473444.00000000000000000000000000000000000000000000000000
1311;1473464.00000000000000000000000000000000000000000000000000
1312;1473492.00000000000000000000000000000000000000000000000000
1313;1473836.00000000000000000000000000000000000000000000000000
1314;1473956.00000000000000000000000000000000000000000000000000
1315;1473580.00000000000000000000000000000000000000000000000000
1316;1473808.00000000000000000000000000000000000000000000000000
1317;1473584.00000000000000000000000000000000000000000000000000
1318;1473584.00000000000000000000000000000000000000000000000000
1319;1473844.00000000000000000000000000000000000000000000000000
1320;1473628.00000000000000000000000000000000000000000000000000
1321;1473932.00000000000000000000000000000000000000000000000000
1322;1473992.00000000000000000000000000000000000000000000000000
1323;1473984.00000000000000000000000000000000000000000000000000
1324;1473984.00000000000000000000000000000000000000000000000000
1325;1473768.00000000000000000000000000000000000000000000000000
1326;1473772.00000000000000000000000000000000000000000000000000
1327;1473776.00000000000000000000000000000000000000000000000000
1328;1474004.00000000000000000000000000000000000000000000000000
1329;1473792.00000000000000000000000000000000000000000000000000
1330;1474772.00000000000000000000000000000000000000000000000000
1331;1474076.00000000000000000000000000000000000000000000000000
1332;1473884.00000000000000000000000000000000000000000000000000
1333;1474008.00000000000000000000000000000000000000000000000000
1334;1474244.00000000000000000000000000000000000000000000000000
1335;1474024.00000000000000000000000000000000000000000000000000
1336;1474072.00000000000000000000000000000000000000000000000000
1337;1474112.00000000000000000000000000000000000000000000000000
1338;1474408.00000000000000000000000000000000000000000000000000
1339;1474248.00000000000000000000000000000000000000000000000000
1340;1474256.00000000000000000000000000000000000000000000000000
1341;1474324.00000000000000000000000000000000000000000000000000
1342;1474696.00000000000000000000000000000000000000000000000000
1343;1474748.00000000000000000000000000000000000000000000000000
1344;1475032.00000000000000000000000000000000000000000000000000
1345;1475016.00000000000000000000000000000000000000000000000000
1346;1475368.00000000000000000000000000000000000000000000000000
1347;1475224.00000000000000000000000000000000000000000000000000
1348;1475288.00000000000000000000000000000000000000000000000000
1349;1475368.00000000000000000000000000000000000000000000000000
1350;1475660.00000000000000000000000000000000000000000000000000
1351;1475856.00000000000000000000000000000000000000000000000000
1352;1477112.00000000000000000000000000000000000000000000000000
1353;1477428.00000000000000000000000000000000000000000000000000
1354;1478668.00000000000000000000000000000000000000000000000000
1355;1479508.00000000000000000000000000000000000000000000000000
1356;1480352.00000000000000000000000000000000000000000000000000
1357;1485088.00000000000000000000000000000000000000000000000000
1358;1485904.00000000000000000000000000000000000000000000000000
1359;1486912.00000000000000000000000000000000000000000000000000
1360;1487836.00000000000000000000000000000000000000000000000000
1361;1489116.00000000000000000000000000000000000000000000000000
1362;1491424.00000000000000000000000000000000000000000000000000
1363;1491428.00000000000000000000000000000000000000000000000000
1364;1492844.00000000000000000000000000000000000000000000000000
1365;1493328.00000000000000000000000000000000000000000000000000
1366;1492816.00000000000000000000000000000000000000000000000000
1367;1492816.00000000000000000000000000000000000000000000000000
1368;1492816.00000000000000000000000000000000000000000000000000
1369;1492816.00000000000000000000000000000000000000000000000000
1370;1492816.00000000000000000000000000000000000000000000000000
1371;1492816.00000000000000000000000000000000000000000000000000
1372;1492820.00000000000000000000000000000000000000000000000000
1373;1492820.00000000000000000000000000000000000000000000000000
1374;1492816.00000000000000000000000000000000000000000000000000
1375;1492816.00000000000000000000000000000000000000000000000000
1376;1492816.00000000000000000000000000000000000000000000000000
1377;1491468.00000000000000000000000000000000000000000000000000
1378;1491468.00000000000000000000000000000000000000000000000000
1379;1493332.00000000000000000000000000000000000000000000000000
1380;1493332.00000000000000000000000000000000000000000000000000
1381;1493332.00000000000000000000000000000000000000000000000000
1382;1493332.00000000000000000000000000000000000000000000000000
1383;1493332.00000000000000000000000000000000000000000000000000
1384;1493332.00000000000000000000000000000000000000000000000000
1385;1493332.00000000000000000000000000000000000000000000000000
1386;1492852.00000000000000000000000000000000000000000000000000
1387;1492832.00000000000000000000000000000000000000000000000000
1388;1492828.00000000000000000000000000000000000000000000000000
1389;1492824.00000000000000000000000000000000000000000000000000
1390;1492844.00000000000000000000000000000000000000000000000000
1391;1492844.00000000000000000000000000000000000000000000000000
1392;1491468.00000000000000000000000000000000000000000000000000
1393;1491468.00000000000000000000000000000000000000000000000000
1394;1492788.00000000000000000000000000000000000000000000000000
1395;1492788.00000000000000000000000000000000000000000000000000
1396;1492788.00000000000000000000000000000000000000000000000000
1397;1493332.00000000000000000000000000000000000000000000000000
1398;1493032.00000000000000000000000000000000000000000000000000
1399;1492852.00000000000000000000000000000000000000000000000000
1400;1492852.00000000000000000000000000000000000000000000000000
1401;1493332.00000000000000000000000000000000000000000000000000
1402;1493332.00000000000000000000000000000000000000000000000000
1403;1493348.00000000000000000000000000000000000000000000000000
1404;1493332.00000000000000000000000000000000000000000000000000
1405;1493332.00000000000000000000000000000000000000000000000000
1406;1493332.00000000000000000000000000000000000000000000000000
1407;1396824.00000000000000000000000000000000000000000000000000
1408;1397312.00000000000000000000000000000000000000000000000000
1409;1396464.00000000000000000000000000000000000000000000000000
1410;1396904.00000000000000000000000000000000000000000000000000
1411;1397412.00000000000000000000000000000000000000000000000000
1412;1398064.00000000000000000000000000000000000000000000000000
1413;1398460.00000000000000000000000000000000000000000000000000
1414;1399032.00000000000000000000000000000000000000000000000000
1415;1399100.00000000000000000000000000000000000000000000000000
1416;1399820.00000000000000000000000000000000000000000000000000
1417;1400136.00000000000000000000000000000000000000000000000000
1418;1400828.00000000000000000000000000000000000000000000000000
1419;1401156.00000000000000000000000000000000000000000000000000
1420;1402444.00000000000000000000000000000000000000000000000000
1421;1402496.00000000000000000000000000000000000000000000000000
1422;1403548.00000000000000000000000000000000000000000000000000
1423;1404288.00000000000000000000000000000000000000000000000000
1424;1404540.00000000000000000000000000000000000000000000000000
1425;1404512.00000000000000000000000000000000000000000000000000
1426;1406516.00000000000000000000000000000000000000000000000000
1427;1408264.00000000000000000000000000000000000000000000000000
1428;1409944.00000000000000000000000000000000000000000000000000
1429;1410780.00000000000000000000000000000000000000000000000000
1430;1412400.00000000000000000000000000000000000000000000000000
1431;1417204.00000000000000000000000000000000000000000000000000
1432;1418360.00000000000000000000000000000000000000000000000000
1433;1419920.00000000000000000000000000000000000000000000000000
1434;1422308.00000000000000000000000000000000000000000000000000
1435;1423716.00000000000000000000000000000000000000000000000000
1436;1426084.00000000000000000000000000000000000000000000000000
1437;1427500.00000000000000000000000000000000000000000000000000
1438;1429736.00000000000000000000000000000000000000000000000000
1439;1430636.00000000000000000000000000000000000000000000000000
1440;1433580.00000000000000000000000000000000000000000000000000
1441;1435368.00000000000000000000000000000000000000000000000000
1442;1437384.00000000000000000000000000000000000000000000000000
1443;1440816.00000000000000000000000000000000000000000000000000
1444;1441604.00000000000000000000000000000000000000000000000000
1445;1443372.00000000000000000000000000000000000000000000000000
1446;1445356.00000000000000000000000000000000000000000000000000
1447;1450972.00000000000000000000000000000000000000000000000000
1448;1453564.00000000000000000000000000000000000000000000000000
1449;1456244.00000000000000000000000000000000000000000000000000
1450;1456572.00000000000000000000000000000000000000000000000000
1451;1457916.00000000000000000000000000000000000000000000000000
1452;1468768.00000000000000000000000000000000000000000000000000
1453;1470624.00000000000000000000000000000000000000000000000000
1454;1471876.00000000000000000000000000000000000000000000000000
1455;1474360.00000000000000000000000000000000000000000000000000
1456;1475708.00000000000000000000000000000000000000000000000000
1457;1481880.00000000000000000000000000000000000000000000000000
1458;1483048.00000000000000000000000000000000000000000000000000
1459;1483876.00000000000000000000000000000000000000000000000000
1460;1485580.00000000000000000000000000000000000000000000000000
1461;1487632.00000000000000000000000000000000000000000000000000
1462;1491020.00000000000000000000000000000000000000000000000000
1463;1491020.00000000000000000000000000000000000000000000000000
1464;1493172.00000000000000000000000000000000000000000000000000
1465;1492868.00000000000000000000000000000000000000000000000000
1466;1492716.00000000000000000000000000000000000000000000000000
1467;1492684.00000000000000000000000000000000000000000000000000
1468;1493172.00000000000000000000000000000000000000000000000000
1469;1492872.00000000000000000000000000000000000000000000000000
1470;1492716.00000000000000000000000000000000000000000000000000
1471;1492700.00000000000000000000000000000000000000000000000000
1472;1492692.00000000000000000000000000000000000000000000000000
1473;1493196.00000000000000000000000000000000000000000000000000
1474;1492684.00000000000000000000000000000000000000000000000000
1475;1491328.00000000000000000000000000000000000000000000000000
1476;1492712.00000000000000000000000000000000000000000000000000
1477;1492688.00000000000000000000000000000000000000000000000000
1478;1493196.00000000000000000000000000000000000000000000000000
1479;1493168.00000000000000000000000000000000000000000000000000
1480;1492652.00000000000000000000000000000000000000000000000000
1481;1491772.00000000000000000000000000000000000000000000000000
1482;1492688.00000000000000000000000000000000000000000000000000
1483;1493196.00000000000000000000000000000000000000000000000000
1484;1493168.00000000000000000000000000000000000000000000000000
1485;1492652.00000000000000000000000000000000000000000000000000
1486;1492712.00000000000000000000000000000000000000000000000000
1487;1491328.00000000000000000000000000000000000000000000000000
1488;1491328.00000000000000000000000000000000000000000000000000
1489;1493212.00000000000000000000000000000000000000000000000000
1490;1492652.00000000000000000000000000000000000000000000000000
1491;1492712.00000000000000000000000000000000000000000000000000
1492;1492684.00000000000000000000000000000000000000000000000000
1493;1493196.00000000000000000000000000000000000000000000000000
1494;1493168.00000000000000000000000000000000000000000000000000
1495;1493164.00000000000000000000000000000000000000000000000000
1496;1492712.00000000000000000000000000000000000000000000000000
1497;1492680.00000000000000000000000000000000000000000000000000
1498;1493168.00000000000000000000000000000000000000000000000000
1499;1492712.00000000000000000000000000000000000000000000000000
1500;1486608.00000000000000000000000000000000000000000000000000
1501;1486924.00000000000000000000000000000000000000000000000000
1502;1487052.00000000000000000000000000000000000000000000000000
1503;1487448.00000000000000000000000000000000000000000000000000
1504;1487188.00000000000000000000000000000000000000000000000000
1505;1487228.00000000000000000000000000000000000000000000000000
1506;1487024.00000000000000000000000000000000000000000000000000
1507;1487040.00000000000000000000000000000000000000000000000000
1508;1487396.00000000000000000000000000000000000000000000000000
1509;1487272.00000000000000000000000000000000000000000000000000
1510;1487292.00000000000000000000000000000000000000000000000000
1511;1487176.00000000000000000000000000000000000000000000000000
1512;1487500.00000000000000000000000000000000000000000000000000
1513;1487276.00000000000000000000000000000000000000000000000000
1514;1487616.00000000000000000000000000000000000000000000000000
1515;1487524.00000000000000000000000000000000000000000000000000
1516;1487524.00000000000000000000000000000000000000000000000000
1517;1487956.00000000000000000000000000000000000000000000000000
1518;1487704.00000000000000000000000000000000000000000000000000
1519;1487504.00000000000000000000000000000000000000000000000000
1520;1487792.00000000000000000000000000000000000000000000000000
1521;1487772.00000000000000000000000000000000000000000000000000
1522;1487612.00000000000000000000000000000000000000000000000000
1523;1487836.00000000000000000000000000000000000000000000000000
1524;1487608.00000000000000000000000000000000000000000000000000
1525;1487880.00000000000000000000000000000000000000000000000000
1526;1487900.00000000000000000000000000000000000000000000000000
1527;1487672.00000000000000000000000000000000000000000000000000
1528;1488072.00000000000000000000000000000000000000000000000000
1529;1488092.00000000000000000000000000000000000000000000000000
1530;1487940.00000000000000000000000000000000000000000000000000
1531;1487896.00000000000000000000000000000000000000000000000000
1532;1488140.00000000000000000000000000000000000000000000000000
1533;1488004.00000000000000000000000000000000000000000000000000
1534;1487884.00000000000000000000000000000000000000000000000000
1535;1488176.00000000000000000000000000000000000000000000000000
1536;1488124.00000000000000000000000000000000000000000000000000
1537;1488244.00000000000000000000000000000000000000000000000000
1538;1488144.00000000000000000000000000000000000000000000000000
1539;1488236.00000000000000000000000000000000000000000000000000
1540;1488324.00000000000000000000000000000000000000000000000000
1541;1489520.00000000000000000000000000000000000000000000000000
1542;1489692.00000000000000000000000000000000000000000000000000
1543;1488932.00000000000000000000000000000000000000000000000000
1544;1488836.00000000000000000000000000000000000000000000000000
1545;1488720.00000000000000000000000000000000000000000000000000
1546;1489728.00000000000000000000000000000000000000000000000000
1547;1490272.00000000000000000000000000000000000000000000000000
1548;1496640.00000000000000000000000000000000000000000000000000
1549;1497220.00000000000000000000000000000000000000000000000000
1550;1497220.00000000000000000000000000000000000000000000000000
1551;1498556.00000000000000000000000000000000000000000000000000
1552;1498224.00000000000000000000000000000000000000000000000000
1553;1498284.00000000000000000000000000000000000000000000000000
1554;1498284.00000000000000000000000000000000000000000000000000
1555;1498276.00000000000000000000000000000000000000000000000000
1556;1498284.00000000000000000000000000000000000000000000000000
1557;1498272.00000000000000000000000000000000000000000000000000
1558;1498768.00000000000000000000000000000000000000000000000000
1559;1498284.00000000000000000000000000000000000000000000000000
1560;1498256.00000000000000000000000000000000000000000000000000
1561;1498828.00000000000000000000000000000000000000000000000000
1562;1496900.00000000000000000000000000000000000000000000000000
1563;1496900.00000000000000000000000000000000000000000000000000
1564;1498224.00000000000000000000000000000000000000000000000000
1565;1498224.00000000000000000000000000000000000000000000000000
1566;1498284.00000000000000000000000000000000000000000000000000
1567;1498264.00000000000000000000000000000000000000000000000000
1568;1498768.00000000000000000000000000000000000000000000000000
1569;1498740.00000000000000000000000000000000000000000000000000
1570;1498224.00000000000000000000000000000000000000000000000000
1571;1498284.00000000000000000000000000000000000000000000000000
1572;1498260.00000000000000000000000000000000000000000000000000
1573;1498768.00000000000000000000000000000000000000000000000000
1574;1498832.00000000000000000000000000000000000000000000000000
1575;1496900.00000000000000000000000000000000000000000000000000
1576;1498736.00000000000000000000000000000000000000000000000000
1577;1498420.00000000000000000000000000000000000000000000000000
1578;1498284.00000000000000000000000000000000000000000000000000
1579;1498264.00000000000000000000000000000000000000000000000000
1580;1498764.00000000000000000000000000000000000000000000000000
1581;1498252.00000000000000000000000000000000000000000000000000
1582;1498224.00000000000000000000000000000000000000000000000000
1583;1498284.00000000000000000000000000000000000000000000000000
1584;1498260.00000000000000000000000000000000000000000000000000
1585;1498764.00000000000000000000000000000000000000000000000000
1586;1498736.00000000000000000000000000000000000000000000000000
1587;1398132.00000000000000000000000000000000000000000000000000
1588;1398316.00000000000000000000000000000000000000000000000000
1589;1398596.00000000000000000000000000000000000000000000000000
1590;1399228.00000000000000000000000000000000000000000000000000
1591;1400656.00000000000000000000000000000000000000000000000000
1592;1401088.00000000000000000000000000000000000000000000000000
1593;1401340.00000000000000000000000000000000000000000000000000
1594;1401852.00000000000000000000000000000000000000000000000000
1595;1402804.00000000000000000000000000000000000000000000000000
1596;1403908.00000000000000000000000000000000000000000000000000
1597;1404916.00000000000000000000000000000000000000000000000000
1598;1405488.00000000000000000000000000000000000000000000000000
1599;1405620.00000000000000000000000000000000000000000000000000
1600;1405756.00000000000000000000000000000000000000000000000000
1601;1406276.00000000000000000000000000000000000000000000000000
1602;1407568.00000000000000000000000000000000000000000000000000
1603;1409140.00000000000000000000000000000000000000000000000000
1604;1411396.00000000000000000000000000000000000000000000000000
1605;1413172.00000000000000000000000000000000000000000000000000
1606;1416948.00000000000000000000000000000000000000000000000000
1607;1418516.00000000000000000000000000000000000000000000000000
1608;1420880.00000000000000000000000000000000000000000000000000
1609;1422676.00000000000000000000000000000000000000000000000000
1610;1424340.00000000000000000000000000000000000000000000000000
1611;1426600.00000000000000000000000000000000000000000000000000
1612;1428196.00000000000000000000000000000000000000000000000000
1613;1428420.00000000000000000000000000000000000000000000000000
1614;1430580.00000000000000000000000000000000000000000000000000
1615;1432248.00000000000000000000000000000000000000000000000000
1616;1434212.00000000000000000000000000000000000000000000000000
1617;1436100.00000000000000000000000000000000000000000000000000
1618;1439700.00000000000000000000000000000000000000000000000000
1619;1442064.00000000000000000000000000000000000000000000000000
1620;1443904.00000000000000000000000000000000000000000000000000
1621;1445580.00000000000000000000000000000000000000000000000000
1622;1450492.00000000000000000000000000000000000000000000000000
1623;1451364.00000000000000000000000000000000000000000000000000
1624;1453456.00000000000000000000000000000000000000000000000000
1625;1455764.00000000000000000000000000000000000000000000000000
1626;1465632.00000000000000000000000000000000000000000000000000
1627;1467500.00000000000000000000000000000000000000000000000000
1628;1469728.00000000000000000000000000000000000000000000000000
1629;1471312.00000000000000000000000000000000000000000000000000
1630;1473808.00000000000000000000000000000000000000000000000000
1631;1481724.00000000000000000000000000000000000000000000000000
1632;1482224.00000000000000000000000000000000000000000000000000
1633;1482464.00000000000000000000000000000000000000000000000000
1634;1483780.00000000000000000000000000000000000000000000000000
1635;1486400.00000000000000000000000000000000000000000000000000
1636;1489024.00000000000000000000000000000000000000000000000000
1637;1489032.00000000000000000000000000000000000000000000000000
1638;1490748.00000000000000000000000000000000000000000000000000
1639;1490744.00000000000000000000000000000000000000000000000000
1640;1490232.00000000000000000000000000000000000000000000000000
1641;1490292.00000000000000000000000000000000000000000000000000
1642;1490292.00000000000000000000000000000000000000000000000000
1643;1490268.00000000000000000000000000000000000000000000000000
1644;1490772.00000000000000000000000000000000000000000000000000
1645;1490260.00000000000000000000000000000000000000000000000000
1646;1490448.00000000000000000000000000000000000000000000000000
1647;1490292.00000000000000000000000000000000000000000000000000
1648;1490284.00000000000000000000000000000000000000000000000000
1649;1488940.00000000000000000000000000000000000000000000000000
1650;1488940.00000000000000000000000000000000000000000000000000
1651;1490808.00000000000000000000000000000000000000000000000000
1652;1490296.00000000000000000000000000000000000000000000000000
1653;1490776.00000000000000000000000000000000000000000000000000
1654;1490444.00000000000000000000000000000000000000000000000000
1655;1490264.00000000000000000000000000000000000000000000000000
1656;1490324.00000000000000000000000000000000000000000000000000
1657;1490296.00000000000000000000000000000000000000000000000000
1658;1490804.00000000000000000000000000000000000000000000000000
1659;1490868.00000000000000000000000000000000000000000000000000
1660;1490808.00000000000000000000000000000000000000000000000000
1661;1488940.00000000000000000000000000000000000000000000000000
1662;1488940.00000000000000000000000000000000000000000000000000
1663;1490324.00000000000000000000000000000000000000000000000000
1664;1490296.00000000000000000000000000000000000000000000000000
1665;1490808.00000000000000000000000000000000000000000000000000
1666;1490480.00000000000000000000000000000000000000000000000000
1667;1490324.00000000000000000000000000000000000000000000000000
1668;1490324.00000000000000000000000000000000000000000000000000
1669;1490292.00000000000000000000000000000000000000000000000000
1670;1490808.00000000000000000000000000000000000000000000000000
1671;1490780.00000000000000000000000000000000000000000000000000
1672;1490264.00000000000000000000000000000000000000000000000000
1673;1490324.00000000000000000000000000000000000000000000000000
1674;1480988.00000000000000000000000000000000000000000000000000
1675;1480248.00000000000000000000000000000000000000000000000000
1676;1480328.00000000000000000000000000000000000000000000000000
1677;1480260.00000000000000000000000000000000000000000000000000
1678;1480412.00000000000000000000000000000000000000000000000000
1679;1480460.00000000000000000000000000000000000000000000000000
1680;1480564.00000000000000000000000000000000000000000000000000
1681;1480552.00000000000000000000000000000000000000000000000000
1682;1480428.00000000000000000000000000000000000000000000000000
1683;1480316.00000000000000000000000000000000000000000000000000
1684;1480604.00000000000000000000000000000000000000000000000000
1685;1480444.00000000000000000000000000000000000000000000000000
1686;1480672.00000000000000000000000000000000000000000000000000
1687;1480704.00000000000000000000000000000000000000000000000000
1688;1480488.00000000000000000000000000000000000000000000000000
1689;1480504.00000000000000000000000000000000000000000000000000
1690;1480472.00000000000000000000000000000000000000000000000000
1691;1480504.00000000000000000000000000000000000000000000000000
1692;1480520.00000000000000000000000000000000000000000000000000
1693;1480584.00000000000000000000000000000000000000000000000000
1694;1480884.00000000000000000000000000000000000000000000000000
1695;1480816.00000000000000000000000000000000000000000000000000
1696;1480840.00000000000000000000000000000000000000000000000000
1697;1480872.00000000000000000000000000000000000000000000000000
1698;1480904.00000000000000000000000000000000000000000000000000
1699;1480936.00000000000000000000000000000000000000000000000000
1700;1481192.00000000000000000000000000000000000000000000000000
1701;1481036.00000000000000000000000000000000000000000000000000
1702;1481124.00000000000000000000000000000000000000000000000000
1703;1481340.00000000000000000000000000000000000000000000000000
1704;1481116.00000000000000000000000000000000000000000000000000
1705;1481144.00000000000000000000000000000000000000000000000000
1706;1481396.00000000000000000000000000000000000000000000000000
1707;1481740.00000000000000000000000000000000000000000000000000
1708;1482312.00000000000000000000000000000000000000000000000000
1709;1482012.00000000000000000000000000000000000000000000000000
1710;1482096.00000000000000000000000000000000000000000000000000
1711;1482328.00000000000000000000000000000000000000000000000000
1712;1482424.00000000000000000000000000000000000000000000000000
1713;1482268.00000000000000000000000000000000000000000000000000
1714;1482412.00000000000000000000000000000000000000000000000000
1715;1482528.00000000000000000000000000000000000000000000000000
1716;1483256.00000000000000000000000000000000000000000000000000
1717;1483636.00000000000000000000000000000000000000000000000000
1718;1483456.00000000000000000000000000000000000000000000000000
1719;1483452.00000000000000000000000000000000000000000000000000
1720;1483520.00000000000000000000000000000000000000000000000000
1721;1487404.00000000000000000000000000000000000000000000000000
1722;1487216.00000000000000000000000000000000000000000000000000
1723;1488712.00000000000000000000000000000000000000000000000000
1724;1490828.00000000000000000000000000000000000000000000000000
1725;1492904.00000000000000000000000000000000000000000000000000
1726;1492904.00000000000000000000000000000000000000000000000000
1727;1494680.00000000000000000000000000000000000000000000000000
1728;1494708.00000000000000000000000000000000000000000000000000
1729;1494196.00000000000000000000000000000000000000000000000000
1730;1494684.00000000000000000000000000000000000000000000000000
1731;1494384.00000000000000000000000000000000000000000000000000
1732;1494500.00000000000000000000000000000000000000000000000000
1733;1494168.00000000000000000000000000000000000000000000000000
1734;1494228.00000000000000000000000000000000000000000000000000
1735;1494228.00000000000000000000000000000000000000000000000000
1736;1494220.00000000000000000000000000000000000000000000000000
1737;1492844.00000000000000000000000000000000000000000000000000
1738;1492844.00000000000000000000000000000000000000000000000000
1739;1494200.00000000000000000000000000000000000000000000000000
1740;1494680.00000000000000000000000000000000000000000000000000
1741;1494168.00000000000000000000000000000000000000000000000000
1742;1494168.00000000000000000000000000000000000000000000000000
1743;1494168.00000000000000000000000000000000000000000000000000
1744;1494168.00000000000000000000000000000000000000000000000000
1745;1494228.00000000000000000000000000000000000000000000000000
1746;1494200.00000000000000000000000000000000000000000000000000
1747;1494712.00000000000000000000000000000000000000000000000000
1748;1494684.00000000000000000000000000000000000000000000000000
1749;1494168.00000000000000000000000000000000000000000000000000
1750;1492844.00000000000000000000000000000000000000000000000000
1751;1492844.00000000000000000000000000000000000000000000000000
1752;1494712.00000000000000000000000000000000000000000000000000
1753;1494204.00000000000000000000000000000000000000000000000000
1754;1494708.00000000000000000000000000000000000000000000000000
1755;1494196.00000000000000000000000000000000000000000000000000
1756;1494728.00000000000000000000000000000000000000000000000000
1757;1494684.00000000000000000000000000000000000000000000000000
1758;1494228.00000000000000000000000000000000000000000000000000
1759;1494228.00000000000000000000000000000000000000000000000000
1760;1494196.00000000000000000000000000000000000000000000000000
1761;1494712.00000000000000000000000000000000000000000000000000
1762;1474032.00000000000000000000000000000000000000000000000000
1763;1405220.00000000000000000000000000000000000000000000000000
1764;1406476.00000000000000000000000000000000000000000000000000
1765;1406452.00000000000000000000000000000000000000000000000000
1766;1407132.00000000000000000000000000000000000000000000000000
1767;1407624.00000000000000000000000000000000000000000000000000
1768;1407700.00000000000000000000000000000000000000000000000000
1769;1407860.00000000000000000000000000000000000000000000000000
1770;1408500.00000000000000000000000000000000000000000000000000
1771;1408768.00000000000000000000000000000000000000000000000000
1772;1409840.00000000000000000000000000000000000000000000000000
1773;1409984.00000000000000000000000000000000000000000000000000
1774;1411088.00000000000000000000000000000000000000000000000000
1775;1410620.00000000000000000000000000000000000000000000000000
1776;1411908.00000000000000000000000000000000000000000000000000
1777;1412480.00000000000000000000000000000000000000000000000000
1778;1414288.00000000000000000000000000000000000000000000000000
1779;1416240.00000000000000000000000000000000000000000000000000
1780;1417452.00000000000000000000000000000000000000000000000000
1781;1419008.00000000000000000000000000000000000000000000000000
1782;1424224.00000000000000000000000000000000000000000000000000
1783;1426316.00000000000000000000000000000000000000000000000000
1784;1428076.00000000000000000000000000000000000000000000000000
1785;1429968.00000000000000000000000000000000000000000000000000
1786;1431572.00000000000000000000000000000000000000000000000000
1787;1432488.00000000000000000000000000000000000000000000000000
1788;1434320.00000000000000000000000000000000000000000000000000
1789;1436064.00000000000000000000000000000000000000000000000000
1790;1437376.00000000000000000000000000000000000000000000000000
1791;1440484.00000000000000000000000000000000000000000000000000
1792;1441896.00000000000000000000000000000000000000000000000000
1793;1443584.00000000000000000000000000000000000000000000000000
1794;1445260.00000000000000000000000000000000000000000000000000
1795;1448248.00000000000000000000000000000000000000000000000000
1796;1449648.00000000000000000000000000000000000000000000000000
1797;1451684.00000000000000000000000000000000000000000000000000
1798;1453352.00000000000000000000000000000000000000000000000000
1799;1458208.00000000000000000000000000000000000000000000000000
1800;1459980.00000000000000000000000000000000000000000000000000
1801;1461816.00000000000000000000000000000000000000000000000000
1802;1463112.00000000000000000000000000000000000000000000000000
1803;1464800.00000000000000000000000000000000000000000000000000
1804;1473220.00000000000000000000000000000000000000000000000000
1805;1475052.00000000000000000000000000000000000000000000000000
1806;1476968.00000000000000000000000000000000000000000000000000
1807;1479184.00000000000000000000000000000000000000000000000000
1808;1481224.00000000000000000000000000000000000000000000000000
1809;1487708.00000000000000000000000000000000000000000000000000
1810;1488128.00000000000000000000000000000000000000000000000000
1811;1488436.00000000000000000000000000000000000000000000000000
1812;1489708.00000000000000000000000000000000000000000000000000
1813;1491436.00000000000000000000000000000000000000000000000000
1814;1493016.00000000000000000000000000000000000000000000000000
1815;1492972.00000000000000000000000000000000000000000000000000
1816;1492796.00000000000000000000000000000000000000000000000000
1817;1492520.00000000000000000000000000000000000000000000000000
1818;1492504.00000000000000000000000000000000000000000000000000
1819;1493000.00000000000000000000000000000000000000000000000000
1820;1493016.00000000000000000000000000000000000000000000000000
1821;1492460.00000000000000000000000000000000000000000000000000
1822;1491832.00000000000000000000000000000000000000000000000000
1823;1492500.00000000000000000000000000000000000000000000000000
1824;1493000.00000000000000000000000000000000000000000000000000
1825;1491140.00000000000000000000000000000000000000000000000000
1826;1491140.00000000000000000000000000000000000000000000000000
1827;1492464.00000000000000000000000000000000000000000000000000
1828;1492164.00000000000000000000000000000000000000000000000000
1829;1492524.00000000000000000000000000000000000000000000000000
1830;1492492.00000000000000000000000000000000000000000000000000
1831;1493024.00000000000000000000000000000000000000000000000000
1832;1492980.00000000000000000000000000000000000000000000000000
1833;1492464.00000000000000000000000000000000000000000000000000
1834;1492524.00000000000000000000000000000000000000000000000000
1835;1492512.00000000000000000000000000000000000000000000000000
1836;1492524.00000000000000000000000000000000000000000000000000
1837;1492500.00000000000000000000000000000000000000000000000000
1838;1491140.00000000000000000000000000000000000000000000000000
1839;1492976.00000000000000000000000000000000000000000000000000
1840;1492588.00000000000000000000000000000000000000000000000000
1841;1492524.00000000000000000000000000000000000000000000000000
1842;1492508.00000000000000000000000000000000000000000000000000
1843;1493004.00000000000000000000000000000000000000000000000000
1844;1492492.00000000000000000000000000000000000000000000000000
1845;1492980.00000000000000000000000000000000000000000000000000
1846;1492980.00000000000000000000000000000000000000000000000000
1847;1492464.00000000000000000000000000000000000000000000000000
1848;1492524.00000000000000000000000000000000000000000000000000
1849;1492500.00000000000000000000000000000000000000000000000000
1850;1481996.00000000000000000000000000000000000000000000000000
1851;1481992.00000000000000000000000000000000000000000000000000
1852;1481948.00000000000000000000000000000000000000000000000000
1853;1481856.00000000000000000000000000000000000000000000000000
1854;1481920.00000000000000000000000000000000000000000000000000
1855;1481972.00000000000000000000000000000000000000000000000000
1856;1482368.00000000000000000000000000000000000000000000000000
1857;1482496.00000000000000000000000000000000000000000000000000
1858;1482216.00000000000000000000000000000000000000000000000000
1859;1482328.00000000000000000000000000000000000000000000000000
1860;1482352.00000000000000000000000000000000000000000000000000
1861;1482416.00000000000000000000000000000000000000000000000000
1862;1482644.00000000000000000000000000000000000000000000000000
1863;1482496.00000000000000000000000000000000000000000000000000
1864;1482440.00000000000000000000000000000000000000000000000000
1865;1482404.00000000000000000000000000000000000000000000000000
1866;1482408.00000000000000000000000000000000000000000000000000
1867;1482408.00000000000000000000000000000000000000000000000000
1868;1482420.00000000000000000000000000000000000000000000000000
1869;1482436.00000000000000000000000000000000000000000000000000
1870;1482796.00000000000000000000000000000000000000000000000000
1871;1482556.00000000000000000000000000000000000000000000000000
1872;1483016.00000000000000000000000000000000000000000000000000
1873;1482800.00000000000000000000000000000000000000000000000000
1874;1482812.00000000000000000000000000000000000000000000000000
1875;1482912.00000000000000000000000000000000000000000000000000
1876;1482912.00000000000000000000000000000000000000000000000000
1877;1483004.00000000000000000000000000000000000000000000000000
1878;1483224.00000000000000000000000000000000000000000000000000
1879;1483028.00000000000000000000000000000000000000000000000000
1880;1483404.00000000000000000000000000000000000000000000000000
1881;1482996.00000000000000000000000000000000000000000000000000
1882;1483396.00000000000000000000000000000000000000000000000000
1883;1483436.00000000000000000000000000000000000000000000000000
1884;1483392.00000000000000000000000000000000000000000000000000
1885;1483432.00000000000000000000000000000000000000000000000000
1886;1483792.00000000000000000000000000000000000000000000000000
1887;1484260.00000000000000000000000000000000000000000000000000
1888;1483952.00000000000000000000000000000000000000000000000000
1889;1484228.00000000000000000000000000000000000000000000000000
1890;1484288.00000000000000000000000000000000000000000000000000
1891;1484680.00000000000000000000000000000000000000000000000000
1892;1484580.00000000000000000000000000000000000000000000000000
1893;1484568.00000000000000000000000000000000000000000000000000
1894;1484760.00000000000000000000000000000000000000000000000000
1895;1484768.00000000000000000000000000000000000000000000000000
1896;1485792.00000000000000000000000000000000000000000000000000
1897;1492252.00000000000000000000000000000000000000000000000000
1898;1492908.00000000000000000000000000000000000000000000000000
1899;1492596.00000000000000000000000000000000000000000000000000
1900;1492596.00000000000000000000000000000000000000000000000000
1901;1494420.00000000000000000000000000000000000000000000000000
1902;1494416.00000000000000000000000000000000000000000000000000
1903;1493932.00000000000000000000000000000000000000000000000000
1904;1494420.00000000000000000000000000000000000000000000000000
1905;1494420.00000000000000000000000000000000000000000000000000
1906;1494416.00000000000000000000000000000000000000000000000000
1907;1494416.00000000000000000000000000000000000000000000000000
1908;1494120.00000000000000000000000000000000000000000000000000
1909;1493904.00000000000000000000000000000000000000000000000000
1910;1493936.00000000000000000000000000000000000000000000000000
1911;1494416.00000000000000000000000000000000000000000000000000
1912;1492596.00000000000000000000000000000000000000000000000000
1913;1493920.00000000000000000000000000000000000000000000000000
1914;1493920.00000000000000000000000000000000000000000000000000
1915;1493980.00000000000000000000000000000000000000000000000000
1916;1493980.00000000000000000000000000000000000000000000000000
1917;1493968.00000000000000000000000000000000000000000000000000
1918;1493980.00000000000000000000000000000000000000000000000000
1919;1493960.00000000000000000000000000000000000000000000000000
1920;1494460.00000000000000000000000000000000000000000000000000
1921;1493948.00000000000000000000000000000000000000000000000000
1922;1494436.00000000000000000000000000000000000000000000000000
1923;1494256.00000000000000000000000000000000000000000000000000
1924;1492596.00000000000000000000000000000000000000000000000000
1925;1492596.00000000000000000000000000000000000000000000000000
1926;1493920.00000000000000000000000000000000000000000000000000
1927;1493920.00000000000000000000000000000000000000000000000000
1928;1493980.00000000000000000000000000000000000000000000000000
1929;1493980.00000000000000000000000000000000000000000000000000
1930;1493948.00000000000000000000000000000000000000000000000000
1931;1494464.00000000000000000000000000000000000000000000000000
1932;1494136.00000000000000000000000000000000000000000000000000
1933;1493920.00000000000000000000000000000000000000000000000000
1934;1493980.00000000000000000000000000000000000000000000000000
1935;1493968.00000000000000000000000000000000000000000000000000
1936;1494464.00000000000000000000000000000000000000000000000000
1937;1399816.00000000000000000000000000000000000000000000000000
1938;1399956.00000000000000000000000000000000000000000000000000
1939;1400564.00000000000000000000000000000000000000000000000000
1940;1401104.00000000000000000000000000000000000000000000000000
1941;1402036.00000000000000000000000000000000000000000000000000
1942;1402548.00000000000000000000000000000000000000000000000000
1943;1402636.00000000000000000000000000000000000000000000000000
1944;1403488.00000000000000000000000000000000000000000000000000
1945;1404192.00000000000000000000000000000000000000000000000000
1946;1405536.00000000000000000000000000000000000000000000000000
1947;1406936.00000000000000000000000000000000000000000000000000
1948;1406880.00000000000000000000000000000000000000000000000000
1949;1407660.00000000000000000000000000000000000000000000000000
1950;1407772.00000000000000000000000000000000000000000000000000
1951;1410340.00000000000000000000000000000000000000000000000000
1952;1410876.00000000000000000000000000000000000000000000000000
1953;1412636.00000000000000000000000000000000000000000000000000
1954;1414388.00000000000000000000000000000000000000000000000000
1955;1417228.00000000000000000000000000000000000000000000000000
1956;1421200.00000000000000000000000000000000000000000000000000
1957;1422960.00000000000000000000000000000000000000000000000000
1958;1424992.00000000000000000000000000000000000000000000000000
1959;1426408.00000000000000000000000000000000000000000000000000
1960;1428208.00000000000000000000000000000000000000000000000000
1961;1430956.00000000000000000000000000000000000000000000000000
1962;1432696.00000000000000000000000000000000000000000000000000
1963;1434352.00000000000000000000000000000000000000000000000000
1964;1435296.00000000000000000000000000000000000000000000000000
1965;1438524.00000000000000000000000000000000000000000000000000
1966;1439508.00000000000000000000000000000000000000000000000000
1967;1441248.00000000000000000000000000000000000000000000000000
1968;1443860.00000000000000000000000000000000000000000000000000
1969;1445680.00000000000000000000000000000000000000000000000000
1970;1447680.00000000000000000000000000000000000000000000000000
1971;1449896.00000000000000000000000000000000000000000000000000
1972;1455232.00000000000000000000000000000000000000000000000000
1973;1457180.00000000000000000000000000000000000000000000000000
1974;1459604.00000000000000000000000000000000000000000000000000
1975;1461364.00000000000000000000000000000000000000000000000000
1976;1462784.00000000000000000000000000000000000000000000000000
1977;1471168.00000000000000000000000000000000000000000000000000
1978;1472244.00000000000000000000000000000000000000000000000000
1979;1474260.00000000000000000000000000000000000000000000000000
1980;1476216.00000000000000000000000000000000000000000000000000
1981;1478164.00000000000000000000000000000000000000000000000000
1982;1485264.00000000000000000000000000000000000000000000000000
1983;1486380.00000000000000000000000000000000000000000000000000
1984;1486464.00000000000000000000000000000000000000000000000000
1985;1487896.00000000000000000000000000000000000000000000000000
1986;1489876.00000000000000000000000000000000000000000000000000
1987;1490668.00000000000000000000000000000000000000000000000000
1988;1492092.00000000000000000000000000000000000000000000000000
1989;1491580.00000000000000000000000000000000000000000000000000
1990;1492160.00000000000000000000000000000000000000000000000000
1991;1491552.00000000000000000000000000000000000000000000000000
1992;1491604.00000000000000000000000000000000000000000000000000
1993;1491612.00000000000000000000000000000000000000000000000000
1994;1491580.00000000000000000000000000000000000000000000000000
1995;1492096.00000000000000000000000000000000000000000000000000
1996;1491584.00000000000000000000000000000000000000000000000000
1997;1492064.00000000000000000000000000000000000000000000000000
1998;1491552.00000000000000000000000000000000000000000000000000
1999;1490248.00000000000000000000000000000000000000000000000000
2000;1490232.00000000000000000000000000000000000000000000000000
2001;1491608.00000000000000000000000000000000000000000000000000
2002;1492112.00000000000000000000000000000000000000000000000000
2003;1491600.00000000000000000000000000000000000000000000000000
2004;1492180.00000000000000000000000000000000000000000000000000
2005;1492088.00000000000000000000000000000000000000000000000000
2006;1491572.00000000000000000000000000000000000000000000000000
2007;1491632.00000000000000000000000000000000000000000000000000
2008;1491620.00000000000000000000000000000000000000000000000000
2009;1491632.00000000000000000000000000000000000000000000000000
2010;1491604.00000000000000000000000000000000000000000000000000
2011;1492084.00000000000000000000000000000000000000000000000000
2012;1490248.00000000000000000000000000000000000000000000000000
2013;1491572.00000000000000000000000000000000000000000000000000
2014;1491572.00000000000000000000000000000000000000000000000000
2015;1491572.00000000000000000000000000000000000000000000000000
2016;1491632.00000000000000000000000000000000000000000000000000
2017;1491616.00000000000000000000000000000000000000000000000000
2018;1492116.00000000000000000000000000000000000000000000000000
2019;1492180.00000000000000000000000000000000000000000000000000
2020;1491572.00000000000000000000000000000000000000000000000000
2021;1491572.00000000000000000000000000000000000000000000000000
2022;1491620.00000000000000000000000000000000000000000000000000
2023;1492116.00000000000000000000000000000000000000000000000000
2024;1486588.00000000000000000000000000000000000000000000000000
2025;1486856.00000000000000000000000000000000000000000000000000
2026;1486872.00000000000000000000000000000000000000000000000000
2027;1486956.00000000000000000000000000000000000000000000000000
2028;1487140.00000000000000000000000000000000000000000000000000
2029;1486988.00000000000000000000000000000000000000000000000000
2030;1487292.00000000000000000000000000000000000000000000000000
2031;1488168.00000000000000000000000000000000000000000000000000
2032;1488056.00000000000000000000000000000000000000000000000000
2033;1487388.00000000000000000000000000000000000000000000000000
2034;1487136.00000000000000000000000000000000000000000000000000
2035;1487160.00000000000000000000000000000000000000000000000000
2036;1487492.00000000000000000000000000000000000000000000000000
2037;1487172.00000000000000000000000000000000000000000000000000
2038;1487424.00000000000000000000000000000000000000000000000000
2039;1487292.00000000000000000000000000000000000000000000000000
2040;1487428.00000000000000000000000000000000000000000000000000
2041;1487476.00000000000000000000000000000000000000000000000000
2042;1487232.00000000000000000000000000000000000000000000000000
2043;1487252.00000000000000000000000000000000000000000000000000
2044;1487656.00000000000000000000000000000000000000000000000000
2045;1487448.00000000000000000000000000000000000000000000000000
2046;1487656.00000000000000000000000000000000000000000000000000
2047;1488008.00000000000000000000000000000000000000000000000000
2048;1488652.00000000000000000000000000000000000000000000000000
2049;1487752.00000000000000000000000000000000000000000000000000
2050;1487768.00000000000000000000000000000000000000000000000000
2051;1487984.00000000000000000000000000000000000000000000000000
2052;1487844.00000000000000000000000000000000000000000000000000
2053;1487864.00000000000000000000000000000000000000000000000000
2054;1488536.00000000000000000000000000000000000000000000000000
2055;1488908.00000000000000000000000000000000000000000000000000
2056;1488340.00000000000000000000000000000000000000000000000000
2057;1488844.00000000000000000000000000000000000000000000000000
2058;1489268.00000000000000000000000000000000000000000000000000
2059;1489380.00000000000000000000000000000000000000000000000000
2060;1489164.00000000000000000000000000000000000000000000000000
2061;1489556.00000000000000000000000000000000000000000000000000
2062;1489460.00000000000000000000000000000000000000000000000000
2063;1489536.00000000000000000000000000000000000000000000000000
2064;1489576.00000000000000000000000000000000000000000000000000
2065;1489608.00000000000000000000000000000000000000000000000000
2066;1489868.00000000000000000000000000000000000000000000000000
2067;1489852.00000000000000000000000000000000000000000000000000
2068;1489824.00000000000000000000000000000000000000000000000000
2069;1490100.00000000000000000000000000000000000000000000000000
2070;1490720.00000000000000000000000000000000000000000000000000
2071;1490504.00000000000000000000000000000000000000000000000000
2072;1494784.00000000000000000000000000000000000000000000000000
2073;1495540.00000000000000000000000000000000000000000000000000
2074;1495556.00000000000000000000000000000000000000000000000000
2075;1495964.00000000000000000000000000000000000000000000000000
2076;1495964.00000000000000000000000000000000000000000000000000
2077;1497048.00000000000000000000000000000000000000000000000000
2078;1497596.00000000000000000000000000000000000000000000000000
2079;1497612.00000000000000000000000000000000000000000000000000
2080;1497092.00000000000000000000000000000000000000000000000000
2081;1497592.00000000000000000000000000000000000000000000000000
2082;1497048.00000000000000000000000000000000000000000000000000
2083;1497080.00000000000000000000000000000000000000000000000000
2084;1497048.00000000000000000000000000000000000000000000000000
2085;1497112.00000000000000000000000000000000000000000000000000
2086;1497104.00000000000000000000000000000000000000000000000000
2087;1497112.00000000000000000000000000000000000000000000000000
2088;1495732.00000000000000000000000000000000000000000000000000
2089;1495732.00000000000000000000000000000000000000000000000000
2090;1497088.00000000000000000000000000000000000000000000000000
2091;1497596.00000000000000000000000000000000000000000000000000
2092;1497296.00000000000000000000000000000000000000000000000000
2093;1497052.00000000000000000000000000000000000000000000000000
2094;1497116.00000000000000000000000000000000000000000000000000
2095;1497108.00000000000000000000000000000000000000000000000000
2096;1497116.00000000000000000000000000000000000000000000000000
2097;1497088.00000000000000000000000000000000000000000000000000
2098;1497600.00000000000000000000000000000000000000000000000000
2099;1497088.00000000000000000000000000000000000000000000000000
2100;1495732.00000000000000000000000000000000000000000000000000
2101;1495732.00000000000000000000000000000000000000000000000000
2102;1497600.00000000000000000000000000000000000000000000000000
2103;1497088.00000000000000000000000000000000000000000000000000
2104;1497596.00000000000000000000000000000000000000000000000000
2105;1497596.00000000000000000000000000000000000000000000000000
2106;1497300.00000000000000000000000000000000000000000000000000
2107;1497052.00000000000000000000000000000000000000000000000000
2108;1497052.00000000000000000000000000000000000000000000000000
2109;1497116.00000000000000000000000000000000000000000000000000
2110;1497100.00000000000000000000000000000000000000000000000000
2111;1497608.00000000000000000000000000000000000000000000000000
2112;1497096.00000000000000000000000000000000000000000000000000
2113;1488252.00000000000000000000000000000000000000000000000000
2114;1488264.00000000000000000000000000000000000000000000000000
2115;1488152.00000000000000000000000000000000000000000000000000
2116;1487248.00000000000000000000000000000000000000000000000000
2117;1487248.00000000000000000000000000000000000000000000000000
2118;1487684.00000000000000000000000000000000000000000000000000
2119;1487452.00000000000000000000000000000000000000000000000000
2120;1487340.00000000000000000000000000000000000000000000000000
2121;1487488.00000000000000000000000000000000000000000000000000
2122;1487488.00000000000000000000000000000000000000000000000000
2123;1487656.00000000000000000000000000000000000000000000000000
2124;1487556.00000000000000000000000000000000000000000000000000
2125;1487496.00000000000000000000000000000000000000000000000000
2126;1487564.00000000000000000000000000000000000000000000000000
2127;1487668.00000000000000000000000000000000000000000000000000
2128;1489800.00000000000000000000000000000000000000000000000000
