Second;RAM_KB
0;13172.00000000000000000000000000000000000000000000000000
1;301832.00000000000000000000000000000000000000000000000000
2;370732.00000000000000000000000000000000000000000000000000
3;616228.00000000000000000000000000000000000000000000000000
4;718204.00000000000000000000000000000000000000000000000000
5;804168.00000000000000000000000000000000000000000000000000
6;884028.00000000000000000000000000000000000000000000000000
7;929044.00000000000000000000000000000000000000000000000000
8;932740.00000000000000000000000000000000000000000000000000
9;937496.00000000000000000000000000000000000000000000000000
10;977512.00000000000000000000000000000000000000000000000000
11;980768.00000000000000000000000000000000000000000000000000
12;984424.00000000000000000000000000000000000000000000000000
13;988100.00000000000000000000000000000000000000000000000000
14;991608.00000000000000000000000000000000000000000000000000
15;992248.00000000000000000000000000000000000000000000000000
16;999064.00000000000000000000000000000000000000000000000000
17;1002196.00000000000000000000000000000000000000000000000000
18;1004852.00000000000000000000000000000000000000000000000000
19;1007108.00000000000000000000000000000000000000000000000000
20;1010764.00000000000000000000000000000000000000000000000000
21;1018828.00000000000000000000000000000000000000000000000000
22;1020364.00000000000000000000000000000000000000000000000000
23;1023904.00000000000000000000000000000000000000000000000000
24;1028504.00000000000000000000000000000000000000000000000000
25;1031012.00000000000000000000000000000000000000000000000000
26;1034252.00000000000000000000000000000000000000000000000000
27;1039656.00000000000000000000000000000000000000000000000000
28;1043132.00000000000000000000000000000000000000000000000000
29;1045072.00000000000000000000000000000000000000000000000000
30;1051072.00000000000000000000000000000000000000000000000000
31;1054168.00000000000000000000000000000000000000000000000000
32;1057788.00000000000000000000000000000000000000000000000000
33;1062444.00000000000000000000000000000000000000000000000000
34;1065648.00000000000000000000000000000000000000000000000000
35;1068412.00000000000000000000000000000000000000000000000000
36;1071320.00000000000000000000000000000000000000000000000000
37;1072700.00000000000000000000000000000000000000000000000000
38;1079912.00000000000000000000000000000000000000000000000000
39;1082644.00000000000000000000000000000000000000000000000000
40;1087696.00000000000000000000000000000000000000000000000000
41;1090268.00000000000000000000000000000000000000000000000000
42;1092936.00000000000000000000000000000000000000000000000000
43;1096716.00000000000000000000000000000000000000000000000000
44;1098744.00000000000000000000000000000000000000000000000000
45;1096028.00000000000000000000000000000000000000000000000000
46;1107244.00000000000000000000000000000000000000000000000000
47;1110380.00000000000000000000000000000000000000000000000000
48;1112668.00000000000000000000000000000000000000000000000000
49;1119580.00000000000000000000000000000000000000000000000000
50;1122556.00000000000000000000000000000000000000000000000000
51;1124752.00000000000000000000000000000000000000000000000000
52;1127132.00000000000000000000000000000000000000000000000000
53;1129968.00000000000000000000000000000000000000000000000000
54;1132920.00000000000000000000000000000000000000000000000000
55;1139344.00000000000000000000000000000000000000000000000000
56;1141652.00000000000000000000000000000000000000000000000000
57;1141984.00000000000000000000000000000000000000000000000000
58;1147924.00000000000000000000000000000000000000000000000000
59;1150164.00000000000000000000000000000000000000000000000000
60;1152920.00000000000000000000000000000000000000000000000000
61;1156444.00000000000000000000000000000000000000000000000000
62;1161284.00000000000000000000000000000000000000000000000000
63;1164220.00000000000000000000000000000000000000000000000000
64;1166896.00000000000000000000000000000000000000000000000000
65;1169636.00000000000000000000000000000000000000000000000000
66;1172604.00000000000000000000000000000000000000000000000000
67;1175012.00000000000000000000000000000000000000000000000000
68;1177388.00000000000000000000000000000000000000000000000000
69;1287492.00000000000000000000000000000000000000000000000000
70;1399912.00000000000000000000000000000000000000000000000000
71;1399916.00000000000000000000000000000000000000000000000000
72;1399892.00000000000000000000000000000000000000000000000000
73;1399916.00000000000000000000000000000000000000000000000000
74;1399856.00000000000000000000000000000000000000000000000000
75;1399916.00000000000000000000000000000000000000000000000000
76;1399856.00000000000000000000000000000000000000000000000000
77;1399916.00000000000000000000000000000000000000000000000000
78;1399916.00000000000000000000000000000000000000000000000000
79;1399892.00000000000000000000000000000000000000000000000000
80;1399856.00000000000000000000000000000000000000000000000000
81;1400172.00000000000000000000000000000000000000000000000000
82;1399856.00000000000000000000000000000000000000000000000000
83;1399856.00000000000000000000000000000000000000000000000000
84;1399856.00000000000000000000000000000000000000000000000000
85;1400172.00000000000000000000000000000000000000000000000000
86;1400172.00000000000000000000000000000000000000000000000000
87;1399916.00000000000000000000000000000000000000000000000000
88;1399916.00000000000000000000000000000000000000000000000000
89;1399916.00000000000000000000000000000000000000000000000000
90;1399892.00000000000000000000000000000000000000000000000000
91;1399892.00000000000000000000000000000000000000000000000000
92;1399916.00000000000000000000000000000000000000000000000000
93;1399856.00000000000000000000000000000000000000000000000000
94;1399856.00000000000000000000000000000000000000000000000000
95;1399916.00000000000000000000000000000000000000000000000000
96;1399892.00000000000000000000000000000000000000000000000000
97;1399892.00000000000000000000000000000000000000000000000000
98;1399856.00000000000000000000000000000000000000000000000000
99;1399916.00000000000000000000000000000000000000000000000000
100;1399916.00000000000000000000000000000000000000000000000000
101;1399892.00000000000000000000000000000000000000000000000000
102;1399856.00000000000000000000000000000000000000000000000000
103;1400172.00000000000000000000000000000000000000000000000000
104;1400172.00000000000000000000000000000000000000000000000000
105;1399856.00000000000000000000000000000000000000000000000000
106;1399916.00000000000000000000000000000000000000000000000000
107;1399892.00000000000000000000000000000000000000000000000000
108;1399916.00000000000000000000000000000000000000000000000000
109;1399892.00000000000000000000000000000000000000000000000000
110;1399916.00000000000000000000000000000000000000000000000000
111;1399916.00000000000000000000000000000000000000000000000000
112;1400044.00000000000000000000000000000000000000000000000000
113;1400044.00000000000000000000000000000000000000000000000000
114;1399984.00000000000000000000000000000000000000000000000000
115;1399892.00000000000000000000000000000000000000000000000000
116;1399856.00000000000000000000000000000000000000000000000000
117;1400172.00000000000000000000000000000000000000000000000000
118;1399984.00000000000000000000000000000000000000000000000000
119;1400172.00000000000000000000000000000000000000000000000000
120;1294252.00000000000000000000000000000000000000000000000000
121;1295624.00000000000000000000000000000000000000000000000000
122;1296644.00000000000000000000000000000000000000000000000000
123;1298128.00000000000000000000000000000000000000000000000000
124;1299560.00000000000000000000000000000000000000000000000000
125;1301004.00000000000000000000000000000000000000000000000000
126;1301988.00000000000000000000000000000000000000000000000000
127;1303984.00000000000000000000000000000000000000000000000000
128;1304516.00000000000000000000000000000000000000000000000000
129;1306720.00000000000000000000000000000000000000000000000000
130;1307876.00000000000000000000000000000000000000000000000000
131;1308976.00000000000000000000000000000000000000000000000000
132;1311416.00000000000000000000000000000000000000000000000000
133;1312768.00000000000000000000000000000000000000000000000000
134;1314156.00000000000000000000000000000000000000000000000000
135;1315516.00000000000000000000000000000000000000000000000000
136;1317988.00000000000000000000000000000000000000000000000000
137;1318588.00000000000000000000000000000000000000000000000000
138;1320888.00000000000000000000000000000000000000000000000000
139;1323492.00000000000000000000000000000000000000000000000000
140;1324112.00000000000000000000000000000000000000000000000000
141;1325668.00000000000000000000000000000000000000000000000000
142;1329072.00000000000000000000000000000000000000000000000000
143;1329988.00000000000000000000000000000000000000000000000000
144;1331760.00000000000000000000000000000000000000000000000000
145;1335936.00000000000000000000000000000000000000000000000000
146;1337512.00000000000000000000000000000000000000000000000000
147;1339104.00000000000000000000000000000000000000000000000000
148;1340764.00000000000000000000000000000000000000000000000000
149;1344456.00000000000000000000000000000000000000000000000000
150;1346168.00000000000000000000000000000000000000000000000000
151;1348100.00000000000000000000000000000000000000000000000000
152;1349568.00000000000000000000000000000000000000000000000000
153;1353316.00000000000000000000000000000000000000000000000000
154;1354620.00000000000000000000000000000000000000000000000000
155;1356048.00000000000000000000000000000000000000000000000000
156;1357624.00000000000000000000000000000000000000000000000000
157;1361532.00000000000000000000000000000000000000000000000000
158;1363168.00000000000000000000000000000000000000000000000000
159;1364736.00000000000000000000000000000000000000000000000000
160;1365852.00000000000000000000000000000000000000000000000000
161;1367492.00000000000000000000000000000000000000000000000000
162;1373092.00000000000000000000000000000000000000000000000000
163;1373940.00000000000000000000000000000000000000000000000000
164;1376792.00000000000000000000000000000000000000000000000000
165;1379012.00000000000000000000000000000000000000000000000000
166;1381416.00000000000000000000000000000000000000000000000000
167;1385404.00000000000000000000000000000000000000000000000000
168;1387892.00000000000000000000000000000000000000000000000000
169;1389368.00000000000000000000000000000000000000000000000000
170;1392164.00000000000000000000000000000000000000000000000000
171;1394736.00000000000000000000000000000000000000000000000000
172;1400812.00000000000000000000000000000000000000000000000000
173;1402160.00000000000000000000000000000000000000000000000000
174;1404912.00000000000000000000000000000000000000000000000000
175;1409656.00000000000000000000000000000000000000000000000000
176;1409664.00000000000000000000000000000000000000000000000000
177;1409380.00000000000000000000000000000000000000000000000000
178;1409316.00000000000000000000000000000000000000000000000000
179;1409380.00000000000000000000000000000000000000000000000000
180;1409356.00000000000000000000000000000000000000000000000000
181;1409380.00000000000000000000000000000000000000000000000000
182;1409340.00000000000000000000000000000000000000000000000000
183;1409508.00000000000000000000000000000000000000000000000000
184;1409380.00000000000000000000000000000000000000000000000000
185;1409356.00000000000000000000000000000000000000000000000000
186;1409380.00000000000000000000000000000000000000000000000000
187;1409636.00000000000000000000000000000000000000000000000000
188;1409356.00000000000000000000000000000000000000000000000000
189;1409636.00000000000000000000000000000000000000000000000000
190;1409380.00000000000000000000000000000000000000000000000000
191;1409380.00000000000000000000000000000000000000000000000000
192;1409380.00000000000000000000000000000000000000000000000000
193;1409380.00000000000000000000000000000000000000000000000000
194;1409380.00000000000000000000000000000000000000000000000000
195;1409380.00000000000000000000000000000000000000000000000000
196;1409320.00000000000000000000000000000000000000000000000000
197;1409380.00000000000000000000000000000000000000000000000000
198;1409380.00000000000000000000000000000000000000000000000000
199;1409380.00000000000000000000000000000000000000000000000000
200;1409356.00000000000000000000000000000000000000000000000000
201;1409380.00000000000000000000000000000000000000000000000000
202;1409636.00000000000000000000000000000000000000000000000000
203;1409636.00000000000000000000000000000000000000000000000000
204;1409508.00000000000000000000000000000000000000000000000000
205;1409380.00000000000000000000000000000000000000000000000000
206;1409388.00000000000000000000000000000000000000000000000000
207;1409388.00000000000000000000000000000000000000000000000000
208;1409644.00000000000000000000000000000000000000000000000000
209;1409324.00000000000000000000000000000000000000000000000000
210;1409364.00000000000000000000000000000000000000000000000000
211;1409388.00000000000000000000000000000000000000000000000000
212;1409388.00000000000000000000000000000000000000000000000000
213;1409388.00000000000000000000000000000000000000000000000000
214;1409388.00000000000000000000000000000000000000000000000000
215;1409388.00000000000000000000000000000000000000000000000000
216;1301268.00000000000000000000000000000000000000000000000000
217;1303348.00000000000000000000000000000000000000000000000000
218;1305100.00000000000000000000000000000000000000000000000000
219;1306864.00000000000000000000000000000000000000000000000000
220;1309688.00000000000000000000000000000000000000000000000000
221;1312388.00000000000000000000000000000000000000000000000000
222;1314380.00000000000000000000000000000000000000000000000000
223;1315952.00000000000000000000000000000000000000000000000000
224;1317948.00000000000000000000000000000000000000000000000000
225;1320148.00000000000000000000000000000000000000000000000000
226;1321972.00000000000000000000000000000000000000000000000000
227;1323712.00000000000000000000000000000000000000000000000000
228;1326212.00000000000000000000000000000000000000000000000000
229;1328700.00000000000000000000000000000000000000000000000000
230;1330220.00000000000000000000000000000000000000000000000000
231;1332204.00000000000000000000000000000000000000000000000000
232;1335148.00000000000000000000000000000000000000000000000000
233;1337656.00000000000000000000000000000000000000000000000000
234;1341460.00000000000000000000000000000000000000000000000000
235;1343396.00000000000000000000000000000000000000000000000000
236;1349668.00000000000000000000000000000000000000000000000000
237;1351808.00000000000000000000000000000000000000000000000000
238;1354192.00000000000000000000000000000000000000000000000000
239;1356076.00000000000000000000000000000000000000000000000000
240;1361288.00000000000000000000000000000000000000000000000000
241;1362832.00000000000000000000000000000000000000000000000000
242;1367020.00000000000000000000000000000000000000000000000000
243;1368368.00000000000000000000000000000000000000000000000000
244;1371468.00000000000000000000000000000000000000000000000000
245;1372848.00000000000000000000000000000000000000000000000000
246;1378844.00000000000000000000000000000000000000000000000000
247;1380376.00000000000000000000000000000000000000000000000000
248;1383828.00000000000000000000000000000000000000000000000000
249;1385432.00000000000000000000000000000000000000000000000000
250;1390972.00000000000000000000000000000000000000000000000000
251;1393192.00000000000000000000000000000000000000000000000000
252;1395680.00000000000000000000000000000000000000000000000000
253;1398164.00000000000000000000000000000000000000000000000000
254;1403224.00000000000000000000000000000000000000000000000000
255;1404540.00000000000000000000000000000000000000000000000000
256;1407692.00000000000000000000000000000000000000000000000000
257;1409428.00000000000000000000000000000000000000000000000000
258;1412692.00000000000000000000000000000000000000000000000000
259;1412736.00000000000000000000000000000000000000000000000000
260;1412952.00000000000000000000000000000000000000000000000000
261;1412952.00000000000000000000000000000000000000000000000000
262;1412952.00000000000000000000000000000000000000000000000000
263;1412892.00000000000000000000000000000000000000000000000000
264;1412952.00000000000000000000000000000000000000000000000000
265;1412952.00000000000000000000000000000000000000000000000000
266;1413080.00000000000000000000000000000000000000000000000000
267;1412952.00000000000000000000000000000000000000000000000000
268;1412952.00000000000000000000000000000000000000000000000000
269;1412952.00000000000000000000000000000000000000000000000000
270;1412952.00000000000000000000000000000000000000000000000000
271;1412952.00000000000000000000000000000000000000000000000000
272;1413208.00000000000000000000000000000000000000000000000000
273;1412952.00000000000000000000000000000000000000000000000000
274;1413208.00000000000000000000000000000000000000000000000000
275;1412952.00000000000000000000000000000000000000000000000000
276;1413080.00000000000000000000000000000000000000000000000000
277;1412952.00000000000000000000000000000000000000000000000000
278;1412892.00000000000000000000000000000000000000000000000000
279;1412952.00000000000000000000000000000000000000000000000000
280;1412888.00000000000000000000000000000000000000000000000000
281;1412952.00000000000000000000000000000000000000000000000000
282;1412928.00000000000000000000000000000000000000000000000000
283;1412952.00000000000000000000000000000000000000000000000000
284;1413208.00000000000000000000000000000000000000000000000000
285;1413420.00000000000000000000000000000000000000000000000000
286;1413164.00000000000000000000000000000000000000000000000000
287;1413164.00000000000000000000000000000000000000000000000000
288;1413304.00000000000000000000000000000000000000000000000000
289;1413304.00000000000000000000000000000000000000000000000000
290;1413888.00000000000000000000000000000000000000000000000000
291;1413632.00000000000000000000000000000000000000000000000000
292;1413632.00000000000000000000000000000000000000000000000000
293;1413888.00000000000000000000000000000000000000000000000000
294;1413632.00000000000000000000000000000000000000000000000000
295;1413632.00000000000000000000000000000000000000000000000000
296;1413760.00000000000000000000000000000000000000000000000000
297;1302832.00000000000000000000000000000000000000000000000000
298;1304188.00000000000000000000000000000000000000000000000000
299;1305588.00000000000000000000000000000000000000000000000000
300;1307548.00000000000000000000000000000000000000000000000000
301;1310056.00000000000000000000000000000000000000000000000000
302;1311912.00000000000000000000000000000000000000000000000000
303;1313612.00000000000000000000000000000000000000000000000000
304;1316388.00000000000000000000000000000000000000000000000000
305;1319700.00000000000000000000000000000000000000000000000000
306;1321380.00000000000000000000000000000000000000000000000000
307;1324452.00000000000000000000000000000000000000000000000000
308;1326848.00000000000000000000000000000000000000000000000000
309;1329992.00000000000000000000000000000000000000000000000000
310;1331844.00000000000000000000000000000000000000000000000000
311;1334688.00000000000000000000000000000000000000000000000000
312;1336120.00000000000000000000000000000000000000000000000000
313;1341380.00000000000000000000000000000000000000000000000000
314;1342960.00000000000000000000000000000000000000000000000000
315;1346028.00000000000000000000000000000000000000000000000000
316;1348604.00000000000000000000000000000000000000000000000000
317;1350256.00000000000000000000000000000000000000000000000000
318;1354300.00000000000000000000000000000000000000000000000000
319;1356616.00000000000000000000000000000000000000000000000000
320;1358588.00000000000000000000000000000000000000000000000000
321;1364612.00000000000000000000000000000000000000000000000000
322;1366472.00000000000000000000000000000000000000000000000000
323;1368352.00000000000000000000000000000000000000000000000000
324;1374088.00000000000000000000000000000000000000000000000000
325;1375868.00000000000000000000000000000000000000000000000000
326;1377704.00000000000000000000000000000000000000000000000000
327;1379800.00000000000000000000000000000000000000000000000000
328;1384936.00000000000000000000000000000000000000000000000000
329;1387488.00000000000000000000000000000000000000000000000000
330;1389344.00000000000000000000000000000000000000000000000000
331;1391796.00000000000000000000000000000000000000000000000000
332;1397240.00000000000000000000000000000000000000000000000000
333;1398896.00000000000000000000000000000000000000000000000000
334;1400844.00000000000000000000000000000000000000000000000000
335;1403948.00000000000000000000000000000000000000000000000000
336;1405468.00000000000000000000000000000000000000000000000000
337;1410312.00000000000000000000000000000000000000000000000000
338;1411440.00000000000000000000000000000000000000000000000000
339;1413524.00000000000000000000000000000000000000000000000000
340;1415896.00000000000000000000000000000000000000000000000000
341;1416032.00000000000000000000000000000000000000000000000000
342;1415932.00000000000000000000000000000000000000000000000000
343;1416060.00000000000000000000000000000000000000000000000000
344;1415932.00000000000000000000000000000000000000000000000000
345;1415932.00000000000000000000000000000000000000000000000000
346;1416188.00000000000000000000000000000000000000000000000000
347;1415908.00000000000000000000000000000000000000000000000000
348;1415932.00000000000000000000000000000000000000000000000000
349;1415908.00000000000000000000000000000000000000000000000000
350;1415932.00000000000000000000000000000000000000000000000000
351;1415932.00000000000000000000000000000000000000000000000000
352;1416060.00000000000000000000000000000000000000000000000000
353;1416188.00000000000000000000000000000000000000000000000000
354;1415932.00000000000000000000000000000000000000000000000000
355;1415932.00000000000000000000000000000000000000000000000000
356;1415872.00000000000000000000000000000000000000000000000000
357;1415908.00000000000000000000000000000000000000000000000000
358;1415932.00000000000000000000000000000000000000000000000000
359;1415892.00000000000000000000000000000000000000000000000000
360;1416060.00000000000000000000000000000000000000000000000000
361;1415908.00000000000000000000000000000000000000000000000000
362;1415932.00000000000000000000000000000000000000000000000000
363;1415932.00000000000000000000000000000000000000000000000000
364;1416188.00000000000000000000000000000000000000000000000000
365;1415932.00000000000000000000000000000000000000000000000000
366;1416188.00000000000000000000000000000000000000000000000000
367;1415908.00000000000000000000000000000000000000000000000000
368;1415932.00000000000000000000000000000000000000000000000000
369;1415872.00000000000000000000000000000000000000000000000000
370;1415908.00000000000000000000000000000000000000000000000000
371;1415932.00000000000000000000000000000000000000000000000000
372;1415932.00000000000000000000000000000000000000000000000000
373;1415932.00000000000000000000000000000000000000000000000000
374;1415924.00000000000000000000000000000000000000000000000000
375;1415932.00000000000000000000000000000000000000000000000000
376;1415932.00000000000000000000000000000000000000000000000000
377;1416060.00000000000000000000000000000000000000000000000000
378;1416188.00000000000000000000000000000000000000000000000000
379;1302548.00000000000000000000000000000000000000000000000000
380;1302180.00000000000000000000000000000000000000000000000000
381;1303996.00000000000000000000000000000000000000000000000000
382;1306576.00000000000000000000000000000000000000000000000000
383;1309076.00000000000000000000000000000000000000000000000000
384;1311324.00000000000000000000000000000000000000000000000000
385;1313184.00000000000000000000000000000000000000000000000000
386;1314728.00000000000000000000000000000000000000000000000000
387;1318248.00000000000000000000000000000000000000000000000000
388;1320220.00000000000000000000000000000000000000000000000000
389;1323836.00000000000000000000000000000000000000000000000000
390;1327120.00000000000000000000000000000000000000000000000000
391;1329016.00000000000000000000000000000000000000000000000000
392;1331852.00000000000000000000000000000000000000000000000000
393;1333968.00000000000000000000000000000000000000000000000000
394;1335460.00000000000000000000000000000000000000000000000000
395;1339072.00000000000000000000000000000000000000000000000000
396;1340572.00000000000000000000000000000000000000000000000000
397;1344628.00000000000000000000000000000000000000000000000000
398;1346380.00000000000000000000000000000000000000000000000000
399;1348648.00000000000000000000000000000000000000000000000000
400;1350368.00000000000000000000000000000000000000000000000000
401;1353292.00000000000000000000000000000000000000000000000000
402;1355928.00000000000000000000000000000000000000000000000000
403;1357848.00000000000000000000000000000000000000000000000000
404;1360128.00000000000000000000000000000000000000000000000000
405;1366612.00000000000000000000000000000000000000000000000000
406;1368564.00000000000000000000000000000000000000000000000000
407;1370880.00000000000000000000000000000000000000000000000000
408;1376636.00000000000000000000000000000000000000000000000000
409;1377900.00000000000000000000000000000000000000000000000000
410;1378992.00000000000000000000000000000000000000000000000000
411;1381760.00000000000000000000000000000000000000000000000000
412;1383832.00000000000000000000000000000000000000000000000000
413;1389148.00000000000000000000000000000000000000000000000000
414;1390920.00000000000000000000000000000000000000000000000000
415;1393124.00000000000000000000000000000000000000000000000000
416;1394424.00000000000000000000000000000000000000000000000000
417;1396772.00000000000000000000000000000000000000000000000000
418;1400796.00000000000000000000000000000000000000000000000000
419;1401480.00000000000000000000000000000000000000000000000000
420;1402900.00000000000000000000000000000000000000000000000000
421;1404260.00000000000000000000000000000000000000000000000000
422;1406232.00000000000000000000000000000000000000000000000000
423;1408548.00000000000000000000000000000000000000000000000000
424;1410092.00000000000000000000000000000000000000000000000000
425;1417780.00000000000000000000000000000000000000000000000000
426;1420212.00000000000000000000000000000000000000000000000000
427;1420136.00000000000000000000000000000000000000000000000000
428;1420132.00000000000000000000000000000000000000000000000000
429;1420132.00000000000000000000000000000000000000000000000000
430;1420072.00000000000000000000000000000000000000000000000000
431;1420132.00000000000000000000000000000000000000000000000000
432;1420388.00000000000000000000000000000000000000000000000000
433;1420132.00000000000000000000000000000000000000000000000000
434;1420108.00000000000000000000000000000000000000000000000000
435;1420132.00000000000000000000000000000000000000000000000000
436;1420072.00000000000000000000000000000000000000000000000000
437;1420132.00000000000000000000000000000000000000000000000000
438;1420068.00000000000000000000000000000000000000000000000000
439;1420132.00000000000000000000000000000000000000000000000000
440;1420388.00000000000000000000000000000000000000000000000000
441;1420388.00000000000000000000000000000000000000000000000000
442;1420132.00000000000000000000000000000000000000000000000000
443;1420072.00000000000000000000000000000000000000000000000000
444;1420132.00000000000000000000000000000000000000000000000000
445;1420136.00000000000000000000000000000000000000000000000000
446;1420392.00000000000000000000000000000000000000000000000000
447;1420264.00000000000000000000000000000000000000000000000000
448;1420136.00000000000000000000000000000000000000000000000000
449;1420392.00000000000000000000000000000000000000000000000000
450;1420136.00000000000000000000000000000000000000000000000000
451;1420136.00000000000000000000000000000000000000000000000000
452;1420392.00000000000000000000000000000000000000000000000000
453;1420136.00000000000000000000000000000000000000000000000000
454;1420136.00000000000000000000000000000000000000000000000000
455;1420392.00000000000000000000000000000000000000000000000000
456;1420136.00000000000000000000000000000000000000000000000000
457;1420136.00000000000000000000000000000000000000000000000000
458;1420136.00000000000000000000000000000000000000000000000000
459;1420132.00000000000000000000000000000000000000000000000000
460;1420196.00000000000000000000000000000000000000000000000000
461;1420132.00000000000000000000000000000000000000000000000000
462;1420132.00000000000000000000000000000000000000000000000000
463;1420132.00000000000000000000000000000000000000000000000000
464;1420132.00000000000000000000000000000000000000000000000000
465;1420132.00000000000000000000000000000000000000000000000000
466;1420260.00000000000000000000000000000000000000000000000000
467;1420068.00000000000000000000000000000000000000000000000000
468;1312252.00000000000000000000000000000000000000000000000000
469;1312920.00000000000000000000000000000000000000000000000000
470;1305040.00000000000000000000000000000000000000000000000000
471;1307760.00000000000000000000000000000000000000000000000000
472;1310048.00000000000000000000000000000000000000000000000000
473;1311380.00000000000000000000000000000000000000000000000000
474;1313364.00000000000000000000000000000000000000000000000000
475;1314748.00000000000000000000000000000000000000000000000000
476;1316708.00000000000000000000000000000000000000000000000000
477;1320092.00000000000000000000000000000000000000000000000000
478;1322444.00000000000000000000000000000000000000000000000000
479;1326444.00000000000000000000000000000000000000000000000000
480;1327680.00000000000000000000000000000000000000000000000000
481;1330744.00000000000000000000000000000000000000000000000000
482;1332604.00000000000000000000000000000000000000000000000000
483;1335236.00000000000000000000000000000000000000000000000000
484;1338516.00000000000000000000000000000000000000000000000000
485;1340432.00000000000000000000000000000000000000000000000000
486;1341896.00000000000000000000000000000000000000000000000000
487;1346084.00000000000000000000000000000000000000000000000000
488;1348288.00000000000000000000000000000000000000000000000000
489;1352484.00000000000000000000000000000000000000000000000000
490;1354292.00000000000000000000000000000000000000000000000000
491;1356632.00000000000000000000000000000000000000000000000000
492;1361292.00000000000000000000000000000000000000000000000000
493;1363580.00000000000000000000000000000000000000000000000000
494;1366132.00000000000000000000000000000000000000000000000000
495;1372424.00000000000000000000000000000000000000000000000000
496;1375080.00000000000000000000000000000000000000000000000000
497;1377192.00000000000000000000000000000000000000000000000000
498;1382352.00000000000000000000000000000000000000000000000000
499;1384500.00000000000000000000000000000000000000000000000000
500;1386820.00000000000000000000000000000000000000000000000000
501;1388488.00000000000000000000000000000000000000000000000000
502;1390236.00000000000000000000000000000000000000000000000000
503;1395112.00000000000000000000000000000000000000000000000000
504;1397488.00000000000000000000000000000000000000000000000000
505;1399104.00000000000000000000000000000000000000000000000000
506;1401868.00000000000000000000000000000000000000000000000000
507;1405520.00000000000000000000000000000000000000000000000000
508;1406628.00000000000000000000000000000000000000000000000000
509;1408452.00000000000000000000000000000000000000000000000000
510;1410612.00000000000000000000000000000000000000000000000000
511;1413164.00000000000000000000000000000000000000000000000000
512;1417968.00000000000000000000000000000000000000000000000000
513;1418136.00000000000000000000000000000000000000000000000000
514;1418136.00000000000000000000000000000000000000000000000000
515;1418136.00000000000000000000000000000000000000000000000000
516;1418072.00000000000000000000000000000000000000000000000000
517;1418136.00000000000000000000000000000000000000000000000000
518;1418392.00000000000000000000000000000000000000000000000000
519;1418136.00000000000000000000000000000000000000000000000000
520;1418264.00000000000000000000000000000000000000000000000000
521;1418072.00000000000000000000000000000000000000000000000000
522;1418136.00000000000000000000000000000000000000000000000000
523;1418136.00000000000000000000000000000000000000000000000000
524;1418136.00000000000000000000000000000000000000000000000000
525;1418392.00000000000000000000000000000000000000000000000000
526;1418136.00000000000000000000000000000000000000000000000000
527;1418136.00000000000000000000000000000000000000000000000000
528;1418072.00000000000000000000000000000000000000000000000000
529;1418136.00000000000000000000000000000000000000000000000000
530;1418072.00000000000000000000000000000000000000000000000000
531;1418136.00000000000000000000000000000000000000000000000000
532;1418136.00000000000000000000000000000000000000000000000000
533;1418200.00000000000000000000000000000000000000000000000000
534;1418136.00000000000000000000000000000000000000000000000000
535;1418136.00000000000000000000000000000000000000000000000000
536;1418056.00000000000000000000000000000000000000000000000000
537;1418072.00000000000000000000000000000000000000000000000000
538;1418392.00000000000000000000000000000000000000000000000000
539;1418136.00000000000000000000000000000000000000000000000000
540;1418264.00000000000000000000000000000000000000000000000000
541;1418136.00000000000000000000000000000000000000000000000000
542;1418136.00000000000000000000000000000000000000000000000000
543;1418136.00000000000000000000000000000000000000000000000000
544;1418136.00000000000000000000000000000000000000000000000000
545;1418136.00000000000000000000000000000000000000000000000000
546;1418136.00000000000000000000000000000000000000000000000000
547;1418136.00000000000000000000000000000000000000000000000000
548;1418136.00000000000000000000000000000000000000000000000000
549;1418264.00000000000000000000000000000000000000000000000000
550;1418136.00000000000000000000000000000000000000000000000000
551;1312032.00000000000000000000000000000000000000000000000000
552;1312592.00000000000000000000000000000000000000000000000000
553;1313628.00000000000000000000000000000000000000000000000000
554;1313984.00000000000000000000000000000000000000000000000000
555;1314932.00000000000000000000000000000000000000000000000000
556;1315740.00000000000000000000000000000000000000000000000000
557;1317828.00000000000000000000000000000000000000000000000000
558;1319608.00000000000000000000000000000000000000000000000000
559;1322828.00000000000000000000000000000000000000000000000000
560;1324432.00000000000000000000000000000000000000000000000000
561;1327192.00000000000000000000000000000000000000000000000000
562;1329324.00000000000000000000000000000000000000000000000000
563;1331292.00000000000000000000000000000000000000000000000000
564;1334388.00000000000000000000000000000000000000000000000000
565;1337484.00000000000000000000000000000000000000000000000000
566;1339652.00000000000000000000000000000000000000000000000000
567;1342428.00000000000000000000000000000000000000000000000000
568;1344136.00000000000000000000000000000000000000000000000000
569;1347072.00000000000000000000000000000000000000000000000000
570;1349272.00000000000000000000000000000000000000000000000000
571;1351332.00000000000000000000000000000000000000000000000000
572;1355416.00000000000000000000000000000000000000000000000000
573;1357076.00000000000000000000000000000000000000000000000000
574;1361200.00000000000000000000000000000000000000000000000000
575;1363344.00000000000000000000000000000000000000000000000000
576;1366556.00000000000000000000000000000000000000000000000000
577;1372108.00000000000000000000000000000000000000000000000000
578;1375436.00000000000000000000000000000000000000000000000000
579;1377040.00000000000000000000000000000000000000000000000000
580;1379112.00000000000000000000000000000000000000000000000000
581;1385264.00000000000000000000000000000000000000000000000000
582;1387480.00000000000000000000000000000000000000000000000000
583;1390012.00000000000000000000000000000000000000000000000000
584;1394576.00000000000000000000000000000000000000000000000000
585;1396620.00000000000000000000000000000000000000000000000000
586;1399016.00000000000000000000000000000000000000000000000000
587;1400876.00000000000000000000000000000000000000000000000000
588;1405264.00000000000000000000000000000000000000000000000000
589;1406556.00000000000000000000000000000000000000000000000000
590;1408840.00000000000000000000000000000000000000000000000000
591;1410520.00000000000000000000000000000000000000000000000000
592;1414052.00000000000000000000000000000000000000000000000000
593;1415872.00000000000000000000000000000000000000000000000000
594;1423228.00000000000000000000000000000000000000000000000000
595;1423412.00000000000000000000000000000000000000000000000000
596;1423408.00000000000000000000000000000000000000000000000000
597;1423344.00000000000000000000000000000000000000000000000000
598;1423408.00000000000000000000000000000000000000000000000000
599;1423408.00000000000000000000000000000000000000000000000000
600;1423408.00000000000000000000000000000000000000000000000000
601;1423408.00000000000000000000000000000000000000000000000000
602;1423664.00000000000000000000000000000000000000000000000000
603;1423536.00000000000000000000000000000000000000000000000000
604;1423408.00000000000000000000000000000000000000000000000000
605;1423344.00000000000000000000000000000000000000000000000000
606;1423408.00000000000000000000000000000000000000000000000000
607;1423780.00000000000000000000000000000000000000000000000000
608;1423780.00000000000000000000000000000000000000000000000000
609;1423524.00000000000000000000000000000000000000000000000000
610;1423524.00000000000000000000000000000000000000000000000000
611;1423652.00000000000000000000000000000000000000000000000000
612;1423524.00000000000000000000000000000000000000000000000000
613;1423524.00000000000000000000000000000000000000000000000000
614;1423524.00000000000000000000000000000000000000000000000000
615;1423524.00000000000000000000000000000000000000000000000000
616;1423524.00000000000000000000000000000000000000000000000000
617;1423524.00000000000000000000000000000000000000000000000000
618;1423652.00000000000000000000000000000000000000000000000000
619;1423524.00000000000000000000000000000000000000000000000000
620;1423944.00000000000000000000000000000000000000000000000000
621;1423944.00000000000000000000000000000000000000000000000000
622;1423748.00000000000000000000000000000000000000000000000000
623;1423944.00000000000000000000000000000000000000000000000000
624;1423688.00000000000000000000000000000000000000000000000000
625;1423688.00000000000000000000000000000000000000000000000000
626;1423688.00000000000000000000000000000000000000000000000000
627;1423688.00000000000000000000000000000000000000000000000000
628;1423688.00000000000000000000000000000000000000000000000000
629;1423688.00000000000000000000000000000000000000000000000000
630;1423688.00000000000000000000000000000000000000000000000000
631;1423688.00000000000000000000000000000000000000000000000000
632;1423624.00000000000000000000000000000000000000000000000000
633;1390416.00000000000000000000000000000000000000000000000000
634;1315868.00000000000000000000000000000000000000000000000000
635;1315924.00000000000000000000000000000000000000000000000000
636;1316844.00000000000000000000000000000000000000000000000000
637;1317452.00000000000000000000000000000000000000000000000000
638;1318240.00000000000000000000000000000000000000000000000000
639;1319004.00000000000000000000000000000000000000000000000000
640;1321364.00000000000000000000000000000000000000000000000000
641;1323988.00000000000000000000000000000000000000000000000000
642;1326752.00000000000000000000000000000000000000000000000000
643;1328552.00000000000000000000000000000000000000000000000000
644;1331336.00000000000000000000000000000000000000000000000000
645;1333492.00000000000000000000000000000000000000000000000000
646;1335960.00000000000000000000000000000000000000000000000000
647;1337704.00000000000000000000000000000000000000000000000000
648;1341284.00000000000000000000000000000000000000000000000000
649;1342960.00000000000000000000000000000000000000000000000000
650;1346616.00000000000000000000000000000000000000000000000000
651;1347576.00000000000000000000000000000000000000000000000000
652;1350560.00000000000000000000000000000000000000000000000000
653;1353484.00000000000000000000000000000000000000000000000000
654;1355956.00000000000000000000000000000000000000000000000000
655;1359708.00000000000000000000000000000000000000000000000000
656;1362288.00000000000000000000000000000000000000000000000000
657;1363516.00000000000000000000000000000000000000000000000000
658;1370448.00000000000000000000000000000000000000000000000000
659;1373276.00000000000000000000000000000000000000000000000000
660;1375892.00000000000000000000000000000000000000000000000000
661;1382908.00000000000000000000000000000000000000000000000000
662;1384936.00000000000000000000000000000000000000000000000000
663;1387480.00000000000000000000000000000000000000000000000000
664;1389252.00000000000000000000000000000000000000000000000000
665;1394500.00000000000000000000000000000000000000000000000000
666;1395928.00000000000000000000000000000000000000000000000000
667;1397996.00000000000000000000000000000000000000000000000000
668;1399948.00000000000000000000000000000000000000000000000000
669;1404412.00000000000000000000000000000000000000000000000000
670;1404668.00000000000000000000000000000000000000000000000000
671;1407336.00000000000000000000000000000000000000000000000000
672;1410188.00000000000000000000000000000000000000000000000000
673;1412548.00000000000000000000000000000000000000000000000000
674;1417748.00000000000000000000000000000000000000000000000000
675;1418188.00000000000000000000000000000000000000000000000000
676;1418764.00000000000000000000000000000000000000000000000000
677;1418308.00000000000000000000000000000000000000000000000000
678;1418372.00000000000000000000000000000000000000000000000000
679;1418372.00000000000000000000000000000000000000000000000000
680;1418628.00000000000000000000000000000000000000000000000000
681;1418372.00000000000000000000000000000000000000000000000000
682;1418372.00000000000000000000000000000000000000000000000000
683;1418372.00000000000000000000000000000000000000000000000000
684;1418372.00000000000000000000000000000000000000000000000000
685;1418388.00000000000000000000000000000000000000000000000000
686;1418408.00000000000000000000000000000000000000000000000000
687;1418344.00000000000000000000000000000000000000000000000000
688;1418408.00000000000000000000000000000000000000000000000000
689;1418664.00000000000000000000000000000000000000000000000000
690;1418408.00000000000000000000000000000000000000000000000000
691;1418344.00000000000000000000000000000000000000000000000000
692;1418408.00000000000000000000000000000000000000000000000000
693;1418408.00000000000000000000000000000000000000000000000000
694;1418408.00000000000000000000000000000000000000000000000000
695;1418408.00000000000000000000000000000000000000000000000000
696;1418408.00000000000000000000000000000000000000000000000000
697;1418408.00000000000000000000000000000000000000000000000000
698;1418408.00000000000000000000000000000000000000000000000000
699;1418408.00000000000000000000000000000000000000000000000000
700;1418408.00000000000000000000000000000000000000000000000000
701;1418536.00000000000000000000000000000000000000000000000000
702;1418664.00000000000000000000000000000000000000000000000000
703;1418344.00000000000000000000000000000000000000000000000000
704;1418344.00000000000000000000000000000000000000000000000000
705;1418408.00000000000000000000000000000000000000000000000000
706;1418440.00000000000000000000000000000000000000000000000000
707;1418440.00000000000000000000000000000000000000000000000000
708;1418440.00000000000000000000000000000000000000000000000000
709;1418440.00000000000000000000000000000000000000000000000000
710;1418696.00000000000000000000000000000000000000000000000000
711;1418440.00000000000000000000000000000000000000000000000000
712;1418440.00000000000000000000000000000000000000000000000000
713;1418440.00000000000000000000000000000000000000000000000000
714;1418376.00000000000000000000000000000000000000000000000000
715;1312556.00000000000000000000000000000000000000000000000000
716;1313168.00000000000000000000000000000000000000000000000000
717;1314072.00000000000000000000000000000000000000000000000000
718;1315536.00000000000000000000000000000000000000000000000000
719;1316400.00000000000000000000000000000000000000000000000000
720;1317028.00000000000000000000000000000000000000000000000000
721;1319216.00000000000000000000000000000000000000000000000000
722;1320972.00000000000000000000000000000000000000000000000000
723;1322732.00000000000000000000000000000000000000000000000000
724;1326012.00000000000000000000000000000000000000000000000000
725;1328628.00000000000000000000000000000000000000000000000000
726;1330440.00000000000000000000000000000000000000000000000000
727;1332728.00000000000000000000000000000000000000000000000000
728;1335496.00000000000000000000000000000000000000000000000000
729;1337140.00000000000000000000000000000000000000000000000000
730;1339144.00000000000000000000000000000000000000000000000000
731;1342388.00000000000000000000000000000000000000000000000000
732;1344160.00000000000000000000000000000000000000000000000000
733;1346188.00000000000000000000000000000000000000000000000000
734;1349584.00000000000000000000000000000000000000000000000000
735;1352252.00000000000000000000000000000000000000000000000000
736;1355492.00000000000000000000000000000000000000000000000000
737;1357884.00000000000000000000000000000000000000000000000000
738;1359420.00000000000000000000000000000000000000000000000000
739;1362892.00000000000000000000000000000000000000000000000000
740;1365536.00000000000000000000000000000000000000000000000000
741;1371500.00000000000000000000000000000000000000000000000000
742;1374272.00000000000000000000000000000000000000000000000000
743;1376252.00000000000000000000000000000000000000000000000000
744;1378580.00000000000000000000000000000000000000000000000000
745;1384824.00000000000000000000000000000000000000000000000000
746;1387316.00000000000000000000000000000000000000000000000000
747;1389456.00000000000000000000000000000000000000000000000000
748;1395772.00000000000000000000000000000000000000000000000000
749;1398552.00000000000000000000000000000000000000000000000000
750;1400472.00000000000000000000000000000000000000000000000000
751;1403152.00000000000000000000000000000000000000000000000000
752;1405140.00000000000000000000000000000000000000000000000000
753;1409128.00000000000000000000000000000000000000000000000000
754;1411932.00000000000000000000000000000000000000000000000000
755;1414928.00000000000000000000000000000000000000000000000000
756;1417012.00000000000000000000000000000000000000000000000000
757;1424916.00000000000000000000000000000000000000000000000000
758;1425308.00000000000000000000000000000000000000000000000000
759;1424868.00000000000000000000000000000000000000000000000000
760;1425124.00000000000000000000000000000000000000000000000000
761;1424868.00000000000000000000000000000000000000000000000000
762;1424868.00000000000000000000000000000000000000000000000000
763;1424868.00000000000000000000000000000000000000000000000000
764;1425124.00000000000000000000000000000000000000000000000000
765;1424804.00000000000000000000000000000000000000000000000000
766;1424868.00000000000000000000000000000000000000000000000000
767;1424868.00000000000000000000000000000000000000000000000000
768;1424868.00000000000000000000000000000000000000000000000000
769;1424868.00000000000000000000000000000000000000000000000000
770;1425136.00000000000000000000000000000000000000000000000000
771;1425152.00000000000000000000000000000000000000000000000000
772;1425156.00000000000000000000000000000000000000000000000000
773;1424900.00000000000000000000000000000000000000000000000000
774;1425028.00000000000000000000000000000000000000000000000000
775;1424900.00000000000000000000000000000000000000000000000000
776;1424900.00000000000000000000000000000000000000000000000000
777;1424900.00000000000000000000000000000000000000000000000000
778;1424900.00000000000000000000000000000000000000000000000000
779;1424900.00000000000000000000000000000000000000000000000000
780;1424900.00000000000000000000000000000000000000000000000000
781;1424900.00000000000000000000000000000000000000000000000000
782;1424900.00000000000000000000000000000000000000000000000000
783;1425156.00000000000000000000000000000000000000000000000000
784;1425156.00000000000000000000000000000000000000000000000000
785;1425028.00000000000000000000000000000000000000000000000000
786;1424900.00000000000000000000000000000000000000000000000000
787;1424896.00000000000000000000000000000000000000000000000000
788;1424832.00000000000000000000000000000000000000000000000000
789;1424896.00000000000000000000000000000000000000000000000000
790;1424896.00000000000000000000000000000000000000000000000000
791;1425024.00000000000000000000000000000000000000000000000000
792;1424896.00000000000000000000000000000000000000000000000000
793;1424896.00000000000000000000000000000000000000000000000000
794;1424896.00000000000000000000000000000000000000000000000000
795;1424896.00000000000000000000000000000000000000000000000000
796;1323364.00000000000000000000000000000000000000000000000000
797;1323560.00000000000000000000000000000000000000000000000000
798;1324604.00000000000000000000000000000000000000000000000000
799;1324492.00000000000000000000000000000000000000000000000000
800;1325804.00000000000000000000000000000000000000000000000000
801;1326056.00000000000000000000000000000000000000000000000000
802;1326620.00000000000000000000000000000000000000000000000000
803;1326780.00000000000000000000000000000000000000000000000000
804;1328256.00000000000000000000000000000000000000000000000000
805;1330828.00000000000000000000000000000000000000000000000000
806;1332796.00000000000000000000000000000000000000000000000000
807;1336004.00000000000000000000000000000000000000000000000000
808;1338032.00000000000000000000000000000000000000000000000000
809;1340888.00000000000000000000000000000000000000000000000000
810;1342584.00000000000000000000000000000000000000000000000000
811;1344528.00000000000000000000000000000000000000000000000000
812;1346916.00000000000000000000000000000000000000000000000000
813;1349832.00000000000000000000000000000000000000000000000000
814;1351596.00000000000000000000000000000000000000000000000000
815;1353828.00000000000000000000000000000000000000000000000000
816;1355304.00000000000000000000000000000000000000000000000000
817;1358684.00000000000000000000000000000000000000000000000000
818;1360612.00000000000000000000000000000000000000000000000000
819;1362568.00000000000000000000000000000000000000000000000000
820;1367684.00000000000000000000000000000000000000000000000000
821;1369564.00000000000000000000000000000000000000000000000000
822;1371452.00000000000000000000000000000000000000000000000000
823;1373204.00000000000000000000000000000000000000000000000000
824;1378168.00000000000000000000000000000000000000000000000000
825;1379948.00000000000000000000000000000000000000000000000000
826;1382528.00000000000000000000000000000000000000000000000000
827;1390588.00000000000000000000000000000000000000000000000000
828;1393000.00000000000000000000000000000000000000000000000000
829;1395016.00000000000000000000000000000000000000000000000000
830;1396940.00000000000000000000000000000000000000000000000000
831;1403396.00000000000000000000000000000000000000000000000000
832;1405916.00000000000000000000000000000000000000000000000000
833;1407716.00000000000000000000000000000000000000000000000000
834;1410548.00000000000000000000000000000000000000000000000000
835;1417136.00000000000000000000000000000000000000000000000000
836;1417172.00000000000000000000000000000000000000000000000000
837;1418304.00000000000000000000000000000000000000000000000000
838;1420068.00000000000000000000000000000000000000000000000000
839;1421580.00000000000000000000000000000000000000000000000000
840;1421580.00000000000000000000000000000000000000000000000000
841;1421752.00000000000000000000000000000000000000000000000000
842;1421692.00000000000000000000000000000000000000000000000000
843;1421752.00000000000000000000000000000000000000000000000000
844;1422008.00000000000000000000000000000000000000000000000000
845;1421752.00000000000000000000000000000000000000000000000000
846;1421728.00000000000000000000000000000000000000000000000000
847;1421752.00000000000000000000000000000000000000000000000000
848;1421752.00000000000000000000000000000000000000000000000000
849;1421880.00000000000000000000000000000000000000000000000000
850;1421728.00000000000000000000000000000000000000000000000000
851;1421752.00000000000000000000000000000000000000000000000000
852;1422008.00000000000000000000000000000000000000000000000000
853;1421752.00000000000000000000000000000000000000000000000000
854;1421752.00000000000000000000000000000000000000000000000000
855;1421752.00000000000000000000000000000000000000000000000000
856;1421752.00000000000000000000000000000000000000000000000000
857;1421752.00000000000000000000000000000000000000000000000000
858;1421752.00000000000000000000000000000000000000000000000000
859;1421692.00000000000000000000000000000000000000000000000000
860;1421752.00000000000000000000000000000000000000000000000000
861;1421752.00000000000000000000000000000000000000000000000000
862;1421752.00000000000000000000000000000000000000000000000000
863;1421688.00000000000000000000000000000000000000000000000000
864;1421752.00000000000000000000000000000000000000000000000000
865;1422008.00000000000000000000000000000000000000000000000000
866;1421752.00000000000000000000000000000000000000000000000000
867;1421728.00000000000000000000000000000000000000000000000000
868;1421880.00000000000000000000000000000000000000000000000000
869;1421752.00000000000000000000000000000000000000000000000000
870;1421880.00000000000000000000000000000000000000000000000000
871;1421728.00000000000000000000000000000000000000000000000000
872;1421752.00000000000000000000000000000000000000000000000000
873;1421752.00000000000000000000000000000000000000000000000000
874;1421692.00000000000000000000000000000000000000000000000000
875;1421752.00000000000000000000000000000000000000000000000000
876;1421752.00000000000000000000000000000000000000000000000000
877;1422008.00000000000000000000000000000000000000000000000000
878;1321784.00000000000000000000000000000000000000000000000000
879;1322252.00000000000000000000000000000000000000000000000000
880;1323236.00000000000000000000000000000000000000000000000000
881;1324104.00000000000000000000000000000000000000000000000000
882;1324712.00000000000000000000000000000000000000000000000000
883;1325020.00000000000000000000000000000000000000000000000000
884;1325700.00000000000000000000000000000000000000000000000000
885;1327728.00000000000000000000000000000000000000000000000000
886;1330208.00000000000000000000000000000000000000000000000000
887;1331868.00000000000000000000000000000000000000000000000000
888;1333924.00000000000000000000000000000000000000000000000000
889;1335340.00000000000000000000000000000000000000000000000000
890;1337256.00000000000000000000000000000000000000000000000000
891;1339332.00000000000000000000000000000000000000000000000000
892;1340280.00000000000000000000000000000000000000000000000000
893;1341436.00000000000000000000000000000000000000000000000000
894;1343804.00000000000000000000000000000000000000000000000000
895;1346104.00000000000000000000000000000000000000000000000000
896;1348416.00000000000000000000000000000000000000000000000000
897;1350864.00000000000000000000000000000000000000000000000000
898;1353956.00000000000000000000000000000000000000000000000000
899;1355536.00000000000000000000000000000000000000000000000000
900;1357292.00000000000000000000000000000000000000000000000000
901;1360784.00000000000000000000000000000000000000000000000000
902;1362196.00000000000000000000000000000000000000000000000000
903;1364628.00000000000000000000000000000000000000000000000000
904;1369064.00000000000000000000000000000000000000000000000000
905;1370920.00000000000000000000000000000000000000000000000000
906;1373260.00000000000000000000000000000000000000000000000000
907;1378492.00000000000000000000000000000000000000000000000000
908;1380176.00000000000000000000000000000000000000000000000000
909;1382552.00000000000000000000000000000000000000000000000000
910;1388604.00000000000000000000000000000000000000000000000000
911;1391492.00000000000000000000000000000000000000000000000000
912;1393116.00000000000000000000000000000000000000000000000000
913;1395376.00000000000000000000000000000000000000000000000000
914;1402840.00000000000000000000000000000000000000000000000000
915;1405116.00000000000000000000000000000000000000000000000000
916;1408036.00000000000000000000000000000000000000000000000000
917;1410200.00000000000000000000000000000000000000000000000000
918;1412672.00000000000000000000000000000000000000000000000000
919;1416392.00000000000000000000000000000000000000000000000000
920;1418704.00000000000000000000000000000000000000000000000000
921;1421240.00000000000000000000000000000000000000000000000000
922;1423676.00000000000000000000000000000000000000000000000000
923;1423628.00000000000000000000000000000000000000000000000000
924;1423560.00000000000000000000000000000000000000000000000000
925;1423536.00000000000000000000000000000000000000000000000000
926;1423560.00000000000000000000000000000000000000000000000000
927;1423560.00000000000000000000000000000000000000000000000000
928;1423560.00000000000000000000000000000000000000000000000000
929;1423500.00000000000000000000000000000000000000000000000000
930;1423560.00000000000000000000000000000000000000000000000000
931;1423560.00000000000000000000000000000000000000000000000000
932;1423560.00000000000000000000000000000000000000000000000000
933;1423560.00000000000000000000000000000000000000000000000000
934;1423560.00000000000000000000000000000000000000000000000000
935;1423816.00000000000000000000000000000000000000000000000000
936;1423560.00000000000000000000000000000000000000000000000000
937;1423560.00000000000000000000000000000000000000000000000000
938;1423560.00000000000000000000000000000000000000000000000000
939;1423816.00000000000000000000000000000000000000000000000000
940;1423560.00000000000000000000000000000000000000000000000000
941;1423560.00000000000000000000000000000000000000000000000000
942;1423560.00000000000000000000000000000000000000000000000000
943;1423496.00000000000000000000000000000000000000000000000000
944;1423500.00000000000000000000000000000000000000000000000000
945;1423688.00000000000000000000000000000000000000000000000000
946;1423536.00000000000000000000000000000000000000000000000000
947;1423560.00000000000000000000000000000000000000000000000000
948;1423816.00000000000000000000000000000000000000000000000000
949;1423816.00000000000000000000000000000000000000000000000000
950;1423560.00000000000000000000000000000000000000000000000000
951;1423500.00000000000000000000000000000000000000000000000000
952;1423560.00000000000000000000000000000000000000000000000000
953;1423560.00000000000000000000000000000000000000000000000000
954;1423560.00000000000000000000000000000000000000000000000000
955;1423560.00000000000000000000000000000000000000000000000000
956;1423560.00000000000000000000000000000000000000000000000000
957;1423560.00000000000000000000000000000000000000000000000000
958;1423560.00000000000000000000000000000000000000000000000000
959;1423628.00000000000000000000000000000000000000000000000000
960;1423560.00000000000000000000000000000000000000000000000000
961;1322868.00000000000000000000000000000000000000000000000000
962;1323268.00000000000000000000000000000000000000000000000000
963;1324732.00000000000000000000000000000000000000000000000000
964;1324912.00000000000000000000000000000000000000000000000000
965;1325736.00000000000000000000000000000000000000000000000000
966;1325584.00000000000000000000000000000000000000000000000000
967;1325980.00000000000000000000000000000000000000000000000000
968;1326580.00000000000000000000000000000000000000000000000000
969;1329524.00000000000000000000000000000000000000000000000000
970;1331524.00000000000000000000000000000000000000000000000000
971;1333612.00000000000000000000000000000000000000000000000000
972;1335740.00000000000000000000000000000000000000000000000000
973;1338820.00000000000000000000000000000000000000000000000000
974;1341308.00000000000000000000000000000000000000000000000000
975;1343708.00000000000000000000000000000000000000000000000000
976;1345328.00000000000000000000000000000000000000000000000000
977;1347348.00000000000000000000000000000000000000000000000000
978;1348908.00000000000000000000000000000000000000000000000000
979;1351728.00000000000000000000000000000000000000000000000000
980;1353756.00000000000000000000000000000000000000000000000000
981;1356424.00000000000000000000000000000000000000000000000000
982;1358360.00000000000000000000000000000000000000000000000000
983;1360668.00000000000000000000000000000000000000000000000000
984;1363716.00000000000000000000000000000000000000000000000000
985;1365616.00000000000000000000000000000000000000000000000000
986;1367228.00000000000000000000000000000000000000000000000000
987;1373572.00000000000000000000000000000000000000000000000000
988;1375016.00000000000000000000000000000000000000000000000000
989;1377636.00000000000000000000000000000000000000000000000000
990;1378948.00000000000000000000000000000000000000000000000000
991;1383588.00000000000000000000000000000000000000000000000000
992;1386264.00000000000000000000000000000000000000000000000000
993;1388704.00000000000000000000000000000000000000000000000000
994;1396908.00000000000000000000000000000000000000000000000000
995;1399944.00000000000000000000000000000000000000000000000000
996;1401872.00000000000000000000000000000000000000000000000000
997;1404592.00000000000000000000000000000000000000000000000000
998;1406520.00000000000000000000000000000000000000000000000000
999;1410772.00000000000000000000000000000000000000000000000000
1000;1412796.00000000000000000000000000000000000000000000000000
1001;1414192.00000000000000000000000000000000000000000000000000
1002;1416880.00000000000000000000000000000000000000000000000000
1003;1419248.00000000000000000000000000000000000000000000000000
1004;1427040.00000000000000000000000000000000000000000000000000
1005;1426512.00000000000000000000000000000000000000000000000000
1006;1426852.00000000000000000000000000000000000000000000000000
1007;1426724.00000000000000000000000000000000000000000000000000
1008;1426852.00000000000000000000000000000000000000000000000000
1009;1426724.00000000000000000000000000000000000000000000000000
1010;1426660.00000000000000000000000000000000000000000000000000
1011;1426660.00000000000000000000000000000000000000000000000000
1012;1426724.00000000000000000000000000000000000000000000000000
1013;1426724.00000000000000000000000000000000000000000000000000
1014;1426980.00000000000000000000000000000000000000000000000000
1015;1426724.00000000000000000000000000000000000000000000000000
1016;1426852.00000000000000000000000000000000000000000000000000
1017;1426980.00000000000000000000000000000000000000000000000000
1018;1426724.00000000000000000000000000000000000000000000000000
1019;1426724.00000000000000000000000000000000000000000000000000
1020;1426724.00000000000000000000000000000000000000000000000000
1021;1426660.00000000000000000000000000000000000000000000000000
1022;1426724.00000000000000000000000000000000000000000000000000
1023;1426724.00000000000000000000000000000000000000000000000000
1024;1426724.00000000000000000000000000000000000000000000000000
1025;1426724.00000000000000000000000000000000000000000000000000
1026;1426724.00000000000000000000000000000000000000000000000000
1027;1426724.00000000000000000000000000000000000000000000000000
1028;1426724.00000000000000000000000000000000000000000000000000
1029;1426724.00000000000000000000000000000000000000000000000000
1030;1426980.00000000000000000000000000000000000000000000000000
1031;1426980.00000000000000000000000000000000000000000000000000
1032;1426724.00000000000000000000000000000000000000000000000000
1033;1426724.00000000000000000000000000000000000000000000000000
1034;1426724.00000000000000000000000000000000000000000000000000
1035;1426980.00000000000000000000000000000000000000000000000000
1036;1426660.00000000000000000000000000000000000000000000000000
1037;1426724.00000000000000000000000000000000000000000000000000
1038;1426724.00000000000000000000000000000000000000000000000000
1039;1426724.00000000000000000000000000000000000000000000000000
1040;1426660.00000000000000000000000000000000000000000000000000
1041;1426724.00000000000000000000000000000000000000000000000000
1042;1426660.00000000000000000000000000000000000000000000000000
1043;1321060.00000000000000000000000000000000000000000000000000
1044;1321388.00000000000000000000000000000000000000000000000000
1045;1322456.00000000000000000000000000000000000000000000000000
1046;1322916.00000000000000000000000000000000000000000000000000
1047;1323492.00000000000000000000000000000000000000000000000000
1048;1323684.00000000000000000000000000000000000000000000000000
1049;1333428.00000000000000000000000000000000000000000000000000
1050;1335872.00000000000000000000000000000000000000000000000000
1051;1338700.00000000000000000000000000000000000000000000000000
1052;1340548.00000000000000000000000000000000000000000000000000
1053;1343152.00000000000000000000000000000000000000000000000000
1054;1344340.00000000000000000000000000000000000000000000000000
1055;1347876.00000000000000000000000000000000000000000000000000
1056;1350016.00000000000000000000000000000000000000000000000000
1057;1352796.00000000000000000000000000000000000000000000000000
1058;1356604.00000000000000000000000000000000000000000000000000
1059;1358252.00000000000000000000000000000000000000000000000000
1060;1362576.00000000000000000000000000000000000000000000000000
1061;1364316.00000000000000000000000000000000000000000000000000
1062;1366012.00000000000000000000000000000000000000000000000000
1063;1369920.00000000000000000000000000000000000000000000000000
1064;1372136.00000000000000000000000000000000000000000000000000
1065;1373556.00000000000000000000000000000000000000000000000000
1066;1379236.00000000000000000000000000000000000000000000000000
1067;1380784.00000000000000000000000000000000000000000000000000
1068;1382532.00000000000000000000000000000000000000000000000000
1069;1388672.00000000000000000000000000000000000000000000000000
1070;1390184.00000000000000000000000000000000000000000000000000
1071;1392872.00000000000000000000000000000000000000000000000000
1072;1396896.00000000000000000000000000000000000000000000000000
1073;1399124.00000000000000000000000000000000000000000000000000
1074;1400584.00000000000000000000000000000000000000000000000000
1075;1403172.00000000000000000000000000000000000000000000000000
1076;1408144.00000000000000000000000000000000000000000000000000
1077;1410780.00000000000000000000000000000000000000000000000000
1078;1412324.00000000000000000000000000000000000000000000000000
1079;1413900.00000000000000000000000000000000000000000000000000
1080;1417152.00000000000000000000000000000000000000000000000000
1081;1419724.00000000000000000000000000000000000000000000000000
1082;1421112.00000000000000000000000000000000000000000000000000
1083;1422832.00000000000000000000000000000000000000000000000000
1084;1424728.00000000000000000000000000000000000000000000000000
1085;1426996.00000000000000000000000000000000000000000000000000
1086;1437492.00000000000000000000000000000000000000000000000000
1087;1437492.00000000000000000000000000000000000000000000000000
1088;1437552.00000000000000000000000000000000000000000000000000
1089;1437552.00000000000000000000000000000000000000000000000000
1090;1437488.00000000000000000000000000000000000000000000000000
1091;1437552.00000000000000000000000000000000000000000000000000
1092;1437680.00000000000000000000000000000000000000000000000000
1093;1437552.00000000000000000000000000000000000000000000000000
1094;1437552.00000000000000000000000000000000000000000000000000
1095;1437488.00000000000000000000000000000000000000000000000000
1096;1437552.00000000000000000000000000000000000000000000000000
1097;1437552.00000000000000000000000000000000000000000000000000
1098;1437488.00000000000000000000000000000000000000000000000000
1099;1437808.00000000000000000000000000000000000000000000000000
1100;1437808.00000000000000000000000000000000000000000000000000
1101;1437552.00000000000000000000000000000000000000000000000000
1102;1437808.00000000000000000000000000000000000000000000000000
1103;1437552.00000000000000000000000000000000000000000000000000
1104;1437552.00000000000000000000000000000000000000000000000000
1105;1437552.00000000000000000000000000000000000000000000000000
1106;1437552.00000000000000000000000000000000000000000000000000
1107;1437552.00000000000000000000000000000000000000000000000000
1108;1437552.00000000000000000000000000000000000000000000000000
1109;1437552.00000000000000000000000000000000000000000000000000
1110;1437488.00000000000000000000000000000000000000000000000000
1111;1437552.00000000000000000000000000000000000000000000000000
1112;1437808.00000000000000000000000000000000000000000000000000
1113;1437808.00000000000000000000000000000000000000000000000000
1114;1437488.00000000000000000000000000000000000000000000000000
1115;1437552.00000000000000000000000000000000000000000000000000
1116;1437552.00000000000000000000000000000000000000000000000000
1117;1437552.00000000000000000000000000000000000000000000000000
1118;1437808.00000000000000000000000000000000000000000000000000
1119;1437552.00000000000000000000000000000000000000000000000000
1120;1437808.00000000000000000000000000000000000000000000000000
1121;1437552.00000000000000000000000000000000000000000000000000
1122;1437552.00000000000000000000000000000000000000000000000000
1123;1437488.00000000000000000000000000000000000000000000000000
1124;1437536.00000000000000000000000000000000000000000000000000
1125;1345292.00000000000000000000000000000000000000000000000000
1126;1345980.00000000000000000000000000000000000000000000000000
1127;1347260.00000000000000000000000000000000000000000000000000
1128;1348076.00000000000000000000000000000000000000000000000000
1129;1348740.00000000000000000000000000000000000000000000000000
1130;1349548.00000000000000000000000000000000000000000000000000
1131;1350040.00000000000000000000000000000000000000000000000000
1132;1350616.00000000000000000000000000000000000000000000000000
1133;1350920.00000000000000000000000000000000000000000000000000
1134;1354192.00000000000000000000000000000000000000000000000000
1135;1356708.00000000000000000000000000000000000000000000000000
1136;1359232.00000000000000000000000000000000000000000000000000
1137;1361904.00000000000000000000000000000000000000000000000000
1138;1363788.00000000000000000000000000000000000000000000000000
1139;1366052.00000000000000000000000000000000000000000000000000
1140;1367744.00000000000000000000000000000000000000000000000000
1141;1370056.00000000000000000000000000000000000000000000000000
1142;1372288.00000000000000000000000000000000000000000000000000
1143;1375132.00000000000000000000000000000000000000000000000000
1144;1376736.00000000000000000000000000000000000000000000000000
1145;1379476.00000000000000000000000000000000000000000000000000
1146;1381332.00000000000000000000000000000000000000000000000000
1147;1383380.00000000000000000000000000000000000000000000000000
1148;1386592.00000000000000000000000000000000000000000000000000
1149;1388740.00000000000000000000000000000000000000000000000000
1150;1390220.00000000000000000000000000000000000000000000000000
1151;1394696.00000000000000000000000000000000000000000000000000
1152;1396144.00000000000000000000000000000000000000000000000000
1153;1397760.00000000000000000000000000000000000000000000000000
1154;1401124.00000000000000000000000000000000000000000000000000
1155;1403412.00000000000000000000000000000000000000000000000000
1156;1405532.00000000000000000000000000000000000000000000000000
1157;1406920.00000000000000000000000000000000000000000000000000
1158;1417468.00000000000000000000000000000000000000000000000000
1159;1419060.00000000000000000000000000000000000000000000000000
1160;1422228.00000000000000000000000000000000000000000000000000
1161;1424792.00000000000000000000000000000000000000000000000000
1162;1429176.00000000000000000000000000000000000000000000000000
1163;1431620.00000000000000000000000000000000000000000000000000
1164;1433448.00000000000000000000000000000000000000000000000000
1165;1435572.00000000000000000000000000000000000000000000000000
1166;1437604.00000000000000000000000000000000000000000000000000
1167;1441252.00000000000000000000000000000000000000000000000000
1168;1442312.00000000000000000000000000000000000000000000000000
1169;1442312.00000000000000000000000000000000000000000000000000
1170;1442240.00000000000000000000000000000000000000000000000000
1171;1442176.00000000000000000000000000000000000000000000000000
1172;1442240.00000000000000000000000000000000000000000000000000
1173;1442368.00000000000000000000000000000000000000000000000000
1174;1442240.00000000000000000000000000000000000000000000000000
1175;1442240.00000000000000000000000000000000000000000000000000
1176;1442240.00000000000000000000000000000000000000000000000000
1177;1442240.00000000000000000000000000000000000000000000000000
1178;1442368.00000000000000000000000000000000000000000000000000
1179;1442496.00000000000000000000000000000000000000000000000000
1180;1442240.00000000000000000000000000000000000000000000000000
1181;1442504.00000000000000000000000000000000000000000000000000
1182;1442504.00000000000000000000000000000000000000000000000000
1183;1442248.00000000000000000000000000000000000000000000000000
1184;1442248.00000000000000000000000000000000000000000000000000
1185;1442248.00000000000000000000000000000000000000000000000000
1186;1442184.00000000000000000000000000000000000000000000000000
1187;1442376.00000000000000000000000000000000000000000000000000
1188;1442248.00000000000000000000000000000000000000000000000000
1189;1442248.00000000000000000000000000000000000000000000000000
1190;1442248.00000000000000000000000000000000000000000000000000
1191;1442504.00000000000000000000000000000000000000000000000000
1192;1442184.00000000000000000000000000000000000000000000000000
1193;1442184.00000000000000000000000000000000000000000000000000
1194;1442504.00000000000000000000000000000000000000000000000000
1195;1442504.00000000000000000000000000000000000000000000000000
1196;1442504.00000000000000000000000000000000000000000000000000
1197;1442248.00000000000000000000000000000000000000000000000000
1198;1442184.00000000000000000000000000000000000000000000000000
1199;1442248.00000000000000000000000000000000000000000000000000
1200;1442248.00000000000000000000000000000000000000000000000000
1201;1442248.00000000000000000000000000000000000000000000000000
1202;1442184.00000000000000000000000000000000000000000000000000
1203;1442248.00000000000000000000000000000000000000000000000000
1204;1442248.00000000000000000000000000000000000000000000000000
1205;1442504.00000000000000000000000000000000000000000000000000
1206;1442248.00000000000000000000000000000000000000000000000000
1207;1341912.00000000000000000000000000000000000000000000000000
1208;1342384.00000000000000000000000000000000000000000000000000
1209;1343160.00000000000000000000000000000000000000000000000000
1210;1344132.00000000000000000000000000000000000000000000000000
1211;1344484.00000000000000000000000000000000000000000000000000
1212;1344268.00000000000000000000000000000000000000000000000000
1213;1346416.00000000000000000000000000000000000000000000000000
1214;1346496.00000000000000000000000000000000000000000000000000
1215;1347540.00000000000000000000000000000000000000000000000000
1216;1350320.00000000000000000000000000000000000000000000000000
1217;1352504.00000000000000000000000000000000000000000000000000
1218;1354168.00000000000000000000000000000000000000000000000000
1219;1356160.00000000000000000000000000000000000000000000000000
1220;1358052.00000000000000000000000000000000000000000000000000
1221;1359840.00000000000000000000000000000000000000000000000000
1222;1361784.00000000000000000000000000000000000000000000000000
1223;1363492.00000000000000000000000000000000000000000000000000
1224;1367472.00000000000000000000000000000000000000000000000000
1225;1368900.00000000000000000000000000000000000000000000000000
1226;1371576.00000000000000000000000000000000000000000000000000
1227;1374028.00000000000000000000000000000000000000000000000000
1228;1375580.00000000000000000000000000000000000000000000000000
1229;1379124.00000000000000000000000000000000000000000000000000
1230;1381680.00000000000000000000000000000000000000000000000000
1231;1383328.00000000000000000000000000000000000000000000000000
1232;1387784.00000000000000000000000000000000000000000000000000
1233;1390140.00000000000000000000000000000000000000000000000000
1234;1391668.00000000000000000000000000000000000000000000000000
1235;1394600.00000000000000000000000000000000000000000000000000
1236;1397076.00000000000000000000000000000000000000000000000000
1237;1399236.00000000000000000000000000000000000000000000000000
1238;1401280.00000000000000000000000000000000000000000000000000
1239;1411748.00000000000000000000000000000000000000000000000000
1240;1414304.00000000000000000000000000000000000000000000000000
1241;1416584.00000000000000000000000000000000000000000000000000
1242;1423296.00000000000000000000000000000000000000000000000000
1243;1424024.00000000000000000000000000000000000000000000000000
1244;1424580.00000000000000000000000000000000000000000000000000
1245;1426740.00000000000000000000000000000000000000000000000000
1246;1428992.00000000000000000000000000000000000000000000000000
1247;1434916.00000000000000000000000000000000000000000000000000
1248;1435584.00000000000000000000000000000000000000000000000000
1249;1439952.00000000000000000000000000000000000000000000000000
1250;1439952.00000000000000000000000000000000000000000000000000
1251;1440840.00000000000000000000000000000000000000000000000000
1252;1440584.00000000000000000000000000000000000000000000000000
1253;1440584.00000000000000000000000000000000000000000000000000
1254;1440520.00000000000000000000000000000000000000000000000000
1255;1440520.00000000000000000000000000000000000000000000000000
1256;1440584.00000000000000000000000000000000000000000000000000
1257;1440584.00000000000000000000000000000000000000000000000000
1258;1440840.00000000000000000000000000000000000000000000000000
1259;1440584.00000000000000000000000000000000000000000000000000
1260;1440584.00000000000000000000000000000000000000000000000000
1261;1440584.00000000000000000000000000000000000000000000000000
1262;1440904.00000000000000000000000000000000000000000000000000
1263;1440904.00000000000000000000000000000000000000000000000000
1264;1440648.00000000000000000000000000000000000000000000000000
1265;1440648.00000000000000000000000000000000000000000000000000
1266;1440648.00000000000000000000000000000000000000000000000000
1267;1440776.00000000000000000000000000000000000000000000000000
1268;1440648.00000000000000000000000000000000000000000000000000
1269;1440648.00000000000000000000000000000000000000000000000000
1270;1440648.00000000000000000000000000000000000000000000000000
1271;1440648.00000000000000000000000000000000000000000000000000
1272;1440648.00000000000000000000000000000000000000000000000000
1273;1440648.00000000000000000000000000000000000000000000000000
1274;1440648.00000000000000000000000000000000000000000000000000
1275;1440904.00000000000000000000000000000000000000000000000000
1276;1440584.00000000000000000000000000000000000000000000000000
1277;1440648.00000000000000000000000000000000000000000000000000
1278;1440648.00000000000000000000000000000000000000000000000000
1279;1440648.00000000000000000000000000000000000000000000000000
1280;1440648.00000000000000000000000000000000000000000000000000
1281;1440648.00000000000000000000000000000000000000000000000000
1282;1440648.00000000000000000000000000000000000000000000000000
1283;1440712.00000000000000000000000000000000000000000000000000
1284;1440648.00000000000000000000000000000000000000000000000000
1285;1440904.00000000000000000000000000000000000000000000000000
1286;1440584.00000000000000000000000000000000000000000000000000
1287;1440648.00000000000000000000000000000000000000000000000000
1288;1348916.00000000000000000000000000000000000000000000000000
1289;1349860.00000000000000000000000000000000000000000000000000
1290;1350412.00000000000000000000000000000000000000000000000000
1291;1351788.00000000000000000000000000000000000000000000000000
1292;1352420.00000000000000000000000000000000000000000000000000
1293;1353092.00000000000000000000000000000000000000000000000000
1294;1354116.00000000000000000000000000000000000000000000000000
1295;1354032.00000000000000000000000000000000000000000000000000
1296;1355028.00000000000000000000000000000000000000000000000000
1297;1356676.00000000000000000000000000000000000000000000000000
1298;1359048.00000000000000000000000000000000000000000000000000
1299;1361020.00000000000000000000000000000000000000000000000000
1300;1362948.00000000000000000000000000000000000000000000000000
1301;1365132.00000000000000000000000000000000000000000000000000
1302;1367016.00000000000000000000000000000000000000000000000000
1303;1368684.00000000000000000000000000000000000000000000000000
1304;1371084.00000000000000000000000000000000000000000000000000
1305;1373276.00000000000000000000000000000000000000000000000000
1306;1377104.00000000000000000000000000000000000000000000000000
1307;1378864.00000000000000000000000000000000000000000000000000
1308;1381212.00000000000000000000000000000000000000000000000000
1309;1382624.00000000000000000000000000000000000000000000000000
1310;1385748.00000000000000000000000000000000000000000000000000
1311;1390776.00000000000000000000000000000000000000000000000000
1312;1392040.00000000000000000000000000000000000000000000000000
1313;1393412.00000000000000000000000000000000000000000000000000
1314;1398676.00000000000000000000000000000000000000000000000000
1315;1400068.00000000000000000000000000000000000000000000000000
1316;1402416.00000000000000000000000000000000000000000000000000
1317;1403400.00000000000000000000000000000000000000000000000000
1318;1406884.00000000000000000000000000000000000000000000000000
1319;1408840.00000000000000000000000000000000000000000000000000
1320;1410912.00000000000000000000000000000000000000000000000000
1321;1420980.00000000000000000000000000000000000000000000000000
1322;1423592.00000000000000000000000000000000000000000000000000
1323;1424976.00000000000000000000000000000000000000000000000000
1324;1427612.00000000000000000000000000000000000000000000000000
1325;1433216.00000000000000000000000000000000000000000000000000
1326;1434604.00000000000000000000000000000000000000000000000000
1327;1437268.00000000000000000000000000000000000000000000000000
1328;1438568.00000000000000000000000000000000000000000000000000
1329;1441204.00000000000000000000000000000000000000000000000000
1330;1446816.00000000000000000000000000000000000000000000000000
1331;1446824.00000000000000000000000000000000000000000000000000
1332;1446572.00000000000000000000000000000000000000000000000000
1333;1446828.00000000000000000000000000000000000000000000000000
1334;1446572.00000000000000000000000000000000000000000000000000
1335;1446572.00000000000000000000000000000000000000000000000000
1336;1446828.00000000000000000000000000000000000000000000000000
1337;1446512.00000000000000000000000000000000000000000000000000
1338;1446572.00000000000000000000000000000000000000000000000000
1339;1446572.00000000000000000000000000000000000000000000000000
1340;1446548.00000000000000000000000000000000000000000000000000
1341;1446572.00000000000000000000000000000000000000000000000000
1342;1446572.00000000000000000000000000000000000000000000000000
1343;1446912.00000000000000000000000000000000000000000000000000
1344;1446912.00000000000000000000000000000000000000000000000000
1345;1446632.00000000000000000000000000000000000000000000000000
1346;1446656.00000000000000000000000000000000000000000000000000
1347;1446656.00000000000000000000000000000000000000000000000000
1348;1446912.00000000000000000000000000000000000000000000000000
1349;1446592.00000000000000000000000000000000000000000000000000
1350;1446632.00000000000000000000000000000000000000000000000000
1351;1446656.00000000000000000000000000000000000000000000000000
1352;1446656.00000000000000000000000000000000000000000000000000
1353;1446912.00000000000000000000000000000000000000000000000000
1354;1446656.00000000000000000000000000000000000000000000000000
1355;1446656.00000000000000000000000000000000000000000000000000
1356;1446912.00000000000000000000000000000000000000000000000000
1357;1446912.00000000000000000000000000000000000000000000000000
1358;1446912.00000000000000000000000000000000000000000000000000
1359;1446656.00000000000000000000000000000000000000000000000000
1360;1446656.00000000000000000000000000000000000000000000000000
1361;1446656.00000000000000000000000000000000000000000000000000
1362;1446656.00000000000000000000000000000000000000000000000000
1363;1446656.00000000000000000000000000000000000000000000000000
1364;1446656.00000000000000000000000000000000000000000000000000
1365;1446592.00000000000000000000000000000000000000000000000000
1366;1446632.00000000000000000000000000000000000000000000000000
1367;1446656.00000000000000000000000000000000000000000000000000
1368;1446656.00000000000000000000000000000000000000000000000000
1369;1430904.00000000000000000000000000000000000000000000000000
1370;1430384.00000000000000000000000000000000000000000000000000
1371;1430424.00000000000000000000000000000000000000000000000000
1372;1431336.00000000000000000000000000000000000000000000000000
1373;1431368.00000000000000000000000000000000000000000000000000
1374;1431596.00000000000000000000000000000000000000000000000000
1375;1431708.00000000000000000000000000000000000000000000000000
1376;1431696.00000000000000000000000000000000000000000000000000
1377;1431736.00000000000000000000000000000000000000000000000000
1378;1431720.00000000000000000000000000000000000000000000000000
1379;1431712.00000000000000000000000000000000000000000000000000
1380;1431740.00000000000000000000000000000000000000000000000000
1381;1431880.00000000000000000000000000000000000000000000000000
1382;1431960.00000000000000000000000000000000000000000000000000
1383;1431832.00000000000000000000000000000000000000000000000000
1384;1431944.00000000000000000000000000000000000000000000000000
1385;1432180.00000000000000000000000000000000000000000000000000
1386;1432084.00000000000000000000000000000000000000000000000000
1387;1432348.00000000000000000000000000000000000000000000000000
1388;1431756.00000000000000000000000000000000000000000000000000
1389;1432460.00000000000000000000000000000000000000000000000000
1390;1432540.00000000000000000000000000000000000000000000000000
1391;1432732.00000000000000000000000000000000000000000000000000
1392;1432608.00000000000000000000000000000000000000000000000000
1393;1432936.00000000000000000000000000000000000000000000000000
1394;1433720.00000000000000000000000000000000000000000000000000
1395;1433576.00000000000000000000000000000000000000000000000000
1396;1433932.00000000000000000000000000000000000000000000000000
1397;1433412.00000000000000000000000000000000000000000000000000
1398;1433916.00000000000000000000000000000000000000000000000000
1399;1434420.00000000000000000000000000000000000000000000000000
1400;1435492.00000000000000000000000000000000000000000000000000
1401;1435336.00000000000000000000000000000000000000000000000000
1402;1435788.00000000000000000000000000000000000000000000000000
1403;1435784.00000000000000000000000000000000000000000000000000
1404;1435836.00000000000000000000000000000000000000000000000000
1405;1436216.00000000000000000000000000000000000000000000000000
1406;1436368.00000000000000000000000000000000000000000000000000
1407;1437880.00000000000000000000000000000000000000000000000000
1408;1443768.00000000000000000000000000000000000000000000000000
1409;1444252.00000000000000000000000000000000000000000000000000
1410;1446508.00000000000000000000000000000000000000000000000000
1411;1447144.00000000000000000000000000000000000000000000000000
1412;1448256.00000000000000000000000000000000000000000000000000
1413;1448000.00000000000000000000000000000000000000000000000000
1414;1448000.00000000000000000000000000000000000000000000000000
1415;1447940.00000000000000000000000000000000000000000000000000
1416;1448256.00000000000000000000000000000000000000000000000000
1417;1448000.00000000000000000000000000000000000000000000000000
1418;1448000.00000000000000000000000000000000000000000000000000
1419;1448256.00000000000000000000000000000000000000000000000000
1420;1448256.00000000000000000000000000000000000000000000000000
1421;1448000.00000000000000000000000000000000000000000000000000
1422;1448256.00000000000000000000000000000000000000000000000000
1423;1448260.00000000000000000000000000000000000000000000000000
1424;1448260.00000000000000000000000000000000000000000000000000
1425;1448004.00000000000000000000000000000000000000000000000000
1426;1448004.00000000000000000000000000000000000000000000000000
1427;1448260.00000000000000000000000000000000000000000000000000
1428;1448004.00000000000000000000000000000000000000000000000000
1429;1448004.00000000000000000000000000000000000000000000000000
1430;1448260.00000000000000000000000000000000000000000000000000
1431;1448004.00000000000000000000000000000000000000000000000000
1432;1448004.00000000000000000000000000000000000000000000000000
1433;1447940.00000000000000000000000000000000000000000000000000
1434;1448004.00000000000000000000000000000000000000000000000000
1435;1448004.00000000000000000000000000000000000000000000000000
1436;1448260.00000000000000000000000000000000000000000000000000
1437;1448004.00000000000000000000000000000000000000000000000000
1438;1447944.00000000000000000000000000000000000000000000000000
1439;1448004.00000000000000000000000000000000000000000000000000
1440;1447940.00000000000000000000000000000000000000000000000000
1441;1448004.00000000000000000000000000000000000000000000000000
1442;1447956.00000000000000000000000000000000000000000000000000
1443;1448004.00000000000000000000000000000000000000000000000000
1444;1448260.00000000000000000000000000000000000000000000000000
1445;1447944.00000000000000000000000000000000000000000000000000
1446;1448004.00000000000000000000000000000000000000000000000000
1447;1448132.00000000000000000000000000000000000000000000000000
1448;1448004.00000000000000000000000000000000000000000000000000
1449;1438376.00000000000000000000000000000000000000000000000000
1450;1438368.00000000000000000000000000000000000000000000000000
1451;1438392.00000000000000000000000000000000000000000000000000
1452;1438472.00000000000000000000000000000000000000000000000000
1453;1438512.00000000000000000000000000000000000000000000000000
1454;1438720.00000000000000000000000000000000000000000000000000
1455;1438596.00000000000000000000000000000000000000000000000000
1456;1438604.00000000000000000000000000000000000000000000000000
1457;1438728.00000000000000000000000000000000000000000000000000
1458;1438440.00000000000000000000000000000000000000000000000000
1459;1438528.00000000000000000000000000000000000000000000000000
1460;1438812.00000000000000000000000000000000000000000000000000
1461;1438932.00000000000000000000000000000000000000000000000000
1462;1438880.00000000000000000000000000000000000000000000000000
1463;1438544.00000000000000000000000000000000000000000000000000
1464;1439156.00000000000000000000000000000000000000000000000000
1465;1439148.00000000000000000000000000000000000000000000000000
1466;1439172.00000000000000000000000000000000000000000000000000
1467;1439164.00000000000000000000000000000000000000000000000000
1468;1439204.00000000000000000000000000000000000000000000000000
1469;1439172.00000000000000000000000000000000000000000000000000
1470;1439204.00000000000000000000000000000000000000000000000000
1471;1439324.00000000000000000000000000000000000000000000000000
1472;1439416.00000000000000000000000000000000000000000000000000
1473;1439452.00000000000000000000000000000000000000000000000000
1474;1439556.00000000000000000000000000000000000000000000000000
1475;1439324.00000000000000000000000000000000000000000000000000
1476;1439340.00000000000000000000000000000000000000000000000000
1477;1439408.00000000000000000000000000000000000000000000000000
1478;1439528.00000000000000000000000000000000000000000000000000
1479;1439808.00000000000000000000000000000000000000000000000000
1480;1439392.00000000000000000000000000000000000000000000000000
1481;1439716.00000000000000000000000000000000000000000000000000
1482;1439732.00000000000000000000000000000000000000000000000000
1483;1440012.00000000000000000000000000000000000000000000000000
1484;1439860.00000000000000000000000000000000000000000000000000
1485;1440168.00000000000000000000000000000000000000000000000000
1486;1439928.00000000000000000000000000000000000000000000000000
1487;1439984.00000000000000000000000000000000000000000000000000
1488;1441364.00000000000000000000000000000000000000000000000000
1489;1443652.00000000000000000000000000000000000000000000000000
1490;1447552.00000000000000000000000000000000000000000000000000
1491;1448732.00000000000000000000000000000000000000000000000000
1492;1451288.00000000000000000000000000000000000000000000000000
1493;1451300.00000000000000000000000000000000000000000000000000
1494;1451340.00000000000000000000000000000000000000000000000000
1495;1451340.00000000000000000000000000000000000000000000000000
1496;1451340.00000000000000000000000000000000000000000000000000
1497;1451316.00000000000000000000000000000000000000000000000000
1498;1451340.00000000000000000000000000000000000000000000000000
1499;1451280.00000000000000000000000000000000000000000000000000
1500;1451340.00000000000000000000000000000000000000000000000000
1501;1451596.00000000000000000000000000000000000000000000000000
1502;1451316.00000000000000000000000000000000000000000000000000
1503;1451316.00000000000000000000000000000000000000000000000000
1504;1451280.00000000000000000000000000000000000000000000000000
1505;1451596.00000000000000000000000000000000000000000000000000
1506;1451340.00000000000000000000000000000000000000000000000000
1507;1451316.00000000000000000000000000000000000000000000000000
1508;1451340.00000000000000000000000000000000000000000000000000
1509;1451340.00000000000000000000000000000000000000000000000000
1510;1451280.00000000000000000000000000000000000000000000000000
1511;1451316.00000000000000000000000000000000000000000000000000
1512;1451340.00000000000000000000000000000000000000000000000000
1513;1451316.00000000000000000000000000000000000000000000000000
1514;1451340.00000000000000000000000000000000000000000000000000
1515;1451340.00000000000000000000000000000000000000000000000000
1516;1451280.00000000000000000000000000000000000000000000000000
1517;1451340.00000000000000000000000000000000000000000000000000
1518;1451596.00000000000000000000000000000000000000000000000000
1519;1451316.00000000000000000000000000000000000000000000000000
1520;1451340.00000000000000000000000000000000000000000000000000
1521;1451340.00000000000000000000000000000000000000000000000000
1522;1451340.00000000000000000000000000000000000000000000000000
1523;1451316.00000000000000000000000000000000000000000000000000
1524;1451596.00000000000000000000000000000000000000000000000000
1525;1451316.00000000000000000000000000000000000000000000000000
1526;1451280.00000000000000000000000000000000000000000000000000
1527;1451340.00000000000000000000000000000000000000000000000000
1528;1451340.00000000000000000000000000000000000000000000000000
1529;1451596.00000000000000000000000000000000000000000000000000
1530;1451280.00000000000000000000000000000000000000000000000000
1531;1349220.00000000000000000000000000000000000000000000000000
1532;1349928.00000000000000000000000000000000000000000000000000
1533;1351252.00000000000000000000000000000000000000000000000000
1534;1352676.00000000000000000000000000000000000000000000000000
1535;1352780.00000000000000000000000000000000000000000000000000
1536;1353252.00000000000000000000000000000000000000000000000000
1537;1353204.00000000000000000000000000000000000000000000000000
1538;1353968.00000000000000000000000000000000000000000000000000
1539;1355292.00000000000000000000000000000000000000000000000000
1540;1357524.00000000000000000000000000000000000000000000000000
1541;1359952.00000000000000000000000000000000000000000000000000
1542;1363240.00000000000000000000000000000000000000000000000000
1543;1365076.00000000000000000000000000000000000000000000000000
1544;1367792.00000000000000000000000000000000000000000000000000
1545;1369576.00000000000000000000000000000000000000000000000000
1546;1370936.00000000000000000000000000000000000000000000000000
1547;1374152.00000000000000000000000000000000000000000000000000
1548;1375964.00000000000000000000000000000000000000000000000000
1549;1377788.00000000000000000000000000000000000000000000000000
1550;1380428.00000000000000000000000000000000000000000000000000
1551;1382644.00000000000000000000000000000000000000000000000000
1552;1385320.00000000000000000000000000000000000000000000000000
1553;1387380.00000000000000000000000000000000000000000000000000
1554;1388784.00000000000000000000000000000000000000000000000000
1555;1393544.00000000000000000000000000000000000000000000000000
1556;1395020.00000000000000000000000000000000000000000000000000
1557;1397164.00000000000000000000000000000000000000000000000000
1558;1401152.00000000000000000000000000000000000000000000000000
1559;1404244.00000000000000000000000000000000000000000000000000
1560;1405708.00000000000000000000000000000000000000000000000000
1561;1408984.00000000000000000000000000000000000000000000000000
1562;1410152.00000000000000000000000000000000000000000000000000
1563;1411940.00000000000000000000000000000000000000000000000000
1564;1413620.00000000000000000000000000000000000000000000000000
1565;1424280.00000000000000000000000000000000000000000000000000
1566;1427080.00000000000000000000000000000000000000000000000000
1567;1428292.00000000000000000000000000000000000000000000000000
1568;1430780.00000000000000000000000000000000000000000000000000
1569;1437288.00000000000000000000000000000000000000000000000000
1570;1438376.00000000000000000000000000000000000000000000000000
1571;1438764.00000000000000000000000000000000000000000000000000
1572;1440032.00000000000000000000000000000000000000000000000000
1573;1442896.00000000000000000000000000000000000000000000000000
1574;1443220.00000000000000000000000000000000000000000000000000
1575;1443616.00000000000000000000000000000000000000000000000000
1576;1443872.00000000000000000000000000000000000000000000000000
1577;1443616.00000000000000000000000000000000000000000000000000
1578;1443616.00000000000000000000000000000000000000000000000000
1579;1443616.00000000000000000000000000000000000000000000000000
1580;1443616.00000000000000000000000000000000000000000000000000
1581;1443744.00000000000000000000000000000000000000000000000000
1582;1443552.00000000000000000000000000000000000000000000000000
1583;1443552.00000000000000000000000000000000000000000000000000
1584;1443616.00000000000000000000000000000000000000000000000000
1585;1443616.00000000000000000000000000000000000000000000000000
1586;1443916.00000000000000000000000000000000000000000000000000
1587;1443916.00000000000000000000000000000000000000000000000000
1588;1443660.00000000000000000000000000000000000000000000000000
1589;1443660.00000000000000000000000000000000000000000000000000
1590;1443660.00000000000000000000000000000000000000000000000000
1591;1443596.00000000000000000000000000000000000000000000000000
1592;1443660.00000000000000000000000000000000000000000000000000
1593;1443660.00000000000000000000000000000000000000000000000000
1594;1443660.00000000000000000000000000000000000000000000000000
1595;1443660.00000000000000000000000000000000000000000000000000
1596;1443644.00000000000000000000000000000000000000000000000000
1597;1443660.00000000000000000000000000000000000000000000000000
1598;1443660.00000000000000000000000000000000000000000000000000
1599;1443916.00000000000000000000000000000000000000000000000000
1600;1443916.00000000000000000000000000000000000000000000000000
1601;1443660.00000000000000000000000000000000000000000000000000
1602;1443660.00000000000000000000000000000000000000000000000000
1603;1443660.00000000000000000000000000000000000000000000000000
1604;1443660.00000000000000000000000000000000000000000000000000
1605;1443660.00000000000000000000000000000000000000000000000000
1606;1443660.00000000000000000000000000000000000000000000000000
1607;1443660.00000000000000000000000000000000000000000000000000
1608;1443660.00000000000000000000000000000000000000000000000000
1609;1443660.00000000000000000000000000000000000000000000000000
1610;1443660.00000000000000000000000000000000000000000000000000
1611;1443788.00000000000000000000000000000000000000000000000000
1612;1438220.00000000000000000000000000000000000000000000000000
1613;1438364.00000000000000000000000000000000000000000000000000
1614;1438432.00000000000000000000000000000000000000000000000000
1615;1438584.00000000000000000000000000000000000000000000000000
1616;1438516.00000000000000000000000000000000000000000000000000
1617;1438516.00000000000000000000000000000000000000000000000000
1618;1438488.00000000000000000000000000000000000000000000000000
1619;1438232.00000000000000000000000000000000000000000000000000
1620;1438544.00000000000000000000000000000000000000000000000000
1621;1438440.00000000000000000000000000000000000000000000000000
1622;1438560.00000000000000000000000000000000000000000000000000
1623;1438520.00000000000000000000000000000000000000000000000000
1624;1438460.00000000000000000000000000000000000000000000000000
1625;1438684.00000000000000000000000000000000000000000000000000
1626;1438672.00000000000000000000000000000000000000000000000000
1627;1438516.00000000000000000000000000000000000000000000000000
1628;1438656.00000000000000000000000000000000000000000000000000
1629;1438692.00000000000000000000000000000000000000000000000000
1630;1438892.00000000000000000000000000000000000000000000000000
1631;1438868.00000000000000000000000000000000000000000000000000
1632;1438888.00000000000000000000000000000000000000000000000000
1633;1438908.00000000000000000000000000000000000000000000000000
1634;1439048.00000000000000000000000000000000000000000000000000
1635;1438980.00000000000000000000000000000000000000000000000000
1636;1439048.00000000000000000000000000000000000000000000000000
1637;1438876.00000000000000000000000000000000000000000000000000
1638;1439252.00000000000000000000000000000000000000000000000000
1639;1438968.00000000000000000000000000000000000000000000000000
1640;1439432.00000000000000000000000000000000000000000000000000
1641;1440244.00000000000000000000000000000000000000000000000000
1642;1440308.00000000000000000000000000000000000000000000000000
1643;1440288.00000000000000000000000000000000000000000000000000
1644;1440396.00000000000000000000000000000000000000000000000000
1645;1440392.00000000000000000000000000000000000000000000000000
1646;1440584.00000000000000000000000000000000000000000000000000
1647;1440680.00000000000000000000000000000000000000000000000000
1648;1440756.00000000000000000000000000000000000000000000000000
1649;1440976.00000000000000000000000000000000000000000000000000
1650;1441032.00000000000000000000000000000000000000000000000000
1651;1444548.00000000000000000000000000000000000000000000000000
1652;1444684.00000000000000000000000000000000000000000000000000
1653;1444576.00000000000000000000000000000000000000000000000000
1654;1444792.00000000000000000000000000000000000000000000000000
1655;1444972.00000000000000000000000000000000000000000000000000
1656;1446280.00000000000000000000000000000000000000000000000000
1657;1448340.00000000000000000000000000000000000000000000000000
1658;1448340.00000000000000000000000000000000000000000000000000
1659;1448948.00000000000000000000000000000000000000000000000000
1660;1448692.00000000000000000000000000000000000000000000000000
1661;1448692.00000000000000000000000000000000000000000000000000
1662;1448692.00000000000000000000000000000000000000000000000000
1663;1448692.00000000000000000000000000000000000000000000000000
1664;1448692.00000000000000000000000000000000000000000000000000
1665;1448632.00000000000000000000000000000000000000000000000000
1666;1448692.00000000000000000000000000000000000000000000000000
1667;1448692.00000000000000000000000000000000000000000000000000
1668;1448692.00000000000000000000000000000000000000000000000000
1669;1448760.00000000000000000000000000000000000000000000000000
1670;1448668.00000000000000000000000000000000000000000000000000
1671;1448692.00000000000000000000000000000000000000000000000000
1672;1448952.00000000000000000000000000000000000000000000000000
1673;1448672.00000000000000000000000000000000000000000000000000
1674;1448696.00000000000000000000000000000000000000000000000000
1675;1448952.00000000000000000000000000000000000000000000000000
1676;1448636.00000000000000000000000000000000000000000000000000
1677;1448696.00000000000000000000000000000000000000000000000000
1678;1448636.00000000000000000000000000000000000000000000000000
1679;1448696.00000000000000000000000000000000000000000000000000
1680;1448696.00000000000000000000000000000000000000000000000000
1681;1448696.00000000000000000000000000000000000000000000000000
1682;1448636.00000000000000000000000000000000000000000000000000
1683;1448636.00000000000000000000000000000000000000000000000000
1684;1448696.00000000000000000000000000000000000000000000000000
1685;1448696.00000000000000000000000000000000000000000000000000
1686;1448696.00000000000000000000000000000000000000000000000000
1687;1448952.00000000000000000000000000000000000000000000000000
1688;1448952.00000000000000000000000000000000000000000000000000
1689;1448696.00000000000000000000000000000000000000000000000000
1690;1448952.00000000000000000000000000000000000000000000000000
1691;1448672.00000000000000000000000000000000000000000000000000
1692;1448824.00000000000000000000000000000000000000000000000000
1693;1448672.00000000000000000000000000000000000000000000000000
1694;1448764.00000000000000000000000000000000000000000000000000
1695;1448696.00000000000000000000000000000000000000000000000000
1696;1448764.00000000000000000000000000000000000000000000000000
1697;1448952.00000000000000000000000000000000000000000000000000
1698;1448696.00000000000000000000000000000000000000000000000000
1699;1448696.00000000000000000000000000000000000000000000000000
1700;1448696.00000000000000000000000000000000000000000000000000
1701;1448672.00000000000000000000000000000000000000000000000000
1702;1346308.00000000000000000000000000000000000000000000000000
1703;1346196.00000000000000000000000000000000000000000000000000
1704;1346820.00000000000000000000000000000000000000000000000000
1705;1348024.00000000000000000000000000000000000000000000000000
1706;1348420.00000000000000000000000000000000000000000000000000
1707;1349180.00000000000000000000000000000000000000000000000000
1708;1349420.00000000000000000000000000000000000000000000000000
1709;1349816.00000000000000000000000000000000000000000000000000
1710;1350496.00000000000000000000000000000000000000000000000000
1711;1351096.00000000000000000000000000000000000000000000000000
1712;1352384.00000000000000000000000000000000000000000000000000
1713;1354008.00000000000000000000000000000000000000000000000000
1714;1355220.00000000000000000000000000000000000000000000000000
1715;1357008.00000000000000000000000000000000000000000000000000
1716;1358388.00000000000000000000000000000000000000000000000000
1717;1360068.00000000000000000000000000000000000000000000000000
1718;1362336.00000000000000000000000000000000000000000000000000
1719;1363872.00000000000000000000000000000000000000000000000000
1720;1365312.00000000000000000000000000000000000000000000000000
1721;1366940.00000000000000000000000000000000000000000000000000
1722;1368244.00000000000000000000000000000000000000000000000000
1723;1372628.00000000000000000000000000000000000000000000000000
1724;1374108.00000000000000000000000000000000000000000000000000
1725;1375972.00000000000000000000000000000000000000000000000000
1726;1377416.00000000000000000000000000000000000000000000000000
1727;1379684.00000000000000000000000000000000000000000000000000
1728;1381808.00000000000000000000000000000000000000000000000000
1729;1382852.00000000000000000000000000000000000000000000000000
1730;1385116.00000000000000000000000000000000000000000000000000
1731;1386840.00000000000000000000000000000000000000000000000000
1732;1388600.00000000000000000000000000000000000000000000000000
1733;1389736.00000000000000000000000000000000000000000000000000
1734;1393232.00000000000000000000000000000000000000000000000000
1735;1394960.00000000000000000000000000000000000000000000000000
1736;1396972.00000000000000000000000000000000000000000000000000
1737;1398476.00000000000000000000000000000000000000000000000000
1738;1401264.00000000000000000000000000000000000000000000000000
1739;1402568.00000000000000000000000000000000000000000000000000
1740;1403776.00000000000000000000000000000000000000000000000000
1741;1405560.00000000000000000000000000000000000000000000000000
1742;1406504.00000000000000000000000000000000000000000000000000
1743;1415800.00000000000000000000000000000000000000000000000000
1744;1417832.00000000000000000000000000000000000000000000000000
1745;1418336.00000000000000000000000000000000000000000000000000
1746;1419804.00000000000000000000000000000000000000000000000000
1747;1421520.00000000000000000000000000000000000000000000000000
1748;1422692.00000000000000000000000000000000000000000000000000
1749;1428412.00000000000000000000000000000000000000000000000000
1750;1428428.00000000000000000000000000000000000000000000000000
1751;1428540.00000000000000000000000000000000000000000000000000
1752;1428616.00000000000000000000000000000000000000000000000000
1753;1429100.00000000000000000000000000000000000000000000000000
1754;1431108.00000000000000000000000000000000000000000000000000
1755;1435084.00000000000000000000000000000000000000000000000000
1756;1435672.00000000000000000000000000000000000000000000000000
1757;1438108.00000000000000000000000000000000000000000000000000
1758;1439552.00000000000000000000000000000000000000000000000000
1759;1442712.00000000000000000000000000000000000000000000000000
1760;1443080.00000000000000000000000000000000000000000000000000
1761;1443308.00000000000000000000000000000000000000000000000000
1762;1443332.00000000000000000000000000000000000000000000000000
1763;1443332.00000000000000000000000000000000000000000000000000
1764;1443332.00000000000000000000000000000000000000000000000000
1765;1443308.00000000000000000000000000000000000000000000000000
1766;1443332.00000000000000000000000000000000000000000000000000
1767;1443332.00000000000000000000000000000000000000000000000000
1768;1443332.00000000000000000000000000000000000000000000000000
1769;1443460.00000000000000000000000000000000000000000000000000
1770;1443460.00000000000000000000000000000000000000000000000000
1771;1443308.00000000000000000000000000000000000000000000000000
1772;1443320.00000000000000000000000000000000000000000000000000
1773;1443272.00000000000000000000000000000000000000000000000000
1774;1443852.00000000000000000000000000000000000000000000000000
1775;1443572.00000000000000000000000000000000000000000000000000
1776;1443852.00000000000000000000000000000000000000000000000000
1777;1443852.00000000000000000000000000000000000000000000000000
1778;1443596.00000000000000000000000000000000000000000000000000
1779;1443596.00000000000000000000000000000000000000000000000000
1780;1443596.00000000000000000000000000000000000000000000000000
1781;1443572.00000000000000000000000000000000000000000000000000
1782;1443596.00000000000000000000000000000000000000000000000000
1783;1443596.00000000000000000000000000000000000000000000000000
1784;1443596.00000000000000000000000000000000000000000000000000
1785;1443572.00000000000000000000000000000000000000000000000000
1786;1443572.00000000000000000000000000000000000000000000000000
1787;1443572.00000000000000000000000000000000000000000000000000
1788;1443852.00000000000000000000000000000000000000000000000000
1789;1443852.00000000000000000000000000000000000000000000000000
1790;1443596.00000000000000000000000000000000000000000000000000
1791;1443596.00000000000000000000000000000000000000000000000000
1792;1443724.00000000000000000000000000000000000000000000000000
1793;1443572.00000000000000000000000000000000000000000000000000
1794;1443596.00000000000000000000000000000000000000000000000000
1795;1443596.00000000000000000000000000000000000000000000000000
1796;1443596.00000000000000000000000000000000000000000000000000
1797;1443852.00000000000000000000000000000000000000000000000000
1798;1443572.00000000000000000000000000000000000000000000000000
1799;1443596.00000000000000000000000000000000000000000000000000
1800;1443596.00000000000000000000000000000000000000000000000000
1801;1443596.00000000000000000000000000000000000000000000000000
1802;1443572.00000000000000000000000000000000000000000000000000
1803;1439020.00000000000000000000000000000000000000000000000000
1804;1439372.00000000000000000000000000000000000000000000000000
1805;1439372.00000000000000000000000000000000000000000000000000
1806;1439380.00000000000000000000000000000000000000000000000000
1807;1439560.00000000000000000000000000000000000000000000000000
1808;1439624.00000000000000000000000000000000000000000000000000
1809;1439572.00000000000000000000000000000000000000000000000000
1810;1439568.00000000000000000000000000000000000000000000000000
1811;1439576.00000000000000000000000000000000000000000000000000
1812;1439628.00000000000000000000000000000000000000000000000000
1813;1439472.00000000000000000000000000000000000000000000000000
1814;1439476.00000000000000000000000000000000000000000000000000
1815;1439640.00000000000000000000000000000000000000000000000000
1816;1439528.00000000000000000000000000000000000000000000000000
1817;1439788.00000000000000000000000000000000000000000000000000
1818;1439716.00000000000000000000000000000000000000000000000000
1819;1439780.00000000000000000000000000000000000000000000000000
1820;1439732.00000000000000000000000000000000000000000000000000
1821;1439792.00000000000000000000000000000000000000000000000000
1822;1439740.00000000000000000000000000000000000000000000000000
1823;1439756.00000000000000000000000000000000000000000000000000
1824;1439764.00000000000000000000000000000000000000000000000000
1825;1439776.00000000000000000000000000000000000000000000000000
1826;1439812.00000000000000000000000000000000000000000000000000
1827;1440160.00000000000000000000000000000000000000000000000000
1828;1440140.00000000000000000000000000000000000000000000000000
1829;1440160.00000000000000000000000000000000000000000000000000
1830;1440148.00000000000000000000000000000000000000000000000000
1831;1440232.00000000000000000000000000000000000000000000000000
1832;1440240.00000000000000000000000000000000000000000000000000
1833;1440076.00000000000000000000000000000000000000000000000000
1834;1440380.00000000000000000000000000000000000000000000000000
1835;1440388.00000000000000000000000000000000000000000000000000
1836;1440436.00000000000000000000000000000000000000000000000000
1837;1440676.00000000000000000000000000000000000000000000000000
1838;1440692.00000000000000000000000000000000000000000000000000
1839;1440696.00000000000000000000000000000000000000000000000000
1840;1440936.00000000000000000000000000000000000000000000000000
1841;1441108.00000000000000000000000000000000000000000000000000
1842;1441008.00000000000000000000000000000000000000000000000000
1843;1442324.00000000000000000000000000000000000000000000000000
1844;1442616.00000000000000000000000000000000000000000000000000
1845;1442772.00000000000000000000000000000000000000000000000000
1846;1442876.00000000000000000000000000000000000000000000000000
1847;1443076.00000000000000000000000000000000000000000000000000
1848;1443464.00000000000000000000000000000000000000000000000000
1849;1443524.00000000000000000000000000000000000000000000000000
1850;1443436.00000000000000000000000000000000000000000000000000
1851;1443464.00000000000000000000000000000000000000000000000000
1852;1443744.00000000000000000000000000000000000000000000000000
1853;1443768.00000000000000000000000000000000000000000000000000
1854;1447396.00000000000000000000000000000000000000000000000000
1855;1447988.00000000000000000000000000000000000000000000000000
1856;1449624.00000000000000000000000000000000000000000000000000
1857;1450520.00000000000000000000000000000000000000000000000000
1858;1452128.00000000000000000000000000000000000000000000000000
1859;1452128.00000000000000000000000000000000000000000000000000
1860;1452392.00000000000000000000000000000000000000000000000000
1861;1452392.00000000000000000000000000000000000000000000000000
1862;1452328.00000000000000000000000000000000000000000000000000
1863;1452392.00000000000000000000000000000000000000000000000000
1864;1452392.00000000000000000000000000000000000000000000000000
1865;1452392.00000000000000000000000000000000000000000000000000
1866;1452392.00000000000000000000000000000000000000000000000000
1867;1452392.00000000000000000000000000000000000000000000000000
1868;1452392.00000000000000000000000000000000000000000000000000
1869;1452332.00000000000000000000000000000000000000000000000000
1870;1452392.00000000000000000000000000000000000000000000000000
1871;1452392.00000000000000000000000000000000000000000000000000
1872;1452392.00000000000000000000000000000000000000000000000000
1873;1452780.00000000000000000000000000000000000000000000000000
1874;1452780.00000000000000000000000000000000000000000000000000
1875;1452524.00000000000000000000000000000000000000000000000000
1876;1452780.00000000000000000000000000000000000000000000000000
1877;1452524.00000000000000000000000000000000000000000000000000
1878;1452588.00000000000000000000000000000000000000000000000000
1879;1452524.00000000000000000000000000000000000000000000000000
1880;1452524.00000000000000000000000000000000000000000000000000
1881;1452524.00000000000000000000000000000000000000000000000000
1882;1452524.00000000000000000000000000000000000000000000000000
1883;1452524.00000000000000000000000000000000000000000000000000
1884;1452524.00000000000000000000000000000000000000000000000000
1885;1452524.00000000000000000000000000000000000000000000000000
1886;1452460.00000000000000000000000000000000000000000000000000
1887;1452780.00000000000000000000000000000000000000000000000000
1888;1452780.00000000000000000000000000000000000000000000000000
1889;1452524.00000000000000000000000000000000000000000000000000
1890;1452524.00000000000000000000000000000000000000000000000000
1891;1452460.00000000000000000000000000000000000000000000000000
1892;1452524.00000000000000000000000000000000000000000000000000
1893;1452516.00000000000000000000000000000000000000000000000000
1894;1452652.00000000000000000000000000000000000000000000000000
1895;1452588.00000000000000000000000000000000000000000000000000
1896;1452460.00000000000000000000000000000000000000000000000000
1897;1452524.00000000000000000000000000000000000000000000000000
1898;1452524.00000000000000000000000000000000000000000000000000
1899;1452524.00000000000000000000000000000000000000000000000000
1900;1452524.00000000000000000000000000000000000000000000000000
1901;1452460.00000000000000000000000000000000000000000000000000
1902;1441444.00000000000000000000000000000000000000000000000000
1903;1441592.00000000000000000000000000000000000000000000000000
1904;1441764.00000000000000000000000000000000000000000000000000
1905;1441464.00000000000000000000000000000000000000000000000000
1906;1441524.00000000000000000000000000000000000000000000000000
1907;1441576.00000000000000000000000000000000000000000000000000
1908;1440572.00000000000000000000000000000000000000000000000000
1909;1440596.00000000000000000000000000000000000000000000000000
1910;1440628.00000000000000000000000000000000000000000000000000
1911;1440644.00000000000000000000000000000000000000000000000000
1912;1440700.00000000000000000000000000000000000000000000000000
1913;1440688.00000000000000000000000000000000000000000000000000
1914;1440656.00000000000000000000000000000000000000000000000000
1915;1440416.00000000000000000000000000000000000000000000000000
1916;1440744.00000000000000000000000000000000000000000000000000
1917;1440756.00000000000000000000000000000000000000000000000000
1918;1440868.00000000000000000000000000000000000000000000000000
1919;1440828.00000000000000000000000000000000000000000000000000
1920;1440572.00000000000000000000000000000000000000000000000000
1921;1440828.00000000000000000000000000000000000000000000000000
1922;1440936.00000000000000000000000000000000000000000000000000
1923;1440732.00000000000000000000000000000000000000000000000000
1924;1441080.00000000000000000000000000000000000000000000000000
1925;1441316.00000000000000000000000000000000000000000000000000
1926;1441388.00000000000000000000000000000000000000000000000000
1927;1441288.00000000000000000000000000000000000000000000000000
1928;1441492.00000000000000000000000000000000000000000000000000
1929;1441632.00000000000000000000000000000000000000000000000000
1930;1441528.00000000000000000000000000000000000000000000000000
1931;1441552.00000000000000000000000000000000000000000000000000
1932;1441556.00000000000000000000000000000000000000000000000000
1933;1441628.00000000000000000000000000000000000000000000000000
1934;1441584.00000000000000000000000000000000000000000000000000
1935;1441656.00000000000000000000000000000000000000000000000000
1936;1441724.00000000000000000000000000000000000000000000000000
1937;1441796.00000000000000000000000000000000000000000000000000
1938;1441496.00000000000000000000000000000000000000000000000000
1939;1441760.00000000000000000000000000000000000000000000000000
1940;1441184.00000000000000000000000000000000000000000000000000
1941;1442064.00000000000000000000000000000000000000000000000000
1942;1442036.00000000000000000000000000000000000000000000000000
1943;1442208.00000000000000000000000000000000000000000000000000
1944;1442096.00000000000000000000000000000000000000000000000000
1945;1442188.00000000000000000000000000000000000000000000000000
1946;1442016.00000000000000000000000000000000000000000000000000
1947;1442356.00000000000000000000000000000000000000000000000000
1948;1442376.00000000000000000000000000000000000000000000000000
1949;1442352.00000000000000000000000000000000000000000000000000
1950;1442496.00000000000000000000000000000000000000000000000000
1951;1442492.00000000000000000000000000000000000000000000000000
1952;1442528.00000000000000000000000000000000000000000000000000
1953;1444408.00000000000000000000000000000000000000000000000000
1954;1444896.00000000000000000000000000000000000000000000000000
1955;1444988.00000000000000000000000000000000000000000000000000
1956;1445080.00000000000000000000000000000000000000000000000000
1957;1445860.00000000000000000000000000000000000000000000000000
1958;1447216.00000000000000000000000000000000000000000000000000
1959;1448448.00000000000000000000000000000000000000000000000000
1960;1449804.00000000000000000000000000000000000000000000000000
1961;1451784.00000000000000000000000000000000000000000000000000
1962;1451800.00000000000000000000000000000000000000000000000000
1963;1451800.00000000000000000000000000000000000000000000000000
1964;1451800.00000000000000000000000000000000000000000000000000
1965;1451800.00000000000000000000000000000000000000000000000000
1966;1451800.00000000000000000000000000000000000000000000000000
1967;1451740.00000000000000000000000000000000000000000000000000
1968;1452056.00000000000000000000000000000000000000000000000000
1969;1451736.00000000000000000000000000000000000000000000000000
1970;1451800.00000000000000000000000000000000000000000000000000
1971;1451776.00000000000000000000000000000000000000000000000000
1972;1451800.00000000000000000000000000000000000000000000000000
1973;1451736.00000000000000000000000000000000000000000000000000
1974;1451928.00000000000000000000000000000000000000000000000000
1975;1451800.00000000000000000000000000000000000000000000000000
1976;1452056.00000000000000000000000000000000000000000000000000
1977;1451800.00000000000000000000000000000000000000000000000000
1978;1451800.00000000000000000000000000000000000000000000000000
1979;1452200.00000000000000000000000000000000000000000000000000
1980;1451944.00000000000000000000000000000000000000000000000000
1981;1452200.00000000000000000000000000000000000000000000000000
1982;1451920.00000000000000000000000000000000000000000000000000
1983;1452072.00000000000000000000000000000000000000000000000000
1984;1451944.00000000000000000000000000000000000000000000000000
1985;1451920.00000000000000000000000000000000000000000000000000
1986;1452200.00000000000000000000000000000000000000000000000000
1987;1451944.00000000000000000000000000000000000000000000000000
1988;1451944.00000000000000000000000000000000000000000000000000
1989;1451884.00000000000000000000000000000000000000000000000000
1990;1451944.00000000000000000000000000000000000000000000000000
1991;1451944.00000000000000000000000000000000000000000000000000
1992;1452012.00000000000000000000000000000000000000000000000000
1993;1451944.00000000000000000000000000000000000000000000000000
1994;1451944.00000000000000000000000000000000000000000000000000
1995;1451884.00000000000000000000000000000000000000000000000000
1996;1451944.00000000000000000000000000000000000000000000000000
1997;1452200.00000000000000000000000000000000000000000000000000
1998;1451944.00000000000000000000000000000000000000000000000000
1999;1451944.00000000000000000000000000000000000000000000000000
2000;1451880.00000000000000000000000000000000000000000000000000
2001;1452200.00000000000000000000000000000000000000000000000000
2002;1452200.00000000000000000000000000000000000000000000000000
2003;1451884.00000000000000000000000000000000000000000000000000
2004;1451944.00000000000000000000000000000000000000000000000000
2005;1451944.00000000000000000000000000000000000000000000000000
2006;1452200.00000000000000000000000000000000000000000000000000
2007;1451944.00000000000000000000000000000000000000000000000000
2008;1451880.00000000000000000000000000000000000000000000000000
2009;1452200.00000000000000000000000000000000000000000000000000
2010;1451944.00000000000000000000000000000000000000000000000000
2011;1451944.00000000000000000000000000000000000000000000000000
2012;1451920.00000000000000000000000000000000000000000000000000
2013;1451880.00000000000000000000000000000000000000000000000000
2014;1350820.00000000000000000000000000000000000000000000000000
2015;1351972.00000000000000000000000000000000000000000000000000
2016;1352088.00000000000000000000000000000000000000000000000000
2017;1352208.00000000000000000000000000000000000000000000000000
2018;1352504.00000000000000000000000000000000000000000000000000
2019;1353576.00000000000000000000000000000000000000000000000000
2020;1353848.00000000000000000000000000000000000000000000000000
2021;1353812.00000000000000000000000000000000000000000000000000
2022;1354168.00000000000000000000000000000000000000000000000000
2023;1354536.00000000000000000000000000000000000000000000000000
2024;1354516.00000000000000000000000000000000000000000000000000
2025;1355148.00000000000000000000000000000000000000000000000000
2026;1356232.00000000000000000000000000000000000000000000000000
2027;1356316.00000000000000000000000000000000000000000000000000
2028;1357720.00000000000000000000000000000000000000000000000000
2029;1358792.00000000000000000000000000000000000000000000000000
2030;1360180.00000000000000000000000000000000000000000000000000
2031;1362236.00000000000000000000000000000000000000000000000000
2032;1363748.00000000000000000000000000000000000000000000000000
2033;1364892.00000000000000000000000000000000000000000000000000
2034;1367028.00000000000000000000000000000000000000000000000000
2035;1368688.00000000000000000000000000000000000000000000000000
2036;1369820.00000000000000000000000000000000000000000000000000
2037;1371620.00000000000000000000000000000000000000000000000000
2038;1372760.00000000000000000000000000000000000000000000000000
2039;1376588.00000000000000000000000000000000000000000000000000
2040;1377956.00000000000000000000000000000000000000000000000000
2041;1379020.00000000000000000000000000000000000000000000000000
2042;1380076.00000000000000000000000000000000000000000000000000
2043;1382940.00000000000000000000000000000000000000000000000000
2044;1384820.00000000000000000000000000000000000000000000000000
2045;1386224.00000000000000000000000000000000000000000000000000
2046;1388644.00000000000000000000000000000000000000000000000000
2047;1389836.00000000000000000000000000000000000000000000000000
2048;1391300.00000000000000000000000000000000000000000000000000
2049;1394380.00000000000000000000000000000000000000000000000000
2050;1395740.00000000000000000000000000000000000000000000000000
2051;1396876.00000000000000000000000000000000000000000000000000
2052;1398136.00000000000000000000000000000000000000000000000000
2053;1399924.00000000000000000000000000000000000000000000000000
2054;1404072.00000000000000000000000000000000000000000000000000
2055;1405880.00000000000000000000000000000000000000000000000000
2056;1407340.00000000000000000000000000000000000000000000000000
2057;1409448.00000000000000000000000000000000000000000000000000
2058;1410236.00000000000000000000000000000000000000000000000000
2059;1414448.00000000000000000000000000000000000000000000000000
2060;1416160.00000000000000000000000000000000000000000000000000
2061;1417472.00000000000000000000000000000000000000000000000000
2062;1418904.00000000000000000000000000000000000000000000000000
2063;1419804.00000000000000000000000000000000000000000000000000
2064;1429832.00000000000000000000000000000000000000000000000000
2065;1431204.00000000000000000000000000000000000000000000000000
2066;1432120.00000000000000000000000000000000000000000000000000
2067;1433624.00000000000000000000000000000000000000000000000000
2068;1435652.00000000000000000000000000000000000000000000000000
2069;1437032.00000000000000000000000000000000000000000000000000
2070;1443628.00000000000000000000000000000000000000000000000000
2071;1443872.00000000000000000000000000000000000000000000000000
2072;1444136.00000000000000000000000000000000000000000000000000
2073;1444560.00000000000000000000000000000000000000000000000000
2074;1446104.00000000000000000000000000000000000000000000000000
2075;1446548.00000000000000000000000000000000000000000000000000
2076;1446560.00000000000000000000000000000000000000000000000000
2077;1446560.00000000000000000000000000000000000000000000000000
2078;1446816.00000000000000000000000000000000000000000000000000
2079;1446560.00000000000000000000000000000000000000000000000000
2080;1446536.00000000000000000000000000000000000000000000000000
2081;1446560.00000000000000000000000000000000000000000000000000
2082;1446536.00000000000000000000000000000000000000000000000000
2083;1446500.00000000000000000000000000000000000000000000000000
2084;1446500.00000000000000000000000000000000000000000000000000
2085;1446500.00000000000000000000000000000000000000000000000000
2086;1446816.00000000000000000000000000000000000000000000000000
2087;1446560.00000000000000000000000000000000000000000000000000
2088;1446984.00000000000000000000000000000000000000000000000000
2089;1446728.00000000000000000000000000000000000000000000000000
2090;1446728.00000000000000000000000000000000000000000000000000
2091;1446728.00000000000000000000000000000000000000000000000000
2092;1446728.00000000000000000000000000000000000000000000000000
2093;1446856.00000000000000000000000000000000000000000000000000
2094;1446796.00000000000000000000000000000000000000000000000000
2095;1446704.00000000000000000000000000000000000000000000000000
2096;1446728.00000000000000000000000000000000000000000000000000
2097;1446728.00000000000000000000000000000000000000000000000000
2098;1446984.00000000000000000000000000000000000000000000000000
2099;1446704.00000000000000000000000000000000000000000000000000
2100;1446704.00000000000000000000000000000000000000000000000000
2101;1446984.00000000000000000000000000000000000000000000000000
2102;1446668.00000000000000000000000000000000000000000000000000
2103;1446704.00000000000000000000000000000000000000000000000000
2104;1446728.00000000000000000000000000000000000000000000000000
2105;1446668.00000000000000000000000000000000000000000000000000
2106;1446728.00000000000000000000000000000000000000000000000000
2107;1446728.00000000000000000000000000000000000000000000000000
2108;1446796.00000000000000000000000000000000000000000000000000
2109;1446728.00000000000000000000000000000000000000000000000000
2110;1446728.00000000000000000000000000000000000000000000000000
2111;1446856.00000000000000000000000000000000000000000000000000
2112;1446668.00000000000000000000000000000000000000000000000000
2113;1446728.00000000000000000000000000000000000000000000000000
2114;1446984.00000000000000000000000000000000000000000000000000
2115;1437480.00000000000000000000000000000000000000000000000000
2116;1437428.00000000000000000000000000000000000000000000000000
2117;1437308.00000000000000000000000000000000000000000000000000
2118;1437384.00000000000000000000000000000000000000000000000000
2119;1437512.00000000000000000000000000000000000000000000000000
2120;1437588.00000000000000000000000000000000000000000000000000
2121;1437652.00000000000000000000000000000000000000000000000000
2122;1437688.00000000000000000000000000000000000000000000000000
2123;1437836.00000000000000000000000000000000000000000000000000
2124;1437892.00000000000000000000000000000000000000000000000000
2125;1438000.00000000000000000000000000000000000000000000000000
2126;1437868.00000000000000000000000000000000000000000000000000
2127;1437888.00000000000000000000000000000000000000000000000000
2128;1437776.00000000000000000000000000000000000000000000000000
2129;1437988.00000000000000000000000000000000000000000000000000
2130;1438152.00000000000000000000000000000000000000000000000000
2131;1438020.00000000000000000000000000000000000000000000000000
2132;1438036.00000000000000000000000000000000000000000000000000
2133;1436896.00000000000000000000000000000000000000000000000000
