Second;RAM_KB
0;91801.60000000000582076609134674072265625000000000000000
1;2018969.60000000009313225746154785156250000000000000000000
2;2384716.79999999981373548507690429687500000000000000000000
3;4308736.00000000000000000000000000000000000000000000000000
4;4590336.00000000000000000000000000000000000000000000000000
5;5137049.59999999962747097015380859375000000000000000000000
6;5745228.79999999981373548507690429687500000000000000000000
7;5960064.00000000000000000000000000000000000000000000000000
8;5989196.79999999981373548507690429687500000000000000000000
9;6251699.20000000018626451492309570312500000000000000000000
10;6265088.00000000000000000000000000000000000000000000000000
11;6294425.59999999962747097015380859375000000000000000000000
12;6322944.00000000000000000000000000000000000000000000000000
13;6345958.40000000037252902984619140625000000000000000000000
14;6382822.40000000037252902984619140625000000000000000000000
15;6395289.59999999962747097015380859375000000000000000000000
16;6438784.00000000000000000000000000000000000000000000000000
17;6472320.00000000000000000000000000000000000000000000000000
18;6515968.00000000000000000000000000000000000000000000000000
19;6539827.20000000018626451492309570312500000000000000000000
20;6597350.40000000037252902984619140625000000000000000000000
21;6627097.59999999962747097015380859375000000000000000000000
22;6661120.00000000000000000000000000000000000000000000000000
23;6700595.20000000018626451492309570312500000000000000000000
24;6727782.40000000037252902984619140625000000000000000000000
25;6762265.59999999962747097015380859375000000000000000000000
26;6787609.59999999962747097015380859375000000000000000000000
27;6820070.40000000037252902984619140625000000000000000000000
28;6847283.20000000018626451492309570312500000000000000000000
29;6880691.20000000018626451492309570312500000000000000000000
30;6923852.79999999981373548507690429687500000000000000000000
31;6956979.20000000018626451492309570312500000000000000000000
32;6982067.20000000018626451492309570312500000000000000000000
33;7021209.59999999962747097015380859375000000000000000000000
34;7048448.00000000000000000000000000000000000000000000000000
35;7073536.00000000000000000000000000000000000000000000000000
36;7115059.20000000018626451492309570312500000000000000000000
37;7140992.00000000000000000000000000000000000000000000000000
38;7181849.59999999962747097015380859375000000000000000000000
39;7220096.00000000000000000000000000000000000000000000000000
40;7247308.79999999981373548507690429687500000000000000000000
41;7262976.00000000000000000000000000000000000000000000000000
42;7301094.40000000037252902984619140625000000000000000000000
43;7340569.59999999962747097015380859375000000000000000000000
44;7370214.40000000037252902984619140625000000000000000000000
45;7392844.79999999981373548507690429687500000000000000000000
46;7432371.20000000018626451492309570312500000000000000000000
47;7466368.00000000000000000000000000000000000000000000000000
48;7498444.79999999981373548507690429687500000000000000000000
49;7518566.40000000037252902984619140625000000000000000000000
50;7552460.79999999981373548507690429687500000000000000000000
51;7573452.79999999981373548507690429687500000000000000000000
52;9135232.00000000000000000000000000000000000000000000000000
53;9135948.80000000074505805969238281250000000000000000000000
54;9135564.80000000074505805969238281250000000000000000000000
55;9135974.40000000037252902984619140625000000000000000000000
56;9135564.80000000074505805969238281250000000000000000000000
57;9135616.00000000000000000000000000000000000000000000000000
58;9135616.00000000000000000000000000000000000000000000000000
59;9135180.80000000074505805969238281250000000000000000000000
60;9135180.80000000074505805969238281250000000000000000000000
61;9135590.40000000037252902984619140625000000000000000000000
62;9134822.40000000037252902984619140625000000000000000000000
63;9134412.80000000074505805969238281250000000000000000000000
64;9135334.40000000037252902984619140625000000000000000000000
65;9135436.80000000074505805969238281250000000000000000000000
66;9134617.59999999962747097015380859375000000000000000000000
67;9135027.19999999925494194030761718750000000000000000000000
68;9134617.59999999962747097015380859375000000000000000000000
69;9135027.19999999925494194030761718750000000000000000000000
70;9135027.19999999925494194030761718750000000000000000000000
71;9135027.19999999925494194030761718750000000000000000000000
72;9135027.19999999925494194030761718750000000000000000000000
73;9134617.59999999962747097015380859375000000000000000000000
74;9134617.59999999962747097015380859375000000000000000000000
75;9135027.19999999925494194030761718750000000000000000000000
76;9135232.00000000000000000000000000000000000000000000000000
77;9136076.80000000074505805969238281250000000000000000000000
78;9136076.80000000074505805969238281250000000000000000000000
79;9136896.00000000000000000000000000000000000000000000000000
80;9136076.80000000074505805969238281250000000000000000000000
81;9136076.80000000074505805969238281250000000000000000000000
82;9135257.59999999962747097015380859375000000000000000000000
83;9135257.59999999962747097015380859375000000000000000000000
84;9135667.19999999925494194030761718750000000000000000000000
85;9135257.59999999962747097015380859375000000000000000000000
86;9136896.00000000000000000000000000000000000000000000000000
87;9136076.80000000074505805969238281250000000000000000000000
88;9135667.19999999925494194030761718750000000000000000000000
89;9135667.19999999925494194030761718750000000000000000000000
90;9136435.19999999925494194030761718750000000000000000000000
91;8490624.00000000000000000000000000000000000000000000000000
92;8494771.19999999925494194030761718750000000000000000000000
93;8510899.19999999925494194030761718750000000000000000000000
94;8521600.00000000000000000000000000000000000000000000000000
95;8531865.59999999962747097015380859375000000000000000000000
96;8547148.80000000074505805969238281250000000000000000000000
97;8561945.59999999962747097015380859375000000000000000000000
98;8577331.19999999925494194030761718750000000000000000000000
99;8593945.59999999962747097015380859375000000000000000000000
100;8607180.80000000074505805969238281250000000000000000000000
101;8622003.19999999925494194030761718750000000000000000000000
102;8639411.19999999925494194030761718750000000000000000000000
103;8658611.19999999925494194030761718750000000000000000000000
104;8668185.59999999962747097015380859375000000000000000000000
105;8686361.59999999962747097015380859375000000000000000000000
106;8704460.80000000074505805969238281250000000000000000000000
107;8732390.40000000037252902984619140625000000000000000000000
108;8742169.59999999962747097015380859375000000000000000000000
109;8760883.19999999925494194030761718750000000000000000000000
110;8774963.19999999925494194030761718750000000000000000000000
111;8790630.40000000037252902984619140625000000000000000000000
112;8814412.80000000074505805969238281250000000000000000000000
113;8830182.40000000037252902984619140625000000000000000000000
114;8836838.40000000037252902984619140625000000000000000000000
115;8860339.19999999925494194030761718750000000000000000000000
116;8868556.80000000074505805969238281250000000000000000000000
117;8883865.59999999962747097015380859375000000000000000000000
118;8916096.00000000000000000000000000000000000000000000000000
119;8930073.59999999962747097015380859375000000000000000000000
120;8937523.19999999925494194030761718750000000000000000000000
121;8979225.59999999962747097015380859375000000000000000000000
122;8988748.80000000074505805969238281250000000000000000000000
123;8998988.80000000074505805969238281250000000000000000000000
124;9015705.59999999962747097015380859375000000000000000000000
125;9043942.40000000037252902984619140625000000000000000000000
126;9060684.80000000074505805969238281250000000000000000000000
127;9081011.19999999925494194030761718750000000000000000000000
128;9097958.40000000037252902984619140625000000000000000000000
129;9106739.19999999925494194030761718750000000000000000000000
130;9132876.80000000074505805969238281250000000000000000000000
131;9145600.00000000000000000000000000000000000000000000000000
132;9157273.59999999962747097015380859375000000000000000000000
133;9178854.40000000037252902984619140625000000000000000000000
134;9187148.80000000074505805969238281250000000000000000000000
135;9187174.40000000037252902984619140625000000000000000000000
136;9187174.40000000037252902984619140625000000000000000000000
137;9187174.40000000037252902984619140625000000000000000000000
138;9186764.80000000074505805969238281250000000000000000000000
139;9187174.40000000037252902984619140625000000000000000000000
140;9187379.19999999925494194030761718750000000000000000000000
141;9186764.80000000074505805969238281250000000000000000000000
142;9187404.80000000074505805969238281250000000000000000000000
143;9187379.19999999925494194030761718750000000000000000000000
144;9187174.40000000037252902984619140625000000000000000000000
145;9186764.80000000074505805969238281250000000000000000000000
146;9189248.00000000000000000000000000000000000000000000000000
147;9189248.00000000000000000000000000000000000000000000000000
148;9189248.00000000000000000000000000000000000000000000000000
149;9189248.00000000000000000000000000000000000000000000000000
150;9189478.40000000037252902984619140625000000000000000000000
151;9189248.00000000000000000000000000000000000000000000000000
152;9189248.00000000000000000000000000000000000000000000000000
153;9189452.80000000074505805969238281250000000000000000000000
154;9189248.00000000000000000000000000000000000000000000000000
155;9189248.00000000000000000000000000000000000000000000000000
156;9189248.00000000000000000000000000000000000000000000000000
157;9189248.00000000000000000000000000000000000000000000000000
158;9189248.00000000000000000000000000000000000000000000000000
159;9189248.00000000000000000000000000000000000000000000000000
160;9189606.40000000037252902984619140625000000000000000000000
161;9189811.19999999925494194030761718750000000000000000000000
162;9189196.80000000074505805969238281250000000000000000000000
163;9189606.40000000037252902984619140625000000000000000000000
164;9189606.40000000037252902984619140625000000000000000000000
165;9189811.19999999925494194030761718750000000000000000000000
166;9189811.19999999925494194030761718750000000000000000000000
167;9189606.40000000037252902984619140625000000000000000000000
168;9189606.40000000037252902984619140625000000000000000000000
169;9189606.40000000037252902984619140625000000000000000000000
170;9189606.40000000037252902984619140625000000000000000000000
171;9189606.40000000037252902984619140625000000000000000000000
172;9189606.40000000037252902984619140625000000000000000000000
173;8526950.40000000037252902984619140625000000000000000000000
174;8538777.59999999962747097015380859375000000000000000000000
175;8547968.00000000000000000000000000000000000000000000000000
176;8560486.40000000037252902984619140625000000000000000000000
177;8573209.59999999962747097015380859375000000000000000000000
178;8584012.80000000074505805969238281250000000000000000000000
179;8602572.80000000074505805969238281250000000000000000000000
180;8614656.00000000000000000000000000000000000000000000000000
181;8630681.59999999962747097015380859375000000000000000000000
182;8645580.80000000074505805969238281250000000000000000000000
183;8659712.00000000000000000000000000000000000000000000000000
184;8672819.19999999925494194030761718750000000000000000000000
185;8680396.80000000074505805969238281250000000000000000000000
186;8699827.19999999925494194030761718750000000000000000000000
187;8709555.19999999925494194030761718750000000000000000000000
188;8734361.59999999962747097015380859375000000000000000000000
189;8742681.59999999962747097015380859375000000000000000000000
190;8769792.00000000000000000000000000000000000000000000000000
191;8782796.80000000074505805969238281250000000000000000000000
192;8798873.59999999962747097015380859375000000000000000000000
193;8812672.00000000000000000000000000000000000000000000000000
194;8832921.59999999962747097015380859375000000000000000000000
195;8847692.80000000074505805969238281250000000000000000000000
196;8859008.00000000000000000000000000000000000000000000000000
197;8891955.19999999925494194030761718750000000000000000000000
198;8902553.59999999962747097015380859375000000000000000000000
199;8917555.19999999925494194030761718750000000000000000000000
200;8928204.80000000074505805969238281250000000000000000000000
201;8961920.00000000000000000000000000000000000000000000000000
202;8974054.40000000037252902984619140625000000000000000000000
203;8995148.80000000074505805969238281250000000000000000000000
204;9027302.40000000037252902984619140625000000000000000000000
205;9041484.80000000074505805969238281250000000000000000000000
206;9047065.59999999962747097015380859375000000000000000000000
207;9061555.19999999925494194030761718750000000000000000000000
208;9088409.59999999962747097015380859375000000000000000000000
209;9103104.00000000000000000000000000000000000000000000000000
210;9115366.40000000037252902984619140625000000000000000000000
211;9124966.40000000037252902984619140625000000000000000000000
212;9170662.40000000037252902984619140625000000000000000000000
213;9174732.80000000074505805969238281250000000000000000000000
214;9187609.59999999962747097015380859375000000000000000000000
215;9200896.00000000000000000000000000000000000000000000000000
216;9211264.00000000000000000000000000000000000000000000000000
217;9217868.80000000074505805969238281250000000000000000000000
218;9226163.19999999925494194030761718750000000000000000000000
219;9225395.19999999925494194030761718750000000000000000000000
220;9225804.80000000074505805969238281250000000000000000000000
221;9226214.40000000037252902984619140625000000000000000000000
222;9226214.40000000037252902984619140625000000000000000000000
223;9225804.80000000074505805969238281250000000000000000000000
224;9225804.80000000074505805969238281250000000000000000000000
225;9226214.40000000037252902984619140625000000000000000000000
226;9225804.80000000074505805969238281250000000000000000000000
227;9225804.80000000074505805969238281250000000000000000000000
228;9226214.40000000037252902984619140625000000000000000000000
229;9225395.19999999925494194030761718750000000000000000000000
230;9228518.40000000037252902984619140625000000000000000000000
231;9228518.40000000037252902984619140625000000000000000000000
232;9228518.40000000037252902984619140625000000000000000000000
233;9228518.40000000037252902984619140625000000000000000000000
234;9228518.40000000037252902984619140625000000000000000000000
235;9228928.00000000000000000000000000000000000000000000000000
236;9228108.80000000074505805969238281250000000000000000000000
237;9228928.00000000000000000000000000000000000000000000000000
238;9228928.00000000000000000000000000000000000000000000000000
239;9228544.00000000000000000000000000000000000000000000000000
240;9228953.59999999962747097015380859375000000000000000000000
241;9228544.00000000000000000000000000000000000000000000000000
242;9228544.00000000000000000000000000000000000000000000000000
243;9228544.00000000000000000000000000000000000000000000000000
244;9228544.00000000000000000000000000000000000000000000000000
245;9228953.59999999962747097015380859375000000000000000000000
246;9228953.59999999962747097015380859375000000000000000000000
247;9228953.59999999962747097015380859375000000000000000000000
248;9228953.59999999962747097015380859375000000000000000000000
249;9228953.59999999962747097015380859375000000000000000000000
250;9228544.00000000000000000000000000000000000000000000000000
251;9228544.00000000000000000000000000000000000000000000000000
252;9228134.40000000037252902984619140625000000000000000000000
253;9228134.40000000037252902984619140625000000000000000000000
254;9228544.00000000000000000000000000000000000000000000000000
255;9228544.00000000000000000000000000000000000000000000000000
256;9228544.00000000000000000000000000000000000000000000000000
257;8538470.40000000037252902984619140625000000000000000000000
258;8552012.80000000074505805969238281250000000000000000000000
259;8568499.19999999925494194030761718750000000000000000000000
260;8577740.80000000074505805969238281250000000000000000000000
261;8589619.19999999925494194030761718750000000000000000000000
262;8601267.19999999925494194030761718750000000000000000000000
263;8613632.00000000000000000000000000000000000000000000000000
264;8614681.59999999962747097015380859375000000000000000000000
265;8637158.40000000037252902984619140625000000000000000000000
266;8648704.00000000000000000000000000000000000000000000000000
267;8663270.40000000037252902984619140625000000000000000000000
268;8677811.19999999925494194030761718750000000000000000000000
269;8696960.00000000000000000000000000000000000000000000000000
270;8709708.80000000074505805969238281250000000000000000000000
271;8720384.00000000000000000000000000000000000000000000000000
272;8733414.40000000037252902984619140625000000000000000000000
273;8754457.59999999962747097015380859375000000000000000000000
274;8765312.00000000000000000000000000000000000000000000000000
275;8786201.59999999962747097015380859375000000000000000000000
276;8798054.40000000037252902984619140625000000000000000000000
277;8807040.00000000000000000000000000000000000000000000000000
278;8825011.19999999925494194030761718750000000000000000000000
279;8843545.59999999962747097015380859375000000000000000000000
280;8864640.00000000000000000000000000000000000000000000000000
281;8877209.59999999962747097015380859375000000000000000000000
282;8893542.40000000037252902984619140625000000000000000000000
283;8941056.00000000000000000000000000000000000000000000000000
284;8952704.00000000000000000000000000000000000000000000000000
285;8962252.80000000074505805969238281250000000000000000000000
286;8977382.40000000037252902984619140625000000000000000000000
287;9008102.40000000037252902984619140625000000000000000000000
288;9019955.19999999925494194030761718750000000000000000000000
289;9032960.00000000000000000000000000000000000000000000000000
290;9053056.00000000000000000000000000000000000000000000000000
291;9070131.19999999925494194030761718750000000000000000000000
292;9081881.59999999962747097015380859375000000000000000000000
293;9099776.00000000000000000000000000000000000000000000000000
294;9106713.59999999962747097015380859375000000000000000000000
295;9148390.40000000037252902984619140625000000000000000000000
296;9149721.59999999962747097015380859375000000000000000000000
297;9154227.19999999925494194030761718750000000000000000000000
298;9165696.00000000000000000000000000000000000000000000000000
299;9175680.00000000000000000000000000000000000000000000000000
300;9217792.00000000000000000000000000000000000000000000000000
301;9233075.19999999925494194030761718750000000000000000000000
302;9233075.19999999925494194030761718750000000000000000000000
303;9240678.40000000037252902984619140625000000000000000000000
304;9240678.40000000037252902984619140625000000000000000000000
305;9240678.40000000037252902984619140625000000000000000000000
306;9240448.00000000000000000000000000000000000000000000000000
307;9240448.00000000000000000000000000000000000000000000000000
308;9240473.59999999962747097015380859375000000000000000000000
309;9240678.40000000037252902984619140625000000000000000000000
310;9240678.40000000037252902984619140625000000000000000000000
311;9240448.00000000000000000000000000000000000000000000000000
312;9240448.00000000000000000000000000000000000000000000000000
313;9240089.59999999962747097015380859375000000000000000000000
314;9240499.19999999925494194030761718750000000000000000000000
315;9242598.40000000037252902984619140625000000000000000000000
316;9242803.19999999925494194030761718750000000000000000000000
317;9242572.80000000074505805969238281250000000000000000000000
318;9242572.80000000074505805969238281250000000000000000000000
319;9242598.40000000037252902984619140625000000000000000000000
320;9242598.40000000037252902984619140625000000000000000000000
321;9242598.40000000037252902984619140625000000000000000000000
322;9242803.19999999925494194030761718750000000000000000000000
323;9242803.19999999925494194030761718750000000000000000000000
324;9242572.80000000074505805969238281250000000000000000000000
325;9242572.80000000074505805969238281250000000000000000000000
326;9242214.40000000037252902984619140625000000000000000000000
327;9242598.40000000037252902984619140625000000000000000000000
328;9242598.40000000037252902984619140625000000000000000000000
329;9242803.19999999925494194030761718750000000000000000000000
330;9242803.19999999925494194030761718750000000000000000000000
331;9242572.80000000074505805969238281250000000000000000000000
332;9242803.19999999925494194030761718750000000000000000000000
333;9242214.40000000037252902984619140625000000000000000000000
334;9242598.40000000037252902984619140625000000000000000000000
335;9242598.40000000037252902984619140625000000000000000000000
336;9242752.00000000000000000000000000000000000000000000000000
337;9242598.40000000037252902984619140625000000000000000000000
338;9242803.19999999925494194030761718750000000000000000000000
339;9242598.40000000037252902984619140625000000000000000000000
340;9242803.19999999925494194030761718750000000000000000000000
341;9242828.80000000074505805969238281250000000000000000000000
342;8554137.59999999962747097015380859375000000000000000000000
343;8566502.40000000037252902984619140625000000000000000000000
344;8579686.40000000037252902984619140625000000000000000000000
345;8592000.00000000000000000000000000000000000000000000000000
346;8604595.19999999925494194030761718750000000000000000000000
347;8616115.19999999925494194030761718750000000000000000000000
348;8626201.59999999962747097015380859375000000000000000000000
349;8637030.40000000037252902984619140625000000000000000000000
350;8649292.80000000074505805969238281250000000000000000000000
351;8668339.19999999925494194030761718750000000000000000000000
352;8684492.80000000074505805969238281250000000000000000000000
353;8705664.00000000000000000000000000000000000000000000000000
354;8716492.80000000074505805969238281250000000000000000000000
355;8731084.80000000074505805969238281250000000000000000000000
356;8746444.80000000074505805969238281250000000000000000000000
357;8763468.80000000074505805969238281250000000000000000000000
358;8774937.59999999962747097015380859375000000000000000000000
359;8792832.00000000000000000000000000000000000000000000000000
360;8802483.19999999925494194030761718750000000000000000000000
361;8808499.19999999925494194030761718750000000000000000000000
362;8829260.80000000074505805969238281250000000000000000000000
363;8835993.59999999962747097015380859375000000000000000000000
364;8863462.40000000037252902984619140625000000000000000000000
365;8878284.80000000074505805969238281250000000000000000000000
366;8890419.19999999925494194030761718750000000000000000000000
367;8915942.40000000037252902984619140625000000000000000000000
368;8934195.19999999925494194030761718750000000000000000000000
369;8941158.40000000037252902984619140625000000000000000000000
370;8964044.80000000074505805969238281250000000000000000000000
371;8979840.00000000000000000000000000000000000000000000000000
372;8991744.00000000000000000000000000000000000000000000000000
373;9007590.40000000037252902984619140625000000000000000000000
374;9044172.80000000074505805969238281250000000000000000000000
375;9064780.80000000074505805969238281250000000000000000000000
376;9072537.59999999962747097015380859375000000000000000000000
377;9087078.40000000037252902984619140625000000000000000000000
378;9118310.40000000037252902984619140625000000000000000000000
379;9133260.80000000074505805969238281250000000000000000000000
380;9145420.80000000074505805969238281250000000000000000000000
381;9165875.19999999925494194030761718750000000000000000000000
382;9189196.80000000074505805969238281250000000000000000000000
383;9200691.19999999925494194030761718750000000000000000000000
384;9201945.59999999962747097015380859375000000000000000000000
385;9215974.40000000037252902984619140625000000000000000000000
386;9226777.59999999962747097015380859375000000000000000000000
387;9226777.59999999962747097015380859375000000000000000000000
388;9234713.59999999962747097015380859375000000000000000000000
389;9234739.19999999925494194030761718750000000000000000000000
390;9235148.80000000074505805969238281250000000000000000000000
391;9235148.80000000074505805969238281250000000000000000000000
392;9235558.40000000037252902984619140625000000000000000000000
393;9235148.80000000074505805969238281250000000000000000000000
394;9235148.80000000074505805969238281250000000000000000000000
395;9235558.40000000037252902984619140625000000000000000000000
396;9235148.80000000074505805969238281250000000000000000000000
397;9235148.80000000074505805969238281250000000000000000000000
398;9235148.80000000074505805969238281250000000000000000000000
399;9235558.40000000037252902984619140625000000000000000000000
400;9236992.00000000000000000000000000000000000000000000000000
401;9236992.00000000000000000000000000000000000000000000000000
402;9236608.00000000000000000000000000000000000000000000000000
403;9237401.59999999962747097015380859375000000000000000000000
404;9237401.59999999962747097015380859375000000000000000000000
405;9236608.00000000000000000000000000000000000000000000000000
406;9236992.00000000000000000000000000000000000000000000000000
407;9237401.59999999962747097015380859375000000000000000000000
408;9236966.40000000037252902984619140625000000000000000000000
409;9236992.00000000000000000000000000000000000000000000000000
410;9236992.00000000000000000000000000000000000000000000000000
411;9236992.00000000000000000000000000000000000000000000000000
412;9237376.00000000000000000000000000000000000000000000000000
413;9237376.00000000000000000000000000000000000000000000000000
414;9236966.40000000037252902984619140625000000000000000000000
415;9236966.40000000037252902984619140625000000000000000000000
416;9236966.40000000037252902984619140625000000000000000000000
417;9237376.00000000000000000000000000000000000000000000000000
418;9237376.00000000000000000000000000000000000000000000000000
419;9236940.80000000074505805969238281250000000000000000000000
420;9236556.80000000074505805969238281250000000000000000000000
421;9236966.40000000037252902984619140625000000000000000000000
422;9236940.80000000074505805969238281250000000000000000000000
423;9236556.80000000074505805969238281250000000000000000000000
424;9236966.40000000037252902984619140625000000000000000000000
425;9236940.80000000074505805969238281250000000000000000000000
426;9236966.40000000037252902984619140625000000000000000000000
427;8537036.80000000074505805969238281250000000000000000000000
428;8547276.80000000074505805969238281250000000000000000000000
429;8563123.19999999925494194030761718750000000000000000000000
430;8577817.59999999962747097015380859375000000000000000000000
431;8597401.59999999962747097015380859375000000000000000000000
432;8609382.40000000037252902984619140625000000000000000000000
433;8626304.00000000000000000000000000000000000000000000000000
434;8632806.40000000037252902984619140625000000000000000000000
435;8648140.80000000074505805969238281250000000000000000000000
436;8665728.00000000000000000000000000000000000000000000000000
437;8680371.19999999925494194030761718750000000000000000000000
438;8693862.40000000037252902984619140625000000000000000000000
439;8706073.59999999962747097015380859375000000000000000000000
440;8722278.40000000037252902984619140625000000000000000000000
441;8732467.19999999925494194030761718750000000000000000000000
442;8755148.80000000074505805969238281250000000000000000000000
443;8764876.80000000074505805969238281250000000000000000000000
444;8787814.40000000037252902984619140625000000000000000000000
445;8795443.19999999925494194030761718750000000000000000000000
446;8816076.80000000074505805969238281250000000000000000000000
447;8822630.40000000037252902984619140625000000000000000000000
448;8835225.59999999962747097015380859375000000000000000000000
449;8853222.40000000037252902984619140625000000000000000000000
450;8861977.59999999962747097015380859375000000000000000000000
451;8871833.59999999962747097015380859375000000000000000000000
452;8895769.59999999962747097015380859375000000000000000000000
453;8900864.00000000000000000000000000000000000000000000000000
454;8920268.80000000074505805969238281250000000000000000000000
455;8952115.19999999925494194030761718750000000000000000000000
456;8957824.00000000000000000000000000000000000000000000000000
457;8967116.80000000074505805969238281250000000000000000000000
458;8980454.40000000037252902984619140625000000000000000000000
459;9010380.80000000074505805969238281250000000000000000000000
460;9015372.80000000074505805969238281250000000000000000000000
461;9027276.80000000074505805969238281250000000000000000000000
462;9043916.80000000074505805969238281250000000000000000000000
463;9081420.80000000074505805969238281250000000000000000000000
464;9086131.19999999925494194030761718750000000000000000000000
465;9105280.00000000000000000000000000000000000000000000000000
466;9119667.19999999925494194030761718750000000000000000000000
467;9161472.00000000000000000000000000000000000000000000000000
468;9162803.19999999925494194030761718750000000000000000000000
469;9175859.19999999925494194030761718750000000000000000000000
470;9192243.19999999925494194030761718750000000000000000000000
471;9204198.40000000037252902984619140625000000000000000000000
472;9256908.80000000074505805969238281250000000000000000000000
473;9256908.80000000074505805969238281250000000000000000000000
474;9269120.00000000000000000000000000000000000000000000000000
475;9268403.19999999925494194030761718750000000000000000000000
476;9267814.40000000037252902984619140625000000000000000000000
477;9268198.40000000037252902984619140625000000000000000000000
478;9268198.40000000037252902984619140625000000000000000000000
479;9267814.40000000037252902984619140625000000000000000000000
480;9267788.80000000074505805969238281250000000000000000000000
481;9268198.40000000037252902984619140625000000000000000000000
482;9268428.80000000074505805969238281250000000000000000000000
483;9268198.40000000037252902984619140625000000000000000000000
484;9268198.40000000037252902984619140625000000000000000000000
485;9268198.40000000037252902984619140625000000000000000000000
486;9268198.40000000037252902984619140625000000000000000000000
487;9268198.40000000037252902984619140625000000000000000000000
488;9268198.40000000037252902984619140625000000000000000000000
489;9268403.19999999925494194030761718750000000000000000000000
490;9267788.80000000074505805969238281250000000000000000000000
491;9268198.40000000037252902984619140625000000000000000000000
492;9268403.19999999925494194030761718750000000000000000000000
493;9268198.40000000037252902984619140625000000000000000000000
494;9267814.40000000037252902984619140625000000000000000000000
495;9268198.40000000037252902984619140625000000000000000000000
496;9268428.80000000074505805969238281250000000000000000000000
497;9268403.19999999925494194030761718750000000000000000000000
498;9268172.80000000074505805969238281250000000000000000000000
499;9268147.19999999925494194030761718750000000000000000000000
500;9268172.80000000074505805969238281250000000000000000000000
501;9268147.19999999925494194030761718750000000000000000000000
502;9268403.19999999925494194030761718750000000000000000000000
503;9268172.80000000074505805969238281250000000000000000000000
504;9267788.80000000074505805969238281250000000000000000000000
505;9268172.80000000074505805969238281250000000000000000000000
506;9268172.80000000074505805969238281250000000000000000000000
507;9268172.80000000074505805969238281250000000000000000000000
508;9268172.80000000074505805969238281250000000000000000000000
509;9268172.80000000074505805969238281250000000000000000000000
510;9268172.80000000074505805969238281250000000000000000000000
511;9268377.59999999962747097015380859375000000000000000000000
512;9268377.59999999962747097015380859375000000000000000000000
513;8616192.00000000000000000000000000000000000000000000000000
514;8631193.59999999962747097015380859375000000000000000000000
515;8641792.00000000000000000000000000000000000000000000000000
516;8652595.19999999925494194030761718750000000000000000000000
517;8661683.19999999925494194030761718750000000000000000000000
518;8667033.59999999962747097015380859375000000000000000000000
519;8677401.59999999962747097015380859375000000000000000000000
520;8686873.59999999962747097015380859375000000000000000000000
521;8701414.40000000037252902984619140625000000000000000000000
522;8715852.80000000074505805969238281250000000000000000000000
523;8729804.80000000074505805969238281250000000000000000000000
524;8738918.40000000037252902984619140625000000000000000000000
525;8753382.40000000037252902984619140625000000000000000000000
526;8773376.00000000000000000000000000000000000000000000000000
527;8786227.19999999925494194030761718750000000000000000000000
528;8801945.59999999962747097015380859375000000000000000000000
529;8816000.00000000000000000000000000000000000000000000000000
530;8853913.59999999962747097015380859375000000000000000000000
531;8861593.59999999962747097015380859375000000000000000000000
532;8874905.59999999962747097015380859375000000000000000000000
533;8897075.19999999925494194030761718750000000000000000000000
534;8904883.19999999925494194030761718750000000000000000000000
535;8924518.40000000037252902984619140625000000000000000000000
536;8937190.40000000037252902984619140625000000000000000000000
537;8949836.80000000074505805969238281250000000000000000000000
538;8977868.80000000074505805969238281250000000000000000000000
539;8987392.00000000000000000000000000000000000000000000000000
540;8988825.59999999962747097015380859375000000000000000000000
541;8993792.00000000000000000000000000000000000000000000000000
542;9003340.80000000074505805969238281250000000000000000000000
543;9009843.19999999925494194030761718750000000000000000000000
544;9025254.40000000037252902984619140625000000000000000000000
545;9032217.59999999962747097015380859375000000000000000000000
546;9036774.40000000037252902984619140625000000000000000000000
547;9051264.00000000000000000000000000000000000000000000000000
548;9067980.80000000074505805969238281250000000000000000000000
549;9120460.80000000074505805969238281250000000000000000000000
550;9128217.59999999962747097015380859375000000000000000000000
551;9132160.00000000000000000000000000000000000000000000000000
552;9135820.80000000074505805969238281250000000000000000000000
553;9171328.00000000000000000000000000000000000000000000000000
554;9173990.40000000037252902984619140625000000000000000000000
555;9180416.00000000000000000000000000000000000000000000000000
556;9193472.00000000000000000000000000000000000000000000000000
557;9214438.40000000037252902984619140625000000000000000000000
558;9226188.80000000074505805969238281250000000000000000000000
559;9226188.80000000074505805969238281250000000000000000000000
560;9237017.59999999962747097015380859375000000000000000000000
561;9236787.19999999925494194030761718750000000000000000000000
562;9236761.59999999962747097015380859375000000000000000000000
563;9236915.19999999925494194030761718750000000000000000000000
564;9236403.19999999925494194030761718750000000000000000000000
565;9236992.00000000000000000000000000000000000000000000000000
566;9236787.19999999925494194030761718750000000000000000000000
567;9237862.40000000037252902984619140625000000000000000000000
568;9237888.00000000000000000000000000000000000000000000000000
569;9238451.19999999925494194030761718750000000000000000000000
570;9238656.00000000000000000000000000000000000000000000000000
571;9239116.80000000074505805969238281250000000000000000000000
572;9239552.00000000000000000000000000000000000000000000000000
573;9239526.40000000037252902984619140625000000000000000000000
574;9239552.00000000000000000000000000000000000000000000000000
575;9239168.00000000000000000000000000000000000000000000000000
576;9239756.80000000074505805969238281250000000000000000000000
577;9239142.40000000037252902984619140625000000000000000000000
578;9239552.00000000000000000000000000000000000000000000000000
579;9239782.40000000037252902984619140625000000000000000000000
580;9239526.40000000037252902984619140625000000000000000000000
581;9239142.40000000037252902984619140625000000000000000000000
582;9239782.40000000037252902984619140625000000000000000000000
583;9239526.40000000037252902984619140625000000000000000000000
584;9239552.00000000000000000000000000000000000000000000000000
585;9239552.00000000000000000000000000000000000000000000000000
586;9239168.00000000000000000000000000000000000000000000000000
587;9239552.00000000000000000000000000000000000000000000000000
588;9239756.80000000074505805969238281250000000000000000000000
589;9239526.40000000037252902984619140625000000000000000000000
590;9239040.00000000000000000000000000000000000000000000000000
591;9239552.00000000000000000000000000000000000000000000000000
592;9239756.80000000074505805969238281250000000000000000000000
593;9239142.40000000037252902984619140625000000000000000000000
594;9239552.00000000000000000000000000000000000000000000000000
595;9239756.80000000074505805969238281250000000000000000000000
596;9239142.40000000037252902984619140625000000000000000000000
597;9239552.00000000000000000000000000000000000000000000000000
598;8607974.40000000037252902984619140625000000000000000000000
599;8621721.59999999962747097015380859375000000000000000000000
600;8639462.40000000037252902984619140625000000000000000000000
601;8642048.00000000000000000000000000000000000000000000000000
602;8650291.19999999925494194030761718750000000000000000000000
603;8662912.00000000000000000000000000000000000000000000000000
604;8675788.80000000074505805969238281250000000000000000000000
605;8687104.00000000000000000000000000000000000000000000000000
606;8702899.19999999925494194030761718750000000000000000000000
607;8719078.40000000037252902984619140625000000000000000000000
608;8731161.59999999962747097015380859375000000000000000000000
609;8744448.00000000000000000000000000000000000000000000000000
610;8755328.00000000000000000000000000000000000000000000000000
611;8772812.80000000074505805969238281250000000000000000000000
612;8783616.00000000000000000000000000000000000000000000000000
613;8802841.59999999962747097015380859375000000000000000000000
614;8814105.59999999962747097015380859375000000000000000000000
615;8850790.40000000037252902984619140625000000000000000000000
616;8861388.80000000074505805969238281250000000000000000000000
617;8884582.40000000037252902984619140625000000000000000000000
618;8894464.00000000000000000000000000000000000000000000000000
619;8925209.59999999962747097015380859375000000000000000000000
620;8926182.40000000037252902984619140625000000000000000000000
621;8934476.80000000074505805969238281250000000000000000000000
622;8942848.00000000000000000000000000000000000000000000000000
623;8948787.19999999925494194030761718750000000000000000000000
624;8950374.40000000037252902984619140625000000000000000000000
625;8967475.19999999925494194030761718750000000000000000000000
626;8967193.59999999962747097015380859375000000000000000000000
627;8974387.19999999925494194030761718750000000000000000000000
628;8986393.59999999962747097015380859375000000000000000000000
629;9011097.59999999962747097015380859375000000000000000000000
630;9018982.40000000037252902984619140625000000000000000000000
631;9029913.59999999962747097015380859375000000000000000000000
632;9084134.40000000037252902984619140625000000000000000000000
633;9094272.00000000000000000000000000000000000000000000000000
634;9101568.00000000000000000000000000000000000000000000000000
635;9103052.80000000074505805969238281250000000000000000000000
636;9108940.80000000074505805969238281250000000000000000000000
637;9138022.40000000037252902984619140625000000000000000000000
638;9149849.59999999962747097015380859375000000000000000000000
639;9160192.00000000000000000000000000000000000000000000000000
640;9173964.80000000074505805969238281250000000000000000000000
641;9188096.00000000000000000000000000000000000000000000000000
642;9239884.80000000074505805969238281250000000000000000000000
643;9245056.00000000000000000000000000000000000000000000000000
644;9245056.00000000000000000000000000000000000000000000000000
645;9253888.00000000000000000000000000000000000000000000000000
646;9254297.59999999962747097015380859375000000000000000000000
647;9254297.59999999962747097015380859375000000000000000000000
648;9254502.40000000037252902984619140625000000000000000000000
649;9254169.59999999962747097015380859375000000000000000000000
650;9254297.59999999962747097015380859375000000000000000000000
651;9254502.40000000037252902984619140625000000000000000000000
652;9253913.59999999962747097015380859375000000000000000000000
653;9254502.40000000037252902984619140625000000000000000000000
654;9254297.59999999962747097015380859375000000000000000000000
655;9254528.00000000000000000000000000000000000000000000000000
656;9254272.00000000000000000000000000000000000000000000000000
657;9256576.00000000000000000000000000000000000000000000000000
658;9256576.00000000000000000000000000000000000000000000000000
659;9256576.00000000000000000000000000000000000000000000000000
660;9256780.80000000074505805969238281250000000000000000000000
661;9256550.40000000037252902984619140625000000000000000000000
662;9256576.00000000000000000000000000000000000000000000000000
663;9256192.00000000000000000000000000000000000000000000000000
664;9256576.00000000000000000000000000000000000000000000000000
665;9256780.80000000074505805969238281250000000000000000000000
666;9256550.40000000037252902984619140625000000000000000000000
667;9256576.00000000000000000000000000000000000000000000000000
668;9256806.40000000037252902984619140625000000000000000000000
669;9256806.40000000037252902984619140625000000000000000000000
670;9256576.00000000000000000000000000000000000000000000000000
671;9256576.00000000000000000000000000000000000000000000000000
672;9256166.40000000037252902984619140625000000000000000000000
673;9256576.00000000000000000000000000000000000000000000000000
674;9256780.80000000074505805969238281250000000000000000000000
675;9256166.40000000037252902984619140625000000000000000000000
676;9256806.40000000037252902984619140625000000000000000000000
677;9256550.40000000037252902984619140625000000000000000000000
678;9256576.00000000000000000000000000000000000000000000000000
679;9256780.80000000074505805969238281250000000000000000000000
680;9256576.00000000000000000000000000000000000000000000000000
681;9256806.40000000037252902984619140625000000000000000000000
682;9256780.80000000074505805969238281250000000000000000000000
683;9256576.00000000000000000000000000000000000000000000000000
684;8560358.40000000037252902984619140625000000000000000000000
685;8568192.00000000000000000000000000000000000000000000000000
686;8575129.59999999962747097015380859375000000000000000000000
687;8592000.00000000000000000000000000000000000000000000000000
688;8605337.59999999962747097015380859375000000000000000000000
689;8614297.59999999962747097015380859375000000000000000000000
690;8627865.59999999962747097015380859375000000000000000000000
691;8641536.00000000000000000000000000000000000000000000000000
692;8663040.00000000000000000000000000000000000000000000000000
693;8673868.80000000074505805969238281250000000000000000000000
694;8688640.00000000000000000000000000000000000000000000000000
695;8702822.40000000037252902984619140625000000000000000000000
696;8712857.59999999962747097015380859375000000000000000000000
697;8731161.59999999962747097015380859375000000000000000000000
698;8739123.19999999925494194030761718750000000000000000000000
699;8754124.80000000074505805969238281250000000000000000000000
700;8778496.00000000000000000000000000000000000000000000000000
701;8787584.00000000000000000000000000000000000000000000000000
702;8819712.00000000000000000000000000000000000000000000000000
703;8836275.19999999925494194030761718750000000000000000000000
704;8864691.19999999925494194030761718750000000000000000000000
705;8879078.40000000037252902984619140625000000000000000000000
706;8892032.00000000000000000000000000000000000000000000000000
707;8920857.59999999962747097015380859375000000000000000000000
708;8931072.00000000000000000000000000000000000000000000000000
709;8946560.00000000000000000000000000000000000000000000000000
710;8960844.80000000074505805969238281250000000000000000000000
711;8962636.80000000074505805969238281250000000000000000000000
712;8971187.19999999925494194030761718750000000000000000000000
713;8992512.00000000000000000000000000000000000000000000000000
714;8999424.00000000000000000000000000000000000000000000000000
715;8996121.59999999962747097015380859375000000000000000000000
716;9018368.00000000000000000000000000000000000000000000000000
717;9023539.19999999925494194030761718750000000000000000000000
718;9033369.59999999962747097015380859375000000000000000000000
719;9041228.80000000074505805969238281250000000000000000000000
720;9111808.00000000000000000000000000000000000000000000000000
721;9120204.80000000074505805969238281250000000000000000000000
722;9126476.80000000074505805969238281250000000000000000000000
723;9128729.59999999962747097015380859375000000000000000000000
724;9171584.00000000000000000000000000000000000000000000000000
725;9170150.40000000037252902984619140625000000000000000000000
726;9170892.80000000074505805969238281250000000000000000000000
727;9181056.00000000000000000000000000000000000000000000000000
728;9214515.19999999925494194030761718750000000000000000000000
729;9216332.80000000074505805969238281250000000000000000000000
730;9227136.00000000000000000000000000000000000000000000000000
731;9226752.00000000000000000000000000000000000000000000000000
732;9227136.00000000000000000000000000000000000000000000000000
733;9227161.59999999962747097015380859375000000000000000000000
734;9227136.00000000000000000000000000000000000000000000000000
735;9227366.40000000037252902984619140625000000000000000000000
736;9227136.00000000000000000000000000000000000000000000000000
737;9227161.59999999962747097015380859375000000000000000000000
738;9226777.59999999962747097015380859375000000000000000000000
739;9227161.59999999962747097015380859375000000000000000000000
740;9227392.00000000000000000000000000000000000000000000000000
741;9227392.00000000000000000000000000000000000000000000000000
742;9228339.19999999925494194030761718750000000000000000000000
743;9228339.19999999925494194030761718750000000000000000000000
744;9228339.19999999925494194030761718750000000000000000000000
745;9227929.59999999962747097015380859375000000000000000000000
746;9228339.19999999925494194030761718750000000000000000000000
747;9228339.19999999925494194030761718750000000000000000000000
748;9228569.59999999962747097015380859375000000000000000000000
749;9228313.59999999962747097015380859375000000000000000000000
750;9227929.59999999962747097015380859375000000000000000000000
751;9228006.40000000037252902984619140625000000000000000000000
752;9227929.59999999962747097015380859375000000000000000000000
753;9227955.19999999925494194030761718750000000000000000000000
754;9228339.19999999925494194030761718750000000000000000000000
755;9228339.19999999925494194030761718750000000000000000000000
756;9228339.19999999925494194030761718750000000000000000000000
757;9227955.19999999925494194030761718750000000000000000000000
758;9228339.19999999925494194030761718750000000000000000000000
759;9228339.19999999925494194030761718750000000000000000000000
760;9228339.19999999925494194030761718750000000000000000000000
761;9228339.19999999925494194030761718750000000000000000000000
762;9228339.19999999925494194030761718750000000000000000000000
763;9228569.59999999962747097015380859375000000000000000000000
764;9228569.59999999962747097015380859375000000000000000000000
765;9228569.59999999962747097015380859375000000000000000000000
766;9228467.19999999925494194030761718750000000000000000000000
767;9228313.59999999962747097015380859375000000000000000000000
768;8603008.00000000000000000000000000000000000000000000000000
769;8611635.19999999925494194030761718750000000000000000000000
770;8625766.40000000037252902984619140625000000000000000000000
771;8636288.00000000000000000000000000000000000000000000000000
772;8651008.00000000000000000000000000000000000000000000000000
773;8661990.40000000037252902984619140625000000000000000000000
774;8675072.00000000000000000000000000000000000000000000000000
775;8685465.59999999962747097015380859375000000000000000000000
776;8698163.19999999925494194030761718750000000000000000000000
777;8707532.80000000074505805969238281250000000000000000000000
778;8726912.00000000000000000000000000000000000000000000000000
779;8748467.19999999925494194030761718750000000000000000000000
780;8758374.40000000037252902984619140625000000000000000000000
781;8773708.80000000074505805969238281250000000000000000000000
782;8793446.40000000037252902984619140625000000000000000000000
783;8798643.19999999925494194030761718750000000000000000000000
784;8815027.19999999925494194030761718750000000000000000000000
785;8827699.19999999925494194030761718750000000000000000000000
786;8863257.59999999962747097015380859375000000000000000000000
787;8877337.59999999962747097015380859375000000000000000000000
788;8897408.00000000000000000000000000000000000000000000000000
789;8907417.59999999962747097015380859375000000000000000000000
790;8931814.40000000037252902984619140625000000000000000000000
791;8937497.59999999962747097015380859375000000000000000000000
792;8948428.80000000074505805969238281250000000000000000000000
793;8966476.80000000074505805969238281250000000000000000000000
794;8966937.59999999962747097015380859375000000000000000000000
795;8976076.80000000074505805969238281250000000000000000000000
796;9009459.19999999925494194030761718750000000000000000000000
797;9005465.59999999962747097015380859375000000000000000000000
798;9008153.59999999962747097015380859375000000000000000000000
799;9009638.40000000037252902984619140625000000000000000000000
800;9042662.40000000037252902984619140625000000000000000000000
801;9051161.59999999962747097015380859375000000000000000000000
802;9056998.40000000037252902984619140625000000000000000000000
803;9065702.40000000037252902984619140625000000000000000000000
804;9127731.19999999925494194030761718750000000000000000000000
805;9136051.19999999925494194030761718750000000000000000000000
806;9138713.59999999962747097015380859375000000000000000000000
807;9140172.80000000074505805969238281250000000000000000000000
808;9148851.19999999925494194030761718750000000000000000000000
809;9204838.40000000037252902984619140625000000000000000000000
810;9203302.40000000037252902984619140625000000000000000000000
811;9206988.80000000074505805969238281250000000000000000000000
812;9217894.40000000037252902984619140625000000000000000000000
813;9229337.59999999962747097015380859375000000000000000000000
814;9232460.80000000074505805969238281250000000000000000000000
815;9232460.80000000074505805969238281250000000000000000000000
816;9233203.19999999925494194030761718750000000000000000000000
817;9233075.19999999925494194030761718750000000000000000000000
818;9232256.00000000000000000000000000000000000000000000000000
819;9232460.80000000074505805969238281250000000000000000000000
820;9232665.59999999962747097015380859375000000000000000000000
821;9232256.00000000000000000000000000000000000000000000000000
822;9232460.80000000074505805969238281250000000000000000000000
823;9232256.00000000000000000000000000000000000000000000000000
824;9232665.59999999962747097015380859375000000000000000000000
825;9232486.40000000037252902984619140625000000000000000000000
826;9234380.80000000074505805969238281250000000000000000000000
827;9234380.80000000074505805969238281250000000000000000000000
828;9234534.40000000037252902984619140625000000000000000000000
829;9234380.80000000074505805969238281250000000000000000000000
830;9233561.59999999962747097015380859375000000000000000000000
831;9233561.59999999962747097015380859375000000000000000000000
832;9233971.19999999925494194030761718750000000000000000000000
833;9233561.59999999962747097015380859375000000000000000000000
834;9233561.59999999962747097015380859375000000000000000000000
835;9233766.40000000037252902984619140625000000000000000000000
836;9233561.59999999962747097015380859375000000000000000000000
837;9234380.80000000074505805969238281250000000000000000000000
838;9233766.40000000037252902984619140625000000000000000000000
839;9233971.19999999925494194030761718750000000000000000000000
840;9234380.80000000074505805969238281250000000000000000000000
841;9234380.80000000074505805969238281250000000000000000000000
842;9234995.19999999925494194030761718750000000000000000000000
843;9233561.59999999962747097015380859375000000000000000000000
844;9234073.59999999962747097015380859375000000000000000000000
845;9233561.59999999962747097015380859375000000000000000000000
846;9234380.80000000074505805969238281250000000000000000000000
847;9233561.59999999962747097015380859375000000000000000000000
848;9234329.59999999962747097015380859375000000000000000000000
849;9233971.19999999925494194030761718750000000000000000000000
850;9233766.40000000037252902984619140625000000000000000000000
851;9233971.19999999925494194030761718750000000000000000000000
852;9233561.59999999962747097015380859375000000000000000000000
853;9233971.19999999925494194030761718750000000000000000000000
854;8606822.40000000037252902984619140625000000000000000000000
855;8614502.40000000037252902984619140625000000000000000000000
856;8619443.19999999925494194030761718750000000000000000000000
857;8631091.19999999925494194030761718750000000000000000000000
858;8641433.59999999962747097015380859375000000000000000000000
859;8652057.59999999962747097015380859375000000000000000000000
860;8661760.00000000000000000000000000000000000000000000000000
861;8671232.00000000000000000000000000000000000000000000000000
862;8688307.19999999925494194030761718750000000000000000000000
863;8701670.40000000037252902984619140625000000000000000000000
864;8713446.40000000037252902984619140625000000000000000000000
865;8721689.59999999962747097015380859375000000000000000000000
866;8733721.59999999962747097015380859375000000000000000000000
867;8755046.40000000037252902984619140625000000000000000000000
868;8766720.00000000000000000000000000000000000000000000000000
869;8781414.40000000037252902984619140625000000000000000000000
870;8793446.40000000037252902984619140625000000000000000000000
871;8825369.59999999962747097015380859375000000000000000000000
872;8838016.00000000000000000000000000000000000000000000000000
873;8864768.00000000000000000000000000000000000000000000000000
874;8875801.59999999962747097015380859375000000000000000000000
875;8885171.19999999925494194030761718750000000000000000000000
876;8907033.59999999962747097015380859375000000000000000000000
877;8922470.40000000037252902984619140625000000000000000000000
878;8943795.19999999925494194030761718750000000000000000000000
879;8948710.40000000037252902984619140625000000000000000000000
880;8950656.00000000000000000000000000000000000000000000000000
881;8969728.00000000000000000000000000000000000000000000000000
882;8974924.80000000074505805969238281250000000000000000000000
883;8976153.59999999962747097015380859375000000000000000000000
884;8977049.59999999962747097015380859375000000000000000000000
885;8995430.40000000037252902984619140625000000000000000000000
886;9006233.59999999962747097015380859375000000000000000000000
887;9022489.59999999962747097015380859375000000000000000000000
888;9089510.40000000037252902984619140625000000000000000000000
889;9106022.40000000037252902984619140625000000000000000000000
890;9109811.19999999925494194030761718750000000000000000000000
891;9110528.00000000000000000000000000000000000000000000000000
892;9142784.00000000000000000000000000000000000000000000000000
893;9145472.00000000000000000000000000000000000000000000000000
894;9154662.40000000037252902984619140625000000000000000000000
895;9157068.80000000074505805969238281250000000000000000000000
896;9164876.80000000074505805969238281250000000000000000000000
897;9173913.59999999962747097015380859375000000000000000000000
898;9226470.40000000037252902984619140625000000000000000000000
899;9241523.19999999925494194030761718750000000000000000000000
900;9241523.19999999925494194030761718750000000000000000000000
901;9253708.80000000074505805969238281250000000000000000000000
902;9253708.80000000074505805969238281250000000000000000000000
903;9253708.80000000074505805969238281250000000000000000000000
904;9253708.80000000074505805969238281250000000000000000000000
905;9253734.40000000037252902984619140625000000000000000000000
906;9254144.00000000000000000000000000000000000000000000000000
907;9253734.40000000037252902984619140625000000000000000000000
908;9253734.40000000037252902984619140625000000000000000000000
909;9253734.40000000037252902984619140625000000000000000000000
910;9254144.00000000000000000000000000000000000000000000000000
911;9253324.80000000074505805969238281250000000000000000000000
912;9253734.40000000037252902984619140625000000000000000000000
913;9253734.40000000037252902984619140625000000000000000000000
914;9253734.40000000037252902984619140625000000000000000000000
915;9254144.00000000000000000000000000000000000000000000000000
916;9253734.40000000037252902984619140625000000000000000000000
917;9254144.00000000000000000000000000000000000000000000000000
918;9254144.00000000000000000000000000000000000000000000000000
919;9253734.40000000037252902984619140625000000000000000000000
920;9253324.80000000074505805969238281250000000000000000000000
921;9253734.40000000037252902984619140625000000000000000000000
922;9254144.00000000000000000000000000000000000000000000000000
923;9253734.40000000037252902984619140625000000000000000000000
924;9254144.00000000000000000000000000000000000000000000000000
925;9253734.40000000037252902984619140625000000000000000000000
926;9253324.80000000074505805969238281250000000000000000000000
927;9253734.40000000037252902984619140625000000000000000000000
928;9253734.40000000037252902984619140625000000000000000000000
929;9253734.40000000037252902984619140625000000000000000000000
930;9253734.40000000037252902984619140625000000000000000000000
931;9253734.40000000037252902984619140625000000000000000000000
932;9254144.00000000000000000000000000000000000000000000000000
933;9253734.40000000037252902984619140625000000000000000000000
934;9253734.40000000037252902984619140625000000000000000000000
935;9253734.40000000037252902984619140625000000000000000000000
936;9254144.00000000000000000000000000000000000000000000000000
937;9254144.00000000000000000000000000000000000000000000000000
938;9254144.00000000000000000000000000000000000000000000000000
939;9253734.40000000037252902984619140625000000000000000000000
940;8617779.19999999925494194030761718750000000000000000000000
941;8625971.19999999925494194030761718750000000000000000000000
942;8642048.00000000000000000000000000000000000000000000000000
943;8658176.00000000000000000000000000000000000000000000000000
944;8666803.19999999925494194030761718750000000000000000000000
945;8679142.40000000037252902984619140625000000000000000000000
946;8693990.40000000037252902984619140625000000000000000000000
947;8704128.00000000000000000000000000000000000000000000000000
948;8720665.59999999962747097015380859375000000000000000000000
949;8737254.40000000037252902984619140625000000000000000000000
950;8746470.40000000037252902984619140625000000000000000000000
951;8758118.40000000037252902984619140625000000000000000000000
952;8776320.00000000000000000000000000000000000000000000000000
953;8774988.80000000074505805969238281250000000000000000000000
954;8791859.19999999925494194030761718750000000000000000000000
955;8802636.80000000074505805969238281250000000000000000000000
956;8820736.00000000000000000000000000000000000000000000000000
957;8831923.19999999925494194030761718750000000000000000000000
958;8870835.19999999925494194030761718750000000000000000000000
959;8879820.80000000074505805969238281250000000000000000000000
960;8901580.80000000074505805969238281250000000000000000000000
961;8910771.19999999925494194030761718750000000000000000000000
962;8928128.00000000000000000000000000000000000000000000000000
963;8949555.19999999925494194030761718750000000000000000000000
964;8954444.80000000074505805969238281250000000000000000000000
965;8961945.59999999962747097015380859375000000000000000000000
966;8970982.40000000037252902984619140625000000000000000000000
967;8981555.19999999925494194030761718750000000000000000000000
968;8987187.19999999925494194030761718750000000000000000000000
969;8996480.00000000000000000000000000000000000000000000000000
970;9000832.00000000000000000000000000000000000000000000000000
971;9004160.00000000000000000000000000000000000000000000000000
972;9038796.80000000074505805969238281250000000000000000000000
973;9049318.40000000037252902984619140625000000000000000000000
974;9045862.40000000037252902984619140625000000000000000000000
975;9060531.19999999925494194030761718750000000000000000000000
976;9073638.40000000037252902984619140625000000000000000000000
977;9141120.00000000000000000000000000000000000000000000000000
978;9143449.59999999962747097015380859375000000000000000000000
979;9148441.59999999962747097015380859375000000000000000000000
980;9153433.59999999962747097015380859375000000000000000000000
981;9156019.19999999925494194030761718750000000000000000000000
982;9194163.19999999925494194030761718750000000000000000000000
983;9194521.59999999962747097015380859375000000000000000000000
984;9194393.59999999962747097015380859375000000000000000000000
985;9206656.00000000000000000000000000000000000000000000000000
986;9227110.40000000037252902984619140625000000000000000000000
987;9237990.40000000037252902984619140625000000000000000000000
988;9237964.80000000074505805969238281250000000000000000000000
989;9237760.00000000000000000000000000000000000000000000000000
990;9237760.00000000000000000000000000000000000000000000000000
991;9237990.40000000037252902984619140625000000000000000000000
992;9237964.80000000074505805969238281250000000000000000000000
993;9237964.80000000074505805969238281250000000000000000000000
994;9237964.80000000074505805969238281250000000000000000000000
995;9237734.40000000037252902984619140625000000000000000000000
996;9237350.40000000037252902984619140625000000000000000000000
997;9237760.00000000000000000000000000000000000000000000000000
998;9237760.00000000000000000000000000000000000000000000000000
999;9238092.80000000074505805969238281250000000000000000000000
1000;9238195.19999999925494194030761718750000000000000000000000
1001;9237683.19999999925494194030761718750000000000000000000000
1002;9238092.80000000074505805969238281250000000000000000000000
1003;9238092.80000000074505805969238281250000000000000000000000
1004;9238297.59999999962747097015380859375000000000000000000000
1005;9238067.19999999925494194030761718750000000000000000000000
1006;9238092.80000000074505805969238281250000000000000000000000
1007;9238297.59999999962747097015380859375000000000000000000000
1008;9237708.80000000074505805969238281250000000000000000000000
1009;9238092.80000000074505805969238281250000000000000000000000
1010;9238297.59999999962747097015380859375000000000000000000000
1011;9237708.80000000074505805969238281250000000000000000000000
1012;9238092.80000000074505805969238281250000000000000000000000
1013;9238092.80000000074505805969238281250000000000000000000000
1014;9238067.19999999925494194030761718750000000000000000000000
1015;9238092.80000000074505805969238281250000000000000000000000
1016;9238092.80000000074505805969238281250000000000000000000000
1017;9238297.59999999962747097015380859375000000000000000000000
1018;9238092.80000000074505805969238281250000000000000000000000
1019;9238092.80000000074505805969238281250000000000000000000000
1020;9238297.59999999962747097015380859375000000000000000000000
1021;9237683.19999999925494194030761718750000000000000000000000
1022;9238092.80000000074505805969238281250000000000000000000000
1023;9238067.19999999925494194030761718750000000000000000000000
1024;9238092.80000000074505805969238281250000000000000000000000
1025;9238092.80000000074505805969238281250000000000000000000000
1026;8601497.59999999962747097015380859375000000000000000000000
1027;8625100.80000000074505805969238281250000000000000000000000
1028;8631347.19999999925494194030761718750000000000000000000000
1029;8642406.40000000037252902984619140625000000000000000000000
1030;8656614.40000000037252902984619140625000000000000000000000
1031;8669900.80000000074505805969238281250000000000000000000000
1032;8680678.40000000037252902984619140625000000000000000000000
1033;8695705.59999999962747097015380859375000000000000000000000
1034;8778240.00000000000000000000000000000000000000000000000000
1035;8794086.40000000037252902984619140625000000000000000000000
1036;8808012.80000000074505805969238281250000000000000000000000
1037;8817305.59999999962747097015380859375000000000000000000000
1038;8832870.40000000037252902984619140625000000000000000000000
1039;8852736.00000000000000000000000000000000000000000000000000
1040;8871014.40000000037252902984619140625000000000000000000000
1041;8881868.80000000074505805969238281250000000000000000000000
1042;8912972.80000000074505805969238281250000000000000000000000
1043;8924108.80000000074505805969238281250000000000000000000000
1044;8932505.59999999962747097015380859375000000000000000000000
1045;8949606.40000000037252902984619140625000000000000000000000
1046;8963737.59999999962747097015380859375000000000000000000000
1047;8989491.19999999925494194030761718750000000000000000000000
1048;9005235.19999999925494194030761718750000000000000000000000
1049;9024281.59999999962747097015380859375000000000000000000000
1050;9052262.40000000037252902984619140625000000000000000000000
1051;9066521.59999999962747097015380859375000000000000000000000
1052;9085568.00000000000000000000000000000000000000000000000000
1053;9118796.80000000074505805969238281250000000000000000000000
1054;9138790.40000000037252902984619140625000000000000000000000
1055;9145497.59999999962747097015380859375000000000000000000000
1056;9170355.19999999925494194030761718750000000000000000000000
1057;9183948.80000000074505805969238281250000000000000000000000
1058;9199513.59999999962747097015380859375000000000000000000000
1059;9216025.59999999962747097015380859375000000000000000000000
1060;9228902.40000000037252902984619140625000000000000000000000
1061;9271526.40000000037252902984619140625000000000000000000000
1062;9283968.00000000000000000000000000000000000000000000000000
1063;9293824.00000000000000000000000000000000000000000000000000
1064;9315328.00000000000000000000000000000000000000000000000000
1065;9340441.59999999962747097015380859375000000000000000000000
1066;9347686.40000000037252902984619140625000000000000000000000
1067;9362867.19999999925494194030761718750000000000000000000000
1068;9376230.40000000037252902984619140625000000000000000000000
1069;9402675.19999999925494194030761718750000000000000000000000
1070;9402726.40000000037252902984619140625000000000000000000000
1071;9410969.59999999962747097015380859375000000000000000000000
1072;9410969.59999999962747097015380859375000000000000000000000
1073;9410969.59999999962747097015380859375000000000000000000000
1074;9410969.59999999962747097015380859375000000000000000000000
1075;9411379.19999999925494194030761718750000000000000000000000
1076;9411379.19999999925494194030761718750000000000000000000000
1077;9410944.00000000000000000000000000000000000000000000000000
1078;9410560.00000000000000000000000000000000000000000000000000
1079;9410969.59999999962747097015380859375000000000000000000000
1080;9411379.19999999925494194030761718750000000000000000000000
1081;9411379.19999999925494194030761718750000000000000000000000
1082;9411379.19999999925494194030761718750000000000000000000000
1083;9411020.80000000074505805969238281250000000000000000000000
1084;9410636.80000000074505805969238281250000000000000000000000
1085;9411020.80000000074505805969238281250000000000000000000000
1086;9411020.80000000074505805969238281250000000000000000000000
1087;9411020.80000000074505805969238281250000000000000000000000
1088;9411020.80000000074505805969238281250000000000000000000000
1089;9411020.80000000074505805969238281250000000000000000000000
1090;9411430.40000000037252902984619140625000000000000000000000
1091;9411430.40000000037252902984619140625000000000000000000000
1092;9411430.40000000037252902984619140625000000000000000000000
1093;9411430.40000000037252902984619140625000000000000000000000
1094;9411020.80000000074505805969238281250000000000000000000000
1095;9411020.80000000074505805969238281250000000000000000000000
1096;9411020.80000000074505805969238281250000000000000000000000
1097;9410636.80000000074505805969238281250000000000000000000000
1098;9411020.80000000074505805969238281250000000000000000000000
1099;9411404.80000000074505805969238281250000000000000000000000
1100;9410969.59999999962747097015380859375000000000000000000000
1101;9410995.19999999925494194030761718750000000000000000000000
1102;9411404.80000000074505805969238281250000000000000000000000
1103;9410969.59999999962747097015380859375000000000000000000000
1104;9411404.80000000074505805969238281250000000000000000000000
1105;9410585.59999999962747097015380859375000000000000000000000
1106;9411404.80000000074505805969238281250000000000000000000000
1107;9410969.59999999962747097015380859375000000000000000000000
1108;9410995.19999999925494194030761718750000000000000000000000
1109;9411404.80000000074505805969238281250000000000000000000000
1110;8750489.59999999962747097015380859375000000000000000000000
1111;8765875.19999999925494194030761718750000000000000000000000
1112;8780339.19999999925494194030761718750000000000000000000000
1113;8791475.19999999925494194030761718750000000000000000000000
1114;8806451.19999999925494194030761718750000000000000000000000
1115;8816640.00000000000000000000000000000000000000000000000000
1116;8827776.00000000000000000000000000000000000000000000000000
1117;8839654.40000000037252902984619140625000000000000000000000
1118;8850022.40000000037252902984619140625000000000000000000000
1119;8865280.00000000000000000000000000000000000000000000000000
1120;8874598.40000000037252902984619140625000000000000000000000
1121;8889164.80000000074505805969238281250000000000000000000000
1122;8890700.80000000074505805969238281250000000000000000000000
1123;8906931.19999999925494194030761718750000000000000000000000
1124;8917171.19999999925494194030761718750000000000000000000000
1125;8932403.19999999925494194030761718750000000000000000000000
1126;8969779.19999999925494194030761718750000000000000000000000
1127;8991488.00000000000000000000000000000000000000000000000000
1128;9003980.80000000074505805969238281250000000000000000000000
1129;9022182.40000000037252902984619140625000000000000000000000
1130;9028275.19999999925494194030761718750000000000000000000000
1131;9061964.80000000074505805969238281250000000000000000000000
1132;9074252.80000000074505805969238281250000000000000000000000
1133;9082444.80000000074505805969238281250000000000000000000000
1134;9117568.00000000000000000000000000000000000000000000000000
1135;9126835.19999999925494194030761718750000000000000000000000
1136;9141734.40000000037252902984619140625000000000000000000000
1137;9167308.80000000074505805969238281250000000000000000000000
1138;9182515.19999999925494194030761718750000000000000000000000
1139;9191603.19999999925494194030761718750000000000000000000000
1140;9208627.19999999925494194030761718750000000000000000000000
1141;9218380.80000000074505805969238281250000000000000000000000
1142;9231820.80000000074505805969238281250000000000000000000000
1143;9244902.40000000037252902984619140625000000000000000000000
1144;9310003.19999999925494194030761718750000000000000000000000
1145;9322060.80000000074505805969238281250000000000000000000000
1146;9332326.40000000037252902984619140625000000000000000000000
1147;9348147.19999999925494194030761718750000000000000000000000
1148;9360563.19999999925494194030761718750000000000000000000000
1149;9398272.00000000000000000000000000000000000000000000000000
1150;9400960.00000000000000000000000000000000000000000000000000
1151;9413785.59999999962747097015380859375000000000000000000000
1152;9423360.00000000000000000000000000000000000000000000000000
1153;9434982.40000000037252902984619140625000000000000000000000
1154;9461785.59999999962747097015380859375000000000000000000000
1155;9461785.59999999962747097015380859375000000000000000000000
1156;9464934.40000000037252902984619140625000000000000000000000
1157;9464960.00000000000000000000000000000000000000000000000000
1158;9465369.59999999962747097015380859375000000000000000000000
1159;9464934.40000000037252902984619140625000000000000000000000
1160;9464960.00000000000000000000000000000000000000000000000000
1161;9464960.00000000000000000000000000000000000000000000000000
1162;9464550.40000000037252902984619140625000000000000000000000
1163;9464934.40000000037252902984619140625000000000000000000000
1164;9464960.00000000000000000000000000000000000000000000000000
1165;9464934.40000000037252902984619140625000000000000000000000
1166;9464550.40000000037252902984619140625000000000000000000000
1167;9464960.00000000000000000000000000000000000000000000000000
1168;9464960.00000000000000000000000000000000000000000000000000
1169;9465369.59999999962747097015380859375000000000000000000000
1170;9465369.59999999962747097015380859375000000000000000000000
1171;9464960.00000000000000000000000000000000000000000000000000
1172;9464934.40000000037252902984619140625000000000000000000000
1173;9464550.40000000037252902984619140625000000000000000000000
1174;9464934.40000000037252902984619140625000000000000000000000
1175;9464960.00000000000000000000000000000000000000000000000000
1176;9464576.00000000000000000000000000000000000000000000000000
1177;9464960.00000000000000000000000000000000000000000000000000
1178;9464550.40000000037252902984619140625000000000000000000000
1179;9465369.59999999962747097015380859375000000000000000000000
1180;9464934.40000000037252902984619140625000000000000000000000
1181;9464960.00000000000000000000000000000000000000000000000000
1182;9464934.40000000037252902984619140625000000000000000000000
1183;9464550.40000000037252902984619140625000000000000000000000
1184;9465369.59999999962747097015380859375000000000000000000000
1185;9465369.59999999962747097015380859375000000000000000000000
1186;9464960.00000000000000000000000000000000000000000000000000
1187;9464934.40000000037252902984619140625000000000000000000000
1188;9464550.40000000037252902984619140625000000000000000000000
1189;9464576.00000000000000000000000000000000000000000000000000
1190;9464550.40000000037252902984619140625000000000000000000000
1191;9464960.00000000000000000000000000000000000000000000000000
1192;9464960.00000000000000000000000000000000000000000000000000
1193;9464960.00000000000000000000000000000000000000000000000000
1194;8730956.80000000074505805969238281250000000000000000000000
1195;8739609.59999999962747097015380859375000000000000000000000
1196;8759680.00000000000000000000000000000000000000000000000000
1197;8770124.80000000074505805969238281250000000000000000000000
1198;8786944.00000000000000000000000000000000000000000000000000
1199;8803942.40000000037252902984619140625000000000000000000000
1200;8815180.80000000074505805969238281250000000000000000000000
1201;8828441.59999999962747097015380859375000000000000000000000
1202;8840780.80000000074505805969238281250000000000000000000000
1203;8862822.40000000037252902984619140625000000000000000000000
1204;8879564.80000000074505805969238281250000000000000000000000
1205;8894003.19999999925494194030761718750000000000000000000000
1206;8899123.19999999925494194030761718750000000000000000000000
1207;8915430.40000000037252902984619140625000000000000000000000
1208;8926489.59999999962747097015380859375000000000000000000000
1209;8938521.59999999962747097015380859375000000000000000000000
1210;8972620.80000000074505805969238281250000000000000000000000
1211;8985574.40000000037252902984619140625000000000000000000000
1212;9004620.80000000074505805969238281250000000000000000000000
1213;9016089.59999999962747097015380859375000000000000000000000
1214;9044736.00000000000000000000000000000000000000000000000000
1215;9054924.80000000074505805969238281250000000000000000000000
1216;9071129.59999999962747097015380859375000000000000000000000
1217;9092864.00000000000000000000000000000000000000000000000000
1218;9102796.80000000074505805969238281250000000000000000000000
1219;9117696.00000000000000000000000000000000000000000000000000
1220;9126067.19999999925494194030761718750000000000000000000000
1221;9161676.80000000074505805969238281250000000000000000000000
1222;9172992.00000000000000000000000000000000000000000000000000
1223;9190374.40000000037252902984619140625000000000000000000000
1224;9213747.19999999925494194030761718750000000000000000000000
1225;9227955.19999999925494194030761718750000000000000000000000
1226;9232025.59999999962747097015380859375000000000000000000000
1227;9245644.80000000074505805969238281250000000000000000000000
1228;9315660.80000000074505805969238281250000000000000000000000
1229;9332505.59999999962747097015380859375000000000000000000000
1230;9341491.19999999925494194030761718750000000000000000000000
1231;9356748.80000000074505805969238281250000000000000000000000
1232;9388620.80000000074505805969238281250000000000000000000000
1233;9399808.00000000000000000000000000000000000000000000000000
1234;9410124.80000000074505805969238281250000000000000000000000
1235;9425228.80000000074505805969238281250000000000000000000000
1236;9439718.40000000037252902984619140625000000000000000000000
1237;9478144.00000000000000000000000000000000000000000000000000
1238;9487513.59999999962747097015380859375000000000000000000000
1239;9487513.59999999962747097015380859375000000000000000000000
1240;9488281.59999999962747097015380859375000000000000000000000
1241;9487872.00000000000000000000000000000000000000000000000000
1242;9488076.80000000074505805969238281250000000000000000000000
1243;9487872.00000000000000000000000000000000000000000000000000
1244;9487872.00000000000000000000000000000000000000000000000000
1245;9488614.40000000037252902984619140625000000000000000000000
1246;9488281.59999999962747097015380859375000000000000000000000
1247;9488076.80000000074505805969238281250000000000000000000000
1248;9487872.00000000000000000000000000000000000000000000000000
1249;9489305.59999999962747097015380859375000000000000000000000
1250;9489305.59999999962747097015380859375000000000000000000000
1251;9488076.80000000074505805969238281250000000000000000000000
1252;9489536.00000000000000000000000000000000000000000000000000
1253;9489536.00000000000000000000000000000000000000000000000000
1254;9490150.40000000037252902984619140625000000000000000000000
1255;9489126.40000000037252902984619140625000000000000000000000
1256;9489152.00000000000000000000000000000000000000000000000000
1257;9488947.19999999925494194030761718750000000000000000000000
1258;9489561.59999999962747097015380859375000000000000000000000
1259;9488716.80000000074505805969238281250000000000000000000000
1260;9489459.19999999925494194030761718750000000000000000000000
1261;9489126.40000000037252902984619140625000000000000000000000
1262;9489536.00000000000000000000000000000000000000000000000000
1263;9489536.00000000000000000000000000000000000000000000000000
1264;9488716.80000000074505805969238281250000000000000000000000
1265;9489536.00000000000000000000000000000000000000000000000000
1266;9489536.00000000000000000000000000000000000000000000000000
1267;9488716.80000000074505805969238281250000000000000000000000
1268;9488947.19999999925494194030761718750000000000000000000000
1269;9490150.40000000037252902984619140625000000000000000000000
1270;9488691.19999999925494194030761718750000000000000000000000
1271;9489536.00000000000000000000000000000000000000000000000000
1272;9488716.80000000074505805969238281250000000000000000000000
1273;9488716.80000000074505805969238281250000000000000000000000
1274;9488716.80000000074505805969238281250000000000000000000000
1275;9488691.19999999925494194030761718750000000000000000000000
1276;9489126.40000000037252902984619140625000000000000000000000
1277;9488716.80000000074505805969238281250000000000000000000000
1278;9490150.40000000037252902984619140625000000000000000000000
1279;8748185.59999999962747097015380859375000000000000000000000
1280;8751641.59999999962747097015380859375000000000000000000000
1281;8768128.00000000000000000000000000000000000000000000000000
1282;8785894.40000000037252902984619140625000000000000000000000
1283;8802688.00000000000000000000000000000000000000000000000000
1284;8814464.00000000000000000000000000000000000000000000000000
1285;8829158.40000000037252902984619140625000000000000000000000
1286;8836505.59999999962747097015380859375000000000000000000000
1287;8850662.40000000037252902984619140625000000000000000000000
1288;8873088.00000000000000000000000000000000000000000000000000
1289;8890137.59999999962747097015380859375000000000000000000000
1290;8904704.00000000000000000000000000000000000000000000000000
1291;8918041.59999999962747097015380859375000000000000000000000
1292;8932044.80000000074505805969238281250000000000000000000000
1293;8946688.00000000000000000000000000000000000000000000000000
1294;8960844.80000000074505805969238281250000000000000000000000
1295;8992844.80000000074505805969238281250000000000000000000000
1296;9005158.40000000037252902984619140625000000000000000000000
1297;9019212.80000000074505805969238281250000000000000000000000
1298;9031065.59999999962747097015380859375000000000000000000000
1299;9043404.80000000074505805969238281250000000000000000000000
1300;9066547.19999999925494194030761718750000000000000000000000
1301;9076710.40000000037252902984619140625000000000000000000000
1302;9090764.80000000074505805969238281250000000000000000000000
1303;9119718.40000000037252902984619140625000000000000000000000
1304;9129062.40000000037252902984619140625000000000000000000000
1305;9143628.80000000074505805969238281250000000000000000000000
1306;9178316.80000000074505805969238281250000000000000000000000
1307;9193497.59999999962747097015380859375000000000000000000000
1308;9208601.59999999962747097015380859375000000000000000000000
1309;9215513.59999999962747097015380859375000000000000000000000
1310;9238732.80000000074505805969238281250000000000000000000000
1311;9250867.19999999925494194030761718750000000000000000000000
1312;9261747.19999999925494194030761718750000000000000000000000
1313;9273446.40000000037252902984619140625000000000000000000000
1314;9347097.59999999962747097015380859375000000000000000000000
1315;9360435.19999999925494194030761718750000000000000000000000
1316;9368652.80000000074505805969238281250000000000000000000000
1317;9380556.80000000074505805969238281250000000000000000000000
1318;9418060.80000000074505805969238281250000000000000000000000
1319;9437260.80000000074505805969238281250000000000000000000000
1320;9449984.00000000000000000000000000000000000000000000000000
1321;9461324.80000000074505805969238281250000000000000000000000
1322;9475404.80000000074505805969238281250000000000000000000000
1323;9483289.59999999962747097015380859375000000000000000000000
1324;9494553.59999999962747097015380859375000000000000000000000
1325;9494579.19999999925494194030761718750000000000000000000000
1326;9494553.59999999962747097015380859375000000000000000000000
1327;9494553.59999999962747097015380859375000000000000000000000
1328;9494348.80000000074505805969238281250000000000000000000000
1329;9494348.80000000074505805969238281250000000000000000000000
1330;9494553.59999999962747097015380859375000000000000000000000
1331;9494579.19999999925494194030761718750000000000000000000000
1332;9494528.00000000000000000000000000000000000000000000000000
1333;9494374.40000000037252902984619140625000000000000000000000
1334;9494579.19999999925494194030761718750000000000000000000000
1335;9494374.40000000037252902984619140625000000000000000000000
1336;9494400.00000000000000000000000000000000000000000000000000
1337;9494400.00000000000000000000000000000000000000000000000000
1338;9494400.00000000000000000000000000000000000000000000000000
1339;9494400.00000000000000000000000000000000000000000000000000
1340;9494374.40000000037252902984619140625000000000000000000000
1341;9494604.80000000074505805969238281250000000000000000000000
1342;9494400.00000000000000000000000000000000000000000000000000
1343;9494400.00000000000000000000000000000000000000000000000000
1344;9494630.40000000037252902984619140625000000000000000000000
1345;9494604.80000000074505805969238281250000000000000000000000
1346;9494016.00000000000000000000000000000000000000000000000000
1347;9493990.40000000037252902984619140625000000000000000000000
1348;9494400.00000000000000000000000000000000000000000000000000
1349;9494630.40000000037252902984619140625000000000000000000000
1350;9494400.00000000000000000000000000000000000000000000000000
1351;9494400.00000000000000000000000000000000000000000000000000
1352;9494374.40000000037252902984619140625000000000000000000000
1353;9494579.19999999925494194030761718750000000000000000000000
1354;9494374.40000000037252902984619140625000000000000000000000
1355;9494579.19999999925494194030761718750000000000000000000000
1356;9493964.80000000074505805969238281250000000000000000000000
1357;9494374.40000000037252902984619140625000000000000000000000
1358;9494374.40000000037252902984619140625000000000000000000000
1359;9493964.80000000074505805969238281250000000000000000000000
1360;9494579.19999999925494194030761718750000000000000000000000
1361;9494348.80000000074505805969238281250000000000000000000000
1362;9494374.40000000037252902984619140625000000000000000000000
1363;9494374.40000000037252902984619140625000000000000000000000
1364;9360025.59999999962747097015380859375000000000000000000000
1365;9357644.80000000074505805969238281250000000000000000000000
1366;9351116.80000000074505805969238281250000000000000000000000
1367;9351526.40000000037252902984619140625000000000000000000000
1368;9353036.80000000074505805969238281250000000000000000000000
1369;9353420.80000000074505805969238281250000000000000000000000
1370;9353779.19999999925494194030761718750000000000000000000000
1371;9354777.59999999962747097015380859375000000000000000000000
1372;9356492.80000000074505805969238281250000000000000000000000
1373;9357081.59999999962747097015380859375000000000000000000000
1374;9357593.59999999962747097015380859375000000000000000000000
1375;9357030.40000000037252902984619140625000000000000000000000
1376;9357132.80000000074505805969238281250000000000000000000000
1377;9358284.80000000074505805969238281250000000000000000000000
1378;9356953.59999999962747097015380859375000000000000000000000
1379;9357286.40000000037252902984619140625000000000000000000000
1380;9355417.59999999962747097015380859375000000000000000000000
1381;9355776.00000000000000000000000000000000000000000000000000
1382;9356006.40000000037252902984619140625000000000000000000000
1383;9356211.19999999925494194030761718750000000000000000000000
1384;9362432.00000000000000000000000000000000000000000000000000
1385;9357875.19999999925494194030761718750000000000000000000000
1386;9358028.80000000074505805969238281250000000000000000000000
1387;9358156.80000000074505805969238281250000000000000000000000
1388;9358464.00000000000000000000000000000000000000000000000000
1389;9359078.40000000037252902984619140625000000000000000000000
1390;9359436.80000000074505805969238281250000000000000000000000
1391;9359308.80000000074505805969238281250000000000000000000000
1392;9360128.00000000000000000000000000000000000000000000000000
1393;9361331.19999999925494194030761718750000000000000000000000
1394;9361177.59999999962747097015380859375000000000000000000000
1395;9361868.80000000074505805969238281250000000000000000000000
1396;9362124.80000000074505805969238281250000000000000000000000
1397;9362995.19999999925494194030761718750000000000000000000000
1398;9365196.80000000074505805969238281250000000000000000000000
1399;9376358.40000000037252902984619140625000000000000000000000
1400;9409177.59999999962747097015380859375000000000000000000000
1401;9418905.59999999962747097015380859375000000000000000000000
1402;9431936.00000000000000000000000000000000000000000000000000
1403;9448115.19999999925494194030761718750000000000000000000000
1404;9452134.40000000037252902984619140625000000000000000000000
1405;9474048.00000000000000000000000000000000000000000000000000
1406;9483289.59999999962747097015380859375000000000000000000000
1407;9497523.19999999925494194030761718750000000000000000000000
1408;9514419.19999999925494194030761718750000000000000000000000
1409;9521868.80000000074505805969238281250000000000000000000000
1410;9521587.19999999925494194030761718750000000000000000000000
1411;9521484.80000000074505805969238281250000000000000000000000
1412;9521484.80000000074505805969238281250000000000000000000000
1413;9521484.80000000074505805969238281250000000000000000000000
1414;9521484.80000000074505805969238281250000000000000000000000
1415;9521689.59999999962747097015380859375000000000000000000000
1416;9521715.19999999925494194030761718750000000000000000000000
1417;9521689.59999999962747097015380859375000000000000000000000
1418;9521689.59999999962747097015380859375000000000000000000000
1419;9521484.80000000074505805969238281250000000000000000000000
1420;9521075.19999999925494194030761718750000000000000000000000
1421;9521484.80000000074505805969238281250000000000000000000000
1422;9521484.80000000074505805969238281250000000000000000000000
1423;9521459.19999999925494194030761718750000000000000000000000
1424;9521459.19999999925494194030761718750000000000000000000000
1425;9521689.59999999962747097015380859375000000000000000000000
1426;9521689.59999999962747097015380859375000000000000000000000
1427;9521459.19999999925494194030761718750000000000000000000000
1428;9521689.59999999962747097015380859375000000000000000000000
1429;9521049.59999999962747097015380859375000000000000000000000
1430;9521049.59999999962747097015380859375000000000000000000000
1431;9521459.19999999925494194030761718750000000000000000000000
1432;9521459.19999999925494194030761718750000000000000000000000
1433;9521049.59999999962747097015380859375000000000000000000000
1434;9521459.19999999925494194030761718750000000000000000000000
1435;9521459.19999999925494194030761718750000000000000000000000
1436;9521664.00000000000000000000000000000000000000000000000000
1437;9521459.19999999925494194030761718750000000000000000000000
1438;9521049.59999999962747097015380859375000000000000000000000
1439;9521459.19999999925494194030761718750000000000000000000000
1440;9521459.19999999925494194030761718750000000000000000000000
1441;9521459.19999999925494194030761718750000000000000000000000
1442;9521459.19999999925494194030761718750000000000000000000000
1443;9521664.00000000000000000000000000000000000000000000000000
1444;9521049.59999999962747097015380859375000000000000000000000
1445;9521049.59999999962747097015380859375000000000000000000000
1446;9521049.59999999962747097015380859375000000000000000000000
1447;9521689.59999999962747097015380859375000000000000000000000
1448;9415961.59999999962747097015380859375000000000000000000000
1449;9411456.00000000000000000000000000000000000000000000000000
1450;9413376.00000000000000000000000000000000000000000000000000
1451;9415193.59999999962747097015380859375000000000000000000000
1452;9415168.00000000000000000000000000000000000000000000000000
1453;9412659.19999999925494194030761718750000000000000000000000
1454;9412710.40000000037252902984619140625000000000000000000000
1455;9412224.00000000000000000000000000000000000000000000000000
1456;9413504.00000000000000000000000000000000000000000000000000
1457;9417472.00000000000000000000000000000000000000000000000000
1458;9414476.80000000074505805969238281250000000000000000000000
1459;9413862.40000000037252902984619140625000000000000000000000
1460;9414476.80000000074505805969238281250000000000000000000000
1461;9414323.19999999925494194030761718750000000000000000000000
1462;9414835.19999999925494194030761718750000000000000000000000
1463;9415040.00000000000000000000000000000000000000000000000000
1464;9415065.59999999962747097015380859375000000000000000000000
1465;9415168.00000000000000000000000000000000000000000000000000
1466;9415577.59999999962747097015380859375000000000000000000000
1467;9415628.80000000074505805969238281250000000000000000000000
1468;9416652.80000000074505805969238281250000000000000000000000
1469;9416755.19999999925494194030761718750000000000000000000000
1470;9417113.59999999962747097015380859375000000000000000000000
1471;9417318.40000000037252902984619140625000000000000000000000
1472;9417523.19999999925494194030761718750000000000000000000000
1473;9420518.40000000037252902984619140625000000000000000000000
1474;9420851.19999999925494194030761718750000000000000000000000
1475;9420979.19999999925494194030761718750000000000000000000000
1476;9421030.40000000037252902984619140625000000000000000000000
1477;9422080.00000000000000000000000000000000000000000000000000
1478;9426150.40000000037252902984619140625000000000000000000000
1479;9422310.40000000037252902984619140625000000000000000000000
1480;9422003.19999999925494194030761718750000000000000000000000
1481;9422259.19999999925494194030761718750000000000000000000000
1482;9423052.80000000074505805969238281250000000000000000000000
1483;9423104.00000000000000000000000000000000000000000000000000
1484;9423846.40000000037252902984619140625000000000000000000000
1485;9424230.40000000037252902984619140625000000000000000000000
1486;9433395.19999999925494194030761718750000000000000000000000
1487;9443174.40000000037252902984619140625000000000000000000000
1488;9459251.19999999925494194030761718750000000000000000000000
1489;9471616.00000000000000000000000000000000000000000000000000
1490;9507430.40000000037252902984619140625000000000000000000000
1491;9507635.19999999925494194030761718750000000000000000000000
1492;9515904.00000000000000000000000000000000000000000000000000
1493;9527782.40000000037252902984619140625000000000000000000000
1494;9526937.59999999962747097015380859375000000000000000000000
1495;9526937.59999999962747097015380859375000000000000000000000
1496;9526937.59999999962747097015380859375000000000000000000000
1497;9526118.40000000037252902984619140625000000000000000000000
1498;9526528.00000000000000000000000000000000000000000000000000
1499;9526502.40000000037252902984619140625000000000000000000000
1500;9526528.00000000000000000000000000000000000000000000000000
1501;9526937.59999999962747097015380859375000000000000000000000
1502;9526937.59999999962747097015380859375000000000000000000000
1503;9526937.59999999962747097015380859375000000000000000000000
1504;9526502.40000000037252902984619140625000000000000000000000
1505;9526528.00000000000000000000000000000000000000000000000000
1506;9526528.00000000000000000000000000000000000000000000000000
1507;9526118.40000000037252902984619140625000000000000000000000
1508;9526144.00000000000000000000000000000000000000000000000000
1509;9526118.40000000037252902984619140625000000000000000000000
1510;9526528.00000000000000000000000000000000000000000000000000
1511;9526937.59999999962747097015380859375000000000000000000000
1512;9526937.59999999962747097015380859375000000000000000000000
1513;9526144.00000000000000000000000000000000000000000000000000
1514;9526528.00000000000000000000000000000000000000000000000000
1515;9526528.00000000000000000000000000000000000000000000000000
1516;9526528.00000000000000000000000000000000000000000000000000
1517;9526937.59999999962747097015380859375000000000000000000000
1518;9526937.59999999962747097015380859375000000000000000000000
1519;9526528.00000000000000000000000000000000000000000000000000
1520;9526144.00000000000000000000000000000000000000000000000000
1521;9526528.00000000000000000000000000000000000000000000000000
1522;9526528.00000000000000000000000000000000000000000000000000
1523;9526528.00000000000000000000000000000000000000000000000000
1524;9526937.59999999962747097015380859375000000000000000000000
1525;9526937.59999999962747097015380859375000000000000000000000
1526;9526528.00000000000000000000000000000000000000000000000000
1527;9526041.59999999962747097015380859375000000000000000000000
1528;9526528.00000000000000000000000000000000000000000000000000
1529;9526528.00000000000000000000000000000000000000000000000000
1530;9526937.59999999962747097015380859375000000000000000000000
1531;9526118.40000000037252902984619140625000000000000000000000
1532;8823219.19999999925494194030761718750000000000000000000000
1533;8826163.19999999925494194030761718750000000000000000000000
1534;8823500.80000000074505805969238281250000000000000000000000
1535;8832051.19999999925494194030761718750000000000000000000000
1536;8835353.59999999962747097015380859375000000000000000000000
1537;8838067.19999999925494194030761718750000000000000000000000
1538;8846208.00000000000000000000000000000000000000000000000000
1539;8858316.80000000074505805969238281250000000000000000000000
1540;8874137.59999999962747097015380859375000000000000000000000
1541;8895283.19999999925494194030761718750000000000000000000000
1542;8907084.80000000074505805969238281250000000000000000000000
1543;8923929.59999999962747097015380859375000000000000000000000
1544;8941798.40000000037252902984619140625000000000000000000000
1545;8950400.00000000000000000000000000000000000000000000000000
1546;8966092.80000000074505805969238281250000000000000000000000
1547;8978176.00000000000000000000000000000000000000000000000000
1548;8988416.00000000000000000000000000000000000000000000000000
1549;9001369.59999999962747097015380859375000000000000000000000
1550;9013171.19999999925494194030761718750000000000000000000000
1551;9025024.00000000000000000000000000000000000000000000000000
1552;9041766.40000000037252902984619140625000000000000000000000
1553;9053619.19999999925494194030761718750000000000000000000000
1554;9069235.19999999925494194030761718750000000000000000000000
1555;9081702.40000000037252902984619140625000000000000000000000
1556;9093811.19999999925494194030761718750000000000000000000000
1557;9104384.00000000000000000000000000000000000000000000000000
1558;9138790.40000000037252902984619140625000000000000000000000
1559;9146624.00000000000000000000000000000000000000000000000000
1560;9161625.59999999962747097015380859375000000000000000000000
1561;9193088.00000000000000000000000000000000000000000000000000
1562;9204198.40000000037252902984619140625000000000000000000000
1563;9217638.40000000037252902984619140625000000000000000000000
1564;9268556.80000000074505805969238281250000000000000000000000
1565;9278822.40000000037252902984619140625000000000000000000000
1566;9301094.40000000037252902984619140625000000000000000000000
1567;9311360.00000000000000000000000000000000000000000000000000
1568;9321574.40000000037252902984619140625000000000000000000000
1569;9368089.59999999962747097015380859375000000000000000000000
1570;9364172.80000000074505805969238281250000000000000000000000
1571;9369779.19999999925494194030761718750000000000000000000000
1572;9386982.40000000037252902984619140625000000000000000000000
1573;9427481.59999999962747097015380859375000000000000000000000
1574;9429734.40000000037252902984619140625000000000000000000000
1575;9445529.59999999962747097015380859375000000000000000000000
1576;9445555.19999999925494194030761718750000000000000000000000
1577;9454745.59999999962747097015380859375000000000000000000000
1578;9454336.00000000000000000000000000000000000000000000000000
1579;9454745.59999999962747097015380859375000000000000000000000
1580;9453952.00000000000000000000000000000000000000000000000000
1581;9454336.00000000000000000000000000000000000000000000000000
1582;9454336.00000000000000000000000000000000000000000000000000
1583;9454336.00000000000000000000000000000000000000000000000000
1584;9454336.00000000000000000000000000000000000000000000000000
1585;9454745.59999999962747097015380859375000000000000000000000
1586;9454310.40000000037252902984619140625000000000000000000000
1587;9454336.00000000000000000000000000000000000000000000000000
1588;9454336.00000000000000000000000000000000000000000000000000
1589;9454643.19999999925494194030761718750000000000000000000000
1590;9454643.19999999925494194030761718750000000000000000000000
1591;9454617.59999999962747097015380859375000000000000000000000
1592;9454233.59999999962747097015380859375000000000000000000000
1593;9455052.80000000074505805969238281250000000000000000000000
1594;9454643.19999999925494194030761718750000000000000000000000
1595;9454643.19999999925494194030761718750000000000000000000000
1596;9454643.19999999925494194030761718750000000000000000000000
1597;9455052.80000000074505805969238281250000000000000000000000
1598;9454643.19999999925494194030761718750000000000000000000000
1599;9454259.19999999925494194030761718750000000000000000000000
1600;9455052.80000000074505805969238281250000000000000000000000
1601;9454643.19999999925494194030761718750000000000000000000000
1602;9454643.19999999925494194030761718750000000000000000000000
1603;9454643.19999999925494194030761718750000000000000000000000
1604;9454259.19999999925494194030761718750000000000000000000000
1605;9455052.80000000074505805969238281250000000000000000000000
1606;9454233.59999999962747097015380859375000000000000000000000
1607;9455052.80000000074505805969238281250000000000000000000000
1608;9454668.80000000074505805969238281250000000000000000000000
1609;9455052.80000000074505805969238281250000000000000000000000
1610;9454643.19999999925494194030761718750000000000000000000000
1611;9454643.19999999925494194030761718750000000000000000000000
1612;9454643.19999999925494194030761718750000000000000000000000
1613;9454668.80000000074505805969238281250000000000000000000000
1614;9454643.19999999925494194030761718750000000000000000000000
1615;9454643.19999999925494194030761718750000000000000000000000
1616;8759347.19999999925494194030761718750000000000000000000000
1617;8759987.19999999925494194030761718750000000000000000000000
1618;8767360.00000000000000000000000000000000000000000000000000
1619;8765465.59999999962747097015380859375000000000000000000000
1620;8774656.00000000000000000000000000000000000000000000000000
1621;8778572.80000000074505805969238281250000000000000000000000
1622;8792883.19999999925494194030761718750000000000000000000000
1623;8805811.19999999925494194030761718750000000000000000000000
1624;8822988.80000000074505805969238281250000000000000000000000
1625;8840499.19999999925494194030761718750000000000000000000000
1626;8859596.80000000074505805969238281250000000000000000000000
1627;8874112.00000000000000000000000000000000000000000000000000
1628;8884736.00000000000000000000000000000000000000000000000000
1629;8903884.80000000074505805969238281250000000000000000000000
1630;8911283.19999999925494194030761718750000000000000000000000
1631;8929792.00000000000000000000000000000000000000000000000000
1632;8939852.80000000074505805969238281250000000000000000000000
1633;8962611.19999999925494194030761718750000000000000000000000
1634;8972876.80000000074505805969238281250000000000000000000000
1635;8990336.00000000000000000000000000000000000000000000000000
1636;9006131.19999999925494194030761718750000000000000000000000
1637;9024000.00000000000000000000000000000000000000000000000000
1638;9037875.19999999925494194030761718750000000000000000000000
1639;9051315.19999999925494194030761718750000000000000000000000
1640;9075712.00000000000000000000000000000000000000000000000000
1641;9089177.59999999962747097015380859375000000000000000000000
1642;9119104.00000000000000000000000000000000000000000000000000
1643;9132032.00000000000000000000000000000000000000000000000000
1644;9145395.19999999925494194030761718750000000000000000000000
1645;9162828.80000000074505805969238281250000000000000000000000
1646;9191552.00000000000000000000000000000000000000000000000000
1647;9206348.80000000074505805969238281250000000000000000000000
1648;9214924.80000000074505805969238281250000000000000000000000
1649;9226316.80000000074505805969238281250000000000000000000000
1650;9298432.00000000000000000000000000000000000000000000000000
1651;9307980.80000000074505805969238281250000000000000000000000
1652;9330278.40000000037252902984619140625000000000000000000000
1653;9336243.19999999925494194030761718750000000000000000000000
1654;9371827.19999999925494194030761718750000000000000000000000
1655;9382400.00000000000000000000000000000000000000000000000000
1656;9395456.00000000000000000000000000000000000000000000000000
1657;9409868.80000000074505805969238281250000000000000000000000
1658;9423948.80000000074505805969238281250000000000000000000000
1659;9457715.19999999925494194030761718750000000000000000000000
1660;9472076.80000000074505805969238281250000000000000000000000
1661;9472076.80000000074505805969238281250000000000000000000000
1662;9471385.59999999962747097015380859375000000000000000000000
1663;9471360.00000000000000000000000000000000000000000000000000
1664;9471385.59999999962747097015380859375000000000000000000000
1665;9470950.40000000037252902984619140625000000000000000000000
1666;9471744.00000000000000000000000000000000000000000000000000
1667;9470950.40000000037252902984619140625000000000000000000000
1668;9471718.40000000037252902984619140625000000000000000000000
1669;9470950.40000000037252902984619140625000000000000000000000
1670;9471769.59999999962747097015380859375000000000000000000000
1671;9471385.59999999962747097015380859375000000000000000000000
1672;9471769.59999999962747097015380859375000000000000000000000
1673;9471769.59999999962747097015380859375000000000000000000000
1674;9473510.40000000037252902984619140625000000000000000000000
1675;9472691.19999999925494194030761718750000000000000000000000
1676;9473100.80000000074505805969238281250000000000000000000000
1677;9473100.80000000074505805969238281250000000000000000000000
1678;9474329.59999999962747097015380859375000000000000000000000
1679;9474329.59999999962747097015380859375000000000000000000000
1680;9473126.40000000037252902984619140625000000000000000000000
1681;9473510.40000000037252902984619140625000000000000000000000
1682;9473510.40000000037252902984619140625000000000000000000000
1683;9473510.40000000037252902984619140625000000000000000000000
1684;9473100.80000000074505805969238281250000000000000000000000
1685;9472665.59999999962747097015380859375000000000000000000000
1686;9473100.80000000074505805969238281250000000000000000000000
1687;9473510.40000000037252902984619140625000000000000000000000
1688;9473100.80000000074505805969238281250000000000000000000000
1689;9472691.19999999925494194030761718750000000000000000000000
1690;9473510.40000000037252902984619140625000000000000000000000
1691;9472665.59999999962747097015380859375000000000000000000000
1692;9473510.40000000037252902984619140625000000000000000000000
1693;9473100.80000000074505805969238281250000000000000000000000
1694;9473100.80000000074505805969238281250000000000000000000000
1695;9473203.19999999925494194030761718750000000000000000000000
1696;9473254.40000000037252902984619140625000000000000000000000
1697;9473510.40000000037252902984619140625000000000000000000000
1698;9473100.80000000074505805969238281250000000000000000000000
1699;9472665.59999999962747097015380859375000000000000000000000
1700;8825292.80000000074505805969238281250000000000000000000000
1701;8824627.19999999925494194030761718750000000000000000000000
1702;8828979.19999999925494194030761718750000000000000000000000
1703;8834201.59999999962747097015380859375000000000000000000000
1704;8842163.19999999925494194030761718750000000000000000000000
1705;8846003.19999999925494194030761718750000000000000000000000
1706;8846694.40000000037252902984619140625000000000000000000000
1707;8855628.80000000074505805969238281250000000000000000000000
1708;8869555.19999999925494194030761718750000000000000000000000
1709;8885376.00000000000000000000000000000000000000000000000000
1710;8899840.00000000000000000000000000000000000000000000000000
1711;8913484.80000000074505805969238281250000000000000000000000
1712;8923648.00000000000000000000000000000000000000000000000000
1713;8938828.80000000074505805969238281250000000000000000000000
1714;8943897.59999999962747097015380859375000000000000000000000
1715;8956211.19999999925494194030761718750000000000000000000000
1716;8969574.40000000037252902984619140625000000000000000000000
1717;8982272.00000000000000000000000000000000000000000000000000
1718;8994662.40000000037252902984619140625000000000000000000000
1719;9011353.59999999962747097015380859375000000000000000000000
1720;9022438.40000000037252902984619140625000000000000000000000
1721;9039308.80000000074505805969238281250000000000000000000000
1722;9051929.59999999962747097015380859375000000000000000000000
1723;9067699.19999999925494194030761718750000000000000000000000
1724;9092454.40000000037252902984619140625000000000000000000000
1725;9103385.59999999962747097015380859375000000000000000000000
1726;9114777.59999999962747097015380859375000000000000000000000
1727;9150412.80000000074505805969238281250000000000000000000000
1728;9159014.40000000037252902984619140625000000000000000000000
1729;9175654.40000000037252902984619140625000000000000000000000
1730;9205324.80000000074505805969238281250000000000000000000000
1731;9220761.59999999962747097015380859375000000000000000000000
1732;9228185.59999999962747097015380859375000000000000000000000
1733;9240857.59999999962747097015380859375000000000000000000000
1734;9303705.59999999962747097015380859375000000000000000000000
1735;9315302.40000000037252902984619140625000000000000000000000
1736;9327667.19999999925494194030761718750000000000000000000000
1737;9340492.80000000074505805969238281250000000000000000000000
1738;9377740.80000000074505805969238281250000000000000000000000
1739;9379558.40000000037252902984619140625000000000000000000000
1740;9382912.00000000000000000000000000000000000000000000000000
1741;9392870.40000000037252902984619140625000000000000000000000
1742;9408230.40000000037252902984619140625000000000000000000000
1743;9446092.80000000074505805969238281250000000000000000000000
1744;9450905.59999999962747097015380859375000000000000000000000
1745;9453363.19999999925494194030761718750000000000000000000000
1746;9466777.59999999962747097015380859375000000000000000000000
1747;9465651.19999999925494194030761718750000000000000000000000
1748;9465881.59999999962747097015380859375000000000000000000000
1749;9465856.00000000000000000000000000000000000000000000000000
1750;9465651.19999999925494194030761718750000000000000000000000
1751;9465241.59999999962747097015380859375000000000000000000000
1752;9465651.19999999925494194030761718750000000000000000000000
1753;9465856.00000000000000000000000000000000000000000000000000
1754;9465651.19999999925494194030761718750000000000000000000000
1755;9465651.19999999925494194030761718750000000000000000000000
1756;9465856.00000000000000000000000000000000000000000000000000
1757;9465651.19999999925494194030761718750000000000000000000000
1758;9466316.80000000074505805969238281250000000000000000000000
1759;9466316.80000000074505805969238281250000000000000000000000
1760;9466316.80000000074505805969238281250000000000000000000000
1761;9466316.80000000074505805969238281250000000000000000000000
1762;9466342.40000000037252902984619140625000000000000000000000
1763;9466547.19999999925494194030761718750000000000000000000000
1764;9466547.19999999925494194030761718750000000000000000000000
1765;9466342.40000000037252902984619140625000000000000000000000
1766;9465932.80000000074505805969238281250000000000000000000000
1767;9465932.80000000074505805969238281250000000000000000000000
1768;9466572.80000000074505805969238281250000000000000000000000
1769;9466547.19999999925494194030761718750000000000000000000000
1770;9466547.19999999925494194030761718750000000000000000000000
1771;9466342.40000000037252902984619140625000000000000000000000
1772;9466342.40000000037252902984619140625000000000000000000000
1773;9466547.19999999925494194030761718750000000000000000000000
1774;9465932.80000000074505805969238281250000000000000000000000
1775;9465932.80000000074505805969238281250000000000000000000000
1776;9466572.80000000074505805969238281250000000000000000000000
1777;9466547.19999999925494194030761718750000000000000000000000
1778;9466547.19999999925494194030761718750000000000000000000000
1779;9466342.40000000037252902984619140625000000000000000000000
1780;9465932.80000000074505805969238281250000000000000000000000
1781;9466547.19999999925494194030761718750000000000000000000000
1782;9466342.40000000037252902984619140625000000000000000000000
1783;9465932.80000000074505805969238281250000000000000000000000
1784;9466342.40000000037252902984619140625000000000000000000000
1785;9415628.80000000074505805969238281250000000000000000000000
1786;9414732.80000000074505805969238281250000000000000000000000
1787;9413913.59999999962747097015380859375000000000000000000000
1788;9414835.19999999925494194030761718750000000000000000000000
1789;9416473.59999999962747097015380859375000000000000000000000
1790;9415577.59999999962747097015380859375000000000000000000000
1791;9416576.00000000000000000000000000000000000000000000000000
1792;9415705.59999999962747097015380859375000000000000000000000
1793;9415424.00000000000000000000000000000000000000000000000000
1794;9415577.59999999962747097015380859375000000000000000000000
1795;9416883.19999999925494194030761718750000000000000000000000
1796;9416371.19999999925494194030761718750000000000000000000000
1797;9417420.80000000074505805969238281250000000000000000000000
1798;9417139.19999999925494194030761718750000000000000000000000
1799;9416704.00000000000000000000000000000000000000000000000000
1800;9416908.80000000074505805969238281250000000000000000000000
1801;9418035.19999999925494194030761718750000000000000000000000
1802;9417548.80000000074505805969238281250000000000000000000000
1803;9417958.40000000037252902984619140625000000000000000000000
1804;9411430.40000000037252902984619140625000000000000000000000
1805;9411686.40000000037252902984619140625000000000000000000000
1806;9412147.19999999925494194030761718750000000000000000000000
1807;9412096.00000000000000000000000000000000000000000000000000
1808;9413939.19999999925494194030761718750000000000000000000000
1809;9415782.40000000037252902984619140625000000000000000000000
1810;9418547.19999999925494194030761718750000000000000000000000
1811;9418112.00000000000000000000000000000000000000000000000000
1812;9418931.19999999925494194030761718750000000000000000000000
1813;9418880.00000000000000000000000000000000000000000000000000
1814;9418700.80000000074505805969238281250000000000000000000000
1815;9419417.59999999962747097015380859375000000000000000000000
1816;9419852.80000000074505805969238281250000000000000000000000
1817;9445964.80000000074505805969238281250000000000000000000000
1818;9448012.80000000074505805969238281250000000000000000000000
1819;9449651.19999999925494194030761718750000000000000000000000
1820;9450982.40000000037252902984619140625000000000000000000000
1821;9452134.40000000037252902984619140625000000000000000000000
1822;9464985.59999999962747097015380859375000000000000000000000
1823;9462476.80000000074505805969238281250000000000000000000000
1824;9462425.59999999962747097015380859375000000000000000000000
1825;9463475.19999999925494194030761718750000000000000000000000
1826;9468672.00000000000000000000000000000000000000000000000000
1827;9498188.80000000074505805969238281250000000000000000000000
1828;9498803.19999999925494194030761718750000000000000000000000
1829;9500492.80000000074505805969238281250000000000000000000000
1830;9510246.40000000037252902984619140625000000000000000000000
1831;9510246.40000000037252902984619140625000000000000000000000
1832;9518822.40000000037252902984619140625000000000000000000000
1833;9519232.00000000000000000000000000000000000000000000000000
1834;9518822.40000000037252902984619140625000000000000000000000
1835;9518412.80000000074505805969238281250000000000000000000000
1836;9519232.00000000000000000000000000000000000000000000000000
1837;9519232.00000000000000000000000000000000000000000000000000
1838;9518822.40000000037252902984619140625000000000000000000000
1839;9519232.00000000000000000000000000000000000000000000000000
1840;9519232.00000000000000000000000000000000000000000000000000
1841;9518822.40000000037252902984619140625000000000000000000000
1842;9518822.40000000037252902984619140625000000000000000000000
1843;9518924.80000000074505805969238281250000000000000000000000
1844;9518924.80000000074505805969238281250000000000000000000000
1845;9518924.80000000074505805969238281250000000000000000000000
1846;9518515.19999999925494194030761718750000000000000000000000
1847;9518924.80000000074505805969238281250000000000000000000000
1848;9518924.80000000074505805969238281250000000000000000000000
1849;9518924.80000000074505805969238281250000000000000000000000
1850;9518515.19999999925494194030761718750000000000000000000000
1851;9518924.80000000074505805969238281250000000000000000000000
1852;9519334.40000000037252902984619140625000000000000000000000
1853;9519334.40000000037252902984619140625000000000000000000000
1854;9518924.80000000074505805969238281250000000000000000000000
1855;9518515.19999999925494194030761718750000000000000000000000
1856;9518924.80000000074505805969238281250000000000000000000000
1857;9518924.80000000074505805969238281250000000000000000000000
1858;9519334.40000000037252902984619140625000000000000000000000
1859;9519334.40000000037252902984619140625000000000000000000000
1860;9518924.80000000074505805969238281250000000000000000000000
1861;9518924.80000000074505805969238281250000000000000000000000
1862;9518515.19999999925494194030761718750000000000000000000000
1863;9518924.80000000074505805969238281250000000000000000000000
1864;9518515.19999999925494194030761718750000000000000000000000
1865;9519334.40000000037252902984619140625000000000000000000000
1866;9519334.40000000037252902984619140625000000000000000000000
1867;9519334.40000000037252902984619140625000000000000000000000
1868;9519334.40000000037252902984619140625000000000000000000000
1869;9519334.40000000037252902984619140625000000000000000000000
1870;9425484.80000000074505805969238281250000000000000000000000
1871;9424409.59999999962747097015380859375000000000000000000000
1872;9425484.80000000074505805969238281250000000000000000000000
1873;9424614.40000000037252902984619140625000000000000000000000
1874;9425459.19999999925494194030761718750000000000000000000000
1875;9425510.40000000037252902984619140625000000000000000000000
1876;9425280.00000000000000000000000000000000000000000000000000
1877;9424921.59999999962747097015380859375000000000000000000000
1878;9425587.19999999925494194030761718750000000000000000000000
1879;9429478.40000000037252902984619140625000000000000000000000
1880;9425587.19999999925494194030761718750000000000000000000000
1881;9426278.40000000037252902984619140625000000000000000000000
1882;9427763.19999999925494194030761718750000000000000000000000
1883;9425817.59999999962747097015380859375000000000000000000000
1884;9425792.00000000000000000000000000000000000000000000000000
1885;9425817.59999999962747097015380859375000000000000000000000
1886;9426022.40000000037252902984619140625000000000000000000000
1887;9426176.00000000000000000000000000000000000000000000000000
1888;9426329.59999999962747097015380859375000000000000000000000
1889;9426508.80000000074505805969238281250000000000000000000000
1890;9426636.80000000074505805969238281250000000000000000000000
1891;9427379.19999999925494194030761718750000000000000000000000
1892;9429529.59999999962747097015380859375000000000000000000000
1893;9427840.00000000000000000000000000000000000000000000000000
1894;9427584.00000000000000000000000000000000000000000000000000
1895;9427609.59999999962747097015380859375000000000000000000000
1896;9428198.40000000037252902984619140625000000000000000000000
1897;9428275.19999999925494194030761718750000000000000000000000
1898;9429171.19999999925494194030761718750000000000000000000000
1899;9428556.80000000074505805969238281250000000000000000000000
1900;9429760.00000000000000000000000000000000000000000000000000
1901;9428992.00000000000000000000000000000000000000000000000000
1902;9434752.00000000000000000000000000000000000000000000000000
1903;9430630.40000000037252902984619140625000000000000000000000
1904;9431603.19999999925494194030761718750000000000000000000000
1905;9433523.19999999925494194030761718750000000000000000000000
1906;9433779.19999999925494194030761718750000000000000000000000
1907;9433856.00000000000000000000000000000000000000000000000000
1908;9440281.59999999962747097015380859375000000000000000000000
1909;9449344.00000000000000000000000000000000000000000000000000
1910;9491328.00000000000000000000000000000000000000000000000000
1911;9491481.59999999962747097015380859375000000000000000000000
1912;9496422.40000000037252902984619140625000000000000000000000
1913;9512960.00000000000000000000000000000000000000000000000000
1914;9512960.00000000000000000000000000000000000000000000000000
1915;9519667.19999999925494194030761718750000000000000000000000
1916;9519436.80000000074505805969238281250000000000000000000000
1917;9519052.80000000074505805969238281250000000000000000000000
1918;9519667.19999999925494194030761718750000000000000000000000
1919;9519667.19999999925494194030761718750000000000000000000000
1920;9519462.40000000037252902984619140625000000000000000000000
1921;9519462.40000000037252902984619140625000000000000000000000
1922;9519692.80000000074505805969238281250000000000000000000000
1923;9519667.19999999925494194030761718750000000000000000000000
1924;9519232.00000000000000000000000000000000000000000000000000
1925;9519052.80000000074505805969238281250000000000000000000000
1926;9519667.19999999925494194030761718750000000000000000000000
1927;9519462.40000000037252902984619140625000000000000000000000
1928;9519462.40000000037252902984619140625000000000000000000000
1929;9519667.19999999925494194030761718750000000000000000000000
1930;9519462.40000000037252902984619140625000000000000000000000
1931;9519692.80000000074505805969238281250000000000000000000000
1932;9519436.80000000074505805969238281250000000000000000000000
1933;9519462.40000000037252902984619140625000000000000000000000
1934;9519078.40000000037252902984619140625000000000000000000000
1935;9519667.19999999925494194030761718750000000000000000000000
1936;9519462.40000000037252902984619140625000000000000000000000
1937;9519001.59999999962747097015380859375000000000000000000000
1938;9519488.00000000000000000000000000000000000000000000000000
1939;9519718.40000000037252902984619140625000000000000000000000
1940;9519488.00000000000000000000000000000000000000000000000000
1941;9519488.00000000000000000000000000000000000000000000000000
1942;9519104.00000000000000000000000000000000000000000000000000
1943;9519488.00000000000000000000000000000000000000000000000000
1944;9519692.80000000074505805969238281250000000000000000000000
1945;9519462.40000000037252902984619140625000000000000000000000
1946;9519078.40000000037252902984619140625000000000000000000000
1947;9519488.00000000000000000000000000000000000000000000000000
1948;9519692.80000000074505805969238281250000000000000000000000
1949;9519488.00000000000000000000000000000000000000000000000000
1950;9519488.00000000000000000000000000000000000000000000000000
1951;9519718.40000000037252902984619140625000000000000000000000
1952;9519692.80000000074505805969238281250000000000000000000000
1953;9519692.80000000074505805969238281250000000000000000000000
1954;8838323.19999999925494194030761718750000000000000000000000
1955;8844057.59999999962747097015380859375000000000000000000000
1956;8843878.40000000037252902984619140625000000000000000000000
1957;8849612.80000000074505805969238281250000000000000000000000
1958;8854912.00000000000000000000000000000000000000000000000000
1959;8855654.40000000037252902984619140625000000000000000000000
1960;8862745.59999999962747097015380859375000000000000000000000
1961;8876774.40000000037252902984619140625000000000000000000000
1962;8888576.00000000000000000000000000000000000000000000000000
1963;8899225.59999999962747097015380859375000000000000000000000
1964;8917120.00000000000000000000000000000000000000000000000000
1965;8926617.59999999962747097015380859375000000000000000000000
1966;8942668.80000000074505805969238281250000000000000000000000
1967;8953728.00000000000000000000000000000000000000000000000000
1968;8965196.80000000074505805969238281250000000000000000000000
1969;8977280.00000000000000000000000000000000000000000000000000
1970;9001036.80000000074505805969238281250000000000000000000000
1971;9014451.19999999925494194030761718750000000000000000000000
1972;9030425.59999999962747097015380859375000000000000000000000
1973;9039872.00000000000000000000000000000000000000000000000000
1974;9059609.59999999962747097015380859375000000000000000000000
1975;9065497.59999999962747097015380859375000000000000000000000
1976;9079500.80000000074505805969238281250000000000000000000000
1977;9101721.59999999962747097015380859375000000000000000000000
1978;9119667.19999999925494194030761718750000000000000000000000
1979;9133004.80000000074505805969238281250000000000000000000000
1980;9171328.00000000000000000000000000000000000000000000000000
1981;9184025.59999999962747097015380859375000000000000000000000
1982;9196083.19999999925494194030761718750000000000000000000000
1983;9223116.80000000074505805969238281250000000000000000000000
1984;9229824.00000000000000000000000000000000000000000000000000
1985;9237811.19999999925494194030761718750000000000000000000000
1986;9248563.19999999925494194030761718750000000000000000000000
1987;9311052.80000000074505805969238281250000000000000000000000
1988;9321190.40000000037252902984619140625000000000000000000000
1989;9335500.80000000074505805969238281250000000000000000000000
1990;9344435.19999999925494194030761718750000000000000000000000
1991;9354649.59999999962747097015380859375000000000000000000000
1992;9398067.19999999925494194030761718750000000000000000000000
1993;9398630.40000000037252902984619140625000000000000000000000
1994;9404672.00000000000000000000000000000000000000000000000000
1995;9410176.00000000000000000000000000000000000000000000000000
1996;9453824.00000000000000000000000000000000000000000000000000
1997;9456128.00000000000000000000000000000000000000000000000000
1998;9470156.80000000074505805969238281250000000000000000000000
1999;9477222.40000000037252902984619140625000000000000000000000
2000;9476019.19999999925494194030761718750000000000000000000000
2001;9475993.59999999962747097015380859375000000000000000000000
2002;9476019.19999999925494194030761718750000000000000000000000
2003;9476224.00000000000000000000000000000000000000000000000000
2004;9475993.59999999962747097015380859375000000000000000000000
2005;9475609.59999999962747097015380859375000000000000000000000
2006;9476019.19999999925494194030761718750000000000000000000000
2007;9476224.00000000000000000000000000000000000000000000000000
2008;9476019.19999999925494194030761718750000000000000000000000
2009;9476019.19999999925494194030761718750000000000000000000000
2010;9475993.59999999962747097015380859375000000000000000000000
2011;9476019.19999999925494194030761718750000000000000000000000
2012;9476019.19999999925494194030761718750000000000000000000000
2013;9476019.19999999925494194030761718750000000000000000000000
2014;9475635.19999999925494194030761718750000000000000000000000
2015;9476019.19999999925494194030761718750000000000000000000000
2016;9476224.00000000000000000000000000000000000000000000000000
2017;9475635.19999999925494194030761718750000000000000000000000
2018;9476249.59999999962747097015380859375000000000000000000000
2019;9476019.19999999925494194030761718750000000000000000000000
2020;9476019.19999999925494194030761718750000000000000000000000
2021;9476224.00000000000000000000000000000000000000000000000000
2022;9475609.59999999962747097015380859375000000000000000000000
2023;9476019.19999999925494194030761718750000000000000000000000
2024;9475993.59999999962747097015380859375000000000000000000000
2025;9476019.19999999925494194030761718750000000000000000000000
2026;9476019.19999999925494194030761718750000000000000000000000
2027;9476019.19999999925494194030761718750000000000000000000000
2028;9476224.00000000000000000000000000000000000000000000000000
2029;9476198.40000000037252902984619140625000000000000000000000
2030;9476198.40000000037252902984619140625000000000000000000000
2031;9476428.80000000074505805969238281250000000000000000000000
2032;9476403.19999999925494194030761718750000000000000000000000
2033;9476198.40000000037252902984619140625000000000000000000000
2034;9476198.40000000037252902984619140625000000000000000000000
2035;9476428.80000000074505805969238281250000000000000000000000
2036;9476403.19999999925494194030761718750000000000000000000000
2037;9475814.40000000037252902984619140625000000000000000000000
2038;9476403.19999999925494194030761718750000000000000000000000
2039;9416960.00000000000000000000000000000000000000000000000000
2040;9419008.00000000000000000000000000000000000000000000000000
2041;9416883.19999999925494194030761718750000000000000000000000
2042;9419827.19999999925494194030761718750000000000000000000000
2043;9420646.40000000037252902984619140625000000000000000000000
2044;9418265.59999999962747097015380859375000000000000000000000
2045;9418265.59999999962747097015380859375000000000000000000000
2046;9418368.00000000000000000000000000000000000000000000000000
2047;9418777.59999999962747097015380859375000000000000000000000
2048;9420876.80000000074505805969238281250000000000000000000000
2049;9420800.00000000000000000000000000000000000000000000000000
2050;9420697.59999999962747097015380859375000000000000000000000
2051;9421107.19999999925494194030761718750000000000000000000000
2052;9418572.80000000074505805969238281250000000000000000000000
2053;9418726.40000000037252902984619140625000000000000000000000
2054;9418649.59999999962747097015380859375000000000000000000000
2055;9451136.00000000000000000000000000000000000000000000000000
