Second;RAM_KB
0;755302.40000000002328306436538696289062500000000000000000
1;62445977.60000000149011611938476562500000000000000000000000
2;76219187.20000000298023223876953125000000000000000000000000
3;126255104.00000000000000000000000000000000000000000000000000
4;216693964.80000001192092895507812500000000000000000000000000
5;241483776.00000000000000000000000000000000000000000000000000
6;252507750.40000000596046447753906250000000000000000000000000
7;260375347.19999998807907104492187500000000000000000000000000
8;260481024.00000000000000000000000000000000000000000000000000
9;260917657.59999999403953552246093750000000000000000000000000
10;261496012.80000001192092895507812500000000000000000000000000
11;261931008.00000000000000000000000000000000000000000000000000
12;262723993.59999999403953552246093750000000000000000000000000
13;274966937.60000002384185791015625000000000000000000000000000
14;284513075.19999998807907104492187500000000000000000000000000
15;288874496.00000000000000000000000000000000000000000000000000
16;293117132.80000001192092895507812500000000000000000000000000
17;294967705.60000002384185791015625000000000000000000000000000
18;296961638.39999997615814208984375000000000000000000000000000
19;306112102.39999997615814208984375000000000000000000000000000
20;306695372.80000001192092895507812500000000000000000000000000
21;307917619.19999998807907104492187500000000000000000000000000
22;309342208.00000000000000000000000000000000000000000000000000
23;310639820.80000001192092895507812500000000000000000000000000
24;311587635.19999998807907104492187500000000000000000000000000
25;312827904.00000000000000000000000000000000000000000000000000
26;314123059.19999998807907104492187500000000000000000000000000
27;315024179.19999998807907104492187500000000000000000000000000
28;316100608.00000000000000000000000000000000000000000000000000
29;317530112.00000000000000000000000000000000000000000000000000
30;318965350.39999997615814208984375000000000000000000000000000
31;319777177.60000002384185791015625000000000000000000000000000
32;320768409.60000002384185791015625000000000000000000000000000
33;322016870.39999997615814208984375000000000000000000000000000
34;323045785.60000002384185791015625000000000000000000000000000
35;324163174.39999997615814208984375000000000000000000000000000
36;325189632.00000000000000000000000000000000000000000000000000
37;326592102.39999997615814208984375000000000000000000000000000
38;327489126.39999997615814208984375000000000000000000000000000
39;328390246.39999997615814208984375000000000000000000000000000
40;329394585.60000002384185791015625000000000000000000000000000
41;330516889.60000002384185791015625000000000000000000000000000
42;331839078.39999997615814208984375000000000000000000000000000
43;333011353.60000002384185791015625000000000000000000000000000
44;334827520.00000000000000000000000000000000000000000000000000
45;335672934.39999997615814208984375000000000000000000000000000
46;336629760.00000000000000000000000000000000000000000000000000
47;337949491.19999998807907104492187500000000000000000000000000
48;339219251.19999998807907104492187500000000000000000000000000
49;340947763.19999998807907104492187500000000000000000000000000
50;342287155.19999998807907104492187500000000000000000000000000
51;343643750.39999997615814208984375000000000000000000000000000
52;344675123.19999998807907104492187500000000000000000000000000
53;346111180.80000001192092895507812500000000000000000000000000
54;347102412.80000001192092895507812500000000000000000000000000
55;347102412.80000001192092895507812500000000000000000000000000
56;395578572.80000001192092895507812500000000000000000000000000
57;395533516.80000001192092895507812500000000000000000000000000
58;395585945.60000002384185791015625000000000000000000000000000
59;395563008.00000000000000000000000000000000000000000000000000
60;395542528.00000000000000000000000000000000000000000000000000
61;395524505.60000002384185791015625000000000000000000000000000
62;395497472.00000000000000000000000000000000000000000000000000
63;395491737.60000002384185791015625000000000000000000000000000
64;395491737.60000002384185791015625000000000000000000000000000
65;395476992.00000000000000000000000000000000000000000000000000
66;395495833.60000002384185791015625000000000000000000000000000
67;395482726.39999997615814208984375000000000000000000000000000
68;395540070.39999997615814208984375000000000000000000000000000
69;395540070.39999997615814208984375000000000000000000000000000
70;395533516.80000001192092895507812500000000000000000000000000
71;395487641.60000002384185791015625000000000000000000000000000
72;395500748.80000001192092895507812500000000000000000000000000
73;395504025.60000002384185791015625000000000000000000000000000
74;395499110.39999997615814208984375000000000000000000000000000
75;395499110.39999997615814208984375000000000000000000000000000
76;395525324.80000001192092895507812500000000000000000000000000
77;395505664.00000000000000000000000000000000000000000000000000
78;395506483.19999998807907104492187500000000000000000000000000
79;395505664.00000000000000000000000000000000000000000000000000
80;395544985.60000002384185791015625000000000000000000000000000
81;395551539.19999998807907104492187500000000000000000000000000
82;395525324.80000001192092895507812500000000000000000000000000
83;395512217.60000002384185791015625000000000000000000000000000
84;395525324.80000001192092895507812500000000000000000000000000
85;395505664.00000000000000000000000000000000000000000000000000
86;395499110.39999997615814208984375000000000000000000000000000
87;395499110.39999997615814208984375000000000000000000000000000
88;395512217.60000002384185791015625000000000000000000000000000
89;395551539.19999998807907104492187500000000000000000000000000
90;395499110.39999997615814208984375000000000000000000000000000
91;395499110.39999997615814208984375000000000000000000000000000
92;395499110.39999997615814208984375000000000000000000000000000
93;395506483.19999998807907104492187500000000000000000000000000
94;375915315.19999998807907104492187500000000000000000000000000
95;376561664.00000000000000000000000000000000000000000000000000
96;377355468.80000001192092895507812500000000000000000000000000
97;377845350.39999997615814208984375000000000000000000000000000
98;378562969.60000002384185791015625000000000000000000000000000
99;379347763.19999998807907104492187500000000000000000000000000
100;379859763.19999998807907104492187500000000000000000000000000
101;380685516.80000001192092895507812500000000000000000000000000
102;381098393.60000002384185791015625000000000000000000000000000
103;381866803.19999998807907104492187500000000000000000000000000
104;382563942.39999997615814208984375000000000000000000000000000
105;383046451.19999998807907104492187500000000000000000000000000
106;383720652.80000001192092895507812500000000000000000000000000
107;384047513.60000002384185791015625000000000000000000000000000
108;384944537.60000002384185791015625000000000000000000000000000
109;385708032.00000000000000000000000000000000000000000000000000
110;386868838.39999997615814208984375000000000000000000000000000
111;387177676.80000001192092895507812500000000000000000000000000
112;387962470.39999997615814208984375000000000000000000000000000
113;389251072.00000000000000000000000000000000000000000000000000
114;389591040.00000000000000000000000000000000000000000000000000
115;391249100.80000001192092895507812500000000000000000000000000
116;391376896.00000000000000000000000000000000000000000000000000
117;392186265.60000002384185791015625000000000000000000000000000
118;393782886.39999997615814208984375000000000000000000000000000
119;393955737.60000002384185791015625000000000000000000000000000
120;394794598.39999997615814208984375000000000000000000000000000
121;395453235.19999998807907104492187500000000000000000000000000
122;396371558.39999997615814208984375000000000000000000000000000
123;396478054.39999997615814208984375000000000000000000000000000
124;396478873.60000002384185791015625000000000000000000000000000
125;396472320.00000000000000000000000000000000000000000000000000
126;396496896.00000000000000000000000000000000000000000000000000
127;396478873.60000002384185791015625000000000000000000000000000
128;396518195.19999998807907104492187500000000000000000000000000
129;396473139.19999998807907104492187500000000000000000000000000
130;396465766.39999997615814208984375000000000000000000000000000
131;396465766.39999997615814208984375000000000000000000000000000
132;396472320.00000000000000000000000000000000000000000000000000
133;396496896.00000000000000000000000000000000000000000000000000
134;396478873.60000002384185791015625000000000000000000000000000
135;396571443.19999998807907104492187500000000000000000000000000
136;396571443.19999998807907104492187500000000000000000000000000
137;396526387.19999998807907104492187500000000000000000000000000
138;396507545.60000002384185791015625000000000000000000000000000
139;396507545.60000002384185791015625000000000000000000000000000
140;396514918.39999997615814208984375000000000000000000000000000
141;396514099.19999998807907104492187500000000000000000000000000
142;396553420.80000001192092895507812500000000000000000000000000
143;396533760.00000000000000000000000000000000000000000000000000
144;396507545.60000002384185791015625000000000000000000000000000
145;396507545.60000002384185791015625000000000000000000000000000
146;396507545.60000002384185791015625000000000000000000000000000
147;396514099.19999998807907104492187500000000000000000000000000
148;396514099.19999998807907104492187500000000000000000000000000
149;396559974.39999997615814208984375000000000000000000000000000
150;396514099.19999998807907104492187500000000000000000000000000
151;396507545.60000002384185791015625000000000000000000000000000
152;396520652.80000001192092895507812500000000000000000000000000
153;396507545.60000002384185791015625000000000000000000000000000
154;396514099.19999998807907104492187500000000000000000000000000
155;396553420.80000001192092895507812500000000000000000000000000
156;396523929.60000002384185791015625000000000000000000000000000
157;396553420.80000001192092895507812500000000000000000000000000
158;396507545.60000002384185791015625000000000000000000000000000
159;396507545.60000002384185791015625000000000000000000000000000
160;396507545.60000002384185791015625000000000000000000000000000
161;396559974.39999997615814208984375000000000000000000000000000
162;374721740.80000001192092895507812500000000000000000000000000
163;375598284.80000001192092895507812500000000000000000000000000
164;376246272.00000000000000000000000000000000000000000000000000
165;376896716.80000001192092895507812500000000000000000000000000
166;377557811.19999998807907104492187500000000000000000000000000
167;378352435.19999998807907104492187500000000000000000000000000
168;379000422.39999997615814208984375000000000000000000000000000
169;379641856.00000000000000000000000000000000000000000000000000
170;380403712.00000000000000000000000000000000000000000000000000
171;381227008.00000000000000000000000000000000000000000000000000
172;382535270.39999997615814208984375000000000000000000000000000
173;382918656.00000000000000000000000000000000000000000000000000
174;383669862.39999997615814208984375000000000000000000000000000
175;383981158.39999997615814208984375000000000000000000000000000
176;384469401.60000002384185791015625000000000000000000000000000
177;385145241.60000002384185791015625000000000000000000000000000
178;386412544.00000000000000000000000000000000000000000000000000
179;387247308.80000001192092895507812500000000000000000000000000
180;387565977.60000002384185791015625000000000000000000000000000
181;388346675.19999998807907104492187500000000000000000000000000
182;389326438.39999997615814208984375000000000000000000000000000
183;390125977.60000002384185791015625000000000000000000000000000
184;391471923.19999998807907104492187500000000000000000000000000
185;391804518.39999997615814208984375000000000000000000000000000
186;392626995.19999998807907104492187500000000000000000000000000
187;393953280.00000000000000000000000000000000000000000000000000
188;394368614.39999997615814208984375000000000000000000000000000
189;395168153.60000002384185791015625000000000000000000000000000
190;396777881.60000002384185791015625000000000000000000000000000
191;397058867.19999998807907104492187500000000000000000000000000
192;397058867.19999998807907104492187500000000000000000000000000
193;396994969.60000002384185791015625000000000000000000000000000
194;396994969.60000002384185791015625000000000000000000000000000
195;396994969.60000002384185791015625000000000000000000000000000
196;396995788.80000001192092895507812500000000000000000000000000
197;396995788.80000001192092895507812500000000000000000000000000
198;396996608.00000000000000000000000000000000000000000000000000
199;396996608.00000000000000000000000000000000000000000000000000
200;396996608.00000000000000000000000000000000000000000000000000
201;396989235.19999998807907104492187500000000000000000000000000
202;396996608.00000000000000000000000000000000000000000000000000
203;396989235.19999998807907104492187500000000000000000000000000
204;397117849.60000002384185791015625000000000000000000000000000
205;397065420.80000001192092895507812500000000000000000000000000
206;397064601.60000002384185791015625000000000000000000000000000
207;397078528.00000000000000000000000000000000000000000000000000
208;397064601.60000002384185791015625000000000000000000000000000
209;397071974.39999997615814208984375000000000000000000000000000
210;397065420.80000001192092895507812500000000000000000000000000
211;397079347.19999998807907104492187500000000000000000000000000
212;397078528.00000000000000000000000000000000000000000000000000
213;397117849.60000002384185791015625000000000000000000000000000
214;397117849.60000002384185791015625000000000000000000000000000
215;397117849.60000002384185791015625000000000000000000000000000
216;397117849.60000002384185791015625000000000000000000000000000
217;397117849.60000002384185791015625000000000000000000000000000
218;397111296.00000000000000000000000000000000000000000000000000
219;397111296.00000000000000000000000000000000000000000000000000
220;397111296.00000000000000000000000000000000000000000000000000
221;397089996.80000001192092895507812500000000000000000000000000
222;397071974.39999997615814208984375000000000000000000000000000
223;397111296.00000000000000000000000000000000000000000000000000
224;397071974.39999997615814208984375000000000000000000000000000
225;397072793.60000002384185791015625000000000000000000000000000
226;397080985.60000002384185791015625000000000000000000000000000
227;397117849.60000002384185791015625000000000000000000000000000
228;397071974.39999997615814208984375000000000000000000000000000
229;397064601.60000002384185791015625000000000000000000000000000
230;375312384.00000000000000000000000000000000000000000000000000
231;376094720.00000000000000000000000000000000000000000000000000
232;376595251.19999998807907104492187500000000000000000000000000
233;377209651.19999998807907104492187500000000000000000000000000
234;378041958.39999997615814208984375000000000000000000000000000
235;378751385.60000002384185791015625000000000000000000000000000
236;379276492.80000001192092895507812500000000000000000000000000
237;380324249.60000002384185791015625000000000000000000000000000
238;380985344.00000000000000000000000000000000000000000000000000
239;381794713.60000002384185791015625000000000000000000000000000
240;382362419.19999998807907104492187500000000000000000000000000
241;384032768.00000000000000000000000000000000000000000000000000
242;385187840.00000000000000000000000000000000000000000000000000
243;385489305.60000002384185791015625000000000000000000000000000
244;386362572.80000001192092895507812500000000000000000000000000
245;386788556.80000001192092895507812500000000000000000000000000
246;387837132.80000001192092895507812500000000000000000000000000
247;388181196.80000001192092895507812500000000000000000000000000
248;388802969.60000002384185791015625000000000000000000000000000
249;389276467.19999998807907104492187500000000000000000000000000
250;389894963.19999998807907104492187500000000000000000000000000
251;391714406.39999997615814208984375000000000000000000000000000
252;392045363.19999998807907104492187500000000000000000000000000
253;393118515.19999998807907104492187500000000000000000000000000
254;393765683.19999998807907104492187500000000000000000000000000
255;394392371.19999998807907104492187500000000000000000000000000
256;396086476.80000001192092895507812500000000000000000000000000
257;396188057.60000002384185791015625000000000000000000000000000
258;396952371.19999998807907104492187500000000000000000000000000
259;396993331.19999998807907104492187500000000000000000000000000
260;397047398.39999997615814208984375000000000000000000000000000
261;397002342.39999997615814208984375000000000000000000000000000
262;397001523.19999998807907104492187500000000000000000000000000
263;397040844.80000001192092895507812500000000000000000000000000
264;397001523.19999998807907104492187500000000000000000000000000
265;397002342.39999997615814208984375000000000000000000000000000
266;396994969.60000002384185791015625000000000000000000000000000
267;397001523.19999998807907104492187500000000000000000000000000
268;396994150.39999997615814208984375000000000000000000000000000
269;397008896.00000000000000000000000000000000000000000000000000
270;397047398.39999997615814208984375000000000000000000000000000
271;397047398.39999997615814208984375000000000000000000000000000
272;397020364.80000001192092895507812500000000000000000000000000
273;397008896.00000000000000000000000000000000000000000000000000
274;397047398.39999997615814208984375000000000000000000000000000
275;396994969.60000002384185791015625000000000000000000000000000
276;397001523.19999998807907104492187500000000000000000000000000
277;397026099.19999998807907104492187500000000000000000000000000
278;397001523.19999998807907104492187500000000000000000000000000
279;396994969.60000002384185791015625000000000000000000000000000
280;396994969.60000002384185791015625000000000000000000000000000
281;396994969.60000002384185791015625000000000000000000000000000
282;397001523.19999998807907104492187500000000000000000000000000
283;397040844.80000001192092895507812500000000000000000000000000
284;397047398.39999997615814208984375000000000000000000000000000
285;397047398.39999997615814208984375000000000000000000000000000
286;396994969.60000002384185791015625000000000000000000000000000
287;396994969.60000002384185791015625000000000000000000000000000
288;397008896.00000000000000000000000000000000000000000000000000
289;397008896.00000000000000000000000000000000000000000000000000
290;397008896.00000000000000000000000000000000000000000000000000
291;396994150.39999997615814208984375000000000000000000000000000
292;397008896.00000000000000000000000000000000000000000000000000
293;396994969.60000002384185791015625000000000000000000000000000
294;396994969.60000002384185791015625000000000000000000000000000
295;396994969.60000002384185791015625000000000000000000000000000
296;397047398.39999997615814208984375000000000000000000000000000
297;377643827.19999998807907104492187500000000000000000000000000
298;378579353.60000002384185791015625000000000000000000000000000
299;379442790.39999997615814208984375000000000000000000000000000
300;380080947.19999998807907104492187500000000000000000000000000
301;380822323.19999998807907104492187500000000000000000000000000
302;381546496.00000000000000000000000000000000000000000000000000
303;382273945.60000002384185791015625000000000000000000000000000
304;382935859.19999998807907104492187500000000000000000000000000
305;383464243.19999998807907104492187500000000000000000000000000
306;384284262.39999997615814208984375000000000000000000000000000
307;385712947.19999998807907104492187500000000000000000000000000
308;387096576.00000000000000000000000000000000000000000000000000
309;387787980.80000001192092895507812500000000000000000000000000
310;388731699.19999998807907104492187500000000000000000000000000
311;389302681.60000002384185791015625000000000000000000000000000
312;390071091.19999998807907104492187500000000000000000000000000
313;390601113.60000002384185791015625000000000000000000000000000
314;391611187.19999998807907104492187500000000000000000000000000
315;392155136.00000000000000000000000000000000000000000000000000
316;392652390.39999997615814208984375000000000000000000000000000
317;393296281.60000002384185791015625000000000000000000000000000
318;393731276.80000001192092895507812500000000000000000000000000
319;394293248.00000000000000000000000000000000000000000000000000
320;396236390.39999997615814208984375000000000000000000000000000
321;396586188.80000001192092895507812500000000000000000000000000
322;396632883.19999998807907104492187500000000000000000000000000
323;397093273.60000002384185791015625000000000000000000000000000
324;397819904.00000000000000000000000000000000000000000000000000
325;397921484.80000001192092895507812500000000000000000000000000
326;398304870.39999997615814208984375000000000000000000000000000
327;398498201.60000002384185791015625000000000000000000000000000
328;398800486.39999997615814208984375000000000000000000000000000
329;399566438.39999997615814208984375000000000000000000000000000
330;399610675.19999998807907104492187500000000000000000000000000
331;399610675.19999998807907104492187500000000000000000000000000
332;399674572.80000001192092895507812500000000000000000000000000
333;399661465.60000002384185791015625000000000000000000000000000
334;399699148.80000001192092895507812500000000000000000000000000
335;399661465.60000002384185791015625000000000000000000000000000
336;399661465.60000002384185791015625000000000000000000000000000
337;399687680.00000000000000000000000000000000000000000000000000
338;399687680.00000000000000000000000000000000000000000000000000
339;399713894.39999997615814208984375000000000000000000000000000
340;399699148.80000001192092895507812500000000000000000000000000
341;399674572.80000001192092895507812500000000000000000000000000
342;399674572.80000001192092895507812500000000000000000000000000
343;399748300.80000001192092895507812500000000000000000000000000
344;399748300.80000001192092895507812500000000000000000000000000
345;399708979.19999998807907104492187500000000000000000000000000
346;399708979.19999998807907104492187500000000000000000000000000
347;399748300.80000001192092895507812500000000000000000000000000
348;399748300.80000001192092895507812500000000000000000000000000
349;399748300.80000001192092895507812500000000000000000000000000
350;399748300.80000001192092895507812500000000000000000000000000
351;399708979.19999998807907104492187500000000000000000000000000
352;399720448.00000000000000000000000000000000000000000000000000
353;399695872.00000000000000000000000000000000000000000000000000
354;399695872.00000000000000000000000000000000000000000000000000
355;399722086.39999997615814208984375000000000000000000000000000
356;399748300.80000001192092895507812500000000000000000000000000
357;399708979.19999998807907104492187500000000000000000000000000
358;399695872.00000000000000000000000000000000000000000000000000
359;399695872.00000000000000000000000000000000000000000000000000
360;399708979.19999998807907104492187500000000000000000000000000
361;399722086.39999997615814208984375000000000000000000000000000
362;399748300.80000001192092895507812500000000000000000000000000
363;399708979.19999998807907104492187500000000000000000000000000
364;399748300.80000001192092895507812500000000000000000000000000
365;399695872.00000000000000000000000000000000000000000000000000
366;399748300.80000001192092895507812500000000000000000000000000
367;399708979.19999998807907104492187500000000000000000000000000
368;399748300.80000001192092895507812500000000000000000000000000
369;377883852.80000001192092895507812500000000000000000000000000
370;378604748.80000001192092895507812500000000000000000000000000
371;379174912.00000000000000000000000000000000000000000000000000
372;379707392.00000000000000000000000000000000000000000000000000
373;380341452.80000001192092895507812500000000000000000000000000
374;380839526.39999997615814208984375000000000000000000000000000
375;381546496.00000000000000000000000000000000000000000000000000
376;382237081.60000002384185791015625000000000000000000000000000
377;382938316.80000001192092895507812500000000000000000000000000
378;383571558.39999997615814208984375000000000000000000000000000
379;384095846.39999997615814208984375000000000000000000000000000
380;384833126.39999997615814208984375000000000000000000000000000
381;386058649.60000002384185791015625000000000000000000000000000
382;386524774.39999997615814208984375000000000000000000000000000
383;387247308.80000001192092895507812500000000000000000000000000
384;387835494.39999997615814208984375000000000000000000000000000
385;388322918.39999997615814208984375000000000000000000000000000
386;389018419.19999998807907104492187500000000000000000000000000
387;389465702.39999997615814208984375000000000000000000000000000
388;390659276.80000001192092895507812500000000000000000000000000
389;391348224.00000000000000000000000000000000000000000000000000
390;392096972.80000001192092895507812500000000000000000000000000
391;392608972.80000001192092895507812500000000000000000000000000
392;393673932.80000001192092895507812500000000000000000000000000
393;394331750.39999997615814208984375000000000000000000000000000
394;394887987.19999998807907104492187500000000000000000000000000
395;395539251.19999998807907104492187500000000000000000000000000
396;398032076.80000001192092895507812500000000000000000000000000
397;398602240.00000000000000000000000000000000000000000000000000
398;399113420.80000001192092895507812500000000000000000000000000
399;400229171.19999998807907104492187500000000000000000000000000
400;400813260.80000001192092895507812500000000000000000000000000
401;401311334.39999997615814208984375000000000000000000000000000
402;401734860.80000001192092895507812500000000000000000000000000
403;401763532.80000001192092895507812500000000000000000000000000
404;401738956.80000001192092895507812500000000000000000000000000
405;401752064.00000000000000000000000000000000000000000000000000
406;401752064.00000000000000000000000000000000000000000000000000
407;401791385.60000002384185791015625000000000000000000000000000
408;401738956.80000001192092895507812500000000000000000000000000
409;401752064.00000000000000000000000000000000000000000000000000
410;401752064.00000000000000000000000000000000000000000000000000
411;401752064.00000000000000000000000000000000000000000000000000
412;401738956.80000001192092895507812500000000000000000000000000
413;401752064.00000000000000000000000000000000000000000000000000
414;401738956.80000001192092895507812500000000000000000000000000
415;401791385.60000002384185791015625000000000000000000000000000
416;401791385.60000002384185791015625000000000000000000000000000
417;401738956.80000001192092895507812500000000000000000000000000
418;401752064.00000000000000000000000000000000000000000000000000
419;401752064.00000000000000000000000000000000000000000000000000
420;401776640.00000000000000000000000000000000000000000000000000
421;401738956.80000001192092895507812500000000000000000000000000
422;401791385.60000002384185791015625000000000000000000000000000
423;401738956.80000001192092895507812500000000000000000000000000
424;401752064.00000000000000000000000000000000000000000000000000
425;401752064.00000000000000000000000000000000000000000000000000
426;401752064.00000000000000000000000000000000000000000000000000
427;401791385.60000002384185791015625000000000000000000000000000
428;401791385.60000002384185791015625000000000000000000000000000
429;401752064.00000000000000000000000000000000000000000000000000
430;401738956.80000001192092895507812500000000000000000000000000
431;401752064.00000000000000000000000000000000000000000000000000
432;401738956.80000001192092895507812500000000000000000000000000
433;401752064.00000000000000000000000000000000000000000000000000
434;401752064.00000000000000000000000000000000000000000000000000
435;401791385.60000002384185791015625000000000000000000000000000
436;401752064.00000000000000000000000000000000000000000000000000
437;401791385.60000002384185791015625000000000000000000000000000
438;401738956.80000001192092895507812500000000000000000000000000
439;401752064.00000000000000000000000000000000000000000000000000
440;377570099.19999998807907104492187500000000000000000000000000
441;378344243.19999998807907104492187500000000000000000000000000
442;378955366.39999997615814208984375000000000000000000000000000
443;379530444.80000001192092895507812500000000000000000000000000
444;379937587.19999998807907104492187500000000000000000000000000
445;380661760.00000000000000000000000000000000000000000000000000
446;381144268.80000001192092895507812500000000000000000000000000
447;381834035.19999998807907104492187500000000000000000000000000
448;382437785.60000002384185791015625000000000000000000000000000
449;382978457.60000002384185791015625000000000000000000000000000
450;383767347.19999998807907104492187500000000000000000000000000
451;384299008.00000000000000000000000000000000000000000000000000
452;385557299.19999998807907104492187500000000000000000000000000
453;386705817.60000002384185791015625000000000000000000000000000
454;387278438.39999997615814208984375000000000000000000000000000
455;388114022.39999997615814208984375000000000000000000000000000
456;388713676.80000001192092895507812500000000000000000000000000
457;389374771.19999998807907104492187500000000000000000000000000
458;390053068.80000001192092895507812500000000000000000000000000
459;391855308.80000001192092895507812500000000000000000000000000
460;392473804.80000001192092895507812500000000000000000000000000
461;393107046.39999997615814208984375000000000000000000000000000
462;393914777.60000002384185791015625000000000000000000000000000
463;394471014.39999997615814208984375000000000000000000000000000
464;395088691.19999998807907104492187500000000000000000000000000
465;397570048.00000000000000000000000000000000000000000000000000
466;398193459.19999998807907104492187500000000000000000000000000
467;398820147.19999998807907104492187500000000000000000000000000
468;399774515.19999998807907104492187500000000000000000000000000
469;400295526.39999997615814208984375000000000000000000000000000
470;400936960.00000000000000000000000000000000000000000000000000
471;402185420.80000001192092895507812500000000000000000000000000
472;402373836.80000001192092895507812500000000000000000000000000
473;402374656.00000000000000000000000000000000000000000000000000
474;402463948.80000001192092895507812500000000000000000000000000
475;402470502.39999997615814208984375000000000000000000000000000
476;402471321.60000002384185791015625000000000000000000000000000
477;402463948.80000001192092895507812500000000000000000000000000
478;402463948.80000001192092895507812500000000000000000000000000
479;402477056.00000000000000000000000000000000000000000000000000
480;402489344.00000000000000000000000000000000000000000000000000
481;402488524.80000001192092895507812500000000000000000000000000
482;402470502.39999997615814208984375000000000000000000000000000
483;402470502.39999997615814208984375000000000000000000000000000
484;402477875.19999998807907104492187500000000000000000000000000
485;402517196.80000001192092895507812500000000000000000000000000
486;402517196.80000001192092895507812500000000000000000000000000
487;402464768.00000000000000000000000000000000000000000000000000
488;402478694.39999997615814208984375000000000000000000000000000
489;402495897.60000002384185791015625000000000000000000000000000
490;402510643.19999998807907104492187500000000000000000000000000
491;402471321.60000002384185791015625000000000000000000000000000
492;402463948.80000001192092895507812500000000000000000000000000
493;402464768.00000000000000000000000000000000000000000000000000
494;402478694.39999997615814208984375000000000000000000000000000
495;402478694.39999997615814208984375000000000000000000000000000
496;402472140.80000001192092895507812500000000000000000000000000
497;402517196.80000001192092895507812500000000000000000000000000
498;402517196.80000001192092895507812500000000000000000000000000
499;402517196.80000001192092895507812500000000000000000000000000
500;402510643.19999998807907104492187500000000000000000000000000
501;402472140.80000001192092895507812500000000000000000000000000
502;402504908.80000001192092895507812500000000000000000000000000
503;402517196.80000001192092895507812500000000000000000000000000
504;402517196.80000001192092895507812500000000000000000000000000
505;402517196.80000001192092895507812500000000000000000000000000
506;402472960.00000000000000000000000000000000000000000000000000
507;402471321.60000002384185791015625000000000000000000000000000
508;402463948.80000001192092895507812500000000000000000000000000
509;402463948.80000001192092895507812500000000000000000000000000
510;402490163.19999998807907104492187500000000000000000000000000
511;402495897.60000002384185791015625000000000000000000000000000
512;402511462.39999997615814208984375000000000000000000000000000
513;377406259.19999998807907104492187500000000000000000000000000
514;378011648.00000000000000000000000000000000000000000000000000
515;378394214.39999997615814208984375000000000000000000000000000
516;379012710.39999997615814208984375000000000000000000000000000
517;379618918.39999997615814208984375000000000000000000000000000
518;380144025.60000002384185791015625000000000000000000000000000
519;380603596.80000001192092895507812500000000000000000000000000
520;381254041.60000002384185791015625000000000000000000000000000
521;381729177.60000002384185791015625000000000000000000000000000
522;382381260.80000001192092895507812500000000000000000000000000
523;383022694.39999997615814208984375000000000000000000000000000
524;383496192.00000000000000000000000000000000000000000000000000
525;384069632.00000000000000000000000000000000000000000000000000
526;384629145.60000002384185791015625000000000000000000000000000
527;385930854.39999997615814208984375000000000000000000000000000
528;386392883.19999998807907104492187500000000000000000000000000
529;387224371.19999998807907104492187500000000000000000000000000
530;387967385.60000002384185791015625000000000000000000000000000
531;388497408.00000000000000000000000000000000000000000000000000
532;389136384.00000000000000000000000000000000000000000000000000
533;389486182.39999997615814208984375000000000000000000000000000
534;390730547.19999998807907104492187500000000000000000000000000
535;391464550.39999997615814208984375000000000000000000000000000
536;392541798.39999997615814208984375000000000000000000000000000
537;393026764.80000001192092895507812500000000000000000000000000
538;393551872.00000000000000000000000000000000000000000000000000
539;394906828.80000001192092895507812500000000000000000000000000
540;395447500.80000001192092895507812500000000000000000000000000
541;395775180.80000001192092895507812500000000000000000000000000
542;398037811.19999998807907104492187500000000000000000000000000
543;398698905.60000002384185791015625000000000000000000000000000
544;399196979.19999998807907104492187500000000000000000000000000
545;399917875.19999998807907104492187500000000000000000000000000
546;400912384.00000000000000000000000000000000000000000000000000
547;401507942.39999997615814208984375000000000000000000000000000
548;402111692.80000001192092895507812500000000000000000000000000
549;402606489.60000002384185791015625000000000000000000000000000
550;402648268.80000001192092895507812500000000000000000000000000
551;402624512.00000000000000000000000000000000000000000000000000
552;402611404.80000001192092895507812500000000000000000000000000
553;402618777.60000002384185791015625000000000000000000000000000
554;402617958.39999997615814208984375000000000000000000000000000
555;402611404.80000001192092895507812500000000000000000000000000
556;402611404.80000001192092895507812500000000000000000000000000
557;402624512.00000000000000000000000000000000000000000000000000
558;402663833.60000002384185791015625000000000000000000000000000
559;402617958.39999997615814208984375000000000000000000000000000
560;402624512.00000000000000000000000000000000000000000000000000
561;402618777.60000002384185791015625000000000000000000000000000
562;402611404.80000001192092895507812500000000000000000000000000
563;402618777.60000002384185791015625000000000000000000000000000
564;402663014.39999997615814208984375000000000000000000000000000
565;402663014.39999997615814208984375000000000000000000000000000
566;402617958.39999997615814208984375000000000000000000000000000
567;402623692.80000001192092895507812500000000000000000000000000
568;402635161.60000002384185791015625000000000000000000000000000
569;402623692.80000001192092895507812500000000000000000000000000
570;402617139.19999998807907104492187500000000000000000000000000
571;402623692.80000001192092895507812500000000000000000000000000
572;402617958.39999997615814208984375000000000000000000000000000
573;402623692.80000001192092895507812500000000000000000000000000
574;402617139.19999998807907104492187500000000000000000000000000
575;402663014.39999997615814208984375000000000000000000000000000
576;402617139.19999998807907104492187500000000000000000000000000
577;402663014.39999997615814208984375000000000000000000000000000
578;402617139.19999998807907104492187500000000000000000000000000
579;402636800.00000000000000000000000000000000000000000000000000
580;402663014.39999997615814208984375000000000000000000000000000
581;402663014.39999997615814208984375000000000000000000000000000
582;402638438.39999997615814208984375000000000000000000000000000
583;402623692.80000001192092895507812500000000000000000000000000
584;402617139.19999998807907104492187500000000000000000000000000
585;402617139.19999998807907104492187500000000000000000000000000
586;402623692.80000001192092895507812500000000000000000000000000
587;402610585.60000002384185791015625000000000000000000000000000
588;402610585.60000002384185791015625000000000000000000000000000
589;402663014.39999997615814208984375000000000000000000000000000
590;402663014.39999997615814208984375000000000000000000000000000
591;402617139.19999998807907104492187500000000000000000000000000
592;402663014.39999997615814208984375000000000000000000000000000
593;402674483.19999998807907104492187500000000000000000000000000
594;402622054.39999997615814208984375000000000000000000000000000
595;402699878.39999997615814208984375000000000000000000000000000
596;402660556.80000001192092895507812500000000000000000000000000
597;379432140.80000001192092895507812500000000000000000000000000
598;380008038.39999997615814208984375000000000000000000000000000
599;380574924.80000001192092895507812500000000000000000000000000
600;381000908.80000001192092895507812500000000000000000000000000
601;381455564.80000001192092895507812500000000000000000000000000
602;381769318.39999997615814208984375000000000000000000000000000
603;382124032.00000000000000000000000000000000000000000000000000
604;382841651.19999998807907104492187500000000000000000000000000
605;383421644.80000001192092895507812500000000000000000000000000
606;383939379.19999998807907104492187500000000000000000000000000
607;384587366.39999997615814208984375000000000000000000000000000
608;384946995.19999998807907104492187500000000000000000000000000
609;385420492.80000001192092895507812500000000000000000000000000
610;385825996.80000001192092895507812500000000000000000000000000
611;386204467.19999998807907104492187500000000000000000000000000
612;387520102.39999997615814208984375000000000000000000000000000
613;388293427.19999998807907104492187500000000000000000000000000
614;388667801.60000002384185791015625000000000000000000000000000
615;389290393.60000002384185791015625000000000000000000000000000
616;389959680.00000000000000000000000000000000000000000000000000
617;390456115.19999998807907104492187500000000000000000000000000
618;390993510.39999997615814208984375000000000000000000000000000
619;392762163.19999998807907104492187500000000000000000000000000
620;393022668.80000001192092895507812500000000000000000000000000
621;393925427.19999998807907104492187500000000000000000000000000
622;394457907.19999998807907104492187500000000000000000000000000
623;394966630.39999997615814208984375000000000000000000000000000
624;397097369.60000002384185791015625000000000000000000000000000
625;397590528.00000000000000000000000000000000000000000000000000
626;398258176.00000000000000000000000000000000000000000000000000
627;398585856.00000000000000000000000000000000000000000000000000
628;399835136.00000000000000000000000000000000000000000000000000
629;400279142.39999997615814208984375000000000000000000000000000
630;400651059.19999998807907104492187500000000000000000000000000
631;401201561.60000002384185791015625000000000000000000000000000
632;402083840.00000000000000000000000000000000000000000000000000
633;402646630.39999997615814208984375000000000000000000000000000
634;403328204.80000001192092895507812500000000000000000000000000
635;403329843.19999998807907104492187500000000000000000000000000
636;403415040.00000000000000000000000000000000000000000000000000
637;403428147.19999998807907104492187500000000000000000000000000
638;403441254.39999997615814208984375000000000000000000000000000
639;403403571.19999998807907104492187500000000000000000000000000
640;403416678.39999997615814208984375000000000000000000000000000
641;403416678.39999997615814208984375000000000000000000000000000
642;403403571.19999998807907104492187500000000000000000000000000
643;403403571.19999998807907104492187500000000000000000000000000
644;403416678.39999997615814208984375000000000000000000000000000
645;403403571.19999998807907104492187500000000000000000000000000
646;403416678.39999997615814208984375000000000000000000000000000
647;403456000.00000000000000000000000000000000000000000000000000
648;403416678.39999997615814208984375000000000000000000000000000
649;403403571.19999998807907104492187500000000000000000000000000
650;403441254.39999997615814208984375000000000000000000000000000
651;403456000.00000000000000000000000000000000000000000000000000
652;403457638.39999997615814208984375000000000000000000000000000
653;403405209.60000002384185791015625000000000000000000000000000
654;403418316.80000001192092895507812500000000000000000000000000
655;403442892.80000001192092895507812500000000000000000000000000
656;403405209.60000002384185791015625000000000000000000000000000
657;403418316.80000001192092895507812500000000000000000000000000
658;403442892.80000001192092895507812500000000000000000000000000
659;403405209.60000002384185791015625000000000000000000000000000
660;403418316.80000001192092895507812500000000000000000000000000
661;403418316.80000001192092895507812500000000000000000000000000
662;403396198.39999997615814208984375000000000000000000000000000
663;403409305.60000002384185791015625000000000000000000000000000
664;403396198.39999997615814208984375000000000000000000000000000
665;403396198.39999997615814208984375000000000000000000000000000
666;403396198.39999997615814208984375000000000000000000000000000
667;403380633.60000002384185791015625000000000000000000000000000
668;403405209.60000002384185791015625000000000000000000000000000
669;403419955.19999998807907104492187500000000000000000000000000
670;403380633.60000002384185791015625000000000000000000000000000
671;403367526.39999997615814208984375000000000000000000000000000
672;403380633.60000002384185791015625000000000000000000000000000
673;403419955.19999998807907104492187500000000000000000000000000
674;403380633.60000002384185791015625000000000000000000000000000
675;403380633.60000002384185791015625000000000000000000000000000
676;403383910.39999997615814208984375000000000000000000000000000
677;403370803.19999998807907104492187500000000000000000000000000
678;403370803.19999998807907104492187500000000000000000000000000
679;403370803.19999998807907104492187500000000000000000000000000
680;403395379.19999998807907104492187500000000000000000000000000
681;403370803.19999998807907104492187500000000000000000000000000
682;403370803.19999998807907104492187500000000000000000000000000
683;403423232.00000000000000000000000000000000000000000000000000
684;403370803.19999998807907104492187500000000000000000000000000
685;403383910.39999997615814208984375000000000000000000000000000
686;379944960.00000000000000000000000000000000000000000000000000
687;380351283.19999998807907104492187500000000000000000000000000
688;380764979.19999998807907104492187500000000000000000000000000
689;381160652.80000001192092895507812500000000000000000000000000
690;381394944.00000000000000000000000000000000000000000000000000
691;381853696.00000000000000000000000000000000000000000000000000
692;382290329.60000002384185791015625000000000000000000000000000
693;382800691.19999998807907104492187500000000000000000000000000
694;383386419.19999998807907104492187500000000000000000000000000
695;384104038.39999997615814208984375000000000000000000000000000
696;384590643.19999998807907104492187500000000000000000000000000
697;385055948.80000001192092895507812500000000000000000000000000
698;385534361.60000002384185791015625000000000000000000000000000
699;386214297.60000002384185791015625000000000000000000000000000
700;386804940.80000001192092895507812500000000000000000000000000
701;387722444.80000001192092895507812500000000000000000000000000
702;388014899.19999998807907104492187500000000000000000000000000
703;388925849.60000002384185791015625000000000000000000000000000
704;389382144.00000000000000000000000000000000000000000000000000
705;389936742.39999997615814208984375000000000000000000000000000
706;390393036.80000001192092895507812500000000000000000000000000
707;390878003.19999998807907104492187500000000000000000000000000
708;392531148.80000001192092895507812500000000000000000000000000
709;393122611.19999998807907104492187500000000000000000000000000
710;393669017.60000002384185791015625000000000000000000000000000
711;394297344.00000000000000000000000000000000000000000000000000
712;394847846.39999997615814208984375000000000000000000000000000
713;395311513.60000002384185791015625000000000000000000000000000
714;397534822.39999997615814208984375000000000000000000000000000
715;398005862.39999997615814208984375000000000000000000000000000
716;398529331.19999998807907104492187500000000000000000000000000
717;399071641.60000002384185791015625000000000000000000000000000
718;400397107.19999998807907104492187500000000000000000000000000
719;400768204.80000001192092895507812500000000000000000000000000
720;401382604.80000001192092895507812500000000000000000000000000
721;401913446.39999997615814208984375000000000000000000000000000
722;402923520.00000000000000000000000000000000000000000000000000
723;402965299.19999998807907104492187500000000000000000000000000
724;403075072.00000000000000000000000000000000000000000000000000
725;403089817.60000002384185791015625000000000000000000000000000
726;403076710.39999997615814208984375000000000000000000000000000
727;403089817.60000002384185791015625000000000000000000000000000
728;403129139.19999998807907104492187500000000000000000000000000
729;403089817.60000002384185791015625000000000000000000000000000
730;403089817.60000002384185791015625000000000000000000000000000
731;403102924.80000001192092895507812500000000000000000000000000
732;403076710.39999997615814208984375000000000000000000000000000
733;403125862.39999997615814208984375000000000000000000000000000
734;403086540.80000001192092895507812500000000000000000000000000
735;403086540.80000001192092895507812500000000000000000000000000
736;403125862.39999997615814208984375000000000000000000000000000
737;403073433.60000002384185791015625000000000000000000000000000
738;403073433.60000002384185791015625000000000000000000000000000
739;403125862.39999997615814208984375000000000000000000000000000
740;403073433.60000002384185791015625000000000000000000000000000
741;403086540.80000001192092895507812500000000000000000000000000
742;403073433.60000002384185791015625000000000000000000000000000
743;403086540.80000001192092895507812500000000000000000000000000
744;403099648.00000000000000000000000000000000000000000000000000
745;403125862.39999997615814208984375000000000000000000000000000
746;403073433.60000002384185791015625000000000000000000000000000
747;403079987.19999998807907104492187500000000000000000000000000
748;403086540.80000001192092895507812500000000000000000000000000
749;403125862.39999997615814208984375000000000000000000000000000
750;403086540.80000001192092895507812500000000000000000000000000
751;403086540.80000001192092895507812500000000000000000000000000
752;403086540.80000001192092895507812500000000000000000000000000
753;403073433.60000002384185791015625000000000000000000000000000
754;403073433.60000002384185791015625000000000000000000000000000
755;403125862.39999997615814208984375000000000000000000000000000
756;403086540.80000001192092895507812500000000000000000000000000
757;403073433.60000002384185791015625000000000000000000000000000
758;403099648.00000000000000000000000000000000000000000000000000
759;403086540.80000001192092895507812500000000000000000000000000
760;403086540.80000001192092895507812500000000000000000000000000
761;403086540.80000001192092895507812500000000000000000000000000
762;403125862.39999997615814208984375000000000000000000000000000
763;403099648.00000000000000000000000000000000000000000000000000
764;403125862.39999997615814208984375000000000000000000000000000
765;403125862.39999997615814208984375000000000000000000000000000
766;403099648.00000000000000000000000000000000000000000000000000
767;403073433.60000002384185791015625000000000000000000000000000
768;403073433.60000002384185791015625000000000000000000000000000
769;403073433.60000002384185791015625000000000000000000000000000
770;403125862.39999997615814208984375000000000000000000000000000
771;379766374.39999997615814208984375000000000000000000000000000
772;380066201.60000002384185791015625000000000000000000000000000
773;380701900.80000001192092895507812500000000000000000000000000
774;381159833.60000002384185791015625000000000000000000000000000
775;381686579.19999998807907104492187500000000000000000000000000
776;382068326.39999997615814208984375000000000000000000000000000
777;382531174.39999997615814208984375000000000000000000000000000
778;382918656.00000000000000000000000000000000000000000000000000
779;383533056.00000000000000000000000000000000000000000000000000
780;383976243.19999998807907104492187500000000000000000000000000
781;384631603.19999998807907104492187500000000000000000000000000
782;385142784.00000000000000000000000000000000000000000000000000
783;385634304.00000000000000000000000000000000000000000000000000
784;386415820.80000001192092895507812500000000000000000000000000
785;386845081.60000002384185791015625000000000000000000000000000
786;388000972.80000001192092895507812500000000000000000000000000
787;388405657.60000002384185791015625000000000000000000000000000
788;389303500.80000001192092895507812500000000000000000000000000
789;389588582.39999997615814208984375000000000000000000000000000
790;390217728.00000000000000000000000000000000000000000000000000
791;390719078.39999997615814208984375000000000000000000000000000
792;391264665.60000002384185791015625000000000000000000000000000
793;392922726.39999997615814208984375000000000000000000000000000
794;393476505.60000002384185791015625000000000000000000000000000
795;394238361.60000002384185791015625000000000000000000000000000
796;394737254.39999997615814208984375000000000000000000000000000
797;395184537.60000002384185791015625000000000000000000000000000
798;395579392.00000000000000000000000000000000000000000000000000
799;397932134.39999997615814208984375000000000000000000000000000
800;398368768.00000000000000000000000000000000000000000000000000
801;398921728.00000000000000000000000000000000000000000000000000
802;400104652.80000001192092895507812500000000000000000000000000
803;400548659.19999998807907104492187500000000000000000000000000
804;401107353.60000002384185791015625000000000000000000000000000
805;401828249.60000002384185791015625000000000000000000000000000
806;402677760.00000000000000000000000000000000000000000000000000
807;403032473.60000002384185791015625000000000000000000000000000
808;403026739.19999998807907104492187500000000000000000000000000
809;403105382.39999997615814208984375000000000000000000000000000
810;403092275.19999998807907104492187500000000000000000000000000
811;403138150.39999997615814208984375000000000000000000000000000
812;403098828.80000001192092895507812500000000000000000000000000
813;403105382.39999997615814208984375000000000000000000000000000
814;403138150.39999997615814208984375000000000000000000000000000
815;403092275.19999998807907104492187500000000000000000000000000
816;403105382.39999997615814208984375000000000000000000000000000
817;403092275.19999998807907104492187500000000000000000000000000
818;403138150.39999997615814208984375000000000000000000000000000
819;403092275.19999998807907104492187500000000000000000000000000
820;403118489.60000002384185791015625000000000000000000000000000
821;403098828.80000001192092895507812500000000000000000000000000
822;403099648.00000000000000000000000000000000000000000000000000
823;403092275.19999998807907104492187500000000000000000000000000
824;403145523.19999998807907104492187500000000000000000000000000
825;403145523.19999998807907104492187500000000000000000000000000
826;403093094.39999997615814208984375000000000000000000000000000
827;403093094.39999997615814208984375000000000000000000000000000
828;403099648.00000000000000000000000000000000000000000000000000
829;403124224.00000000000000000000000000000000000000000000000000
830;403145523.19999998807907104492187500000000000000000000000000
831;403093094.39999997615814208984375000000000000000000000000000
832;403093094.39999997615814208984375000000000000000000000000000
833;403100467.19999998807907104492187500000000000000000000000000
834;403106201.60000002384185791015625000000000000000000000000000
835;403117670.39999997615814208984375000000000000000000000000000
836;403111116.80000001192092895507812500000000000000000000000000
837;403104563.19999998807907104492187500000000000000000000000000
838;403104563.19999998807907104492187500000000000000000000000000
839;403111936.00000000000000000000000000000000000000000000000000
840;403156992.00000000000000000000000000000000000000000000000000
841;403156992.00000000000000000000000000000000000000000000000000
842;403104563.19999998807907104492187500000000000000000000000000
843;403111116.80000001192092895507812500000000000000000000000000
844;403111116.80000001192092895507812500000000000000000000000000
845;403150438.39999997615814208984375000000000000000000000000000
846;403111116.80000001192092895507812500000000000000000000000000
847;403156992.00000000000000000000000000000000000000000000000000
848;403117670.39999997615814208984375000000000000000000000000000
849;403117670.39999997615814208984375000000000000000000000000000
850;403104563.19999998807907104492187500000000000000000000000000
851;403111116.80000001192092895507812500000000000000000000000000
852;403104563.19999998807907104492187500000000000000000000000000
853;403111116.80000001192092895507812500000000000000000000000000
854;403104563.19999998807907104492187500000000000000000000000000
855;403117670.39999997615814208984375000000000000000000000000000
856;379975270.39999997615814208984375000000000000000000000000000
857;380424192.00000000000000000000000000000000000000000000000000
858;381012377.60000002384185791015625000000000000000000000000000
859;381436723.19999998807907104492187500000000000000000000000000
860;381950361.60000002384185791015625000000000000000000000000000
861;382293606.39999997615814208984375000000000000000000000000000
862;382701568.00000000000000000000000000000000000000000000000000
863;383242240.00000000000000000000000000000000000000000000000000
864;383500288.00000000000000000000000000000000000000000000000000
865;383990169.60000002384185791015625000000000000000000000000000
866;384543948.80000001192092895507812500000000000000000000000000
867;384951091.19999998807907104492187500000000000000000000000000
868;385469644.80000001192092895507812500000000000000000000000000
869;385909555.19999998807907104492187500000000000000000000000000
870;386660761.60000002384185791015625000000000000000000000000000
871;387117056.00000000000000000000000000000000000000000000000000
872;387846963.19999998807907104492187500000000000000000000000000
873;388422860.80000001192092895507812500000000000000000000000000
874;389078220.80000001192092895507812500000000000000000000000000
875;389582848.00000000000000000000000000000000000000000000000000
876;389999001.60000002384185791015625000000000000000000000000000
877;390621593.60000002384185791015625000000000000000000000000000
878;391051673.60000002384185791015625000000000000000000000000000
879;392546713.60000002384185791015625000000000000000000000000000
880;392839168.00000000000000000000000000000000000000000000000000
881;393256960.00000000000000000000000000000000000000000000000000
882;393877094.39999997615814208984375000000000000000000000000000
883;394628300.80000001192092895507812500000000000000000000000000
884;394933862.39999997615814208984375000000000000000000000000000
885;395292672.00000000000000000000000000000000000000000000000000
886;397319372.80000001192092895507812500000000000000000000000000
887;397810892.80000001192092895507812500000000000000000000000000
888;398268825.60000002384185791015625000000000000000000000000000
889;398903705.60000002384185791015625000000000000000000000000000
890;399966208.00000000000000000000000000000000000000000000000000
891;400385638.39999997615814208984375000000000000000000000000000
892;401071308.80000001192092895507812500000000000000000000000000
893;401590681.60000002384185791015625000000000000000000000000000
894;402914508.80000001192092895507812500000000000000000000000000
895;402914508.80000001192092895507812500000000000000000000000000
896;402897305.60000002384185791015625000000000000000000000000000
897;402883379.19999998807907104492187500000000000000000000000000
898;402885017.60000002384185791015625000000000000000000000000000
899;402891571.19999998807907104492187500000000000000000000000000
900;402930892.80000001192092895507812500000000000000000000000000
901;402898124.80000001192092895507812500000000000000000000000000
902;402916147.19999998807907104492187500000000000000000000000000
903;402891571.19999998807907104492187500000000000000000000000000
904;402898944.00000000000000000000000000000000000000000000000000
905;402930892.80000001192092895507812500000000000000000000000000
906;402885017.60000002384185791015625000000000000000000000000000
907;402937446.39999997615814208984375000000000000000000000000000
908;402885017.60000002384185791015625000000000000000000000000000
909;402910412.80000001192092895507812500000000000000000000000000
910;402891571.19999998807907104492187500000000000000000000000000
911;402898124.80000001192092895507812500000000000000000000000000
912;402937446.39999997615814208984375000000000000000000000000000
913;402884198.39999997615814208984375000000000000000000000000000
914;402891571.19999998807907104492187500000000000000000000000000
915;402937446.39999997615814208984375000000000000000000000000000
916;402898944.00000000000000000000000000000000000000000000000000
917;402891571.19999998807907104492187500000000000000000000000000
918;402891571.19999998807907104492187500000000000000000000000000
919;402898124.80000001192092895507812500000000000000000000000000
920;402884198.39999997615814208984375000000000000000000000000000
921;402937446.39999997615814208984375000000000000000000000000000
922;402930892.80000001192092895507812500000000000000000000000000
923;402898124.80000001192092895507812500000000000000000000000000
924;402930892.80000001192092895507812500000000000000000000000000
925;402937446.39999997615814208984375000000000000000000000000000
926;402898124.80000001192092895507812500000000000000000000000000
927;402900582.39999997615814208984375000000000000000000000000000
928;402937446.39999997615814208984375000000000000000000000000000
929;402937446.39999997615814208984375000000000000000000000000000
930;402892390.39999997615814208984375000000000000000000000000000
931;402885017.60000002384185791015625000000000000000000000000000
932;402909593.60000002384185791015625000000000000000000000000000
933;402891571.19999998807907104492187500000000000000000000000000
934;402885017.60000002384185791015625000000000000000000000000000
935;402898124.80000001192092895507812500000000000000000000000000
936;402937446.39999997615814208984375000000000000000000000000000
937;402891571.19999998807907104492187500000000000000000000000000
938;402898124.80000001192092895507812500000000000000000000000000
939;402916147.19999998807907104492187500000000000000000000000000
940;402892390.39999997615814208984375000000000000000000000000000
941;402898124.80000001192092895507812500000000000000000000000000
942;402891571.19999998807907104492187500000000000000000000000000
943;402884198.39999997615814208984375000000000000000000000000000
944;402891571.19999998807907104492187500000000000000000000000000
945;379417395.19999998807907104492187500000000000000000000000000
946;379973632.00000000000000000000000000000000000000000000000000
947;380650291.19999998807907104492187500000000000000000000000000
948;381121331.19999998807907104492187500000000000000000000000000
949;381643980.80000001192092895507812500000000000000000000000000
950;382051123.19999998807907104492187500000000000000000000000000
951;382395187.19999998807907104492187500000000000000000000000000
952;384518553.60000002384185791015625000000000000000000000000000
953;384936345.60000002384185791015625000000000000000000000000000
954;385287782.39999997615814208984375000000000000000000000000000
955;385899724.80000001192092895507812500000000000000000000000000
956;386392064.00000000000000000000000000000000000000000000000000
957;386872934.39999997615814208984375000000000000000000000000000
958;387417702.39999997615814208984375000000000000000000000000000
959;388059955.19999998807907104492187500000000000000000000000000
960;389167513.60000002384185791015625000000000000000000000000000
961;389641830.39999997615814208984375000000000000000000000000000
962;390077644.80000001192092895507812500000000000000000000000000
963;390837862.39999997615814208984375000000000000000000000000000
964;391311360.00000000000000000000000000000000000000000000000000
965;392308326.39999997615814208984375000000000000000000000000000
966;392617164.80000001192092895507812500000000000000000000000000
967;393139814.39999997615814208984375000000000000000000000000000
968;394343219.19999998807907104492187500000000000000000000000000
969;395135385.60000002384185791015625000000000000000000000000000
970;395531059.19999998807907104492187500000000000000000000000000
971;396526387.19999998807907104492187500000000000000000000000000
972;397046579.19999998807907104492187500000000000000000000000000
973;397513523.19999998807907104492187500000000000000000000000000
974;399944908.80000001192092895507812500000000000000000000000000
975;400547020.80000001192092895507812500000000000000000000000000
976;401179443.19999998807907104492187500000000000000000000000000
977;401631641.60000002384185791015625000000000000000000000000000
978;402788352.00000000000000000000000000000000000000000000000000
979;403394560.00000000000000000000000000000000000000000000000000
980;403858227.19999998807907104492187500000000000000000000000000
981;404416102.39999997615814208984375000000000000000000000000000
982;406002892.80000001192092895507812500000000000000000000000000
983;406006169.60000002384185791015625000000000000000000000000000
984;406046310.39999997615814208984375000000000000000000000000000
985;406060236.80000001192092895507812500000000000000000000000000
986;406047129.60000002384185791015625000000000000000000000000000
987;406099558.39999997615814208984375000000000000000000000000000
988;406046310.39999997615814208984375000000000000000000000000000
989;406072524.80000001192092895507812500000000000000000000000000
990;406099558.39999997615814208984375000000000000000000000000000
991;406060236.80000001192092895507812500000000000000000000000000
992;406060236.80000001192092895507812500000000000000000000000000
993;406084812.80000001192092895507812500000000000000000000000000
994;406060236.80000001192092895507812500000000000000000000000000
995;406060236.80000001192092895507812500000000000000000000000000
996;406047129.60000002384185791015625000000000000000000000000000
997;406060236.80000001192092895507812500000000000000000000000000
998;406047129.60000002384185791015625000000000000000000000000000
999;406103654.39999997615814208984375000000000000000000000000000
1000;406103654.39999997615814208984375000000000000000000000000000
1001;406051225.60000002384185791015625000000000000000000000000000
1002;406064332.80000001192092895507812500000000000000000000000000
1003;406103654.39999997615814208984375000000000000000000000000000
1004;406103654.39999997615814208984375000000000000000000000000000
1005;406064332.80000001192092895507812500000000000000000000000000
1006;406064332.80000001192092895507812500000000000000000000000000
1007;406051225.60000002384185791015625000000000000000000000000000
1008;406103654.39999997615814208984375000000000000000000000000000
1009;406103654.39999997615814208984375000000000000000000000000000
1010;406064332.80000001192092895507812500000000000000000000000000
1011;406050406.39999997615814208984375000000000000000000000000000
1012;406051225.60000002384185791015625000000000000000000000000000
1013;406103654.39999997615814208984375000000000000000000000000000
1014;406051225.60000002384185791015625000000000000000000000000000
1015;406103654.39999997615814208984375000000000000000000000000000
1016;406103654.39999997615814208984375000000000000000000000000000
1017;406064332.80000001192092895507812500000000000000000000000000
1018;406051225.60000002384185791015625000000000000000000000000000
1019;406051225.60000002384185791015625000000000000000000000000000
1020;406075801.60000002384185791015625000000000000000000000000000
1021;406103654.39999997615814208984375000000000000000000000000000
1022;406103654.39999997615814208984375000000000000000000000000000
1023;406051225.60000002384185791015625000000000000000000000000000
1024;406065152.00000000000000000000000000000000000000000000000000
1025;406103654.39999997615814208984375000000000000000000000000000
1026;406064332.80000001192092895507812500000000000000000000000000
1027;406064332.80000001192092895507812500000000000000000000000000
1028;406064332.80000001192092895507812500000000000000000000000000
1029;406051225.60000002384185791015625000000000000000000000000000
1030;406051225.60000002384185791015625000000000000000000000000000
1031;406051225.60000002384185791015625000000000000000000000000000
1032;406103654.39999997615814208984375000000000000000000000000000
1033;383719833.60000002384185791015625000000000000000000000000000
1034;384115507.19999998807907104492187500000000000000000000000000
1035;384656179.19999998807907104492187500000000000000000000000000
1036;385304985.60000002384185791015625000000000000000000000000000
1037;385616281.60000002384185791015625000000000000000000000000000
1038;386201190.39999997615814208984375000000000000000000000000000
1039;386656665.60000002384185791015625000000000000000000000000000
1040;387109683.19999998807907104492187500000000000000000000000000
1041;387585638.39999997615814208984375000000000000000000000000000
1042;388034560.00000000000000000000000000000000000000000000000000
1043;388602265.60000002384185791015625000000000000000000000000000
1044;389061017.60000002384185791015625000000000000000000000000000
1045;389578752.00000000000000000000000000000000000000000000000000
1046;390001459.19999998807907104492187500000000000000000000000000
1047;390495436.80000001192092895507812500000000000000000000000000
1048;391109836.80000001192092895507812500000000000000000000000000
1049;391444889.60000002384185791015625000000000000000000000000000
1050;391827456.00000000000000000000000000000000000000000000000000
1051;392346009.60000002384185791015625000000000000000000000000000
1052;392912896.00000000000000000000000000000000000000000000000000
1053;393262694.39999997615814208984375000000000000000000000000000
1054;393766502.39999997615814208984375000000000000000000000000000
1055;394952704.00000000000000000000000000000000000000000000000000
1056;395444224.00000000000000000000000000000000000000000000000000
1057;396546867.19999998807907104492187500000000000000000000000000
1058;397081804.80000001192092895507812500000000000000000000000000
1059;397552844.80000001192092895507812500000000000000000000000000
1060;398572748.80000001192092895507812500000000000000000000000000
1061;398923366.39999997615814208984375000000000000000000000000000
1062;399530393.60000002384185791015625000000000000000000000000000
1063;399964569.60000002384185791015625000000000000000000000000000
1064;402257510.39999997615814208984375000000000000000000000000000
1065;402707251.19999998807907104492187500000000000000000000000000
1066;403281510.39999997615814208984375000000000000000000000000000
1067;403685376.00000000000000000000000000000000000000000000000000
1068;404684800.00000000000000000000000000000000000000000000000000
1069;405106688.00000000000000000000000000000000000000000000000000
1070;405579366.39999997615814208984375000000000000000000000000000
1071;406034022.39999997615814208984375000000000000000000000000000
1072;406034022.39999997615814208984375000000000000000000000000000
1073;406106112.00000000000000000000000000000000000000000000000000
1074;406106112.00000000000000000000000000000000000000000000000000
1075;406119219.19999998807907104492187500000000000000000000000000
1076;406119219.19999998807907104492187500000000000000000000000000
1077;406106931.19999998807907104492187500000000000000000000000000
1078;406106112.00000000000000000000000000000000000000000000000000
1079;406119219.19999998807907104492187500000000000000000000000000
1080;406158540.80000001192092895507812500000000000000000000000000
1081;406158540.80000001192092895507812500000000000000000000000000
1082;406158540.80000001192092895507812500000000000000000000000000
1083;406105292.80000001192092895507812500000000000000000000000000
1084;406106112.00000000000000000000000000000000000000000000000000
1085;406106112.00000000000000000000000000000000000000000000000000
1086;406120038.39999997615814208984375000000000000000000000000000
1087;406106112.00000000000000000000000000000000000000000000000000
1088;406160179.19999998807907104492187500000000000000000000000000
1089;406160179.19999998807907104492187500000000000000000000000000
1090;406120857.60000002384185791015625000000000000000000000000000
1091;406120857.60000002384185791015625000000000000000000000000000
1092;406106931.19999998807907104492187500000000000000000000000000
1093;406145433.60000002384185791015625000000000000000000000000000
1094;406160179.19999998807907104492187500000000000000000000000000
1095;406120857.60000002384185791015625000000000000000000000000000
1096;406107750.39999997615814208984375000000000000000000000000000
1097;406121676.80000001192092895507812500000000000000000000000000
1098;406121676.80000001192092895507812500000000000000000000000000
1099;406160179.19999998807907104492187500000000000000000000000000
1100;406121676.80000001192092895507812500000000000000000000000000
1101;406160179.19999998807907104492187500000000000000000000000000
1102;406121676.80000001192092895507812500000000000000000000000000
1103;406133145.60000002384185791015625000000000000000000000000000
1104;406121676.80000001192092895507812500000000000000000000000000
1105;406160179.19999998807907104492187500000000000000000000000000
1106;406160179.19999998807907104492187500000000000000000000000000
1107;406122496.00000000000000000000000000000000000000000000000000
1108;406132326.39999997615814208984375000000000000000000000000000
1109;406121676.80000001192092895507812500000000000000000000000000
1110;406121676.80000001192092895507812500000000000000000000000000
1111;406134784.00000000000000000000000000000000000000000000000000
1112;406160179.19999998807907104492187500000000000000000000000000
1113;406107750.39999997615814208984375000000000000000000000000000
1114;406114304.00000000000000000000000000000000000000000000000000
1115;406106931.19999998807907104492187500000000000000000000000000
1116;406121676.80000001192092895507812500000000000000000000000000
1117;406133145.60000002384185791015625000000000000000000000000000
1118;406121676.80000001192092895507812500000000000000000000000000
1119;406107750.39999997615814208984375000000000000000000000000000
1120;406160179.19999998807907104492187500000000000000000000000000
1121;406120857.60000002384185791015625000000000000000000000000000
1122;382035558.39999997615814208984375000000000000000000000000000
1123;382597529.60000002384185791015625000000000000000000000000000
1124;383138201.60000002384185791015625000000000000000000000000000
1125;383648563.19999998807907104492187500000000000000000000000000
1126;384217907.19999998807907104492187500000000000000000000000000
1127;384625868.80000001192092895507812500000000000000000000000000
1128;384991232.00000000000000000000000000000000000000000000000000
1129;385395916.80000001192092895507812500000000000000000000000000
1130;385840742.39999997615814208984375000000000000000000000000000
1131;386560819.19999998807907104492187500000000000000000000000000
1132;387079372.80000001192092895507812500000000000000000000000000
1133;387687219.19999998807907104492187500000000000000000000000000
1134;388318003.19999998807907104492187500000000000000000000000000
1135;388765286.39999997615814208984375000000000000000000000000000
1136;389206016.00000000000000000000000000000000000000000000000000
1137;389698355.19999998807907104492187500000000000000000000000000
1138;390512640.00000000000000000000000000000000000000000000000000
1139;390881280.00000000000000000000000000000000000000000000000000
1140;391468646.39999997615814208984375000000000000000000000000000
1141;391870054.39999997615814208984375000000000000000000000000000
1142;392477081.60000002384185791015625000000000000000000000000000
1143;392941568.00000000000000000000000000000000000000000000000000
1144;394199040.00000000000000000000000000000000000000000000000000
1145;394845388.80000001192092895507812500000000000000000000000000
1146;395490918.39999997615814208984375000000000000000000000000000
1147;396423987.19999998807907104492187500000000000000000000000000
1148;397069516.80000001192092895507812500000000000000000000000000
1149;397464371.19999998807907104492187500000000000000000000000000
1150;399684403.19999998807907104492187500000000000000000000000000
1151;400056320.00000000000000000000000000000000000000000000000000
1152;400594534.39999997615814208984375000000000000000000000000000
1153;401858560.00000000000000000000000000000000000000000000000000
1154;401961779.19999998807907104492187500000000000000000000000000
1155;402142003.19999998807907104492187500000000000000000000000000
1156;402796544.00000000000000000000000000000000000000000000000000
1157;403284787.19999998807907104492187500000000000000000000000000
1158;404131020.80000001192092895507812500000000000000000000000000
1159;404765081.60000002384185791015625000000000000000000000000000
1160;405177958.39999997615814208984375000000000000000000000000000
1161;405177958.39999997615814208984375000000000000000000000000000
1162;405149286.39999997615814208984375000000000000000000000000000
1163;405189427.19999998807907104492187500000000000000000000000000
1164;405136998.39999997615814208984375000000000000000000000000000
1165;405150105.60000002384185791015625000000000000000000000000000
1166;405150924.80000001192092895507812500000000000000000000000000
1167;405189427.19999998807907104492187500000000000000000000000000
1168;405174681.60000002384185791015625000000000000000000000000000
1169;405189427.19999998807907104492187500000000000000000000000000
1170;405163212.80000001192092895507812500000000000000000000000000
1171;405189427.19999998807907104492187500000000000000000000000000
1172;405136998.39999997615814208984375000000000000000000000000000
1173;405189427.19999998807907104492187500000000000000000000000000
1174;405174681.60000002384185791015625000000000000000000000000000
1175;405136998.39999997615814208984375000000000000000000000000000
1176;405136998.39999997615814208984375000000000000000000000000000
1177;405230387.19999998807907104492187500000000000000000000000000
1178;405191065.60000002384185791015625000000000000000000000000000
1179;405203353.60000002384185791015625000000000000000000000000000
1180;405177958.39999997615814208984375000000000000000000000000000
1181;405191065.60000002384185791015625000000000000000000000000000
1182;405203353.60000002384185791015625000000000000000000000000000
1183;405202534.39999997615814208984375000000000000000000000000000
1184;405177958.39999997615814208984375000000000000000000000000000
1185;405178777.60000002384185791015625000000000000000000000000000
1186;405230387.19999998807907104492187500000000000000000000000000
1187;405191884.80000001192092895507812500000000000000000000000000
1188;405178777.60000002384185791015625000000000000000000000000000
1189;405177958.39999997615814208984375000000000000000000000000000
1190;405177958.39999997615814208984375000000000000000000000000000
1191;405191065.60000002384185791015625000000000000000000000000000
1192;405230387.19999998807907104492187500000000000000000000000000
1193;405230387.19999998807907104492187500000000000000000000000000
1194;405230387.19999998807907104492187500000000000000000000000000
1195;405231206.39999997615814208984375000000000000000000000000000
1196;405230387.19999998807907104492187500000000000000000000000000
1197;405178777.60000002384185791015625000000000000000000000000000
1198;405178777.60000002384185791015625000000000000000000000000000
1199;405230387.19999998807907104492187500000000000000000000000000
1200;405191065.60000002384185791015625000000000000000000000000000
1201;405191065.60000002384185791015625000000000000000000000000000
1202;405230387.19999998807907104492187500000000000000000000000000
1203;405177958.39999997615814208984375000000000000000000000000000
1204;405231206.39999997615814208984375000000000000000000000000000
1205;405178777.60000002384185791015625000000000000000000000000000
1206;405191884.80000001192092895507812500000000000000000000000000
1207;405230387.19999998807907104492187500000000000000000000000000
1208;405193523.19999998807907104492187500000000000000000000000000
1209;405177958.39999997615814208984375000000000000000000000000000
1210;383750963.19999998807907104492187500000000000000000000000000
1211;384108134.39999997615814208984375000000000000000000000000000
1212;384566067.19999998807907104492187500000000000000000000000000
1213;385250918.39999997615814208984375000000000000000000000000000
1214;385703936.00000000000000000000000000000000000000000000000000
1215;386229043.19999998807907104492187500000000000000000000000000
1216;386570649.60000002384185791015625000000000000000000000000000
1217;387358720.00000000000000000000000000000000000000000000000000
1218;388094361.60000002384185791015625000000000000000000000000000
1219;388521984.00000000000000000000000000000000000000000000000000
1220;388905369.60000002384185791015625000000000000000000000000000
1221;389405900.80000001192092895507812500000000000000000000000000
1222;389888409.60000002384185791015625000000000000000000000000000
1223;390361907.19999998807907104492187500000000000000000000000000
1224;390806732.80000001192092895507812500000000000000000000000000
1225;391142604.80000001192092895507812500000000000000000000000000
1226;391480115.19999998807907104492187500000000000000000000000000
1227;392038809.60000002384185791015625000000000000000000000000000
1228;392471347.19999998807907104492187500000000000000000000000000
1229;393121792.00000000000000000000000000000000000000000000000000
1230;393483059.19999998807907104492187500000000000000000000000000
1231;394465280.00000000000000000000000000000000000000000000000000
1232;394802790.39999997615814208984375000000000000000000000000000
1233;395961958.39999997615814208984375000000000000000000000000000
1234;396471500.80000001192092895507812500000000000000000000000000
1235;396933529.60000002384185791015625000000000000000000000000000
1236;397551206.39999997615814208984375000000000000000000000000000
1237;399174860.80000001192092895507812500000000000000000000000000
1238;399695052.80000001192092895507812500000000000000000000000000
1239;400084172.80000001192092895507812500000000000000000000000000
1240;402492620.80000001192092895507812500000000000000000000000000
1241;402789171.19999998807907104492187500000000000000000000000000
1242;403219251.19999998807907104492187500000000000000000000000000
1243;403774668.80000001192092895507812500000000000000000000000000
1244;405224652.80000001192092895507812500000000000000000000000000
1245;405311488.00000000000000000000000000000000000000000000000000
1246;405633433.60000002384185791015625000000000000000000000000000
1247;406044672.00000000000000000000000000000000000000000000000000
1248;406044672.00000000000000000000000000000000000000000000000000
1249;405937356.80000001192092895507812500000000000000000000000000
1250;405923430.39999997615814208984375000000000000000000000000000
1251;405937356.80000001192092895507812500000000000000000000000000
1252;405976678.39999997615814208984375000000000000000000000000000
1253;405923430.39999997615814208984375000000000000000000000000000
1254;405937356.80000001192092895507812500000000000000000000000000
1255;405924249.60000002384185791015625000000000000000000000000000
1256;405937356.80000001192092895507812500000000000000000000000000
1257;405938176.00000000000000000000000000000000000000000000000000
1258;405937356.80000001192092895507812500000000000000000000000000
1259;405937356.80000001192092895507812500000000000000000000000000
1260;405949644.80000001192092895507812500000000000000000000000000
1261;405976678.39999997615814208984375000000000000000000000000000
1262;405937356.80000001192092895507812500000000000000000000000000
1263;406011084.80000001192092895507812500000000000000000000000000
1264;406011084.80000001192092895507812500000000000000000000000000
1265;405984870.39999997615814208984375000000000000000000000000000
1266;405996339.19999998807907104492187500000000000000000000000000
1267;405971763.19999998807907104492187500000000000000000000000000
1268;405958656.00000000000000000000000000000000000000000000000000
1269;405971763.19999998807907104492187500000000000000000000000000
1270;405971763.19999998807907104492187500000000000000000000000000
1271;405971763.19999998807907104492187500000000000000000000000000
1272;405971763.19999998807907104492187500000000000000000000000000
1273;405971763.19999998807907104492187500000000000000000000000000
1274;405984870.39999997615814208984375000000000000000000000000000
1275;405982412.80000001192092895507812500000000000000000000000000
1276;405972582.39999997615814208984375000000000000000000000000000
1277;405984870.39999997615814208984375000000000000000000000000000
1278;406011084.80000001192092895507812500000000000000000000000000
1279;405957836.80000001192092895507812500000000000000000000000000
1280;406011084.80000001192092895507812500000000000000000000000000
1281;405971763.19999998807907104492187500000000000000000000000000
1282;406011084.80000001192092895507812500000000000000000000000000
1283;405984051.19999998807907104492187500000000000000000000000000
1284;405971763.19999998807907104492187500000000000000000000000000
1285;405971763.19999998807907104492187500000000000000000000000000
1286;405972582.39999997615814208984375000000000000000000000000000
1287;405971763.19999998807907104492187500000000000000000000000000
1288;405958656.00000000000000000000000000000000000000000000000000
1289;405958656.00000000000000000000000000000000000000000000000000
1290;405984870.39999997615814208984375000000000000000000000000000
1291;405971763.19999998807907104492187500000000000000000000000000
1292;405971763.19999998807907104492187500000000000000000000000000
1293;405958656.00000000000000000000000000000000000000000000000000
1294;406011084.80000001192092895507812500000000000000000000000000
1295;405957836.80000001192092895507812500000000000000000000000000
1296;396335513.60000002384185791015625000000000000000000000000000
1297;382519705.60000002384185791015625000000000000000000000000000
1298;383193088.00000000000000000000000000000000000000000000000000
1299;383857459.19999998807907104492187500000000000000000000000000
1300;384414515.19999998807907104492187500000000000000000000000000
1301;384937164.80000001192092895507812500000000000000000000000000
1302;385453260.80000001192092895507812500000000000000000000000000
1303;386072576.00000000000000000000000000000000000000000000000000
1304;386675507.19999998807907104492187500000000000000000000000000
1305;387351347.19999998807907104492187500000000000000000000000000
1306;387864166.39999997615814208984375000000000000000000000000000
1307;388295884.80000001192092895507812500000000000000000000000000
1308;388958617.60000002384185791015625000000000000000000000000000
1309;389611520.00000000000000000000000000000000000000000000000000
1310;390096486.39999997615814208984375000000000000000000000000000
1311;390540492.80000001192092895507812500000000000000000000000000
1312;391152435.19999998807907104492187500000000000000000000000000
1313;391625932.80000001192092895507812500000000000000000000000000
1314;392147763.19999998807907104492187500000000000000000000000000
1315;392467251.19999998807907104492187500000000000000000000000000
1316;392906342.39999997615814208984375000000000000000000000000000
1317;393306112.00000000000000000000000000000000000000000000000000
1318;394364518.39999997615814208984375000000000000000000000000000
1319;394901094.39999997615814208984375000000000000000000000000000
1320;395948851.19999998807907104492187500000000000000000000000000
1321;396659097.60000002384185791015625000000000000000000000000000
1322;397162086.39999997615814208984375000000000000000000000000000
1323;398254899.19999998807907104492187500000000000000000000000000
1324;398888140.80000001192092895507812500000000000000000000000000
1325;399398502.39999997615814208984375000000000000000000000000000
1326;402017484.80000001192092895507812500000000000000000000000000
1327;402527846.39999997615814208984375000000000000000000000000000
1328;403098828.80000001192092895507812500000000000000000000000000
1329;403691110.39999997615814208984375000000000000000000000000000
1330;404813414.39999997615814208984375000000000000000000000000000
1331;405008384.00000000000000000000000000000000000000000000000000
1332;405581004.80000001192092895507812500000000000000000000000000
1333;406118400.00000000000000000000000000000000000000000000000000
1334;406118400.00000000000000000000000000000000000000000000000000
1335;406236364.80000001192092895507812500000000000000000000000000
1336;406223257.60000002384185791015625000000000000000000000000000
1337;406275686.39999997615814208984375000000000000000000000000000
1338;406223257.60000002384185791015625000000000000000000000000000
1339;406237184.00000000000000000000000000000000000000000000000000
1340;406236364.80000001192092895507812500000000000000000000000000
1341;406223257.60000002384185791015625000000000000000000000000000
1342;406222438.39999997615814208984375000000000000000000000000000
1343;406223257.60000002384185791015625000000000000000000000000000
1344;406236364.80000001192092895507812500000000000000000000000000
1345;406236364.80000001192092895507812500000000000000000000000000
1346;406237184.00000000000000000000000000000000000000000000000000
1347;406236364.80000001192092895507812500000000000000000000000000
1348;406223257.60000002384185791015625000000000000000000000000000
1349;406290432.00000000000000000000000000000000000000000000000000
1350;406290432.00000000000000000000000000000000000000000000000000
1351;406263398.39999997615814208984375000000000000000000000000000
1352;406251110.39999997615814208984375000000000000000000000000000
1353;406264217.60000002384185791015625000000000000000000000000000
1354;406238003.19999998807907104492187500000000000000000000000000
1355;406290432.00000000000000000000000000000000000000000000000000
1356;406238003.19999998807907104492187500000000000000000000000000
1357;406238003.19999998807907104492187500000000000000000000000000
1358;406237184.00000000000000000000000000000000000000000000000000
1359;406245376.00000000000000000000000000000000000000000000000000
1360;406251110.39999997615814208984375000000000000000000000000000
1361;406238003.19999998807907104492187500000000000000000000000000
1362;406238003.19999998807907104492187500000000000000000000000000
1363;406251929.60000002384185791015625000000000000000000000000000
1364;406264217.60000002384185791015625000000000000000000000000000
1365;406251929.60000002384185791015625000000000000000000000000000
1366;406290432.00000000000000000000000000000000000000000000000000
1367;406290432.00000000000000000000000000000000000000000000000000
1368;406251110.39999997615814208984375000000000000000000000000000
1369;406238003.19999998807907104492187500000000000000000000000000
1370;406238003.19999998807907104492187500000000000000000000000000
1371;406251110.39999997615814208984375000000000000000000000000000
1372;406251110.39999997615814208984375000000000000000000000000000
1373;406238003.19999998807907104492187500000000000000000000000000
1374;406290432.00000000000000000000000000000000000000000000000000
1375;406290432.00000000000000000000000000000000000000000000000000
1376;406263398.39999997615814208984375000000000000000000000000000
1377;406238003.19999998807907104492187500000000000000000000000000
1378;406237184.00000000000000000000000000000000000000000000000000
1379;406251110.39999997615814208984375000000000000000000000000000
1380;406253568.00000000000000000000000000000000000000000000000000
1381;406251110.39999997615814208984375000000000000000000000000000
1382;406238003.19999998807907104492187500000000000000000000000000
1383;406251110.39999997615814208984375000000000000000000000000000
1384;403868057.60000002384185791015625000000000000000000000000000
1385;403927859.19999998807907104492187500000000000000000000000000
1386;403954073.60000002384185791015625000000000000000000000000000
1387;403978649.60000002384185791015625000000000000000000000000000
1388;403987660.80000001192092895507812500000000000000000000000000
1389;403986022.39999997615814208984375000000000000000000000000000
1390;403990118.39999997615814208984375000000000000000000000000000
1391;403988480.00000000000000000000000000000000000000000000000000
1392;403989299.19999998807907104492187500000000000000000000000000
1393;403944243.19999998807907104492187500000000000000000000000000
1394;403908198.39999997615814208984375000000000000000000000000000
1395;404022067.19999998807907104492187500000000000000000000000000
1396;404017152.00000000000000000000000000000000000000000000000000
1397;404050739.19999998807907104492187500000000000000000000000000
1398;404094156.80000001192092895507812500000000000000000000000000
1399;404094156.80000001192092895507812500000000000000000000000000
1400;404118732.80000001192092895507812500000000000000000000000000
1401;404063846.39999997615814208984375000000000000000000000000000
1402;404094156.80000001192092895507812500000000000000000000000000
1403;404142489.60000002384185791015625000000000000000000000000000
1404;404177715.19999998807907104492187500000000000000000000000000
1405;404203110.39999997615814208984375000000000000000000000000000
1406;404239155.19999998807907104492187500000000000000000000000000
1407;404235878.39999997615814208984375000000000000000000000000000
1408;404256358.39999997615814208984375000000000000000000000000000
1409;404204748.80000001192092895507812500000000000000000000000000
1410;404307148.80000001192092895507812500000000000000000000000000
1411;404355481.60000002384185791015625000000000000000000000000000
1412;404529152.00000000000000000000000000000000000000000000000000
1413;404603699.19999998807907104492187500000000000000000000000000
1414;404616806.39999997615814208984375000000000000000000000000000
1415;404697907.19999998807907104492187500000000000000000000000000
1416;404705280.00000000000000000000000000000000000000000000000000
1417;404785561.60000002384185791015625000000000000000000000000000
1418;405116518.39999997615814208984375000000000000000000000000000
1419;406318284.80000001192092895507812500000000000000000000000000
1420;406528819.19999998807907104492187500000000000000000000000000
1421;406987571.19999998807907104492187500000000000000000000000000
1422;407239884.80000001192092895507812500000000000000000000000000
1423;407239884.80000001192092895507812500000000000000000000000000
1424;407396352.00000000000000000000000000000000000000000000000000
1425;407396352.00000000000000000000000000000000000000000000000000
1426;407442227.19999998807907104492187500000000000000000000000000
1427;407422566.39999997615814208984375000000000000000000000000000
1428;407409459.19999998807907104492187500000000000000000000000000
1429;407402905.60000002384185791015625000000000000000000000000000
1430;407409459.19999998807907104492187500000000000000000000000000
1431;407396352.00000000000000000000000000000000000000000000000000
1432;407402905.60000002384185791015625000000000000000000000000000
1433;407409459.19999998807907104492187500000000000000000000000000
1434;407402905.60000002384185791015625000000000000000000000000000
1435;407396352.00000000000000000000000000000000000000000000000000
1436;407442227.19999998807907104492187500000000000000000000000000
1437;407409459.19999998807907104492187500000000000000000000000000
1438;407474176.00000000000000000000000000000000000000000000000000
1439;407434854.39999997615814208984375000000000000000000000000000
1440;407428300.80000001192092895507812500000000000000000000000000
1441;407421747.19999998807907104492187500000000000000000000000000
1442;407474176.00000000000000000000000000000000000000000000000000
1443;407452876.80000001192092895507812500000000000000000000000000
1444;407429120.00000000000000000000000000000000000000000000000000
1445;407446323.19999998807907104492187500000000000000000000000000
1446;407421747.19999998807907104492187500000000000000000000000000
1447;407447961.60000002384185791015625000000000000000000000000000
1448;407474176.00000000000000000000000000000000000000000000000000
1449;407428300.80000001192092895507812500000000000000000000000000
1450;407434854.39999997615814208984375000000000000000000000000000
1451;407429120.00000000000000000000000000000000000000000000000000
1452;407421747.19999998807907104492187500000000000000000000000000
1453;407474176.00000000000000000000000000000000000000000000000000
1454;407474176.00000000000000000000000000000000000000000000000000
1455;407467622.39999997615814208984375000000000000000000000000000
1456;407421747.19999998807907104492187500000000000000000000000000
1457;407434854.39999997615814208984375000000000000000000000000000
1458;407434854.39999997615814208984375000000000000000000000000000
1459;407428300.80000001192092895507812500000000000000000000000000
1460;407421747.19999998807907104492187500000000000000000000000000
1461;407434854.39999997615814208984375000000000000000000000000000
1462;407428300.80000001192092895507812500000000000000000000000000
1463;407421747.19999998807907104492187500000000000000000000000000
1464;407421747.19999998807907104492187500000000000000000000000000
1465;407429120.00000000000000000000000000000000000000000000000000
1466;407467622.39999997615814208984375000000000000000000000000000
1467;407434854.39999997615814208984375000000000000000000000000000
1468;407474176.00000000000000000000000000000000000000000000000000
1469;407467622.39999997615814208984375000000000000000000000000000
1470;404231782.39999997615814208984375000000000000000000000000000
1471;404199014.39999997615814208984375000000000000000000000000000
1472;404009779.19999998807907104492187500000000000000000000000000
1473;404030259.19999998807907104492187500000000000000000000000000
1474;403687014.39999997615814208984375000000000000000000000000000
1475;403671449.60000002384185791015625000000000000000000000000000
1476;403671449.60000002384185791015625000000000000000000000000000
1477;403724697.60000002384185791015625000000000000000000000000000
1478;403515801.60000002384185791015625000000000000000000000000000
1479;403700121.60000002384185791015625000000000000000000000000000
1480;403698483.19999998807907104492187500000000000000000000000000
1481;403628032.00000000000000000000000000000000000000000000000000
1482;403748454.39999997615814208984375000000000000000000000000000
1483;403750912.00000000000000000000000000000000000000000000000000
1484;403700121.60000002384185791015625000000000000000000000000000
1485;403689472.00000000000000000000000000000000000000000000000000
1486;403793510.39999997615814208984375000000000000000000000000000
1487;403805798.39999997615814208984375000000000000000000000000000
1488;403801702.39999997615814208984375000000000000000000000000000
1489;403827916.80000001192092895507812500000000000000000000000000
1490;403829555.19999998807907104492187500000000000000000000000000
1491;403842662.39999997615814208984375000000000000000000000000000
1492;403738624.00000000000000000000000000000000000000000000000000
1493;403835289.60000002384185791015625000000000000000000000000000
1494;403884441.60000002384185791015625000000000000000000000000000
1495;403851673.60000002384185791015625000000000000000000000000000
1496;404148224.00000000000000000000000000000000000000000000000000
1497;404163788.80000001192092895507812500000000000000000000000000
1498;404213760.00000000000000000000000000000000000000000000000000
1499;404255539.19999998807907104492187500000000000000000000000000
1500;404258816.00000000000000000000000000000000000000000000000000
1501;404268646.39999997615814208984375000000000000000000000000000
1502;404867481.60000002384185791015625000000000000000000000000000
1503;406234726.39999997615814208984375000000000000000000000000000
1504;406244556.80000001192092895507812500000000000000000000000000
1505;406759014.39999997615814208984375000000000000000000000000000
1506;407196467.19999998807907104492187500000000000000000000000000
1507;407197286.39999997615814208984375000000000000000000000000000
1508;407270195.19999998807907104492187500000000000000000000000000
1509;407271833.60000002384185791015625000000000000000000000000000
1510;407269376.00000000000000000000000000000000000000000000000000
1511;407270195.19999998807907104492187500000000000000000000000000
1512;407255449.60000002384185791015625000000000000000000000000000
1513;407256268.80000001192092895507812500000000000000000000000000
1514;407255449.60000002384185791015625000000000000000000000000000
1515;407256268.80000001192092895507812500000000000000000000000000
1516;407308697.60000002384185791015625000000000000000000000000000
1517;407280025.60000002384185791015625000000000000000000000000000
1518;407269376.00000000000000000000000000000000000000000000000000
1519;407308697.60000002384185791015625000000000000000000000000000
1520;407293952.00000000000000000000000000000000000000000000000000
1521;407280025.60000002384185791015625000000000000000000000000000
1522;407308697.60000002384185791015625000000000000000000000000000
1523;407308697.60000002384185791015625000000000000000000000000000
1524;407255449.60000002384185791015625000000000000000000000000000
1525;407256268.80000001192092895507812500000000000000000000000000
1526;407269376.00000000000000000000000000000000000000000000000000
1527;407308697.60000002384185791015625000000000000000000000000000
1528;407256268.80000001192092895507812500000000000000000000000000
1529;407277568.00000000000000000000000000000000000000000000000000
1530;407269376.00000000000000000000000000000000000000000000000000
1531;407270195.19999998807907104492187500000000000000000000000000
1532;407269376.00000000000000000000000000000000000000000000000000
1533;407270195.19999998807907104492187500000000000000000000000000
1534;407256268.80000001192092895507812500000000000000000000000000
1535;407308697.60000002384185791015625000000000000000000000000000
1536;407256268.80000001192092895507812500000000000000000000000000
1537;407270195.19999998807907104492187500000000000000000000000000
1538;407308697.60000002384185791015625000000000000000000000000000
1539;407308697.60000002384185791015625000000000000000000000000000
1540;407269376.00000000000000000000000000000000000000000000000000
1541;407255449.60000002384185791015625000000000000000000000000000
1542;407256268.80000001192092895507812500000000000000000000000000
1543;407293952.00000000000000000000000000000000000000000000000000
1544;407256268.80000001192092895507812500000000000000000000000000
1545;407256268.80000001192092895507812500000000000000000000000000
1546;407270195.19999998807907104492187500000000000000000000000000
1547;407255449.60000002384185791015625000000000000000000000000000
1548;407293952.00000000000000000000000000000000000000000000000000
1549;407256268.80000001192092895507812500000000000000000000000000
1550;407270195.19999998807907104492187500000000000000000000000000
1551;407269376.00000000000000000000000000000000000000000000000000
1552;407308697.60000002384185791015625000000000000000000000000000
1553;407255449.60000002384185791015625000000000000000000000000000
1554;383725568.00000000000000000000000000000000000000000000000000
1555;383935283.19999998807907104492187500000000000000000000000000
1556;384426803.19999998807907104492187500000000000000000000000000
1557;385100185.60000002384185791015625000000000000000000000000000
1558;385677721.60000002384185791015625000000000000000000000000000
1559;386168422.39999997615814208984375000000000000000000000000000
1560;386623897.60000002384185791015625000000000000000000000000000
1561;387162112.00000000000000000000000000000000000000000000000000
1562;387902668.80000001192092895507812500000000000000000000000000
1563;388447436.80000001192092895507812500000000000000000000000000
1564;388807884.80000001192092895507812500000000000000000000000000
1565;389387878.39999997615814208984375000000000000000000000000000
1566;389740953.60000002384185791015625000000000000000000000000000
1567;390257049.60000002384185791015625000000000000000000000000000
1568;390850150.39999997615814208984375000000000000000000000000000
1569;391389184.00000000000000000000000000000000000000000000000000
1570;391866777.60000002384185791015625000000000000000000000000000
1571;392420556.80000001192092895507812500000000000000000000000000
1572;392730214.39999997615814208984375000000000000000000000000000
1573;393260236.80000001192092895507812500000000000000000000000000
1574;393766502.39999997615814208984375000000000000000000000000000
1575;394856038.39999997615814208984375000000000000000000000000000
1576;395418828.80000001192092895507812500000000000000000000000000
1577;395811225.60000002384185791015625000000000000000000000000000
1578;396896665.60000002384185791015625000000000000000000000000000
1579;397316915.19999998807907104492187500000000000000000000000000
1580;397819904.00000000000000000000000000000000000000000000000000
1581;399164211.19999998807907104492187500000000000000000000000000
1582;399605760.00000000000000000000000000000000000000000000000000
1583;400234905.60000002384185791015625000000000000000000000000000
1584;402824396.80000001192092895507812500000000000000000000000000
1585;403529728.00000000000000000000000000000000000000000000000000
1586;403858227.19999998807907104492187500000000000000000000000000
1587;404227686.39999997615814208984375000000000000000000000000000
1588;405614592.00000000000000000000000000000000000000000000000000
1589;405680947.19999998807907104492187500000000000000000000000000
1590;405871820.80000001192092895507812500000000000000000000000000
1591;406345318.39999997615814208984375000000000000000000000000000
1592;406346956.80000001192092895507812500000000000000000000000000
1593;406486220.80000001192092895507812500000000000000000000000000
1594;406504243.19999998807907104492187500000000000000000000000000
1595;406485401.60000002384185791015625000000000000000000000000000
1596;406485401.60000002384185791015625000000000000000000000000000
1597;406505062.39999997615814208984375000000000000000000000000000
1598;406531276.80000001192092895507812500000000000000000000000000
1599;406478028.80000001192092895507812500000000000000000000000000
1600;406478848.00000000000000000000000000000000000000000000000000
1601;406478848.00000000000000000000000000000000000000000000000000
1602;406504243.19999998807907104492187500000000000000000000000000
1603;406478848.00000000000000000000000000000000000000000000000000
1604;406521446.39999997615814208984375000000000000000000000000000
1605;406491955.19999998807907104492187500000000000000000000000000
1606;406486220.80000001192092895507812500000000000000000000000000
1607;406623846.39999997615814208984375000000000000000000000000000
1608;406623846.39999997615814208984375000000000000000000000000000
1609;406571417.60000002384185791015625000000000000000000000000000
1610;406597632.00000000000000000000000000000000000000000000000000
1611;406578790.39999997615814208984375000000000000000000000000000
1612;406585344.00000000000000000000000000000000000000000000000000
1613;406623846.39999997615814208984375000000000000000000000000000
1614;406585344.00000000000000000000000000000000000000000000000000
1615;406584524.80000001192092895507812500000000000000000000000000
1616;406577971.19999998807907104492187500000000000000000000000000
1617;406570598.39999997615814208984375000000000000000000000000000
1618;406578790.39999997615814208984375000000000000000000000000000
1619;406623846.39999997615814208984375000000000000000000000000000
1620;406577971.19999998807907104492187500000000000000000000000000
1621;406577971.19999998807907104492187500000000000000000000000000
1622;406597632.00000000000000000000000000000000000000000000000000
1623;406571417.60000002384185791015625000000000000000000000000000
1624;406623846.39999997615814208984375000000000000000000000000000
1625;406577971.19999998807907104492187500000000000000000000000000
1626;406585344.00000000000000000000000000000000000000000000000000
1627;406617292.80000001192092895507812500000000000000000000000000
1628;406623846.39999997615814208984375000000000000000000000000000
1629;406577971.19999998807907104492187500000000000000000000000000
1630;406617292.80000001192092895507812500000000000000000000000000
1631;406584524.80000001192092895507812500000000000000000000000000
1632;406596812.80000001192092895507812500000000000000000000000000
1633;406577971.19999998807907104492187500000000000000000000000000
1634;406623846.39999997615814208984375000000000000000000000000000
1635;406577971.19999998807907104492187500000000000000000000000000
1636;406585344.00000000000000000000000000000000000000000000000000
1637;406602547.19999998807907104492187500000000000000000000000000
1638;406571417.60000002384185791015625000000000000000000000000000
1639;406617292.80000001192092895507812500000000000000000000000000
1640;404084326.39999997615814208984375000000000000000000000000000
1641;403841024.00000000000000000000000000000000000000000000000000
1642;403898368.00000000000000000000000000000000000000000000000000
1643;403866419.19999998807907104492187500000000000000000000000000
1644;403933593.60000002384185791015625000000000000000000000000000
1645;403944243.19999998807907104492187500000000000000000000000000
1646;403992576.00000000000000000000000000000000000000000000000000
1647;404022067.19999998807907104492187500000000000000000000000000
1648;403938508.80000001192092895507812500000000000000000000000000
1649;404017971.19999998807907104492187500000000000000000000000000
1650;404004044.80000001192092895507812500000000000000000000000000
1651;404048281.60000002384185791015625000000000000000000000000000
1652;404054016.00000000000000000000000000000000000000000000000000
1653;404055654.39999997615814208984375000000000000000000000000000
1654;404076134.39999997615814208984375000000000000000000000000000
1655;404094976.00000000000000000000000000000000000000000000000000
1656;404014694.39999997615814208984375000000000000000000000000000
1657;404149862.39999997615814208984375000000000000000000000000000
1658;404186726.39999997615814208984375000000000000000000000000000
1659;404156416.00000000000000000000000000000000000000000000000000
1660;404232601.60000002384185791015625000000000000000000000000000
1661;404303872.00000000000000000000000000000000000000000000000000
1662;404339097.60000002384185791015625000000000000000000000000000
1663;404390707.19999998807907104492187500000000000000000000000000
1664;404335820.80000001192092895507812500000000000000000000000000
1665;404402995.19999998807907104492187500000000000000000000000000
1666;404465254.39999997615814208984375000000000000000000000000000
1667;404524236.80000001192092895507812500000000000000000000000000
1668;404636467.19999998807907104492187500000000000000000000000000
1669;404647116.80000001192092895507812500000000000000000000000000
1670;404678246.39999997615814208984375000000000000000000000000000
1671;404733132.80000001192092895507812500000000000000000000000000
1672;405941452.80000001192092895507812500000000000000000000000000
1673;406077440.00000000000000000000000000000000000000000000000000
1674;406525542.39999997615814208984375000000000000000000000000000
1675;406824550.39999997615814208984375000000000000000000000000000
1676;407282483.19999998807907104492187500000000000000000000000000
1677;407284121.60000002384185791015625000000000000000000000000000
1678;407397990.39999997615814208984375000000000000000000000000000
1679;407374233.60000002384185791015625000000000000000000000000000
1680;407400448.00000000000000000000000000000000000000000000000000
1681;407361126.39999997615814208984375000000000000000000000000000
1682;407361126.39999997615814208984375000000000000000000000000000
1683;407361126.39999997615814208984375000000000000000000000000000
1684;407348019.19999998807907104492187500000000000000000000000000
1685;407361126.39999997615814208984375000000000000000000000000000
1686;407347200.00000000000000000000000000000000000000000000000000
1687;407361126.39999997615814208984375000000000000000000000000000
1688;407361126.39999997615814208984375000000000000000000000000000
1689;407347200.00000000000000000000000000000000000000000000000000
1690;407361126.39999997615814208984375000000000000000000000000000
1691;407361126.39999997615814208984375000000000000000000000000000
1692;407361126.39999997615814208984375000000000000000000000000000
1693;407404544.00000000000000000000000000000000000000000000000000
1694;407404544.00000000000000000000000000000000000000000000000000
1695;407366041.60000002384185791015625000000000000000000000000000
1696;407365222.39999997615814208984375000000000000000000000000000
1697;407352115.19999998807907104492187500000000000000000000000000
1698;407365222.39999997615814208984375000000000000000000000000000
1699;407365222.39999997615814208984375000000000000000000000000000
1700;407404544.00000000000000000000000000000000000000000000000000
1701;407351296.00000000000000000000000000000000000000000000000000
1702;407404544.00000000000000000000000000000000000000000000000000
1703;407365222.39999997615814208984375000000000000000000000000000
1704;407352115.19999998807907104492187500000000000000000000000000
1705;407352115.19999998807907104492187500000000000000000000000000
1706;407366041.60000002384185791015625000000000000000000000000000
1707;407389798.39999997615814208984375000000000000000000000000000
1708;407365222.39999997615814208984375000000000000000000000000000
1709;407404544.00000000000000000000000000000000000000000000000000
1710;407404544.00000000000000000000000000000000000000000000000000
1711;407365222.39999997615814208984375000000000000000000000000000
1712;407378329.60000002384185791015625000000000000000000000000000
1713;407365222.39999997615814208984375000000000000000000000000000
1714;407352115.19999998807907104492187500000000000000000000000000
1715;407404544.00000000000000000000000000000000000000000000000000
1716;407365222.39999997615814208984375000000000000000000000000000
1717;407366041.60000002384185791015625000000000000000000000000000
1718;407365222.39999997615814208984375000000000000000000000000000
1719;407389798.39999997615814208984375000000000000000000000000000
1720;407352115.19999998807907104492187500000000000000000000000000
1721;407366041.60000002384185791015625000000000000000000000000000
1722;407378329.60000002384185791015625000000000000000000000000000
1723;407365222.39999997615814208984375000000000000000000000000000
1724;407366041.60000002384185791015625000000000000000000000000000
1725;407352115.19999998807907104492187500000000000000000000000000
1726;404679884.80000001192092895507812500000000000000000000000000
1727;404683980.80000001192092895507812500000000000000000000000000
1728;404688896.00000000000000000000000000000000000000000000000000
1729;404710195.19999998807907104492187500000000000000000000000000
1730;404716748.80000001192092895507812500000000000000000000000000
1731;404695449.60000002384185791015625000000000000000000000000000
1732;404719206.39999997615814208984375000000000000000000000000000
1733;404752793.60000002384185791015625000000000000000000000000000
1734;404776550.39999997615814208984375000000000000000000000000000
1735;404824883.19999998807907104492187500000000000000000000000000
1736;404801126.39999997615814208984375000000000000000000000000000
1737;404815872.00000000000000000000000000000000000000000000000000
1738;404837990.39999997615814208984375000000000000000000000000000
1739;404845363.19999998807907104492187500000000000000000000000000
1740;404807680.00000000000000000000000000000000000000000000000000
1741;404881408.00000000000000000000000000000000000000000000000000
1742;404850278.39999997615814208984375000000000000000000000000000
1743;404857651.19999998807907104492187500000000000000000000000000
1744;404864204.80000001192092895507812500000000000000000000000000
1745;404790476.80000001192092895507812500000000000000000000000000
1746;404878950.39999997615814208984375000000000000000000000000000
1747;404933017.60000002384185791015625000000000000000000000000000
1748;404959232.00000000000000000000000000000000000000000000000000
1749;404967424.00000000000000000000000000000000000000000000000000
1750;404992000.00000000000000000000000000000000000000000000000000
1751;404937113.60000002384185791015625000000000000000000000000000
1752;405069004.80000001192092895507812500000000000000000000000000
1753;405071462.39999997615814208984375000000000000000000000000000
1754;404950220.80000001192092895507812500000000000000000000000000
1755;405136179.19999998807907104492187500000000000000000000000000
1756;405297561.60000002384185791015625000000000000000000000000000
1757;405291008.00000000000000000000000000000000000000000000000000
1758;405597388.80000001192092895507812500000000000000000000000000
1759;406179840.00000000000000000000000000000000000000000000000000
1760;406940057.60000002384185791015625000000000000000000000000000
1761;407401267.19999998807907104492187500000000000000000000000000
1762;407664230.39999997615814208984375000000000000000000000000000
1763;407664230.39999997615814208984375000000000000000000000000000
1764;407878041.60000002384185791015625000000000000000000000000000
1765;407884595.19999998807907104492187500000000000000000000000000
1766;407923916.80000001192092895507812500000000000000000000000000
1767;407878041.60000002384185791015625000000000000000000000000000
1768;407871488.00000000000000000000000000000000000000000000000000
1769;407870668.80000001192092895507812500000000000000000000000000
1770;407871488.00000000000000000000000000000000000000000000000000
1771;407897702.39999997615814208984375000000000000000000000000000
1772;407871488.00000000000000000000000000000000000000000000000000
1773;407878041.60000002384185791015625000000000000000000000000000
1774;407917363.19999998807907104492187500000000000000000000000000
1775;407878860.80000001192092895507812500000000000000000000000000
1776;407884595.19999998807907104492187500000000000000000000000000
1777;407878041.60000002384185791015625000000000000000000000000000
1778;407871488.00000000000000000000000000000000000000000000000000
1779;407937024.00000000000000000000000000000000000000000000000000
1780;407897702.39999997615814208984375000000000000000000000000000
1781;407897702.39999997615814208984375000000000000000000000000000
1782;407884595.19999998807907104492187500000000000000000000000000
1783;407898521.60000002384185791015625000000000000000000000000000
1784;407884595.19999998807907104492187500000000000000000000000000
1785;407884595.19999998807907104492187500000000000000000000000000
1786;407884595.19999998807907104492187500000000000000000000000000
1787;407891148.80000001192092895507812500000000000000000000000000
1788;407898521.60000002384185791015625000000000000000000000000000
1789;407898521.60000002384185791015625000000000000000000000000000
1790;407884595.19999998807907104492187500000000000000000000000000
1791;407937024.00000000000000000000000000000000000000000000000000
1792;407891148.80000001192092895507812500000000000000000000000000
1793;407884595.19999998807907104492187500000000000000000000000000
1794;407937024.00000000000000000000000000000000000000000000000000
1795;407937024.00000000000000000000000000000000000000000000000000
1796;407891148.80000001192092895507812500000000000000000000000000
1797;407883776.00000000000000000000000000000000000000000000000000
1798;407884595.19999998807907104492187500000000000000000000000000
1799;407930470.39999997615814208984375000000000000000000000000000
1800;407884595.19999998807907104492187500000000000000000000000000
1801;407915724.80000001192092895507812500000000000000000000000000
1802;407898521.60000002384185791015625000000000000000000000000000
1803;407898521.60000002384185791015625000000000000000000000000000
1804;407915724.80000001192092895507812500000000000000000000000000
1805;407930470.39999997615814208984375000000000000000000000000000
1806;407910809.60000002384185791015625000000000000000000000000000
1807;407891148.80000001192092895507812500000000000000000000000000
1808;407898521.60000002384185791015625000000000000000000000000000
1809;407884595.19999998807907104492187500000000000000000000000000
1810;406608281.60000002384185791015625000000000000000000000000000
1811;406657433.60000002384185791015625000000000000000000000000000
1812;406645964.80000001192092895507812500000000000000000000000000
1813;406529638.39999997615814208984375000000000000000000000000000
1814;406623027.19999998807907104492187500000000000000000000000000
1815;406620569.60000002384185791015625000000000000000000000000000
1816;406672179.19999998807907104492187500000000000000000000000000
1817;406433792.00000000000000000000000000000000000000000000000000
1818;406468198.39999997615814208984375000000000000000000000000000
1819;406490316.80000001192092895507812500000000000000000000000000
1820;406514073.60000002384185791015625000000000000000000000000000
1821;406562406.39999997615814208984375000000000000000000000000000
1822;406497689.60000002384185791015625000000000000000000000000000
1823;406478028.80000001192092895507812500000000000000000000000000
1824;406518169.60000002384185791015625000000000000000000000000000
1825;406452633.60000002384185791015625000000000000000000000000000
1826;406535372.80000001192092895507812500000000000000000000000000
1827;406541107.19999998807907104492187500000000000000000000000000
1828;406545203.19999998807907104492187500000000000000000000000000
1829;406549299.19999998807907104492187500000000000000000000000000
1830;406582886.39999997615814208984375000000000000000000000000000
1831;406643507.19999998807907104492187500000000000000000000000000
1832;406620569.60000002384185791015625000000000000000000000000000
1833;406622208.00000000000000000000000000000000000000000000000000
1834;406620569.60000002384185791015625000000000000000000000000000
1835;406614835.19999998807907104492187500000000000000000000000000
1836;406564044.80000001192092895507812500000000000000000000000000
1837;406605824.00000000000000000000000000000000000000000000000000
1838;406627123.19999998807907104492187500000000000000000000000000
1839;406653337.60000002384185791015625000000000000000000000000000
1840;406656614.39999997615814208984375000000000000000000000000000
1841;406681190.39999997615814208984375000000000000000000000000000
1842;406659072.00000000000000000000000000000000000000000000000000
1843;406707404.80000001192092895507812500000000000000000000000000
1844;406667264.00000000000000000000000000000000000000000000000000
1845;407186636.80000001192092895507812500000000000000000000000000
1846;407592960.00000000000000000000000000000000000000000000000000
1847;407971430.39999997615814208984375000000000000000000000000000
1848;407976345.60000002384185791015625000000000000000000000000000
1849;408087756.80000001192092895507812500000000000000000000000000
1850;408130355.19999998807907104492187500000000000000000000000000
1851;408091852.80000001192092895507812500000000000000000000000000
1852;408091033.60000002384185791015625000000000000000000000000000
1853;408078745.60000002384185791015625000000000000000000000000000
1854;408091033.60000002384185791015625000000000000000000000000000
1855;408078745.60000002384185791015625000000000000000000000000000
1856;408077926.39999997615814208984375000000000000000000000000000
1857;408091852.80000001192092895507812500000000000000000000000000
1858;408091033.60000002384185791015625000000000000000000000000000
1859;408078745.60000002384185791015625000000000000000000000000000
1860;408102502.39999997615814208984375000000000000000000000000000
1861;408091852.80000001192092895507812500000000000000000000000000
1862;408130355.19999998807907104492187500000000000000000000000000
1863;408130355.19999998807907104492187500000000000000000000000000
1864;408130355.19999998807907104492187500000000000000000000000000
1865;408077926.39999997615814208984375000000000000000000000000000
1866;408091033.60000002384185791015625000000000000000000000000000
1867;408103321.60000002384185791015625000000000000000000000000000
1868;408077926.39999997615814208984375000000000000000000000000000
1869;408077926.39999997615814208984375000000000000000000000000000
1870;408103321.60000002384185791015625000000000000000000000000000
1871;408091033.60000002384185791015625000000000000000000000000000
1872;408091033.60000002384185791015625000000000000000000000000000
1873;408077926.39999997615814208984375000000000000000000000000000
1874;408077926.39999997615814208984375000000000000000000000000000
1875;408091033.60000002384185791015625000000000000000000000000000
1876;408077926.39999997615814208984375000000000000000000000000000
1877;408077926.39999997615814208984375000000000000000000000000000
1878;408091033.60000002384185791015625000000000000000000000000000
1879;408078745.60000002384185791015625000000000000000000000000000
1880;408130355.19999998807907104492187500000000000000000000000000
1881;408130355.19999998807907104492187500000000000000000000000000
1882;408130355.19999998807907104492187500000000000000000000000000
1883;408077926.39999997615814208984375000000000000000000000000000
1884;408091852.80000001192092895507812500000000000000000000000000
1885;408077926.39999997615814208984375000000000000000000000000000
1886;408091033.60000002384185791015625000000000000000000000000000
1887;408077107.19999998807907104492187500000000000000000000000000
1888;408077926.39999997615814208984375000000000000000000000000000
1889;408091033.60000002384185791015625000000000000000000000000000
1890;408091852.80000001192092895507812500000000000000000000000000
1891;408091033.60000002384185791015625000000000000000000000000000
1892;408091033.60000002384185791015625000000000000000000000000000
1893;408130355.19999998807907104492187500000000000000000000000000
1894;408077926.39999997615814208984375000000000000000000000000000
1895;408078745.60000002384185791015625000000000000000000000000000
1896;408091852.80000001192092895507812500000000000000000000000000
1897;405286092.80000001192092895507812500000000000000000000000000
1898;405247590.39999997615814208984375000000000000000000000000000
1899;405195161.60000002384185791015625000000000000000000000000000
1900;405225472.00000000000000000000000000000000000000000000000000
1901;405247590.39999997615814208984375000000000000000000000000000
1902;405267251.19999998807907104492187500000000000000000000000000
1903;405267251.19999998807907104492187500000000000000000000000000
1904;405286912.00000000000000000000000000000000000000000000000000
1905;405291008.00000000000000000000000000000000000000000000000000
1906;405310668.80000001192092895507812500000000000000000000000000
1907;405291008.00000000000000000000000000000000000000000000000000
1908;405344256.00000000000000000000000000000000000000000000000000
1909;405318860.80000001192092895507812500000000000000000000000000
1910;405320499.19999998807907104492187500000000000000000000000000
1911;405339340.80000001192092895507812500000000000000000000000000
1912;405355724.80000001192092895507812500000000000000000000000000
1913;405359820.80000001192092895507812500000000000000000000000000
1914;405300838.39999997615814208984375000000000000000000000000000
1915;405359001.60000002384185791015625000000000000000000000000000
1916;405328691.19999998807907104492187500000000000000000000000000
1917;405407334.39999997615814208984375000000000000000000000000000
1918;405408972.80000001192092895507812500000000000000000000000000
1919;405508915.19999998807907104492187500000000000000000000000000
1920;405526937.60000002384185791015625000000000000000000000000000
1921;405532672.00000000000000000000000000000000000000000000000000
1922;405539225.60000002384185791015625000000000000000000000000000
1923;405545779.19999998807907104492187500000000000000000000000000
1924;405538406.39999997615814208984375000000000000000000000000000
1925;405551513.60000002384185791015625000000000000000000000000000
1926;405561344.00000000000000000000000000000000000000000000000000
1927;405577728.00000000000000000000000000000000000000000000000000
1928;405603123.19999998807907104492187500000000000000000000000000
1929;405597388.80000001192092895507812500000000000000000000000000
1930;405771878.39999997615814208984375000000000000000000000000000
1931;407234150.39999997615814208984375000000000000000000000000000
1932;407267737.60000002384185791015625000000000000000000000000000
1933;407351296.00000000000000000000000000000000000000000000000000
1934;407446323.19999998807907104492187500000000000000000000000000
1935;407891968.00000000000000000000000000000000000000000000000000
1936;408488345.60000002384185791015625000000000000000000000000000
1937;409277235.19999998807907104492187500000000000000000000000000
1938;409347686.39999997615814208984375000000000000000000000000000
1939;409350963.19999998807907104492187500000000000000000000000000
1940;409336217.60000002384185791015625000000000000000000000000000
1941;409368166.39999997615814208984375000000000000000000000000000
1942;409337036.80000001192092895507812500000000000000000000000000
1943;409337036.80000001192092895507812500000000000000000000000000
1944;409350963.19999998807907104492187500000000000000000000000000
1945;409343590.39999997615814208984375000000000000000000000000000
1946;409336217.60000002384185791015625000000000000000000000000000
1947;409389465.60000002384185791015625000000000000000000000000000
1948;409337036.80000001192092895507812500000000000000000000000000
1949;409336217.60000002384185791015625000000000000000000000000000
1950;409389465.60000002384185791015625000000000000000000000000000
1951;409337036.80000001192092895507812500000000000000000000000000
1952;409343590.39999997615814208984375000000000000000000000000000
1953;409391104.00000000000000000000000000000000000000000000000000
1954;409391104.00000000000000000000000000000000000000000000000000
1955;409345228.80000001192092895507812500000000000000000000000000
1956;409337856.00000000000000000000000000000000000000000000000000
1957;409345228.80000001192092895507812500000000000000000000000000
1958;409338675.19999998807907104492187500000000000000000000000000
1959;409363251.19999998807907104492187500000000000000000000000000
1960;409371443.19999998807907104492187500000000000000000000000000
1961;409345228.80000001192092895507812500000000000000000000000000
1962;409338675.19999998807907104492187500000000000000000000000000
1963;409352601.60000002384185791015625000000000000000000000000000
1964;409345228.80000001192092895507812500000000000000000000000000
1965;409338675.19999998807907104492187500000000000000000000000000
1966;409346048.00000000000000000000000000000000000000000000000000
1967;409337856.00000000000000000000000000000000000000000000000000
1968;409345228.80000001192092895507812500000000000000000000000000
1969;409387827.19999998807907104492187500000000000000000000000000
1970;409390284.80000001192092895507812500000000000000000000000000
1971;409333760.00000000000000000000000000000000000000000000000000
1972;409383731.19999998807907104492187500000000000000000000000000
1973;409337856.00000000000000000000000000000000000000000000000000
1974;409337856.00000000000000000000000000000000000000000000000000
1975;409390284.80000001192092895507812500000000000000000000000000
1976;409351782.39999997615814208984375000000000000000000000000000
1977;409337036.80000001192092895507812500000000000000000000000000
1978;409337036.80000001192092895507812500000000000000000000000000
1979;409383731.19999998807907104492187500000000000000000000000000
1980;409337856.00000000000000000000000000000000000000000000000000
1981;409351782.39999997615814208984375000000000000000000000000000
1982;409368985.60000002384185791015625000000000000000000000000000
1983;409383731.19999998807907104492187500000000000000000000000000
1984;409337856.00000000000000000000000000000000000000000000000000
1985;409351782.39999997615814208984375000000000000000000000000000
1986;384464486.39999997615814208984375000000000000000000000000000
1987;384553779.19999998807907104492187500000000000000000000000000
1988;385120665.60000002384185791015625000000000000000000000000000
1989;385758822.39999997615814208984375000000000000000000000000000
1990;386273280.00000000000000000000000000000000000000000000000000
1991;386762342.39999997615814208984375000000000000000000000000000
1992;387348070.39999997615814208984375000000000000000000000000000
1993;387923968.00000000000000000000000000000000000000000000000000
1994;388564582.39999997615814208984375000000000000000000000000000
1995;389022515.19999998807907104492187500000000000000000000000000
1996;389620531.19999998807907104492187500000000000000000000000000
1997;389987532.80000001192092895507812500000000000000000000000000
1998;390495436.80000001192092895507812500000000000000000000000000
1999;285863936.00000000000000000000000000000000000000000000000000
2000;285909811.19999998807907104492187500000000000000000000000000
