Second;RAM_KB
0;6272.00000000000000000000000000000000000000000000000000
1;320616.00000000000000000000000000000000000000000000000000
2;376016.00000000000000000000000000000000000000000000000000
3;698896.00000000000000000000000000000000000000000000000000
4;749120.00000000000000000000000000000000000000000000000000
5;804988.00000000000000000000000000000000000000000000000000
6;895868.00000000000000000000000000000000000000000000000000
7;931388.00000000000000000000000000000000000000000000000000
8;935916.00000000000000000000000000000000000000000000000000
9;976060.00000000000000000000000000000000000000000000000000
10;981956.00000000000000000000000000000000000000000000000000
11;987312.00000000000000000000000000000000000000000000000000
12;992596.00000000000000000000000000000000000000000000000000
13;998236.00000000000000000000000000000000000000000000000000
14;1005156.00000000000000000000000000000000000000000000000000
15;1009456.00000000000000000000000000000000000000000000000000
16;1016032.00000000000000000000000000000000000000000000000000
17;1023204.00000000000000000000000000000000000000000000000000
18;1028320.00000000000000000000000000000000000000000000000000
19;1034356.00000000000000000000000000000000000000000000000000
20;1038556.00000000000000000000000000000000000000000000000000
21;1044708.00000000000000000000000000000000000000000000000000
22;1052324.00000000000000000000000000000000000000000000000000
23;1057336.00000000000000000000000000000000000000000000000000
24;1063044.00000000000000000000000000000000000000000000000000
25;1067364.00000000000000000000000000000000000000000000000000
26;1071564.00000000000000000000000000000000000000000000000000
27;1077032.00000000000000000000000000000000000000000000000000
28;1080716.00000000000000000000000000000000000000000000000000
29;1086860.00000000000000000000000000000000000000000000000000
30;1090904.00000000000000000000000000000000000000000000000000
31;1095924.00000000000000000000000000000000000000000000000000
32;1102320.00000000000000000000000000000000000000000000000000
33;1107124.00000000000000000000000000000000000000000000000000
34;1111376.00000000000000000000000000000000000000000000000000
35;1118004.00000000000000000000000000000000000000000000000000
36;1121780.00000000000000000000000000000000000000000000000000
37;1125808.00000000000000000000000000000000000000000000000000
38;1129908.00000000000000000000000000000000000000000000000000
39;1138456.00000000000000000000000000000000000000000000000000
40;1142380.00000000000000000000000000000000000000000000000000
41;1147284.00000000000000000000000000000000000000000000000000
42;1152312.00000000000000000000000000000000000000000000000000
43;1160416.00000000000000000000000000000000000000000000000000
44;1163940.00000000000000000000000000000000000000000000000000
45;1167280.00000000000000000000000000000000000000000000000000
46;1171416.00000000000000000000000000000000000000000000000000
47;1175580.00000000000000000000000000000000000000000000000000
48;1416032.00000000000000000000000000000000000000000000000000
49;1416256.00000000000000000000000000000000000000000000000000
50;1416324.00000000000000000000000000000000000000000000000000
51;1416260.00000000000000000000000000000000000000000000000000
52;1416392.00000000000000000000000000000000000000000000000000
53;1416576.00000000000000000000000000000000000000000000000000
54;1416704.00000000000000000000000000000000000000000000000000
55;1416392.00000000000000000000000000000000000000000000000000
56;1416392.00000000000000000000000000000000000000000000000000
57;1416452.00000000000000000000000000000000000000000000000000
58;1416392.00000000000000000000000000000000000000000000000000
59;1416740.00000000000000000000000000000000000000000000000000
60;1416384.00000000000000000000000000000000000000000000000000
61;1416256.00000000000000000000000000000000000000000000000000
62;1416440.00000000000000000000000000000000000000000000000000
63;1416256.00000000000000000000000000000000000000000000000000
64;1416620.00000000000000000000000000000000000000000000000000
65;1416076.00000000000000000000000000000000000000000000000000
66;1416532.00000000000000000000000000000000000000000000000000
67;1416716.00000000000000000000000000000000000000000000000000
68;1416296.00000000000000000000000000000000000000000000000000
69;1416296.00000000000000000000000000000000000000000000000000
70;1416296.00000000000000000000000000000000000000000000000000
71;1416236.00000000000000000000000000000000000000000000000000
72;1416236.00000000000000000000000000000000000000000000000000
73;1416296.00000000000000000000000000000000000000000000000000
74;1416648.00000000000000000000000000000000000000000000000000
75;1416168.00000000000000000000000000000000000000000000000000
76;1416236.00000000000000000000000000000000000000000000000000
77;1416648.00000000000000000000000000000000000000000000000000
78;1416236.00000000000000000000000000000000000000000000000000
79;1417608.00000000000000000000000000000000000000000000000000
80;1416104.00000000000000000000000000000000000000000000000000
81;1416236.00000000000000000000000000000000000000000000000000
82;1416712.00000000000000000000000000000000000000000000000000
83;1416648.00000000000000000000000000000000000000000000000000
84;1416420.00000000000000000000000000000000000000000000000000
85;1312736.00000000000000000000000000000000000000000000000000
86;1312472.00000000000000000000000000000000000000000000000000
87;1314876.00000000000000000000000000000000000000000000000000
88;1316412.00000000000000000000000000000000000000000000000000
89;1318356.00000000000000000000000000000000000000000000000000
90;1320244.00000000000000000000000000000000000000000000000000
91;1323860.00000000000000000000000000000000000000000000000000
92;1324380.00000000000000000000000000000000000000000000000000
93;1327396.00000000000000000000000000000000000000000000000000
94;1328924.00000000000000000000000000000000000000000000000000
95;1331968.00000000000000000000000000000000000000000000000000
96;1333580.00000000000000000000000000000000000000000000000000
97;1335696.00000000000000000000000000000000000000000000000000
98;1338232.00000000000000000000000000000000000000000000000000
99;1342064.00000000000000000000000000000000000000000000000000
100;1344268.00000000000000000000000000000000000000000000000000
101;1347832.00000000000000000000000000000000000000000000000000
102;1350524.00000000000000000000000000000000000000000000000000
103;1352124.00000000000000000000000000000000000000000000000000
104;1355780.00000000000000000000000000000000000000000000000000
105;1358004.00000000000000000000000000000000000000000000000000
106;1361992.00000000000000000000000000000000000000000000000000
107;1365028.00000000000000000000000000000000000000000000000000
108;1366704.00000000000000000000000000000000000000000000000000
109;1371196.00000000000000000000000000000000000000000000000000
110;1373036.00000000000000000000000000000000000000000000000000
111;1375316.00000000000000000000000000000000000000000000000000
112;1380408.00000000000000000000000000000000000000000000000000
113;1382632.00000000000000000000000000000000000000000000000000
114;1384232.00000000000000000000000000000000000000000000000000
115;1386700.00000000000000000000000000000000000000000000000000
116;1391272.00000000000000000000000000000000000000000000000000
117;1393936.00000000000000000000000000000000000000000000000000
118;1395804.00000000000000000000000000000000000000000000000000
119;1402360.00000000000000000000000000000000000000000000000000
120;1404016.00000000000000000000000000000000000000000000000000
121;1407844.00000000000000000000000000000000000000000000000000
122;1409672.00000000000000000000000000000000000000000000000000
123;1411716.00000000000000000000000000000000000000000000000000
124;1415816.00000000000000000000000000000000000000000000000000
125;1419648.00000000000000000000000000000000000000000000000000
126;1423240.00000000000000000000000000000000000000000000000000
127;1423092.00000000000000000000000000000000000000000000000000
128;1423124.00000000000000000000000000000000000000000000000000
129;1423092.00000000000000000000000000000000000000000000000000
130;1422740.00000000000000000000000000000000000000000000000000
131;1424020.00000000000000000000000000000000000000000000000000
132;1423092.00000000000000000000000000000000000000000000000000
133;1423096.00000000000000000000000000000000000000000000000000
134;1423064.00000000000000000000000000000000000000000000000000
135;1423992.00000000000000000000000000000000000000000000000000
136;1423384.00000000000000000000000000000000000000000000000000
137;1422780.00000000000000000000000000000000000000000000000000
138;1422684.00000000000000000000000000000000000000000000000000
139;1422684.00000000000000000000000000000000000000000000000000
140;1422524.00000000000000000000000000000000000000000000000000
141;1422652.00000000000000000000000000000000000000000000000000
142;1422524.00000000000000000000000000000000000000000000000000
143;1423036.00000000000000000000000000000000000000000000000000
144;1422684.00000000000000000000000000000000000000000000000000
145;1422908.00000000000000000000000000000000000000000000000000
146;1423040.00000000000000000000000000000000000000000000000000
147;1422628.00000000000000000000000000000000000000000000000000
148;1423072.00000000000000000000000000000000000000000000000000
149;1422592.00000000000000000000000000000000000000000000000000
150;1423040.00000000000000000000000000000000000000000000000000
151;1422688.00000000000000000000000000000000000000000000000000
152;1422688.00000000000000000000000000000000000000000000000000
153;1423044.00000000000000000000000000000000000000000000000000
154;1422628.00000000000000000000000000000000000000000000000000
155;1423072.00000000000000000000000000000000000000000000000000
156;1422592.00000000000000000000000000000000000000000000000000
157;1422940.00000000000000000000000000000000000000000000000000
158;1423076.00000000000000000000000000000000000000000000000000
159;1422656.00000000000000000000000000000000000000000000000000
160;1422940.00000000000000000000000000000000000000000000000000
161;1422784.00000000000000000000000000000000000000000000000000
162;1422688.00000000000000000000000000000000000000000000000000
163;1423044.00000000000000000000000000000000000000000000000000
164;1319132.00000000000000000000000000000000000000000000000000
165;1320488.00000000000000000000000000000000000000000000000000
166;1322840.00000000000000000000000000000000000000000000000000
167;1325336.00000000000000000000000000000000000000000000000000
168;1327508.00000000000000000000000000000000000000000000000000
169;1328996.00000000000000000000000000000000000000000000000000
170;1331856.00000000000000000000000000000000000000000000000000
171;1332792.00000000000000000000000000000000000000000000000000
172;1335456.00000000000000000000000000000000000000000000000000
173;1337248.00000000000000000000000000000000000000000000000000
174;1340404.00000000000000000000000000000000000000000000000000
175;1342576.00000000000000000000000000000000000000000000000000
176;1345368.00000000000000000000000000000000000000000000000000
177;1348228.00000000000000000000000000000000000000000000000000
178;1349728.00000000000000000000000000000000000000000000000000
179;1351204.00000000000000000000000000000000000000000000000000
180;1355708.00000000000000000000000000000000000000000000000000
181;1357036.00000000000000000000000000000000000000000000000000
182;1359428.00000000000000000000000000000000000000000000000000
183;1362840.00000000000000000000000000000000000000000000000000
184;1366000.00000000000000000000000000000000000000000000000000
185;1369452.00000000000000000000000000000000000000000000000000
186;1371540.00000000000000000000000000000000000000000000000000
187;1375548.00000000000000000000000000000000000000000000000000
188;1378488.00000000000000000000000000000000000000000000000000
189;1380512.00000000000000000000000000000000000000000000000000
190;1383096.00000000000000000000000000000000000000000000000000
191;1389032.00000000000000000000000000000000000000000000000000
192;1390784.00000000000000000000000000000000000000000000000000
193;1392912.00000000000000000000000000000000000000000000000000
194;1394896.00000000000000000000000000000000000000000000000000
195;1399256.00000000000000000000000000000000000000000000000000
196;1401572.00000000000000000000000000000000000000000000000000
197;1403128.00000000000000000000000000000000000000000000000000
198;1405172.00000000000000000000000000000000000000000000000000
199;1408796.00000000000000000000000000000000000000000000000000
200;1410568.00000000000000000000000000000000000000000000000000
201;1413200.00000000000000000000000000000000000000000000000000
202;1414716.00000000000000000000000000000000000000000000000000
203;1421304.00000000000000000000000000000000000000000000000000
204;1421272.00000000000000000000000000000000000000000000000000
205;1424684.00000000000000000000000000000000000000000000000000
206;1424684.00000000000000000000000000000000000000000000000000
207;1424992.00000000000000000000000000000000000000000000000000
208;1424608.00000000000000000000000000000000000000000000000000
209;1425024.00000000000000000000000000000000000000000000000000
210;1424992.00000000000000000000000000000000000000000000000000
211;1425024.00000000000000000000000000000000000000000000000000
212;1424992.00000000000000000000000000000000000000000000000000
213;1424544.00000000000000000000000000000000000000000000000000
214;1425920.00000000000000000000000000000000000000000000000000
215;1424416.00000000000000000000000000000000000000000000000000
216;1424864.00000000000000000000000000000000000000000000000000
217;1425024.00000000000000000000000000000000000000000000000000
218;1424924.00000000000000000000000000000000000000000000000000
219;1424860.00000000000000000000000000000000000000000000000000
220;1424892.00000000000000000000000000000000000000000000000000
221;1424924.00000000000000000000000000000000000000000000000000
222;1425148.00000000000000000000000000000000000000000000000000
223;1425180.00000000000000000000000000000000000000000000000000
224;1425020.00000000000000000000000000000000000000000000000000
225;1425308.00000000000000000000000000000000000000000000000000
226;1424860.00000000000000000000000000000000000000000000000000
227;1425340.00000000000000000000000000000000000000000000000000
228;1424732.00000000000000000000000000000000000000000000000000
229;1424860.00000000000000000000000000000000000000000000000000
230;1424924.00000000000000000000000000000000000000000000000000
231;1424924.00000000000000000000000000000000000000000000000000
232;1425308.00000000000000000000000000000000000000000000000000
233;1425340.00000000000000000000000000000000000000000000000000
234;1425244.00000000000000000000000000000000000000000000000000
235;1424764.00000000000000000000000000000000000000000000000000
236;1425308.00000000000000000000000000000000000000000000000000
237;1425340.00000000000000000000000000000000000000000000000000
238;1424732.00000000000000000000000000000000000000000000000000
239;1424764.00000000000000000000000000000000000000000000000000
240;1425308.00000000000000000000000000000000000000000000000000
241;1424732.00000000000000000000000000000000000000000000000000
242;1424764.00000000000000000000000000000000000000000000000000
243;1319444.00000000000000000000000000000000000000000000000000
244;1320688.00000000000000000000000000000000000000000000000000
245;1323884.00000000000000000000000000000000000000000000000000
246;1325736.00000000000000000000000000000000000000000000000000
247;1328552.00000000000000000000000000000000000000000000000000
248;1330244.00000000000000000000000000000000000000000000000000
249;1332408.00000000000000000000000000000000000000000000000000
250;1333808.00000000000000000000000000000000000000000000000000
251;1337376.00000000000000000000000000000000000000000000000000
252;1339056.00000000000000000000000000000000000000000000000000
253;1343296.00000000000000000000000000000000000000000000000000
254;1344368.00000000000000000000000000000000000000000000000000
255;1347772.00000000000000000000000000000000000000000000000000
256;1350196.00000000000000000000000000000000000000000000000000
257;1352012.00000000000000000000000000000000000000000000000000
258;1354716.00000000000000000000000000000000000000000000000000
259;1357128.00000000000000000000000000000000000000000000000000
260;1359572.00000000000000000000000000000000000000000000000000
261;1362688.00000000000000000000000000000000000000000000000000
262;1365396.00000000000000000000000000000000000000000000000000
263;1367136.00000000000000000000000000000000000000000000000000
264;1372264.00000000000000000000000000000000000000000000000000
265;1373132.00000000000000000000000000000000000000000000000000
266;1378104.00000000000000000000000000000000000000000000000000
267;1380736.00000000000000000000000000000000000000000000000000
268;1383196.00000000000000000000000000000000000000000000000000
269;1388488.00000000000000000000000000000000000000000000000000
270;1391412.00000000000000000000000000000000000000000000000000
271;1393296.00000000000000000000000000000000000000000000000000
272;1395252.00000000000000000000000000000000000000000000000000
273;1400172.00000000000000000000000000000000000000000000000000
274;1403688.00000000000000000000000000000000000000000000000000
275;1405460.00000000000000000000000000000000000000000000000000
276;1409988.00000000000000000000000000000000000000000000000000
277;1411748.00000000000000000000000000000000000000000000000000
278;1414244.00000000000000000000000000000000000000000000000000
279;1414896.00000000000000000000000000000000000000000000000000
280;1417028.00000000000000000000000000000000000000000000000000
281;1423012.00000000000000000000000000000000000000000000000000
282;1424416.00000000000000000000000000000000000000000000000000
283;1427080.00000000000000000000000000000000000000000000000000
284;1430632.00000000000000000000000000000000000000000000000000
285;1430736.00000000000000000000000000000000000000000000000000
286;1430684.00000000000000000000000000000000000000000000000000
287;1430620.00000000000000000000000000000000000000000000000000
288;1431580.00000000000000000000000000000000000000000000000000
289;1430620.00000000000000000000000000000000000000000000000000
290;1430620.00000000000000000000000000000000000000000000000000
291;1430684.00000000000000000000000000000000000000000000000000
292;1430044.00000000000000000000000000000000000000000000000000
293;1430652.00000000000000000000000000000000000000000000000000
294;1430836.00000000000000000000000000000000000000000000000000
295;1432168.00000000000000000000000000000000000000000000000000
296;1431272.00000000000000000000000000000000000000000000000000
297;1431004.00000000000000000000000000000000000000000000000000
298;1431700.00000000000000000000000000000000000000000000000000
299;1431636.00000000000000000000000000000000000000000000000000
300;1431192.00000000000000000000000000000000000000000000000000
301;1431504.00000000000000000000000000000000000000000000000000
302;1432596.00000000000000000000000000000000000000000000000000
303;1431636.00000000000000000000000000000000000000000000000000
304;1431700.00000000000000000000000000000000000000000000000000
305;1431636.00000000000000000000000000000000000000000000000000
306;1431700.00000000000000000000000000000000000000000000000000
307;1431060.00000000000000000000000000000000000000000000000000
308;1431112.00000000000000000000000000000000000000000000000000
309;1431252.00000000000000000000000000000000000000000000000000
310;1431252.00000000000000000000000000000000000000000000000000
311;1431060.00000000000000000000000000000000000000000000000000
312;1431192.00000000000000000000000000000000000000000000000000
313;1432148.00000000000000000000000000000000000000000000000000
314;1431636.00000000000000000000000000000000000000000000000000
315;1431252.00000000000000000000000000000000000000000000000000
316;1431504.00000000000000000000000000000000000000000000000000
317;1431504.00000000000000000000000000000000000000000000000000
318;1431192.00000000000000000000000000000000000000000000000000
319;1431504.00000000000000000000000000000000000000000000000000
320;1431188.00000000000000000000000000000000000000000000000000
321;1431252.00000000000000000000000000000000000000000000000000
322;1321832.00000000000000000000000000000000000000000000000000
323;1323172.00000000000000000000000000000000000000000000000000
324;1324968.00000000000000000000000000000000000000000000000000
325;1328024.00000000000000000000000000000000000000000000000000
326;1330612.00000000000000000000000000000000000000000000000000
327;1333372.00000000000000000000000000000000000000000000000000
328;1334700.00000000000000000000000000000000000000000000000000
329;1336464.00000000000000000000000000000000000000000000000000
330;1338600.00000000000000000000000000000000000000000000000000
331;1342068.00000000000000000000000000000000000000000000000000
332;1345264.00000000000000000000000000000000000000000000000000
333;1347296.00000000000000000000000000000000000000000000000000
334;1350224.00000000000000000000000000000000000000000000000000
335;1352708.00000000000000000000000000000000000000000000000000
336;1355132.00000000000000000000000000000000000000000000000000
337;1356612.00000000000000000000000000000000000000000000000000
338;1358124.00000000000000000000000000000000000000000000000000
339;1362064.00000000000000000000000000000000000000000000000000
340;1364212.00000000000000000000000000000000000000000000000000
341;1366232.00000000000000000000000000000000000000000000000000
342;1368368.00000000000000000000000000000000000000000000000000
343;1371540.00000000000000000000000000000000000000000000000000
344;1374132.00000000000000000000000000000000000000000000000000
345;1376180.00000000000000000000000000000000000000000000000000
346;1382932.00000000000000000000000000000000000000000000000000
347;1383992.00000000000000000000000000000000000000000000000000
348;1385508.00000000000000000000000000000000000000000000000000
349;1387668.00000000000000000000000000000000000000000000000000
350;1392400.00000000000000000000000000000000000000000000000000
351;1395180.00000000000000000000000000000000000000000000000000
352;1397124.00000000000000000000000000000000000000000000000000
353;1403724.00000000000000000000000000000000000000000000000000
354;1405680.00000000000000000000000000000000000000000000000000
355;1408204.00000000000000000000000000000000000000000000000000
356;1410844.00000000000000000000000000000000000000000000000000
357;1413980.00000000000000000000000000000000000000000000000000
358;1414768.00000000000000000000000000000000000000000000000000
359;1417492.00000000000000000000000000000000000000000000000000
360;1419296.00000000000000000000000000000000000000000000000000
361;1424804.00000000000000000000000000000000000000000000000000
362;1425532.00000000000000000000000000000000000000000000000000
363;1427428.00000000000000000000000000000000000000000000000000
364;1428880.00000000000000000000000000000000000000000000000000
365;1429976.00000000000000000000000000000000000000000000000000
366;1430040.00000000000000000000000000000000000000000000000000
367;1429816.00000000000000000000000000000000000000000000000000
368;1429564.00000000000000000000000000000000000000000000000000
369;1429868.00000000000000000000000000000000000000000000000000
370;1429752.00000000000000000000000000000000000000000000000000
371;1429884.00000000000000000000000000000000000000000000000000
372;1429752.00000000000000000000000000000000000000000000000000
373;1429884.00000000000000000000000000000000000000000000000000
374;1429752.00000000000000000000000000000000000000000000000000
375;1429884.00000000000000000000000000000000000000000000000000
376;1429880.00000000000000000000000000000000000000000000000000
377;1429628.00000000000000000000000000000000000000000000000000
378;1429436.00000000000000000000000000000000000000000000000000
379;1429564.00000000000000000000000000000000000000000000000000
380;1430048.00000000000000000000000000000000000000000000000000
381;1429568.00000000000000000000000000000000000000000000000000
382;1429564.00000000000000000000000000000000000000000000000000
383;1429880.00000000000000000000000000000000000000000000000000
384;1429980.00000000000000000000000000000000000000000000000000
385;1429564.00000000000000000000000000000000000000000000000000
386;1429568.00000000000000000000000000000000000000000000000000
387;1429752.00000000000000000000000000000000000000000000000000
388;1429564.00000000000000000000000000000000000000000000000000
389;1429628.00000000000000000000000000000000000000000000000000
390;1429628.00000000000000000000000000000000000000000000000000
391;1429752.00000000000000000000000000000000000000000000000000
392;1429628.00000000000000000000000000000000000000000000000000
393;1430884.00000000000000000000000000000000000000000000000000
394;1429988.00000000000000000000000000000000000000000000000000
395;1429472.00000000000000000000000000000000000000000000000000
396;1429472.00000000000000000000000000000000000000000000000000
397;1429788.00000000000000000000000000000000000000000000000000
398;1429752.00000000000000000000000000000000000000000000000000
399;1429912.00000000000000000000000000000000000000000000000000
400;1429304.00000000000000000000000000000000000000000000000000
401;1429688.00000000000000000000000000000000000000000000000000
402;1319740.00000000000000000000000000000000000000000000000000
403;1320564.00000000000000000000000000000000000000000000000000
404;1321948.00000000000000000000000000000000000000000000000000
405;1323508.00000000000000000000000000000000000000000000000000
406;1325772.00000000000000000000000000000000000000000000000000
407;1327536.00000000000000000000000000000000000000000000000000
408;1329780.00000000000000000000000000000000000000000000000000
409;1331224.00000000000000000000000000000000000000000000000000
410;1333520.00000000000000000000000000000000000000000000000000
411;1336372.00000000000000000000000000000000000000000000000000
412;1339760.00000000000000000000000000000000000000000000000000
413;1342012.00000000000000000000000000000000000000000000000000
414;1344556.00000000000000000000000000000000000000000000000000
415;1346840.00000000000000000000000000000000000000000000000000
416;1349132.00000000000000000000000000000000000000000000000000
417;1351472.00000000000000000000000000000000000000000000000000
418;1354504.00000000000000000000000000000000000000000000000000
419;1356940.00000000000000000000000000000000000000000000000000
420;1357932.00000000000000000000000000000000000000000000000000
421;1361924.00000000000000000000000000000000000000000000000000
422;1364028.00000000000000000000000000000000000000000000000000
423;1368352.00000000000000000000000000000000000000000000000000
424;1370096.00000000000000000000000000000000000000000000000000
425;1371908.00000000000000000000000000000000000000000000000000
426;1375544.00000000000000000000000000000000000000000000000000
427;1378152.00000000000000000000000000000000000000000000000000
428;1384112.00000000000000000000000000000000000000000000000000
429;1386356.00000000000000000000000000000000000000000000000000
430;1388248.00000000000000000000000000000000000000000000000000
431;1391436.00000000000000000000000000000000000000000000000000
432;1395456.00000000000000000000000000000000000000000000000000
433;1397176.00000000000000000000000000000000000000000000000000
434;1399320.00000000000000000000000000000000000000000000000000
435;1401292.00000000000000000000000000000000000000000000000000
436;1406904.00000000000000000000000000000000000000000000000000
437;1408736.00000000000000000000000000000000000000000000000000
438;1411116.00000000000000000000000000000000000000000000000000
439;1412608.00000000000000000000000000000000000000000000000000
440;1417480.00000000000000000000000000000000000000000000000000
441;1417576.00000000000000000000000000000000000000000000000000
442;1420028.00000000000000000000000000000000000000000000000000
443;1422412.00000000000000000000000000000000000000000000000000
444;1429944.00000000000000000000000000000000000000000000000000
445;1430012.00000000000000000000000000000000000000000000000000
446;1433064.00000000000000000000000000000000000000000000000000
447;1433064.00000000000000000000000000000000000000000000000000
448;1433840.00000000000000000000000000000000000000000000000000
449;1434032.00000000000000000000000000000000000000000000000000
450;1433968.00000000000000000000000000000000000000000000000000
451;1433584.00000000000000000000000000000000000000000000000000
452;1433520.00000000000000000000000000000000000000000000000000
453;1433520.00000000000000000000000000000000000000000000000000
454;1433712.00000000000000000000000000000000000000000000000000
455;1433840.00000000000000000000000000000000000000000000000000
456;1433584.00000000000000000000000000000000000000000000000000
457;1433840.00000000000000000000000000000000000000000000000000
458;1434032.00000000000000000000000000000000000000000000000000
459;1433592.00000000000000000000000000000000000000000000000000
460;1434040.00000000000000000000000000000000000000000000000000
461;1433592.00000000000000000000000000000000000000000000000000
462;1433528.00000000000000000000000000000000000000000000000000
463;1433848.00000000000000000000000000000000000000000000000000
464;1433592.00000000000000000000000000000000000000000000000000
465;1434636.00000000000000000000000000000000000000000000000000
466;1433976.00000000000000000000000000000000000000000000000000
467;1433592.00000000000000000000000000000000000000000000000000
468;1433528.00000000000000000000000000000000000000000000000000
469;1433848.00000000000000000000000000000000000000000000000000
470;1434040.00000000000000000000000000000000000000000000000000
471;1433592.00000000000000000000000000000000000000000000000000
472;1433592.00000000000000000000000000000000000000000000000000
473;1433592.00000000000000000000000000000000000000000000000000
474;1433400.00000000000000000000000000000000000000000000000000
475;1434040.00000000000000000000000000000000000000000000000000
476;1433976.00000000000000000000000000000000000000000000000000
477;1433464.00000000000000000000000000000000000000000000000000
478;1433848.00000000000000000000000000000000000000000000000000
479;1434936.00000000000000000000000000000000000000000000000000
480;1434040.00000000000000000000000000000000000000000000000000
481;1433976.00000000000000000000000000000000000000000000000000
482;1433464.00000000000000000000000000000000000000000000000000
483;1433528.00000000000000000000000000000000000000000000000000
484;1323488.00000000000000000000000000000000000000000000000000
485;1324940.00000000000000000000000000000000000000000000000000
486;1326984.00000000000000000000000000000000000000000000000000
487;1328644.00000000000000000000000000000000000000000000000000
488;1330516.00000000000000000000000000000000000000000000000000
489;1332492.00000000000000000000000000000000000000000000000000
490;1334284.00000000000000000000000000000000000000000000000000
491;1336756.00000000000000000000000000000000000000000000000000
492;1339604.00000000000000000000000000000000000000000000000000
493;1343316.00000000000000000000000000000000000000000000000000
494;1345416.00000000000000000000000000000000000000000000000000
495;1347936.00000000000000000000000000000000000000000000000000
496;1350324.00000000000000000000000000000000000000000000000000
497;1352740.00000000000000000000000000000000000000000000000000
498;1355040.00000000000000000000000000000000000000000000000000
499;1357376.00000000000000000000000000000000000000000000000000
500;1359808.00000000000000000000000000000000000000000000000000
501;1362364.00000000000000000000000000000000000000000000000000
502;1365932.00000000000000000000000000000000000000000000000000
503;1367572.00000000000000000000000000000000000000000000000000
504;1369480.00000000000000000000000000000000000000000000000000
505;1371508.00000000000000000000000000000000000000000000000000
506;1375540.00000000000000000000000000000000000000000000000000
507;1376464.00000000000000000000000000000000000000000000000000
508;1383052.00000000000000000000000000000000000000000000000000
509;1385252.00000000000000000000000000000000000000000000000000
510;1388616.00000000000000000000000000000000000000000000000000
511;1392336.00000000000000000000000000000000000000000000000000
512;1394128.00000000000000000000000000000000000000000000000000
513;1395288.00000000000000000000000000000000000000000000000000
514;1398464.00000000000000000000000000000000000000000000000000
515;1404880.00000000000000000000000000000000000000000000000000
516;1407924.00000000000000000000000000000000000000000000000000
517;1409436.00000000000000000000000000000000000000000000000000
518;1412000.00000000000000000000000000000000000000000000000000
519;1415896.00000000000000000000000000000000000000000000000000
520;1419520.00000000000000000000000000000000000000000000000000
521;1421100.00000000000000000000000000000000000000000000000000
522;1423204.00000000000000000000000000000000000000000000000000
523;1424996.00000000000000000000000000000000000000000000000000
524;1430324.00000000000000000000000000000000000000000000000000
525;1431308.00000000000000000000000000000000000000000000000000
526;1432024.00000000000000000000000000000000000000000000000000
527;1431492.00000000000000000000000000000000000000000000000000
528;1431464.00000000000000000000000000000000000000000000000000
529;1431908.00000000000000000000000000000000000000000000000000
530;1431396.00000000000000000000000000000000000000000000000000
531;1431648.00000000000000000000000000000000000000000000000000
532;1431912.00000000000000000000000000000000000000000000000000
533;1431940.00000000000000000000000000000000000000000000000000
534;1431396.00000000000000000000000000000000000000000000000000
535;1431364.00000000000000000000000000000000000000000000000000
536;1431396.00000000000000000000000000000000000000000000000000
537;1431364.00000000000000000000000000000000000000000000000000
538;1431556.00000000000000000000000000000000000000000000000000
539;1431396.00000000000000000000000000000000000000000000000000
540;1431524.00000000000000000000000000000000000000000000000000
541;1431812.00000000000000000000000000000000000000000000000000
542;1431720.00000000000000000000000000000000000000000000000000
543;1431940.00000000000000000000000000000000000000000000000000
544;1431556.00000000000000000000000000000000000000000000000000
545;1431364.00000000000000000000000000000000000000000000000000
546;1431396.00000000000000000000000000000000000000000000000000
547;1431912.00000000000000000000000000000000000000000000000000
548;1431940.00000000000000000000000000000000000000000000000000
549;1431364.00000000000000000000000000000000000000000000000000
550;1431396.00000000000000000000000000000000000000000000000000
551;1431556.00000000000000000000000000000000000000000000000000
552;1431940.00000000000000000000000000000000000000000000000000
553;1431492.00000000000000000000000000000000000000000000000000
554;1431492.00000000000000000000000000000000000000000000000000
555;1431396.00000000000000000000000000000000000000000000000000
556;1431912.00000000000000000000000000000000000000000000000000
557;1431940.00000000000000000000000000000000000000000000000000
558;1431908.00000000000000000000000000000000000000000000000000
559;1431940.00000000000000000000000000000000000000000000000000
560;1432804.00000000000000000000000000000000000000000000000000
561;1432836.00000000000000000000000000000000000000000000000000
562;1431492.00000000000000000000000000000000000000000000000000
563;1431908.00000000000000000000000000000000000000000000000000
564;1320992.00000000000000000000000000000000000000000000000000
565;1321976.00000000000000000000000000000000000000000000000000
566;1324300.00000000000000000000000000000000000000000000000000
567;1326368.00000000000000000000000000000000000000000000000000
568;1328556.00000000000000000000000000000000000000000000000000
569;1330352.00000000000000000000000000000000000000000000000000
570;1332748.00000000000000000000000000000000000000000000000000
571;1335436.00000000000000000000000000000000000000000000000000
572;1336848.00000000000000000000000000000000000000000000000000
573;1340512.00000000000000000000000000000000000000000000000000
574;1342268.00000000000000000000000000000000000000000000000000
575;1344080.00000000000000000000000000000000000000000000000000
576;1346608.00000000000000000000000000000000000000000000000000
577;1348844.00000000000000000000000000000000000000000000000000
578;1350808.00000000000000000000000000000000000000000000000000
579;1353088.00000000000000000000000000000000000000000000000000
580;1354672.00000000000000000000000000000000000000000000000000
581;1358356.00000000000000000000000000000000000000000000000000
582;1360712.00000000000000000000000000000000000000000000000000
583;1363208.00000000000000000000000000000000000000000000000000
584;1365964.00000000000000000000000000000000000000000000000000
585;1367200.00000000000000000000000000000000000000000000000000
586;1371788.00000000000000000000000000000000000000000000000000
587;1374620.00000000000000000000000000000000000000000000000000
588;1379212.00000000000000000000000000000000000000000000000000
589;1380784.00000000000000000000000000000000000000000000000000
590;1383428.00000000000000000000000000000000000000000000000000
591;1388540.00000000000000000000000000000000000000000000000000
592;1390096.00000000000000000000000000000000000000000000000000
593;1392424.00000000000000000000000000000000000000000000000000
594;1394472.00000000000000000000000000000000000000000000000000
595;1400888.00000000000000000000000000000000000000000000000000
596;1402904.00000000000000000000000000000000000000000000000000
597;1405880.00000000000000000000000000000000000000000000000000
598;1407552.00000000000000000000000000000000000000000000000000
599;1411740.00000000000000000000000000000000000000000000000000
600;1414804.00000000000000000000000000000000000000000000000000
601;1416108.00000000000000000000000000000000000000000000000000
602;1418992.00000000000000000000000000000000000000000000000000
603;1423316.00000000000000000000000000000000000000000000000000
604;1425292.00000000000000000000000000000000000000000000000000
605;1427468.00000000000000000000000000000000000000000000000000
606;1429676.00000000000000000000000000000000000000000000000000
607;1432020.00000000000000000000000000000000000000000000000000
608;1431592.00000000000000000000000000000000000000000000000000
609;1432168.00000000000000000000000000000000000000000000000000
610;1432204.00000000000000000000000000000000000000000000000000
611;1432632.00000000000000000000000000000000000000000000000000
612;1432232.00000000000000000000000000000000000000000000000000
613;1432204.00000000000000000000000000000000000000000000000000
614;1432680.00000000000000000000000000000000000000000000000000
615;1432168.00000000000000000000000000000000000000000000000000
616;1433032.00000000000000000000000000000000000000000000000000
617;1432104.00000000000000000000000000000000000000000000000000
618;1432488.00000000000000000000000000000000000000000000000000
619;1432648.00000000000000000000000000000000000000000000000000
620;1432592.00000000000000000000000000000000000000000000000000
621;1432532.00000000000000000000000000000000000000000000000000
622;1432976.00000000000000000000000000000000000000000000000000
623;1432844.00000000000000000000000000000000000000000000000000
624;1433008.00000000000000000000000000000000000000000000000000
625;1432496.00000000000000000000000000000000000000000000000000
626;1433228.00000000000000000000000000000000000000000000000000
627;1432432.00000000000000000000000000000000000000000000000000
628;1432496.00000000000000000000000000000000000000000000000000
629;1432844.00000000000000000000000000000000000000000000000000
630;1433904.00000000000000000000000000000000000000000000000000
631;1433008.00000000000000000000000000000000000000000000000000
632;1432592.00000000000000000000000000000000000000000000000000
633;1432592.00000000000000000000000000000000000000000000000000
634;1432432.00000000000000000000000000000000000000000000000000
635;1432496.00000000000000000000000000000000000000000000000000
636;1433936.00000000000000000000000000000000000000000000000000
637;1433008.00000000000000000000000000000000000000000000000000
638;1432560.00000000000000000000000000000000000000000000000000
639;1432844.00000000000000000000000000000000000000000000000000
640;1432400.00000000000000000000000000000000000000000000000000
641;1433008.00000000000000000000000000000000000000000000000000
642;1433100.00000000000000000000000000000000000000000000000000
643;1433008.00000000000000000000000000000000000000000000000000
644;1432560.00000000000000000000000000000000000000000000000000
645;1329896.00000000000000000000000000000000000000000000000000
646;1330552.00000000000000000000000000000000000000000000000000
647;1331416.00000000000000000000000000000000000000000000000000
648;1332828.00000000000000000000000000000000000000000000000000
649;1334580.00000000000000000000000000000000000000000000000000
650;1336636.00000000000000000000000000000000000000000000000000
651;1338156.00000000000000000000000000000000000000000000000000
652;1339884.00000000000000000000000000000000000000000000000000
653;1342096.00000000000000000000000000000000000000000000000000
654;1344684.00000000000000000000000000000000000000000000000000
655;1346368.00000000000000000000000000000000000000000000000000
656;1348368.00000000000000000000000000000000000000000000000000
657;1350772.00000000000000000000000000000000000000000000000000
658;1352556.00000000000000000000000000000000000000000000000000
659;1353956.00000000000000000000000000000000000000000000000000
660;1355152.00000000000000000000000000000000000000000000000000
661;1357764.00000000000000000000000000000000000000000000000000
662;1359068.00000000000000000000000000000000000000000000000000
663;1360000.00000000000000000000000000000000000000000000000000
664;1363248.00000000000000000000000000000000000000000000000000
665;1364432.00000000000000000000000000000000000000000000000000
666;1367432.00000000000000000000000000000000000000000000000000
667;1368768.00000000000000000000000000000000000000000000000000
668;1371232.00000000000000000000000000000000000000000000000000
669;1374808.00000000000000000000000000000000000000000000000000
670;1375504.00000000000000000000000000000000000000000000000000
671;1379744.00000000000000000000000000000000000000000000000000
672;1381464.00000000000000000000000000000000000000000000000000
673;1383996.00000000000000000000000000000000000000000000000000
674;1389332.00000000000000000000000000000000000000000000000000
675;1391660.00000000000000000000000000000000000000000000000000
676;1392356.00000000000000000000000000000000000000000000000000
677;1396764.00000000000000000000000000000000000000000000000000
678;1398968.00000000000000000000000000000000000000000000000000
679;1402040.00000000000000000000000000000000000000000000000000
680;1402912.00000000000000000000000000000000000000000000000000
681;1405268.00000000000000000000000000000000000000000000000000
682;1412828.00000000000000000000000000000000000000000000000000
683;1414112.00000000000000000000000000000000000000000000000000
684;1415880.00000000000000000000000000000000000000000000000000
685;1418436.00000000000000000000000000000000000000000000000000
686;1422552.00000000000000000000000000000000000000000000000000
687;1426232.00000000000000000000000000000000000000000000000000
688;1427308.00000000000000000000000000000000000000000000000000
689;1429684.00000000000000000000000000000000000000000000000000
690;1430540.00000000000000000000000000000000000000000000000000
691;1437732.00000000000000000000000000000000000000000000000000
692;1437584.00000000000000000000000000000000000000000000000000
693;1438100.00000000000000000000000000000000000000000000000000
694;1438932.00000000000000000000000000000000000000000000000000
695;1438964.00000000000000000000000000000000000000000000000000
696;1438932.00000000000000000000000000000000000000000000000000
697;1438964.00000000000000000000000000000000000000000000000000
698;1438040.00000000000000000000000000000000000000000000000000
699;1437908.00000000000000000000000000000000000000000000000000
700;1437620.00000000000000000000000000000000000000000000000000
701;1437652.00000000000000000000000000000000000000000000000000
702;1437560.00000000000000000000000000000000000000000000000000
703;1437588.00000000000000000000000000000000000000000000000000
704;1437652.00000000000000000000000000000000000000000000000000
705;1438036.00000000000000000000000000000000000000000000000000
706;1437456.00000000000000000000000000000000000000000000000000
707;1437584.00000000000000000000000000000000000000000000000000
708;1437740.00000000000000000000000000000000000000000000000000
709;1437584.00000000000000000000000000000000000000000000000000
710;1437616.00000000000000000000000000000000000000000000000000
711;1437904.00000000000000000000000000000000000000000000000000
712;1438032.00000000000000000000000000000000000000000000000000
713;1438000.00000000000000000000000000000000000000000000000000
714;1437488.00000000000000000000000000000000000000000000000000
715;1437456.00000000000000000000000000000000000000000000000000
716;1437648.00000000000000000000000000000000000000000000000000
717;1437648.00000000000000000000000000000000000000000000000000
718;1437556.00000000000000000000000000000000000000000000000000
719;1437904.00000000000000000000000000000000000000000000000000
720;1438032.00000000000000000000000000000000000000000000000000
721;1437616.00000000000000000000000000000000000000000000000000
722;1437904.00000000000000000000000000000000000000000000000000
723;1437740.00000000000000000000000000000000000000000000000000
724;1437904.00000000000000000000000000000000000000000000000000
725;1438032.00000000000000000000000000000000000000000000000000
726;1438000.00000000000000000000000000000000000000000000000000
727;1437584.00000000000000000000000000000000000000000000000000
728;1437864.00000000000000000000000000000000000000000000000000
729;1328556.00000000000000000000000000000000000000000000000000
730;1328588.00000000000000000000000000000000000000000000000000
731;1327952.00000000000000000000000000000000000000000000000000
732;1328488.00000000000000000000000000000000000000000000000000
733;1329656.00000000000000000000000000000000000000000000000000
734;1330148.00000000000000000000000000000000000000000000000000
735;1331968.00000000000000000000000000000000000000000000000000
736;1334460.00000000000000000000000000000000000000000000000000
737;1335668.00000000000000000000000000000000000000000000000000
738;1338036.00000000000000000000000000000000000000000000000000
739;1340424.00000000000000000000000000000000000000000000000000
740;1342848.00000000000000000000000000000000000000000000000000
741;1346292.00000000000000000000000000000000000000000000000000
742;1348264.00000000000000000000000000000000000000000000000000
743;1351224.00000000000000000000000000000000000000000000000000
744;1353820.00000000000000000000000000000000000000000000000000
745;1357488.00000000000000000000000000000000000000000000000000
746;1360964.00000000000000000000000000000000000000000000000000
747;1362268.00000000000000000000000000000000000000000000000000
748;1363376.00000000000000000000000000000000000000000000000000
749;1367672.00000000000000000000000000000000000000000000000000
750;1368996.00000000000000000000000000000000000000000000000000
751;1372040.00000000000000000000000000000000000000000000000000
752;1374108.00000000000000000000000000000000000000000000000000
753;1376184.00000000000000000000000000000000000000000000000000
754;1383368.00000000000000000000000000000000000000000000000000
755;1385852.00000000000000000000000000000000000000000000000000
756;1388444.00000000000000000000000000000000000000000000000000
757;1393184.00000000000000000000000000000000000000000000000000
758;1394708.00000000000000000000000000000000000000000000000000
759;1396540.00000000000000000000000000000000000000000000000000
760;1398464.00000000000000000000000000000000000000000000000000
761;1404280.00000000000000000000000000000000000000000000000000
762;1405764.00000000000000000000000000000000000000000000000000
763;1408340.00000000000000000000000000000000000000000000000000
764;1410608.00000000000000000000000000000000000000000000000000
765;1414732.00000000000000000000000000000000000000000000000000
766;1416612.00000000000000000000000000000000000000000000000000
767;1419092.00000000000000000000000000000000000000000000000000
768;1420188.00000000000000000000000000000000000000000000000000
769;1427276.00000000000000000000000000000000000000000000000000
770;1427920.00000000000000000000000000000000000000000000000000
771;1431648.00000000000000000000000000000000000000000000000000
772;1431912.00000000000000000000000000000000000000000000000000
773;1431976.00000000000000000000000000000000000000000000000000
774;1432040.00000000000000000000000000000000000000000000000000
775;1431400.00000000000000000000000000000000000000000000000000
776;1431976.00000000000000000000000000000000000000000000000000
777;1431976.00000000000000000000000000000000000000000000000000
778;1432040.00000000000000000000000000000000000000000000000000
779;1431592.00000000000000000000000000000000000000000000000000
780;1431400.00000000000000000000000000000000000000000000000000
781;1431464.00000000000000000000000000000000000000000000000000
782;1431976.00000000000000000000000000000000000000000000000000
783;1431720.00000000000000000000000000000000000000000000000000
784;1431592.00000000000000000000000000000000000000000000000000
785;1431592.00000000000000000000000000000000000000000000000000
786;1431788.00000000000000000000000000000000000000000000000000
787;1431528.00000000000000000000000000000000000000000000000000
788;1431464.00000000000000000000000000000000000000000000000000
789;1431976.00000000000000000000000000000000000000000000000000
790;1432040.00000000000000000000000000000000000000000000000000
791;1431976.00000000000000000000000000000000000000000000000000
792;1431704.00000000000000000000000000000000000000000000000000
793;1431840.00000000000000000000000000000000000000000000000000
794;1431716.00000000000000000000000000000000000000000000000000
795;1432932.00000000000000000000000000000000000000000000000000
796;1432036.00000000000000000000000000000000000000000000000000
797;1431588.00000000000000000000000000000000000000000000000000
798;1431588.00000000000000000000000000000000000000000000000000
799;1431396.00000000000000000000000000000000000000000000000000
800;1432036.00000000000000000000000000000000000000000000000000
801;1431972.00000000000000000000000000000000000000000000000000
802;1432292.00000000000000000000000000000000000000000000000000
803;1431840.00000000000000000000000000000000000000000000000000
804;1431844.00000000000000000000000000000000000000000000000000
805;1431840.00000000000000000000000000000000000000000000000000
806;1431524.00000000000000000000000000000000000000000000000000
807;1432036.00000000000000000000000000000000000000000000000000
808;1432548.00000000000000000000000000000000000000000000000000
809;1431844.00000000000000000000000000000000000000000000000000
810;1431456.00000000000000000000000000000000000000000000000000
811;1330252.00000000000000000000000000000000000000000000000000
812;1331176.00000000000000000000000000000000000000000000000000
813;1332296.00000000000000000000000000000000000000000000000000
814;1333172.00000000000000000000000000000000000000000000000000
815;1333924.00000000000000000000000000000000000000000000000000
816;1336060.00000000000000000000000000000000000000000000000000
817;1337888.00000000000000000000000000000000000000000000000000
818;1339968.00000000000000000000000000000000000000000000000000
819;1342496.00000000000000000000000000000000000000000000000000
820;1343776.00000000000000000000000000000000000000000000000000
821;1346552.00000000000000000000000000000000000000000000000000
822;1349428.00000000000000000000000000000000000000000000000000
823;1352456.00000000000000000000000000000000000000000000000000
824;1353848.00000000000000000000000000000000000000000000000000
825;1357208.00000000000000000000000000000000000000000000000000
826;1358948.00000000000000000000000000000000000000000000000000
827;1362036.00000000000000000000000000000000000000000000000000
828;1363636.00000000000000000000000000000000000000000000000000
829;1367004.00000000000000000000000000000000000000000000000000
830;1368648.00000000000000000000000000000000000000000000000000
831;1372196.00000000000000000000000000000000000000000000000000
832;1374076.00000000000000000000000000000000000000000000000000
833;1376692.00000000000000000000000000000000000000000000000000
834;1381788.00000000000000000000000000000000000000000000000000
835;1384928.00000000000000000000000000000000000000000000000000
836;1386284.00000000000000000000000000000000000000000000000000
837;1389936.00000000000000000000000000000000000000000000000000
838;1391824.00000000000000000000000000000000000000000000000000
839;1393948.00000000000000000000000000000000000000000000000000
840;1400724.00000000000000000000000000000000000000000000000000
841;1403712.00000000000000000000000000000000000000000000000000
842;1405400.00000000000000000000000000000000000000000000000000
843;1407672.00000000000000000000000000000000000000000000000000
844;1415020.00000000000000000000000000000000000000000000000000
845;1417800.00000000000000000000000000000000000000000000000000
846;1419324.00000000000000000000000000000000000000000000000000
847;1421608.00000000000000000000000000000000000000000000000000
848;1427932.00000000000000000000000000000000000000000000000000
849;1429436.00000000000000000000000000000000000000000000000000
850;1431368.00000000000000000000000000000000000000000000000000
851;1434268.00000000000000000000000000000000000000000000000000
852;1435656.00000000000000000000000000000000000000000000000000
853;1435144.00000000000000000000000000000000000000000000000000
854;1436620.00000000000000000000000000000000000000000000000000
855;1436588.00000000000000000000000000000000000000000000000000
856;1435116.00000000000000000000000000000000000000000000000000
857;1435724.00000000000000000000000000000000000000000000000000
858;1435276.00000000000000000000000000000000000000000000000000
859;1436396.00000000000000000000000000000000000000000000000000
860;1435148.00000000000000000000000000000000000000000000000000
861;1436364.00000000000000000000000000000000000000000000000000
862;1435116.00000000000000000000000000000000000000000000000000
863;1435564.00000000000000000000000000000000000000000000000000
864;1435308.00000000000000000000000000000000000000000000000000
865;1435308.00000000000000000000000000000000000000000000000000
866;1435692.00000000000000000000000000000000000000000000000000
867;1435148.00000000000000000000000000000000000000000000000000
868;1435532.00000000000000000000000000000000000000000000000000
869;1435692.00000000000000000000000000000000000000000000000000
870;1435308.00000000000000000000000000000000000000000000000000
871;1435404.00000000000000000000000000000000000000000000000000
872;1435692.00000000000000000000000000000000000000000000000000
873;1435244.00000000000000000000000000000000000000000000000000
874;1435532.00000000000000000000000000000000000000000000000000
875;1436140.00000000000000000000000000000000000000000000000000
876;1435724.00000000000000000000000000000000000000000000000000
877;1435308.00000000000000000000000000000000000000000000000000
878;1435308.00000000000000000000000000000000000000000000000000
879;1435116.00000000000000000000000000000000000000000000000000
880;1435500.00000000000000000000000000000000000000000000000000
881;1435724.00000000000000000000000000000000000000000000000000
882;1435116.00000000000000000000000000000000000000000000000000
883;1435756.00000000000000000000000000000000000000000000000000
884;1435436.00000000000000000000000000000000000000000000000000
885;1435148.00000000000000000000000000000000000000000000000000
886;1436268.00000000000000000000000000000000000000000000000000
887;1435148.00000000000000000000000000000000000000000000000000
888;1435212.00000000000000000000000000000000000000000000000000
889;1435692.00000000000000000000000000000000000000000000000000
890;1332128.00000000000000000000000000000000000000000000000000
891;1332444.00000000000000000000000000000000000000000000000000
892;1333036.00000000000000000000000000000000000000000000000000
893;1335112.00000000000000000000000000000000000000000000000000
894;1335112.00000000000000000000000000000000000000000000000000
895;1336372.00000000000000000000000000000000000000000000000000
896;1339316.00000000000000000000000000000000000000000000000000
897;1341580.00000000000000000000000000000000000000000000000000
898;1344348.00000000000000000000000000000000000000000000000000
899;1346992.00000000000000000000000000000000000000000000000000
900;1349540.00000000000000000000000000000000000000000000000000
901;1351712.00000000000000000000000000000000000000000000000000
902;1353940.00000000000000000000000000000000000000000000000000
903;1356564.00000000000000000000000000000000000000000000000000
904;1358388.00000000000000000000000000000000000000000000000000
905;1360388.00000000000000000000000000000000000000000000000000
906;1361804.00000000000000000000000000000000000000000000000000
907;1364772.00000000000000000000000000000000000000000000000000
908;1367644.00000000000000000000000000000000000000000000000000
909;1371572.00000000000000000000000000000000000000000000000000
910;1372760.00000000000000000000000000000000000000000000000000
911;1376760.00000000000000000000000000000000000000000000000000
912;1379084.00000000000000000000000000000000000000000000000000
913;1381012.00000000000000000000000000000000000000000000000000
914;1386396.00000000000000000000000000000000000000000000000000
915;1387520.00000000000000000000000000000000000000000000000000
916;1391024.00000000000000000000000000000000000000000000000000
917;1396652.00000000000000000000000000000000000000000000000000
918;1399260.00000000000000000000000000000000000000000000000000
919;1400408.00000000000000000000000000000000000000000000000000
920;1403520.00000000000000000000000000000000000000000000000000
921;1410228.00000000000000000000000000000000000000000000000000
922;1413748.00000000000000000000000000000000000000000000000000
923;1415328.00000000000000000000000000000000000000000000000000
924;1416688.00000000000000000000000000000000000000000000000000
925;1420736.00000000000000000000000000000000000000000000000000
926;1422384.00000000000000000000000000000000000000000000000000
927;1424660.00000000000000000000000000000000000000000000000000
928;1426996.00000000000000000000000000000000000000000000000000
929;1433612.00000000000000000000000000000000000000000000000000
930;1434032.00000000000000000000000000000000000000000000000000
931;1435972.00000000000000000000000000000000000000000000000000
932;1436256.00000000000000000000000000000000000000000000000000
933;1437572.00000000000000000000000000000000000000000000000000
934;1437088.00000000000000000000000000000000000000000000000000
935;1437404.00000000000000000000000000000000000000000000000000
936;1437280.00000000000000000000000000000000000000000000000000
937;1437404.00000000000000000000000000000000000000000000000000
938;1437568.00000000000000000000000000000000000000000000000000
939;1436960.00000000000000000000000000000000000000000000000000
940;1437024.00000000000000000000000000000000000000000000000000
941;1437508.00000000000000000000000000000000000000000000000000
942;1437024.00000000000000000000000000000000000000000000000000
943;1437404.00000000000000000000000000000000000000000000000000
944;1437160.00000000000000000000000000000000000000000000000000
945;1437160.00000000000000000000000000000000000000000000000000
946;1437032.00000000000000000000000000000000000000000000000000
947;1437160.00000000000000000000000000000000000000000000000000
948;1437160.00000000000000000000000000000000000000000000000000
949;1436968.00000000000000000000000000000000000000000000000000
950;1437032.00000000000000000000000000000000000000000000000000
951;1436968.00000000000000000000000000000000000000000000000000
952;1437032.00000000000000000000000000000000000000000000000000
953;1437528.00000000000000000000000000000000000000000000000000
954;1437112.00000000000000000000000000000000000000000000000000
955;1437592.00000000000000000000000000000000000000000000000000
956;1437556.00000000000000000000000000000000000000000000000000
957;1436984.00000000000000000000000000000000000000000000000000
958;1437176.00000000000000000000000000000000000000000000000000
959;1437428.00000000000000000000000000000000000000000000000000
960;1437048.00000000000000000000000000000000000000000000000000
961;1437112.00000000000000000000000000000000000000000000000000
962;1437428.00000000000000000000000000000000000000000000000000
963;1437432.00000000000000000000000000000000000000000000000000
964;1437428.00000000000000000000000000000000000000000000000000
965;1437816.00000000000000000000000000000000000000000000000000
966;1436984.00000000000000000000000000000000000000000000000000
967;1437428.00000000000000000000000000000000000000000000000000
968;1437592.00000000000000000000000000000000000000000000000000
969;1436984.00000000000000000000000000000000000000000000000000
970;1340444.00000000000000000000000000000000000000000000000000
971;1341252.00000000000000000000000000000000000000000000000000
972;1341084.00000000000000000000000000000000000000000000000000
973;1342276.00000000000000000000000000000000000000000000000000
974;1343000.00000000000000000000000000000000000000000000000000
975;1343720.00000000000000000000000000000000000000000000000000
976;1344420.00000000000000000000000000000000000000000000000000
977;1354460.00000000000000000000000000000000000000000000000000
978;1356332.00000000000000000000000000000000000000000000000000
979;1357404.00000000000000000000000000000000000000000000000000
980;1359528.00000000000000000000000000000000000000000000000000
981;1362588.00000000000000000000000000000000000000000000000000
982;1365240.00000000000000000000000000000000000000000000000000
983;1366220.00000000000000000000000000000000000000000000000000
984;1367820.00000000000000000000000000000000000000000000000000
985;1369912.00000000000000000000000000000000000000000000000000
986;1374080.00000000000000000000000000000000000000000000000000
987;1376060.00000000000000000000000000000000000000000000000000
988;1378712.00000000000000000000000000000000000000000000000000
989;1382144.00000000000000000000000000000000000000000000000000
990;1384972.00000000000000000000000000000000000000000000000000
991;1387532.00000000000000000000000000000000000000000000000000
992;1389228.00000000000000000000000000000000000000000000000000
993;1394720.00000000000000000000000000000000000000000000000000
994;1396508.00000000000000000000000000000000000000000000000000
995;1399016.00000000000000000000000000000000000000000000000000
996;1405836.00000000000000000000000000000000000000000000000000
997;1408140.00000000000000000000000000000000000000000000000000
998;1410504.00000000000000000000000000000000000000000000000000
999;1414624.00000000000000000000000000000000000000000000000000
1000;1416672.00000000000000000000000000000000000000000000000000
1001;1418900.00000000000000000000000000000000000000000000000000
1002;1421112.00000000000000000000000000000000000000000000000000
1003;1425688.00000000000000000000000000000000000000000000000000
1004;1428420.00000000000000000000000000000000000000000000000000
1005;1430584.00000000000000000000000000000000000000000000000000
1006;1432852.00000000000000000000000000000000000000000000000000
1007;1437264.00000000000000000000000000000000000000000000000000
1008;1439324.00000000000000000000000000000000000000000000000000
1009;1440868.00000000000000000000000000000000000000000000000000
1010;1442912.00000000000000000000000000000000000000000000000000
1011;1447208.00000000000000000000000000000000000000000000000000
1012;1447888.00000000000000000000000000000000000000000000000000
1013;1451516.00000000000000000000000000000000000000000000000000
1014;1451440.00000000000000000000000000000000000000000000000000
1015;1451568.00000000000000000000000000000000000000000000000000
1016;1451856.00000000000000000000000000000000000000000000000000
1017;1452016.00000000000000000000000000000000000000000000000000
1018;1451472.00000000000000000000000000000000000000000000000000
1019;1451536.00000000000000000000000000000000000000000000000000
1020;1451440.00000000000000000000000000000000000000000000000000
1021;1452016.00000000000000000000000000000000000000000000000000
1022;1451472.00000000000000000000000000000000000000000000000000
1023;1452016.00000000000000000000000000000000000000000000000000
1024;1451536.00000000000000000000000000000000000000000000000000
1025;1452048.00000000000000000000000000000000000000000000000000
1026;1451956.00000000000000000000000000000000000000000000000000
1027;1451956.00000000000000000000000000000000000000000000000000
1028;1452372.00000000000000000000000000000000000000000000000000
1029;1452212.00000000000000000000000000000000000000000000000000
1030;1451860.00000000000000000000000000000000000000000000000000
1031;1451860.00000000000000000000000000000000000000000000000000
1032;1452340.00000000000000000000000000000000000000000000000000
1033;1452372.00000000000000000000000000000000000000000000000000
1034;1451876.00000000000000000000000000000000000000000000000000
1035;1452336.00000000000000000000000000000000000000000000000000
1036;1452368.00000000000000000000000000000000000000000000000000
1037;1452336.00000000000000000000000000000000000000000000000000
1038;1451952.00000000000000000000000000000000000000000000000000
1039;1451920.00000000000000000000000000000000000000000000000000
1040;1451952.00000000000000000000000000000000000000000000000000
1041;1452208.00000000000000000000000000000000000000000000000000
1042;1451856.00000000000000000000000000000000000000000000000000
1043;1451792.00000000000000000000000000000000000000000000000000
1044;1451760.00000000000000000000000000000000000000000000000000
1045;1451952.00000000000000000000000000000000000000000000000000
1046;1453264.00000000000000000000000000000000000000000000000000
1047;1451760.00000000000000000000000000000000000000000000000000
1048;1452208.00000000000000000000000000000000000000000000000000
1049;1451920.00000000000000000000000000000000000000000000000000
1050;1453264.00000000000000000000000000000000000000000000000000
1051;1452368.00000000000000000000000000000000000000000000000000
1052;1451840.00000000000000000000000000000000000000000000000000
1053;1354108.00000000000000000000000000000000000000000000000000
1054;1353764.00000000000000000000000000000000000000000000000000
1055;1354432.00000000000000000000000000000000000000000000000000
1056;1355928.00000000000000000000000000000000000000000000000000
1057;1356800.00000000000000000000000000000000000000000000000000
1058;1357096.00000000000000000000000000000000000000000000000000
1059;1357716.00000000000000000000000000000000000000000000000000
1060;1358076.00000000000000000000000000000000000000000000000000
1061;1358152.00000000000000000000000000000000000000000000000000
1062;1358476.00000000000000000000000000000000000000000000000000
1063;1359948.00000000000000000000000000000000000000000000000000
1064;1362492.00000000000000000000000000000000000000000000000000
1065;1363960.00000000000000000000000000000000000000000000000000
1066;1366152.00000000000000000000000000000000000000000000000000
1067;1367532.00000000000000000000000000000000000000000000000000
1068;1370148.00000000000000000000000000000000000000000000000000
1069;1371028.00000000000000000000000000000000000000000000000000
1070;1373360.00000000000000000000000000000000000000000000000000
1071;1374852.00000000000000000000000000000000000000000000000000
1072;1376524.00000000000000000000000000000000000000000000000000
1073;1377564.00000000000000000000000000000000000000000000000000
1074;1378716.00000000000000000000000000000000000000000000000000
1075;1381652.00000000000000000000000000000000000000000000000000
1076;1383820.00000000000000000000000000000000000000000000000000
1077;1384916.00000000000000000000000000000000000000000000000000
1078;1387432.00000000000000000000000000000000000000000000000000
1079;1388164.00000000000000000000000000000000000000000000000000
1080;1389476.00000000000000000000000000000000000000000000000000
1081;1391748.00000000000000000000000000000000000000000000000000
1082;1393384.00000000000000000000000000000000000000000000000000
1083;1395404.00000000000000000000000000000000000000000000000000
1084;1396584.00000000000000000000000000000000000000000000000000
1085;1399560.00000000000000000000000000000000000000000000000000
1086;1401460.00000000000000000000000000000000000000000000000000
1087;1402724.00000000000000000000000000000000000000000000000000
1088;1403996.00000000000000000000000000000000000000000000000000
1089;1407196.00000000000000000000000000000000000000000000000000
1090;1408636.00000000000000000000000000000000000000000000000000
1091;1410460.00000000000000000000000000000000000000000000000000
1092;1412580.00000000000000000000000000000000000000000000000000
1093;1415864.00000000000000000000000000000000000000000000000000
1094;1417724.00000000000000000000000000000000000000000000000000
1095;1419364.00000000000000000000000000000000000000000000000000
1096;1420416.00000000000000000000000000000000000000000000000000
1097;1422184.00000000000000000000000000000000000000000000000000
1098;1432836.00000000000000000000000000000000000000000000000000
1099;1434920.00000000000000000000000000000000000000000000000000
1100;1436768.00000000000000000000000000000000000000000000000000
1101;1438496.00000000000000000000000000000000000000000000000000
1102;1439540.00000000000000000000000000000000000000000000000000
1103;1441724.00000000000000000000000000000000000000000000000000
1104;1447964.00000000000000000000000000000000000000000000000000
1105;1449084.00000000000000000000000000000000000000000000000000
1106;1450384.00000000000000000000000000000000000000000000000000
1107;1452464.00000000000000000000000000000000000000000000000000
1108;1453340.00000000000000000000000000000000000000000000000000
1109;1455392.00000000000000000000000000000000000000000000000000
1110;1457156.00000000000000000000000000000000000000000000000000
1111;1457080.00000000000000000000000000000000000000000000000000
1112;1457048.00000000000000000000000000000000000000000000000000
1113;1457496.00000000000000000000000000000000000000000000000000
1114;1456920.00000000000000000000000000000000000000000000000000
1115;1456984.00000000000000000000000000000000000000000000000000
1116;1457400.00000000000000000000000000000000000000000000000000
1117;1457176.00000000000000000000000000000000000000000000000000
1118;1457304.00000000000000000000000000000000000000000000000000
1119;1457304.00000000000000000000000000000000000000000000000000
1120;1457176.00000000000000000000000000000000000000000000000000
1121;1458360.00000000000000000000000000000000000000000000000000
1122;1457464.00000000000000000000000000000000000000000000000000
1123;1457304.00000000000000000000000000000000000000000000000000
1124;1457256.00000000000000000000000000000000000000000000000000
1125;1457256.00000000000000000000000000000000000000000000000000
1126;1457608.00000000000000000000000000000000000000000000000000
1127;1457608.00000000000000000000000000000000000000000000000000
1128;1457064.00000000000000000000000000000000000000000000000000
1129;1457612.00000000000000000000000000000000000000000000000000
1130;1457612.00000000000000000000000000000000000000000000000000
1131;1457192.00000000000000000000000000000000000000000000000000
1132;1457064.00000000000000000000000000000000000000000000000000
1133;1458568.00000000000000000000000000000000000000000000000000
1134;1457672.00000000000000000000000000000000000000000000000000
1135;1457676.00000000000000000000000000000000000000000000000000
1136;1457192.00000000000000000000000000000000000000000000000000
1137;1457256.00000000000000000000000000000000000000000000000000
1138;1457704.00000000000000000000000000000000000000000000000000
1139;1457256.00000000000000000000000000000000000000000000000000
1140;1457256.00000000000000000000000000000000000000000000000000
1141;1457676.00000000000000000000000000000000000000000000000000
1142;1457256.00000000000000000000000000000000000000000000000000
1143;1457128.00000000000000000000000000000000000000000000000000
1144;1458568.00000000000000000000000000000000000000000000000000
1145;1457676.00000000000000000000000000000000000000000000000000
1146;1458152.00000000000000000000000000000000000000000000000000
1147;1457612.00000000000000000000000000000000000000000000000000
1148;1458568.00000000000000000000000000000000000000000000000000
1149;1457128.00000000000000000000000000000000000000000000000000
1150;1457672.00000000000000000000000000000000000000000000000000
1151;1457672.00000000000000000000000000000000000000000000000000
1152;1457672.00000000000000000000000000000000000000000000000000
1153;1457384.00000000000000000000000000000000000000000000000000
1154;1358344.00000000000000000000000000000000000000000000000000
1155;1359556.00000000000000000000000000000000000000000000000000
1156;1359100.00000000000000000000000000000000000000000000000000
1157;1359824.00000000000000000000000000000000000000000000000000
1158;1360428.00000000000000000000000000000000000000000000000000
1159;1361116.00000000000000000000000000000000000000000000000000
1160;1361400.00000000000000000000000000000000000000000000000000
1161;1361956.00000000000000000000000000000000000000000000000000
1162;1362200.00000000000000000000000000000000000000000000000000
1163;1362128.00000000000000000000000000000000000000000000000000
1164;1362852.00000000000000000000000000000000000000000000000000
1165;1365052.00000000000000000000000000000000000000000000000000
1166;1366892.00000000000000000000000000000000000000000000000000
1167;1368288.00000000000000000000000000000000000000000000000000
1168;1369812.00000000000000000000000000000000000000000000000000
1169;1372708.00000000000000000000000000000000000000000000000000
1170;1374072.00000000000000000000000000000000000000000000000000
1171;1375836.00000000000000000000000000000000000000000000000000
1172;1377472.00000000000000000000000000000000000000000000000000
1173;1378760.00000000000000000000000000000000000000000000000000
1174;1380240.00000000000000000000000000000000000000000000000000
1175;1381220.00000000000000000000000000000000000000000000000000
1176;1383500.00000000000000000000000000000000000000000000000000
1177;1385104.00000000000000000000000000000000000000000000000000
1178;1386300.00000000000000000000000000000000000000000000000000
1179;1388772.00000000000000000000000000000000000000000000000000
1180;1389480.00000000000000000000000000000000000000000000000000
1181;1390996.00000000000000000000000000000000000000000000000000
1182;1392184.00000000000000000000000000000000000000000000000000
1183;1393548.00000000000000000000000000000000000000000000000000
1184;1395172.00000000000000000000000000000000000000000000000000
1185;1396344.00000000000000000000000000000000000000000000000000
1186;1397704.00000000000000000000000000000000000000000000000000
1187;1398692.00000000000000000000000000000000000000000000000000
1188;1399956.00000000000000000000000000000000000000000000000000
1189;1401196.00000000000000000000000000000000000000000000000000
1190;1404412.00000000000000000000000000000000000000000000000000
1191;1406280.00000000000000000000000000000000000000000000000000
1192;1408732.00000000000000000000000000000000000000000000000000
1193;1409208.00000000000000000000000000000000000000000000000000
1194;1412980.00000000000000000000000000000000000000000000000000
1195;1414752.00000000000000000000000000000000000000000000000000
1196;1416232.00000000000000000000000000000000000000000000000000
1197;1417384.00000000000000000000000000000000000000000000000000
1198;1419232.00000000000000000000000000000000000000000000000000
1199;1428944.00000000000000000000000000000000000000000000000000
1200;1430256.00000000000000000000000000000000000000000000000000
1201;1431880.00000000000000000000000000000000000000000000000000
1202;1434036.00000000000000000000000000000000000000000000000000
1203;1434872.00000000000000000000000000000000000000000000000000
1204;1437452.00000000000000000000000000000000000000000000000000
1205;1443468.00000000000000000000000000000000000000000000000000
1206;1443584.00000000000000000000000000000000000000000000000000
1207;1445068.00000000000000000000000000000000000000000000000000
1208;1446020.00000000000000000000000000000000000000000000000000
1209;1447712.00000000000000000000000000000000000000000000000000
1210;1449940.00000000000000000000000000000000000000000000000000
1211;1454032.00000000000000000000000000000000000000000000000000
1212;1454032.00000000000000000000000000000000000000000000000000
1213;1453356.00000000000000000000000000000000000000000000000000
1214;1454860.00000000000000000000000000000000000000000000000000
1215;1453964.00000000000000000000000000000000000000000000000000
1216;1453968.00000000000000000000000000000000000000000000000000
1217;1453676.00000000000000000000000000000000000000000000000000
1218;1453484.00000000000000000000000000000000000000000000000000
1219;1453356.00000000000000000000000000000000000000000000000000
1220;1453548.00000000000000000000000000000000000000000000000000
1221;1453804.00000000000000000000000000000000000000000000000000
1222;1454860.00000000000000000000000000000000000000000000000000
1223;1453804.00000000000000000000000000000000000000000000000000
1224;1453804.00000000000000000000000000000000000000000000000000
1225;1453968.00000000000000000000000000000000000000000000000000
1226;1453564.00000000000000000000000000000000000000000000000000
1227;1453564.00000000000000000000000000000000000000000000000000
1228;1453436.00000000000000000000000000000000000000000000000000
1229;1453820.00000000000000000000000000000000000000000000000000
1230;1453820.00000000000000000000000000000000000000000000000000
1231;1453372.00000000000000000000000000000000000000000000000000
1232;1453920.00000000000000000000000000000000000000000000000000
1233;1453820.00000000000000000000000000000000000000000000000000
1234;1453500.00000000000000000000000000000000000000000000000000
1235;1453820.00000000000000000000000000000000000000000000000000
1236;1453692.00000000000000000000000000000000000000000000000000
1237;1453916.00000000000000000000000000000000000000000000000000
1238;1453916.00000000000000000000000000000000000000000000000000
1239;1453820.00000000000000000000000000000000000000000000000000
1240;1453564.00000000000000000000000000000000000000000000000000
1241;1453564.00000000000000000000000000000000000000000000000000
1242;1453564.00000000000000000000000000000000000000000000000000
1243;1453564.00000000000000000000000000000000000000000000000000
1244;1453820.00000000000000000000000000000000000000000000000000
1245;1453916.00000000000000000000000000000000000000000000000000
1246;1453916.00000000000000000000000000000000000000000000000000
1247;1453500.00000000000000000000000000000000000000000000000000
1248;1453820.00000000000000000000000000000000000000000000000000
1249;1453820.00000000000000000000000000000000000000000000000000
1250;1453436.00000000000000000000000000000000000000000000000000
1251;1453436.00000000000000000000000000000000000000000000000000
1252;1453692.00000000000000000000000000000000000000000000000000
1253;1453984.00000000000000000000000000000000000000000000000000
1254;1453980.00000000000000000000000000000000000000000000000000
1255;1453500.00000000000000000000000000000000000000000000000000
1256;1453920.00000000000000000000000000000000000000000000000000
1257;1355756.00000000000000000000000000000000000000000000000000
1258;1356080.00000000000000000000000000000000000000000000000000
1259;1356080.00000000000000000000000000000000000000000000000000
1260;1356884.00000000000000000000000000000000000000000000000000
1261;1357616.00000000000000000000000000000000000000000000000000
1262;1358952.00000000000000000000000000000000000000000000000000
1263;1358680.00000000000000000000000000000000000000000000000000
1264;1359064.00000000000000000000000000000000000000000000000000
1265;1359472.00000000000000000000000000000000000000000000000000
1266;1359508.00000000000000000000000000000000000000000000000000
1267;1360008.00000000000000000000000000000000000000000000000000
1268;1362460.00000000000000000000000000000000000000000000000000
1269;1363900.00000000000000000000000000000000000000000000000000
1270;1366520.00000000000000000000000000000000000000000000000000
1271;1368276.00000000000000000000000000000000000000000000000000
1272;1369360.00000000000000000000000000000000000000000000000000
1273;1371504.00000000000000000000000000000000000000000000000000
1274;1372588.00000000000000000000000000000000000000000000000000
1275;1373936.00000000000000000000000000000000000000000000000000
1276;1375732.00000000000000000000000000000000000000000000000000
1277;1377520.00000000000000000000000000000000000000000000000000
1278;1380080.00000000000000000000000000000000000000000000000000
1279;1381344.00000000000000000000000000000000000000000000000000
1280;1382308.00000000000000000000000000000000000000000000000000
1281;1386404.00000000000000000000000000000000000000000000000000
1282;1388008.00000000000000000000000000000000000000000000000000
1283;1388636.00000000000000000000000000000000000000000000000000
1284;1391320.00000000000000000000000000000000000000000000000000
1285;1392420.00000000000000000000000000000000000000000000000000
1286;1393468.00000000000000000000000000000000000000000000000000
1287;1395204.00000000000000000000000000000000000000000000000000
1288;1397308.00000000000000000000000000000000000000000000000000
1289;1398756.00000000000000000000000000000000000000000000000000
1290;1399944.00000000000000000000000000000000000000000000000000
1291;1401752.00000000000000000000000000000000000000000000000000
1292;1405168.00000000000000000000000000000000000000000000000000
1293;1406760.00000000000000000000000000000000000000000000000000
1294;1407788.00000000000000000000000000000000000000000000000000
1295;1409864.00000000000000000000000000000000000000000000000000
1296;1413076.00000000000000000000000000000000000000000000000000
1297;1416016.00000000000000000000000000000000000000000000000000
1298;1417872.00000000000000000000000000000000000000000000000000
1299;1419548.00000000000000000000000000000000000000000000000000
1300;1421392.00000000000000000000000000000000000000000000000000
1301;1431876.00000000000000000000000000000000000000000000000000
1302;1433476.00000000000000000000000000000000000000000000000000
1303;1435804.00000000000000000000000000000000000000000000000000
1304;1436560.00000000000000000000000000000000000000000000000000
1305;1439236.00000000000000000000000000000000000000000000000000
1306;1444456.00000000000000000000000000000000000000000000000000
1307;1446164.00000000000000000000000000000000000000000000000000
1308;1447576.00000000000000000000000000000000000000000000000000
1309;1448760.00000000000000000000000000000000000000000000000000
1310;1450672.00000000000000000000000000000000000000000000000000
1311;1452432.00000000000000000000000000000000000000000000000000
1312;1453136.00000000000000000000000000000000000000000000000000
1313;1456904.00000000000000000000000000000000000000000000000000
1314;1456904.00000000000000000000000000000000000000000000000000
1315;1456992.00000000000000000000000000000000000000000000000000
1316;1457024.00000000000000000000000000000000000000000000000000
1317;1456928.00000000000000000000000000000000000000000000000000
1318;1457248.00000000000000000000000000000000000000000000000000
1319;1457056.00000000000000000000000000000000000000000000000000
1320;1457184.00000000000000000000000000000000000000000000000000
1321;1457472.00000000000000000000000000000000000000000000000000
1322;1457472.00000000000000000000000000000000000000000000000000
1323;1457472.00000000000000000000000000000000000000000000000000
1324;1456896.00000000000000000000000000000000000000000000000000
1325;1457024.00000000000000000000000000000000000000000000000000
1326;1457280.00000000000000000000000000000000000000000000000000
1327;1457024.00000000000000000000000000000000000000000000000000
1328;1457088.00000000000000000000000000000000000000000000000000
1329;1457088.00000000000000000000000000000000000000000000000000
1330;1456896.00000000000000000000000000000000000000000000000000
1331;1457312.00000000000000000000000000000000000000000000000000
1332;1457056.00000000000000000000000000000000000000000000000000
1333;1457344.00000000000000000000000000000000000000000000000000
1334;1457184.00000000000000000000000000000000000000000000000000
1335;1457472.00000000000000000000000000000000000000000000000000
1336;1457472.00000000000000000000000000000000000000000000000000
1337;1457312.00000000000000000000000000000000000000000000000000
1338;1456896.00000000000000000000000000000000000000000000000000
1339;1456896.00000000000000000000000000000000000000000000000000
1340;1457856.00000000000000000000000000000000000000000000000000
1341;1456928.00000000000000000000000000000000000000000000000000
1342;1457312.00000000000000000000000000000000000000000000000000
1343;1457280.00000000000000000000000000000000000000000000000000
1344;1457312.00000000000000000000000000000000000000000000000000
1345;1457296.00000000000000000000000000000000000000000000000000
1346;1457104.00000000000000000000000000000000000000000000000000
1347;1457136.00000000000000000000000000000000000000000000000000
1348;1457264.00000000000000000000000000000000000000000000000000
1349;1457296.00000000000000000000000000000000000000000000000000
1350;1457392.00000000000000000000000000000000000000000000000000
1351;1457808.00000000000000000000000000000000000000000000000000
1352;1457680.00000000000000000000000000000000000000000000000000
1353;1457680.00000000000000000000000000000000000000000000000000
1354;1457680.00000000000000000000000000000000000000000000000000
1355;1457104.00000000000000000000000000000000000000000000000000
1356;1457680.00000000000000000000000000000000000000000000000000
1357;1457264.00000000000000000000000000000000000000000000000000
1358;1457232.00000000000000000000000000000000000000000000000000
1359;1457264.00000000000000000000000000000000000000000000000000
1360;1457296.00000000000000000000000000000000000000000000000000
1361;1457104.00000000000000000000000000000000000000000000000000
1362;1354168.00000000000000000000000000000000000000000000000000
1363;1354036.00000000000000000000000000000000000000000000000000
1364;1353668.00000000000000000000000000000000000000000000000000
1365;1354188.00000000000000000000000000000000000000000000000000
1366;1355864.00000000000000000000000000000000000000000000000000
1367;1356032.00000000000000000000000000000000000000000000000000
1368;1357184.00000000000000000000000000000000000000000000000000
1369;1357516.00000000000000000000000000000000000000000000000000
1370;1357652.00000000000000000000000000000000000000000000000000
1371;1357900.00000000000000000000000000000000000000000000000000
1372;1358496.00000000000000000000000000000000000000000000000000
1373;1358476.00000000000000000000000000000000000000000000000000
1374;1361232.00000000000000000000000000000000000000000000000000
1375;1362476.00000000000000000000000000000000000000000000000000
1376;1364612.00000000000000000000000000000000000000000000000000
1377;1367012.00000000000000000000000000000000000000000000000000
1378;1367816.00000000000000000000000000000000000000000000000000
1379;1369736.00000000000000000000000000000000000000000000000000
1380;1371784.00000000000000000000000000000000000000000000000000
1381;1372656.00000000000000000000000000000000000000000000000000
1382;1374388.00000000000000000000000000000000000000000000000000
1383;1374764.00000000000000000000000000000000000000000000000000
1384;1376280.00000000000000000000000000000000000000000000000000
1385;1379104.00000000000000000000000000000000000000000000000000
1386;1380312.00000000000000000000000000000000000000000000000000
1387;1382112.00000000000000000000000000000000000000000000000000
1388;1384312.00000000000000000000000000000000000000000000000000
1389;1385268.00000000000000000000000000000000000000000000000000
1390;1386764.00000000000000000000000000000000000000000000000000
1391;1389136.00000000000000000000000000000000000000000000000000
1392;1389472.00000000000000000000000000000000000000000000000000
1393;1390600.00000000000000000000000000000000000000000000000000
1394;1392260.00000000000000000000000000000000000000000000000000
1395;1393896.00000000000000000000000000000000000000000000000000
1396;1395568.00000000000000000000000000000000000000000000000000
1397;1396944.00000000000000000000000000000000000000000000000000
1398;1398400.00000000000000000000000000000000000000000000000000
1399;1402392.00000000000000000000000000000000000000000000000000
1400;1404548.00000000000000000000000000000000000000000000000000
1401;1405996.00000000000000000000000000000000000000000000000000
1402;1408088.00000000000000000000000000000000000000000000000000
1403;1409488.00000000000000000000000000000000000000000000000000
1404;1412988.00000000000000000000000000000000000000000000000000
1405;1414944.00000000000000000000000000000000000000000000000000
1406;1416672.00000000000000000000000000000000000000000000000000
1407;1418676.00000000000000000000000000000000000000000000000000
1408;1421012.00000000000000000000000000000000000000000000000000
1409;1431640.00000000000000000000000000000000000000000000000000
1410;1433032.00000000000000000000000000000000000000000000000000
1411;1435608.00000000000000000000000000000000000000000000000000
1412;1437872.00000000000000000000000000000000000000000000000000
1413;1437972.00000000000000000000000000000000000000000000000000
1414;1440344.00000000000000000000000000000000000000000000000000
1415;1446092.00000000000000000000000000000000000000000000000000
1416;1447264.00000000000000000000000000000000000000000000000000
1417;1448112.00000000000000000000000000000000000000000000000000
1418;1449368.00000000000000000000000000000000000000000000000000
1419;1451668.00000000000000000000000000000000000000000000000000
1420;1454184.00000000000000000000000000000000000000000000000000
1421;1454184.00000000000000000000000000000000000000000000000000
1422;1454408.00000000000000000000000000000000000000000000000000
1423;1454824.00000000000000000000000000000000000000000000000000
1424;1454824.00000000000000000000000000000000000000000000000000
1425;1454344.00000000000000000000000000000000000000000000000000
1426;1454828.00000000000000000000000000000000000000000000000000
1427;1454280.00000000000000000000000000000000000000000000000000
1428;1454824.00000000000000000000000000000000000000000000000000
1429;1454664.00000000000000000000000000000000000000000000000000
1430;1454536.00000000000000000000000000000000000000000000000000
1431;1454408.00000000000000000000000000000000000000000000000000
1432;1454824.00000000000000000000000000000000000000000000000000
1433;1455784.00000000000000000000000000000000000000000000000000
1434;1454692.00000000000000000000000000000000000000000000000000
1435;1454448.00000000000000000000000000000000000000000000000000
1436;1454448.00000000000000000000000000000000000000000000000000
1437;1454288.00000000000000000000000000000000000000000000000000
1438;1454388.00000000000000000000000000000000000000000000000000
1439;1454832.00000000000000000000000000000000000000000000000000
1440;1454256.00000000000000000000000000000000000000000000000000
1441;1454832.00000000000000000000000000000000000000000000000000
1442;1454288.00000000000000000000000000000000000000000000000000
1443;1454832.00000000000000000000000000000000000000000000000000
1444;1454544.00000000000000000000000000000000000000000000000000
1445;1454544.00000000000000000000000000000000000000000000000000
1446;1455728.00000000000000000000000000000000000000000000000000
1447;1455728.00000000000000000000000000000000000000000000000000
1448;1454836.00000000000000000000000000000000000000000000000000
1449;1454700.00000000000000000000000000000000000000000000000000
1450;1454448.00000000000000000000000000000000000000000000000000
1451;1454388.00000000000000000000000000000000000000000000000000
1452;1454832.00000000000000000000000000000000000000000000000000
1453;1454832.00000000000000000000000000000000000000000000000000
1454;1454352.00000000000000000000000000000000000000000000000000
1455;1454416.00000000000000000000000000000000000000000000000000
1456;1454672.00000000000000000000000000000000000000000000000000
1457;1454832.00000000000000000000000000000000000000000000000000
1458;1454816.00000000000000000000000000000000000000000000000000
1459;1454832.00000000000000000000000000000000000000000000000000
1460;1454544.00000000000000000000000000000000000000000000000000
1461;1454256.00000000000000000000000000000000000000000000000000
1462;1454256.00000000000000000000000000000000000000000000000000
1463;1454832.00000000000000000000000000000000000000000000000000
1464;1454388.00000000000000000000000000000000000000000000000000
1465;1445680.00000000000000000000000000000000000000000000000000
1466;1445696.00000000000000000000000000000000000000000000000000
1467;1445760.00000000000000000000000000000000000000000000000000
1468;1445824.00000000000000000000000000000000000000000000000000
1469;1446452.00000000000000000000000000000000000000000000000000
1470;1446304.00000000000000000000000000000000000000000000000000
1471;1445944.00000000000000000000000000000000000000000000000000
1472;1445936.00000000000000000000000000000000000000000000000000
1473;1446352.00000000000000000000000000000000000000000000000000
1474;1446004.00000000000000000000000000000000000000000000000000
1475;1446424.00000000000000000000000000000000000000000000000000
1476;1446048.00000000000000000000000000000000000000000000000000
1477;1446048.00000000000000000000000000000000000000000000000000
1478;1446504.00000000000000000000000000000000000000000000000000
1479;1446700.00000000000000000000000000000000000000000000000000
1480;1446376.00000000000000000000000000000000000000000000000000
1481;1446416.00000000000000000000000000000000000000000000000000
1482;1446712.00000000000000000000000000000000000000000000000000
1483;1446688.00000000000000000000000000000000000000000000000000
1484;1447020.00000000000000000000000000000000000000000000000000
1485;1447028.00000000000000000000000000000000000000000000000000
1486;1447252.00000000000000000000000000000000000000000000000000
1487;1447188.00000000000000000000000000000000000000000000000000
1488;1447136.00000000000000000000000000000000000000000000000000
1489;1446916.00000000000000000000000000000000000000000000000000
1490;1447336.00000000000000000000000000000000000000000000000000
1491;1447040.00000000000000000000000000000000000000000000000000
1492;1447072.00000000000000000000000000000000000000000000000000
1493;1447308.00000000000000000000000000000000000000000000000000
1494;1447728.00000000000000000000000000000000000000000000000000
1495;1447800.00000000000000000000000000000000000000000000000000
1496;1447876.00000000000000000000000000000000000000000000000000
1497;1447960.00000000000000000000000000000000000000000000000000
1498;1448332.00000000000000000000000000000000000000000000000000
1499;1448040.00000000000000000000000000000000000000000000000000
1500;1447840.00000000000000000000000000000000000000000000000000
1501;1448300.00000000000000000000000000000000000000000000000000
1502;1448836.00000000000000000000000000000000000000000000000000
1503;1448952.00000000000000000000000000000000000000000000000000
1504;1449008.00000000000000000000000000000000000000000000000000
1505;1449336.00000000000000000000000000000000000000000000000000
1506;1449372.00000000000000000000000000000000000000000000000000
1507;1449348.00000000000000000000000000000000000000000000000000
1508;1449776.00000000000000000000000000000000000000000000000000
1509;1449728.00000000000000000000000000000000000000000000000000
1510;1449988.00000000000000000000000000000000000000000000000000
1511;1449688.00000000000000000000000000000000000000000000000000
1512;1450216.00000000000000000000000000000000000000000000000000
1513;1450780.00000000000000000000000000000000000000000000000000
1514;1454008.00000000000000000000000000000000000000000000000000
1515;1461096.00000000000000000000000000000000000000000000000000
1516;1461056.00000000000000000000000000000000000000000000000000
1517;1462800.00000000000000000000000000000000000000000000000000
1518;1462676.00000000000000000000000000000000000000000000000000
1519;1462580.00000000000000000000000000000000000000000000000000
1520;1462512.00000000000000000000000000000000000000000000000000
1521;1463056.00000000000000000000000000000000000000000000000000
1522;1463088.00000000000000000000000000000000000000000000000000
1523;1463056.00000000000000000000000000000000000000000000000000
1524;1463088.00000000000000000000000000000000000000000000000000
1525;1463056.00000000000000000000000000000000000000000000000000
1526;1463088.00000000000000000000000000000000000000000000000000
1527;1462480.00000000000000000000000000000000000000000000000000
1528;1462512.00000000000000000000000000000000000000000000000000
1529;1462924.00000000000000000000000000000000000000000000000000
1530;1462672.00000000000000000000000000000000000000000000000000
1531;1462892.00000000000000000000000000000000000000000000000000
1532;1462924.00000000000000000000000000000000000000000000000000
1533;1463088.00000000000000000000000000000000000000000000000000
1534;1462480.00000000000000000000000000000000000000000000000000
1535;1462612.00000000000000000000000000000000000000000000000000
1536;1463600.00000000000000000000000000000000000000000000000000
1537;1463056.00000000000000000000000000000000000000000000000000
1538;1462672.00000000000000000000000000000000000000000000000000
1539;1462640.00000000000000000000000000000000000000000000000000
1540;1463088.00000000000000000000000000000000000000000000000000
1541;1463056.00000000000000000000000000000000000000000000000000
1542;1462672.00000000000000000000000000000000000000000000000000
1543;1462672.00000000000000000000000000000000000000000000000000
1544;1462512.00000000000000000000000000000000000000000000000000
1545;1462640.00000000000000000000000000000000000000000000000000
1546;1462924.00000000000000000000000000000000000000000000000000
1547;1463088.00000000000000000000000000000000000000000000000000
1548;1462480.00000000000000000000000000000000000000000000000000
1549;1462764.00000000000000000000000000000000000000000000000000
1550;1463088.00000000000000000000000000000000000000000000000000
1551;1463056.00000000000000000000000000000000000000000000000000
1552;1462672.00000000000000000000000000000000000000000000000000
1553;1462480.00000000000000000000000000000000000000000000000000
1554;1462924.00000000000000000000000000000000000000000000000000
1555;1447272.00000000000000000000000000000000000000000000000000
1556;1447124.00000000000000000000000000000000000000000000000000
1557;1446568.00000000000000000000000000000000000000000000000000
1558;1446460.00000000000000000000000000000000000000000000000000
1559;1446460.00000000000000000000000000000000000000000000000000
1560;1446588.00000000000000000000000000000000000000000000000000
1561;1446624.00000000000000000000000000000000000000000000000000
1562;1446792.00000000000000000000000000000000000000000000000000
1563;1446600.00000000000000000000000000000000000000000000000000
1564;1446712.00000000000000000000000000000000000000000000000000
1565;1446476.00000000000000000000000000000000000000000000000000
1566;1446644.00000000000000000000000000000000000000000000000000
1567;1446848.00000000000000000000000000000000000000000000000000
1568;1446868.00000000000000000000000000000000000000000000000000
1569;1447092.00000000000000000000000000000000000000000000000000
1570;1446784.00000000000000000000000000000000000000000000000000
1571;1447176.00000000000000000000000000000000000000000000000000
1572;1447072.00000000000000000000000000000000000000000000000000
1573;1447052.00000000000000000000000000000000000000000000000000
1574;1447108.00000000000000000000000000000000000000000000000000
1575;1446776.00000000000000000000000000000000000000000000000000
1576;1446792.00000000000000000000000000000000000000000000000000
1577;1447304.00000000000000000000000000000000000000000000000000
1578;1447224.00000000000000000000000000000000000000000000000000
1579;1447404.00000000000000000000000000000000000000000000000000
1580;1446972.00000000000000000000000000000000000000000000000000
1581;1447276.00000000000000000000000000000000000000000000000000
1582;1447272.00000000000000000000000000000000000000000000000000
1583;1447412.00000000000000000000000000000000000000000000000000
1584;1447832.00000000000000000000000000000000000000000000000000
1585;1447532.00000000000000000000000000000000000000000000000000
1586;1447224.00000000000000000000000000000000000000000000000000
1587;1447560.00000000000000000000000000000000000000000000000000
1588;1447548.00000000000000000000000000000000000000000000000000
1589;1447652.00000000000000000000000000000000000000000000000000
1590;1448168.00000000000000000000000000000000000000000000000000
1591;1447728.00000000000000000000000000000000000000000000000000
1592;1447784.00000000000000000000000000000000000000000000000000
1593;1447756.00000000000000000000000000000000000000000000000000
1594;1448144.00000000000000000000000000000000000000000000000000
1595;1448108.00000000000000000000000000000000000000000000000000
1596;1448108.00000000000000000000000000000000000000000000000000
1597;1449800.00000000000000000000000000000000000000000000000000
1598;1451648.00000000000000000000000000000000000000000000000000
1599;1452868.00000000000000000000000000000000000000000000000000
1600;1460228.00000000000000000000000000000000000000000000000000
1601;1461200.00000000000000000000000000000000000000000000000000
1602;1461784.00000000000000000000000000000000000000000000000000
1603;1461620.00000000000000000000000000000000000000000000000000
1604;1461172.00000000000000000000000000000000000000000000000000
1605;1461876.00000000000000000000000000000000000000000000000000
1606;1462676.00000000000000000000000000000000000000000000000000
1607;1462676.00000000000000000000000000000000000000000000000000
1608;1461364.00000000000000000000000000000000000000000000000000
1609;1461780.00000000000000000000000000000000000000000000000000
1610;1461720.00000000000000000000000000000000000000000000000000
1611;1461236.00000000000000000000000000000000000000000000000000
1612;1461172.00000000000000000000000000000000000000000000000000
1613;1461392.00000000000000000000000000000000000000000000000000
1614;1461392.00000000000000000000000000000000000000000000000000
1615;1462704.00000000000000000000000000000000000000000000000000
1616;1462704.00000000000000000000000000000000000000000000000000
1617;1461520.00000000000000000000000000000000000000000000000000
1618;1461392.00000000000000000000000000000000000000000000000000
1619;1461328.00000000000000000000000000000000000000000000000000
1620;1461328.00000000000000000000000000000000000000000000000000
1621;1461328.00000000000000000000000000000000000000000000000000
1622;1461328.00000000000000000000000000000000000000000000000000
1623;1461392.00000000000000000000000000000000000000000000000000
1624;1461328.00000000000000000000000000000000000000000000000000
1625;1461328.00000000000000000000000000000000000000000000000000
1626;1461392.00000000000000000000000000000000000000000000000000
1627;1461392.00000000000000000000000000000000000000000000000000
1628;1461200.00000000000000000000000000000000000000000000000000
1629;1461264.00000000000000000000000000000000000000000000000000
1630;1461328.00000000000000000000000000000000000000000000000000
1631;1461584.00000000000000000000000000000000000000000000000000
1632;1461520.00000000000000000000000000000000000000000000000000
1633;1462704.00000000000000000000000000000000000000000000000000
1634;1461648.00000000000000000000000000000000000000000000000000
1635;1461264.00000000000000000000000000000000000000000000000000
1636;1461744.00000000000000000000000000000000000000000000000000
1637;1462704.00000000000000000000000000000000000000000000000000
1638;1461328.00000000000000000000000000000000000000000000000000
1639;1363484.00000000000000000000000000000000000000000000000000
1640;1363532.00000000000000000000000000000000000000000000000000
1641;1363696.00000000000000000000000000000000000000000000000000
1642;1365136.00000000000000000000000000000000000000000000000000
1643;1366304.00000000000000000000000000000000000000000000000000
1644;1366948.00000000000000000000000000000000000000000000000000
1645;1367412.00000000000000000000000000000000000000000000000000
1646;1367236.00000000000000000000000000000000000000000000000000
1647;1368488.00000000000000000000000000000000000000000000000000
1648;1370604.00000000000000000000000000000000000000000000000000
1649;1372312.00000000000000000000000000000000000000000000000000
1650;1374808.00000000000000000000000000000000000000000000000000
1651;1377088.00000000000000000000000000000000000000000000000000
1652;1379108.00000000000000000000000000000000000000000000000000
1653;1381708.00000000000000000000000000000000000000000000000000
1654;1384468.00000000000000000000000000000000000000000000000000
1655;1386272.00000000000000000000000000000000000000000000000000
1656;1387856.00000000000000000000000000000000000000000000000000
1657;1391012.00000000000000000000000000000000000000000000000000
1658;1392608.00000000000000000000000000000000000000000000000000
1659;1396024.00000000000000000000000000000000000000000000000000
1660;1398772.00000000000000000000000000000000000000000000000000
1661;1400828.00000000000000000000000000000000000000000000000000
1662;1403596.00000000000000000000000000000000000000000000000000
1663;1405608.00000000000000000000000000000000000000000000000000
1664;1408048.00000000000000000000000000000000000000000000000000
1665;1409968.00000000000000000000000000000000000000000000000000
1666;1411940.00000000000000000000000000000000000000000000000000
1667;1417416.00000000000000000000000000000000000000000000000000
1668;1419124.00000000000000000000000000000000000000000000000000
1669;1421628.00000000000000000000000000000000000000000000000000
1670;1424368.00000000000000000000000000000000000000000000000000
1671;1435032.00000000000000000000000000000000000000000000000000
1672;1436812.00000000000000000000000000000000000000000000000000
1673;1439528.00000000000000000000000000000000000000000000000000
1674;1441048.00000000000000000000000000000000000000000000000000
1675;1447412.00000000000000000000000000000000000000000000000000
1676;1447452.00000000000000000000000000000000000000000000000000
1677;1448212.00000000000000000000000000000000000000000000000000
1678;1450024.00000000000000000000000000000000000000000000000000
1679;1452696.00000000000000000000000000000000000000000000000000
1680;1457624.00000000000000000000000000000000000000000000000000
1681;1458136.00000000000000000000000000000000000000000000000000
1682;1460152.00000000000000000000000000000000000000000000000000
1683;1460152.00000000000000000000000000000000000000000000000000
1684;1460376.00000000000000000000000000000000000000000000000000
1685;1460244.00000000000000000000000000000000000000000000000000
1686;1460308.00000000000000000000000000000000000000000000000000
1687;1460376.00000000000000000000000000000000000000000000000000
1688;1460884.00000000000000000000000000000000000000000000000000
1689;1460820.00000000000000000000000000000000000000000000000000
1690;1460436.00000000000000000000000000000000000000000000000000
1691;1460692.00000000000000000000000000000000000000000000000000
1692;1460688.00000000000000000000000000000000000000000000000000
1693;1460884.00000000000000000000000000000000000000000000000000
1694;1460688.00000000000000000000000000000000000000000000000000
1695;1460436.00000000000000000000000000000000000000000000000000
1696;1460688.00000000000000000000000000000000000000000000000000
1697;1461780.00000000000000000000000000000000000000000000000000
1698;1460820.00000000000000000000000000000000000000000000000000
1699;1460308.00000000000000000000000000000000000000000000000000
1700;1460612.00000000000000000000000000000000000000000000000000
1701;1460684.00000000000000000000000000000000000000000000000000
1702;1460880.00000000000000000000000000000000000000000000000000
1703;1460240.00000000000000000000000000000000000000000000000000
1704;1460372.00000000000000000000000000000000000000000000000000
1705;1460816.00000000000000000000000000000000000000000000000000
1706;1460368.00000000000000000000000000000000000000000000000000
1707;1460372.00000000000000000000000000000000000000000000000000
1708;1460432.00000000000000000000000000000000000000000000000000
1709;1460880.00000000000000000000000000000000000000000000000000
1710;1460816.00000000000000000000000000000000000000000000000000
1711;1460880.00000000000000000000000000000000000000000000000000
1712;1460816.00000000000000000000000000000000000000000000000000
1713;1460304.00000000000000000000000000000000000000000000000000
1714;1460240.00000000000000000000000000000000000000000000000000
1715;1460880.00000000000000000000000000000000000000000000000000
1716;1460372.00000000000000000000000000000000000000000000000000
1717;1460560.00000000000000000000000000000000000000000000000000
1718;1461392.00000000000000000000000000000000000000000000000000
1719;1460880.00000000000000000000000000000000000000000000000000
1720;1460816.00000000000000000000000000000000000000000000000000
1721;1452944.00000000000000000000000000000000000000000000000000
1722;1452940.00000000000000000000000000000000000000000000000000
1723;1452676.00000000000000000000000000000000000000000000000000
1724;1453416.00000000000000000000000000000000000000000000000000
1725;1453188.00000000000000000000000000000000000000000000000000
1726;1453408.00000000000000000000000000000000000000000000000000
1727;1453464.00000000000000000000000000000000000000000000000000
1728;1453280.00000000000000000000000000000000000000000000000000
1729;1453904.00000000000000000000000000000000000000000000000000
1730;1453448.00000000000000000000000000000000000000000000000000
1731;1453512.00000000000000000000000000000000000000000000000000
1732;1453564.00000000000000000000000000000000000000000000000000
1733;1453648.00000000000000000000000000000000000000000000000000
1734;1453804.00000000000000000000000000000000000000000000000000
1735;1453872.00000000000000000000000000000000000000000000000000
1736;1453748.00000000000000000000000000000000000000000000000000
1737;1453432.00000000000000000000000000000000000000000000000000
1738;1453632.00000000000000000000000000000000000000000000000000
1739;1453652.00000000000000000000000000000000000000000000000000
1740;1454204.00000000000000000000000000000000000000000000000000
1741;1453696.00000000000000000000000000000000000000000000000000
1742;1453940.00000000000000000000000000000000000000000000000000
1743;1453812.00000000000000000000000000000000000000000000000000
1744;1453744.00000000000000000000000000000000000000000000000000
1745;1453728.00000000000000000000000000000000000000000000000000
1746;1454104.00000000000000000000000000000000000000000000000000
1747;1453844.00000000000000000000000000000000000000000000000000
1748;1454068.00000000000000000000000000000000000000000000000000
1749;1454440.00000000000000000000000000000000000000000000000000
1750;1453860.00000000000000000000000000000000000000000000000000
1751;1454360.00000000000000000000000000000000000000000000000000
1752;1454564.00000000000000000000000000000000000000000000000000
1753;1454336.00000000000000000000000000000000000000000000000000
1754;1454480.00000000000000000000000000000000000000000000000000
1755;1454904.00000000000000000000000000000000000000000000000000
1756;1455268.00000000000000000000000000000000000000000000000000
1757;1455372.00000000000000000000000000000000000000000000000000
1758;1455612.00000000000000000000000000000000000000000000000000
1759;1455388.00000000000000000000000000000000000000000000000000
1760;1455776.00000000000000000000000000000000000000000000000000
1761;1455800.00000000000000000000000000000000000000000000000000
1762;1456156.00000000000000000000000000000000000000000000000000
1763;1455824.00000000000000000000000000000000000000000000000000
1764;1455836.00000000000000000000000000000000000000000000000000
1765;1456444.00000000000000000000000000000000000000000000000000
1766;1457924.00000000000000000000000000000000000000000000000000
1767;1458772.00000000000000000000000000000000000000000000000000
1768;1458944.00000000000000000000000000000000000000000000000000
1769;1460104.00000000000000000000000000000000000000000000000000
1770;1461184.00000000000000000000000000000000000000000000000000
1771;1463892.00000000000000000000000000000000000000000000000000
1772;1463892.00000000000000000000000000000000000000000000000000
1773;1463452.00000000000000000000000000000000000000000000000000
1774;1463516.00000000000000000000000000000000000000000000000000
1775;1463772.00000000000000000000000000000000000000000000000000
1776;1463516.00000000000000000000000000000000000000000000000000
1777;1463964.00000000000000000000000000000000000000000000000000
1778;1463452.00000000000000000000000000000000000000000000000000
1779;1463324.00000000000000000000000000000000000000000000000000
1780;1463456.00000000000000000000000000000000000000000000000000
1781;1464476.00000000000000000000000000000000000000000000000000
1782;1463452.00000000000000000000000000000000000000000000000000
1783;1463772.00000000000000000000000000000000000000000000000000
1784;1464412.00000000000000000000000000000000000000000000000000
1785;1463540.00000000000000000000000000000000000000000000000000
1786;1463540.00000000000000000000000000000000000000000000000000
1787;1463476.00000000000000000000000000000000000000000000000000
1788;1464884.00000000000000000000000000000000000000000000000000
1789;1463540.00000000000000000000000000000000000000000000000000
1790;1463988.00000000000000000000000000000000000000000000000000
1791;1463480.00000000000000000000000000000000000000000000000000
1792;1463924.00000000000000000000000000000000000000000000000000
1793;1463736.00000000000000000000000000000000000000000000000000
1794;1463476.00000000000000000000000000000000000000000000000000
1795;1463664.00000000000000000000000000000000000000000000000000
1796;1463924.00000000000000000000000000000000000000000000000000
1797;1463540.00000000000000000000000000000000000000000000000000
1798;1463540.00000000000000000000000000000000000000000000000000
1799;1463540.00000000000000000000000000000000000000000000000000
1800;1463924.00000000000000000000000000000000000000000000000000
1801;1463540.00000000000000000000000000000000000000000000000000
1802;1463988.00000000000000000000000000000000000000000000000000
1803;1463924.00000000000000000000000000000000000000000000000000
1804;1464500.00000000000000000000000000000000000000000000000000
1805;1463924.00000000000000000000000000000000000000000000000000
1806;1463540.00000000000000000000000000000000000000000000000000
1807;1464432.00000000000000000000000000000000000000000000000000
1808;1463348.00000000000000000000000000000000000000000000000000
1809;1463476.00000000000000000000000000000000000000000000000000
1810;1458800.00000000000000000000000000000000000000000000000000
1811;1458844.00000000000000000000000000000000000000000000000000
1812;1458012.00000000000000000000000000000000000000000000000000
1813;1458236.00000000000000000000000000000000000000000000000000
1814;1458144.00000000000000000000000000000000000000000000000000
1815;1458156.00000000000000000000000000000000000000000000000000
1816;1458272.00000000000000000000000000000000000000000000000000
1817;1458268.00000000000000000000000000000000000000000000000000
1818;1458340.00000000000000000000000000000000000000000000000000
1819;1458360.00000000000000000000000000000000000000000000000000
1820;1458436.00000000000000000000000000000000000000000000000000
1821;1458528.00000000000000000000000000000000000000000000000000
1822;1458440.00000000000000000000000000000000000000000000000000
1823;1458468.00000000000000000000000000000000000000000000000000
1824;1458508.00000000000000000000000000000000000000000000000000
1825;1458352.00000000000000000000000000000000000000000000000000
1826;1458364.00000000000000000000000000000000000000000000000000
1827;1458428.00000000000000000000000000000000000000000000000000
1828;1458504.00000000000000000000000000000000000000000000000000
1829;1458688.00000000000000000000000000000000000000000000000000
1830;1458308.00000000000000000000000000000000000000000000000000
1831;1458404.00000000000000000000000000000000000000000000000000
1832;1458404.00000000000000000000000000000000000000000000000000
1833;1458428.00000000000000000000000000000000000000000000000000
1834;1458256.00000000000000000000000000000000000000000000000000
1835;1458364.00000000000000000000000000000000000000000000000000
1836;1458300.00000000000000000000000000000000000000000000000000
1837;1458428.00000000000000000000000000000000000000000000000000
1838;1458520.00000000000000000000000000000000000000000000000000
1839;1458476.00000000000000000000000000000000000000000000000000
1840;1458480.00000000000000000000000000000000000000000000000000
1841;1458692.00000000000000000000000000000000000000000000000000
1842;1458400.00000000000000000000000000000000000000000000000000
1843;1458596.00000000000000000000000000000000000000000000000000
1844;1458712.00000000000000000000000000000000000000000000000000
1845;1458752.00000000000000000000000000000000000000000000000000
1846;1458924.00000000000000000000000000000000000000000000000000
1847;1459056.00000000000000000000000000000000000000000000000000
1848;1459072.00000000000000000000000000000000000000000000000000
1849;1459152.00000000000000000000000000000000000000000000000000
1850;1458944.00000000000000000000000000000000000000000000000000
1851;1458848.00000000000000000000000000000000000000000000000000
1852;1459508.00000000000000000000000000000000000000000000000000
1853;1461976.00000000000000000000000000000000000000000000000000
1854;1468516.00000000000000000000000000000000000000000000000000
1855;1468568.00000000000000000000000000000000000000000000000000
1856;1468760.00000000000000000000000000000000000000000000000000
1857;1469144.00000000000000000000000000000000000000000000000000
1858;1469112.00000000000000000000000000000000000000000000000000
1859;1469016.00000000000000000000000000000000000000000000000000
1860;1468668.00000000000000000000000000000000000000000000000000
1861;1468760.00000000000000000000000000000000000000000000000000
1862;1468668.00000000000000000000000000000000000000000000000000
1863;1468760.00000000000000000000000000000000000000000000000000
1864;1469116.00000000000000000000000000000000000000000000000000
1865;1468600.00000000000000000000000000000000000000000000000000
1866;1468764.00000000000000000000000000000000000000000000000000
1867;1468764.00000000000000000000000000000000000000000000000000
1868;1468732.00000000000000000000000000000000000000000000000000
1869;1468700.00000000000000000000000000000000000000000000000000
1870;1468984.00000000000000000000000000000000000000000000000000
1871;1468956.00000000000000000000000000000000000000000000000000
1872;1469120.00000000000000000000000000000000000000000000000000
1873;1469148.00000000000000000000000000000000000000000000000000
1874;1469684.00000000000000000000000000000000000000000000000000
1875;1468672.00000000000000000000000000000000000000000000000000
1876;1468700.00000000000000000000000000000000000000000000000000
1877;1468672.00000000000000000000000000000000000000000000000000
1878;1468732.00000000000000000000000000000000000000000000000000
1879;1468768.00000000000000000000000000000000000000000000000000
1880;1468768.00000000000000000000000000000000000000000000000000
1881;1469156.00000000000000000000000000000000000000000000000000
1882;1468692.00000000000000000000000000000000000000000000000000
1883;1468740.00000000000000000000000000000000000000000000000000
1884;1468612.00000000000000000000000000000000000000000000000000
1885;1468580.00000000000000000000000000000000000000000000000000
1886;1469160.00000000000000000000000000000000000000000000000000
1887;1469128.00000000000000000000000000000000000000000000000000
1888;1469156.00000000000000000000000000000000000000000000000000
1889;1469124.00000000000000000000000000000000000000000000000000
1890;1468864.00000000000000000000000000000000000000000000000000
1891;1468612.00000000000000000000000000000000000000000000000000
1892;1469124.00000000000000000000000000000000000000000000000000
1893;1458292.00000000000000000000000000000000000000000000000000
1894;1458584.00000000000000000000000000000000000000000000000000
1895;1458328.00000000000000000000000000000000000000000000000000
1896;1458328.00000000000000000000000000000000000000000000000000
1897;1458352.00000000000000000000000000000000000000000000000000
1898;1458364.00000000000000000000000000000000000000000000000000
1899;1458344.00000000000000000000000000000000000000000000000000
1900;1458280.00000000000000000000000000000000000000000000000000
1901;1458236.00000000000000000000000000000000000000000000000000
1902;1458456.00000000000000000000000000000000000000000000000000
1903;1457992.00000000000000000000000000000000000000000000000000
1904;1458336.00000000000000000000000000000000000000000000000000
1905;1458296.00000000000000000000000000000000000000000000000000
1906;1458388.00000000000000000000000000000000000000000000000000
1907;1458448.00000000000000000000000000000000000000000000000000
1908;1458628.00000000000000000000000000000000000000000000000000
1909;1458644.00000000000000000000000000000000000000000000000000
1910;1458872.00000000000000000000000000000000000000000000000000
1911;1458792.00000000000000000000000000000000000000000000000000
1912;1458852.00000000000000000000000000000000000000000000000000
1913;1458516.00000000000000000000000000000000000000000000000000
1914;1458788.00000000000000000000000000000000000000000000000000
1915;1459008.00000000000000000000000000000000000000000000000000
1916;1458856.00000000000000000000000000000000000000000000000000
1917;1458852.00000000000000000000000000000000000000000000000000
1918;1459248.00000000000000000000000000000000000000000000000000
1919;1459060.00000000000000000000000000000000000000000000000000
1920;1459056.00000000000000000000000000000000000000000000000000
1921;1459040.00000000000000000000000000000000000000000000000000
1922;1459136.00000000000000000000000000000000000000000000000000
1923;1459128.00000000000000000000000000000000000000000000000000
1924;1459124.00000000000000000000000000000000000000000000000000
1925;1459184.00000000000000000000000000000000000000000000000000
1926;1459684.00000000000000000000000000000000000000000000000000
1927;1459296.00000000000000000000000000000000000000000000000000
1928;1459336.00000000000000000000000000000000000000000000000000
1929;1459060.00000000000000000000000000000000000000000000000000
1930;1459024.00000000000000000000000000000000000000000000000000
1931;1459320.00000000000000000000000000000000000000000000000000
1932;1459264.00000000000000000000000000000000000000000000000000
1933;1460184.00000000000000000000000000000000000000000000000000
1934;1467840.00000000000000000000000000000000000000000000000000
1935;1467748.00000000000000000000000000000000000000000000000000
1936;1467748.00000000000000000000000000000000000000000000000000
1937;1468652.00000000000000000000000000000000000000000000000000
1938;1469712.00000000000000000000000000000000000000000000000000
1939;1469712.00000000000000000000000000000000000000000000000000
1940;1468656.00000000000000000000000000000000000000000000000000
1941;1468340.00000000000000000000000000000000000000000000000000
1942;1468656.00000000000000000000000000000000000000000000000000
1943;1468816.00000000000000000000000000000000000000000000000000
1944;1468400.00000000000000000000000000000000000000000000000000
1945;1468656.00000000000000000000000000000000000000000000000000
1946;1468524.00000000000000000000000000000000000000000000000000
1947;1468756.00000000000000000000000000000000000000000000000000
1948;1468400.00000000000000000000000000000000000000000000000000
1949;1468208.00000000000000000000000000000000000000000000000000
1950;1468400.00000000000000000000000000000000000000000000000000
1951;1468752.00000000000000000000000000000000000000000000000000
1952;1469712.00000000000000000000000000000000000000000000000000
1953;1468752.00000000000000000000000000000000000000000000000000
1954;1468400.00000000000000000000000000000000000000000000000000
1955;1468816.00000000000000000000000000000000000000000000000000
1956;1468208.00000000000000000000000000000000000000000000000000
1957;1468656.00000000000000000000000000000000000000000000000000
1958;1469712.00000000000000000000000000000000000000000000000000
1959;1468752.00000000000000000000000000000000000000000000000000
1960;1468816.00000000000000000000000000000000000000000000000000
1961;1468400.00000000000000000000000000000000000000000000000000
1962;1468656.00000000000000000000000000000000000000000000000000
1963;1469712.00000000000000000000000000000000000000000000000000
1964;1468752.00000000000000000000000000000000000000000000000000
1965;1468400.00000000000000000000000000000000000000000000000000
1966;1468816.00000000000000000000000000000000000000000000000000
1967;1468340.00000000000000000000000000000000000000000000000000
1968;1468656.00000000000000000000000000000000000000000000000000
1969;1468816.00000000000000000000000000000000000000000000000000
1970;1468752.00000000000000000000000000000000000000000000000000
1971;1468272.00000000000000000000000000000000000000000000000000
1972;1468340.00000000000000000000000000000000000000000000000000
1973;1456956.00000000000000000000000000000000000000000000000000
1974;1457020.00000000000000000000000000000000000000000000000000
1975;1457416.00000000000000000000000000000000000000000000000000
1976;1457064.00000000000000000000000000000000000000000000000000
1977;1457124.00000000000000000000000000000000000000000000000000
1978;1457152.00000000000000000000000000000000000000000000000000
1979;1457208.00000000000000000000000000000000000000000000000000
1980;1457168.00000000000000000000000000000000000000000000000000
1981;1457220.00000000000000000000000000000000000000000000000000
1982;1457100.00000000000000000000000000000000000000000000000000
1983;1457208.00000000000000000000000000000000000000000000000000
1984;1457372.00000000000000000000000000000000000000000000000000
1985;1457300.00000000000000000000000000000000000000000000000000
1986;1457424.00000000000000000000000000000000000000000000000000
1987;1457484.00000000000000000000000000000000000000000000000000
1988;1457604.00000000000000000000000000000000000000000000000000
1989;1457208.00000000000000000000000000000000000000000000000000
1990;1457272.00000000000000000000000000000000000000000000000000
1991;1457428.00000000000000000000000000000000000000000000000000
1992;1457528.00000000000000000000000000000000000000000000000000
1993;1457504.00000000000000000000000000000000000000000000000000
1994;1457976.00000000000000000000000000000000000000000000000000
1995;1457488.00000000000000000000000000000000000000000000000000
1996;1457500.00000000000000000000000000000000000000000000000000
1997;1457692.00000000000000000000000000000000000000000000000000
1998;1457532.00000000000000000000000000000000000000000000000000
1999;1457564.00000000000000000000000000000000000000000000000000
2000;1457348.00000000000000000000000000000000000000000000000000
2001;1457704.00000000000000000000000000000000000000000000000000
2002;1457644.00000000000000000000000000000000000000000000000000
2003;1457696.00000000000000000000000000000000000000000000000000
2004;1457664.00000000000000000000000000000000000000000000000000
2005;1457688.00000000000000000000000000000000000000000000000000
2006;1457668.00000000000000000000000000000000000000000000000000
2007;1457728.00000000000000000000000000000000000000000000000000
2008;1458036.00000000000000000000000000000000000000000000000000
2009;1458140.00000000000000000000000000000000000000000000000000
2010;1458156.00000000000000000000000000000000000000000000000000
2011;1458160.00000000000000000000000000000000000000000000000000
2012;1458600.00000000000000000000000000000000000000000000000000
2013;1460452.00000000000000000000000000000000000000000000000000
2014;1462484.00000000000000000000000000000000000000000000000000
2015;1468256.00000000000000000000000000000000000000000000000000
2016;1468340.00000000000000000000000000000000000000000000000000
2017;1470592.00000000000000000000000000000000000000000000000000
2018;1470276.00000000000000000000000000000000000000000000000000
2019;1470276.00000000000000000000000000000000000000000000000000
2020;1470084.00000000000000000000000000000000000000000000000000
2021;1471588.00000000000000000000000000000000000000000000000000
2022;1470216.00000000000000000000000000000000000000000000000000
2023;1470212.00000000000000000000000000000000000000000000000000
2024;1470084.00000000000000000000000000000000000000000000000000
2025;1470216.00000000000000000000000000000000000000000000000000
2026;1470404.00000000000000000000000000000000000000000000000000
2027;1471588.00000000000000000000000000000000000000000000000000
2028;1470692.00000000000000000000000000000000000000000000000000
2029;1470280.00000000000000000000000000000000000000000000000000
2030;1470280.00000000000000000000000000000000000000000000000000
2031;1470088.00000000000000000000000000000000000000000000000000
2032;1470632.00000000000000000000000000000000000000000000000000
2033;1470152.00000000000000000000000000000000000000000000000000
2034;1470472.00000000000000000000000000000000000000000000000000
2035;1470632.00000000000000000000000000000000000000000000000000
2036;1470280.00000000000000000000000000000000000000000000000000
2037;1470216.00000000000000000000000000000000000000000000000000
2038;1470632.00000000000000000000000000000000000000000000000000
2039;1470408.00000000000000000000000000000000000000000000000000
2040;1470088.00000000000000000000000000000000000000000000000000
2041;1470280.00000000000000000000000000000000000000000000000000
2042;1470280.00000000000000000000000000000000000000000000000000
2043;1470632.00000000000000000000000000000000000000000000000000
2044;1470152.00000000000000000000000000000000000000000000000000
2045;1470216.00000000000000000000000000000000000000000000000000
2046;1470632.00000000000000000000000000000000000000000000000000
2047;1471200.00000000000000000000000000000000000000000000000000
2048;1470220.00000000000000000000000000000000000000000000000000
2049;1470408.00000000000000000000000000000000000000000000000000
2050;1470636.00000000000000000000000000000000000000000000000000
2051;1470280.00000000000000000000000000000000000000000000000000
2052;1471200.00000000000000000000000000000000000000000000000000
2053;1470636.00000000000000000000000000000000000000000000000000
2054;1369244.00000000000000000000000000000000000000000000000000
2055;1369636.00000000000000000000000000000000000000000000000000
2056;1370020.00000000000000000000000000000000000000000000000000
2057;1370824.00000000000000000000000000000000000000000000000000
2058;1370880.00000000000000000000000000000000000000000000000000
2059;1372216.00000000000000000000000000000000000000000000000000
2060;1372124.00000000000000000000000000000000000000000000000000
2061;1373528.00000000000000000000000000000000000000000000000000
2062;1373608.00000000000000000000000000000000000000000000000000
2063;1375640.00000000000000000000000000000000000000000000000000
2064;1375752.00000000000000000000000000000000000000000000000000
2065;1376228.00000000000000000000000000000000000000000000000000
2066;1376236.00000000000000000000000000000000000000000000000000
2067;1377472.00000000000000000000000000000000000000000000000000
2068;1378972.00000000000000000000000000000000000000000000000000
2069;1380636.00000000000000000000000000000000000000000000000000
