Second;RAM_KB
0;9748.00000000000000000000000000000000000000000000000000
1;258980.00000000000000000000000000000000000000000000000000
2;345860.00000000000000000000000000000000000000000000000000
3;394020.00000000000000000000000000000000000000000000000000
4;681956.00000000000000000000000000000000000000000000000000
5;728480.00000000000000000000000000000000000000000000000000
6;776200.00000000000000000000000000000000000000000000000000
7;813280.00000000000000000000000000000000000000000000000000
8;822344.00000000000000000000000000000000000000000000000000
9;822780.00000000000000000000000000000000000000000000000000
10;822812.00000000000000000000000000000000000000000000000000
11;823920.00000000000000000000000000000000000000000000000000
12;825992.00000000000000000000000000000000000000000000000000
13;828592.00000000000000000000000000000000000000000000000000
14;850760.00000000000000000000000000000000000000000000000000
15;898740.00000000000000000000000000000000000000000000000000
16;917324.00000000000000000000000000000000000000000000000000
17;924728.00000000000000000000000000000000000000000000000000
18;931492.00000000000000000000000000000000000000000000000000
19;934456.00000000000000000000000000000000000000000000000000
20;938500.00000000000000000000000000000000000000000000000000
21;978024.00000000000000000000000000000000000000000000000000
22;980420.00000000000000000000000000000000000000000000000000
23;983552.00000000000000000000000000000000000000000000000000
24;988072.00000000000000000000000000000000000000000000000000
25;1228148.00000000000000000000000000000000000000000000000000
26;1227920.00000000000000000000000000000000000000000000000000
27;1227956.00000000000000000000000000000000000000000000000000
28;1227952.00000000000000000000000000000000000000000000000000
29;1227976.00000000000000000000000000000000000000000000000000
30;1228060.00000000000000000000000000000000000000000000000000
31;1228080.00000000000000000000000000000000000000000000000000
32;1227676.00000000000000000000000000000000000000000000000000
33;1228668.00000000000000000000000000000000000000000000000000
34;1229164.00000000000000000000000000000000000000000000000000
35;1230216.00000000000000000000000000000000000000000000000000
36;1232140.00000000000000000000000000000000000000000000000000
37;1232100.00000000000000000000000000000000000000000000000000
38;1232172.00000000000000000000000000000000000000000000000000
39;1232104.00000000000000000000000000000000000000000000000000
40;1232220.00000000000000000000000000000000000000000000000000
41;1232172.00000000000000000000000000000000000000000000000000
42;1222712.00000000000000000000000000000000000000000000000000
43;1223804.00000000000000000000000000000000000000000000000000
44;1224676.00000000000000000000000000000000000000000000000000
45;1226284.00000000000000000000000000000000000000000000000000
46;1227704.00000000000000000000000000000000000000000000000000
47;1228200.00000000000000000000000000000000000000000000000000
48;1229216.00000000000000000000000000000000000000000000000000
49;1230448.00000000000000000000000000000000000000000000000000
50;1230352.00000000000000000000000000000000000000000000000000
51;1230576.00000000000000000000000000000000000000000000000000
52;1230504.00000000000000000000000000000000000000000000000000
53;1230860.00000000000000000000000000000000000000000000000000
54;1230636.00000000000000000000000000000000000000000000000000
55;1231080.00000000000000000000000000000000000000000000000000
56;1231104.00000000000000000000000000000000000000000000000000
57;1231004.00000000000000000000000000000000000000000000000000
58;1231260.00000000000000000000000000000000000000000000000000
59;1232408.00000000000000000000000000000000000000000000000000
60;1232408.00000000000000000000000000000000000000000000000000
61;1232344.00000000000000000000000000000000000000000000000000
62;1232720.00000000000000000000000000000000000000000000000000
63;1232652.00000000000000000000000000000000000000000000000000
64;1233008.00000000000000000000000000000000000000000000000000
65;1233056.00000000000000000000000000000000000000000000000000
66;1233056.00000000000000000000000000000000000000000000000000
67;1233540.00000000000000000000000000000000000000000000000000
68;1233540.00000000000000000000000000000000000000000000000000
69;1233504.00000000000000000000000000000000000000000000000000
70;1233632.00000000000000000000000000000000000000000000000000
71;1234216.00000000000000000000000000000000000000000000000000
72;1234032.00000000000000000000000000000000000000000000000000
73;1234096.00000000000000000000000000000000000000000000000000
74;1233872.00000000000000000000000000000000000000000000000000
75;1234128.00000000000000000000000000000000000000000000000000
76;1234660.00000000000000000000000000000000000000000000000000
77;1235480.00000000000000000000000000000000000000000000000000
78;1235468.00000000000000000000000000000000000000000000000000
79;1235504.00000000000000000000000000000000000000000000000000
80;1236020.00000000000000000000000000000000000000000000000000
81;1236016.00000000000000000000000000000000000000000000000000
82;1236128.00000000000000000000000000000000000000000000000000
83;1236144.00000000000000000000000000000000000000000000000000
84;1235916.00000000000000000000000000000000000000000000000000
85;1235656.00000000000000000000000000000000000000000000000000
86;1235692.00000000000000000000000000000000000000000000000000
87;1224564.00000000000000000000000000000000000000000000000000
88;1225360.00000000000000000000000000000000000000000000000000
89;1226784.00000000000000000000000000000000000000000000000000
90;1228568.00000000000000000000000000000000000000000000000000
91;1230168.00000000000000000000000000000000000000000000000000
92;1231176.00000000000000000000000000000000000000000000000000
93;1231364.00000000000000000000000000000000000000000000000000
94;1231140.00000000000000000000000000000000000000000000000000
95;1231104.00000000000000000000000000000000000000000000000000
96;1231984.00000000000000000000000000000000000000000000000000
97;1231964.00000000000000000000000000000000000000000000000000
98;1231924.00000000000000000000000000000000000000000000000000
99;1231792.00000000000000000000000000000000000000000000000000
100;1232324.00000000000000000000000000000000000000000000000000
101;1233548.00000000000000000000000000000000000000000000000000
102;1233620.00000000000000000000000000000000000000000000000000
103;1233428.00000000000000000000000000000000000000000000000000
104;1232900.00000000000000000000000000000000000000000000000000
105;1233372.00000000000000000000000000000000000000000000000000
106;1233284.00000000000000000000000000000000000000000000000000
107;1233536.00000000000000000000000000000000000000000000000000
108;1233632.00000000000000000000000000000000000000000000000000
109;1233348.00000000000000000000000000000000000000000000000000
110;1233292.00000000000000000000000000000000000000000000000000
111;1233224.00000000000000000000000000000000000000000000000000
112;1233224.00000000000000000000000000000000000000000000000000
113;1233692.00000000000000000000000000000000000000000000000000
114;1233768.00000000000000000000000000000000000000000000000000
115;1233780.00000000000000000000000000000000000000000000000000
116;1233928.00000000000000000000000000000000000000000000000000
117;1233504.00000000000000000000000000000000000000000000000000
118;1233956.00000000000000000000000000000000000000000000000000
119;1234148.00000000000000000000000000000000000000000000000000
120;1233892.00000000000000000000000000000000000000000000000000
121;1234664.00000000000000000000000000000000000000000000000000
122;1234680.00000000000000000000000000000000000000000000000000
123;1234896.00000000000000000000000000000000000000000000000000
124;1234880.00000000000000000000000000000000000000000000000000
125;1234624.00000000000000000000000000000000000000000000000000
126;1234464.00000000000000000000000000000000000000000000000000
127;1234464.00000000000000000000000000000000000000000000000000
128;1234464.00000000000000000000000000000000000000000000000000
129;1234764.00000000000000000000000000000000000000000000000000
130;1234848.00000000000000000000000000000000000000000000000000
131;1233000.00000000000000000000000000000000000000000000000000
132;1232856.00000000000000000000000000000000000000000000000000
133;1233556.00000000000000000000000000000000000000000000000000
134;1233712.00000000000000000000000000000000000000000000000000
135;1233460.00000000000000000000000000000000000000000000000000
136;1233904.00000000000000000000000000000000000000000000000000
137;1234040.00000000000000000000000000000000000000000000000000
138;1234052.00000000000000000000000000000000000000000000000000
139;1233696.00000000000000000000000000000000000000000000000000
140;1234120.00000000000000000000000000000000000000000000000000
141;1233868.00000000000000000000000000000000000000000000000000
142;1234688.00000000000000000000000000000000000000000000000000
143;1234656.00000000000000000000000000000000000000000000000000
144;1234652.00000000000000000000000000000000000000000000000000
145;1235120.00000000000000000000000000000000000000000000000000
146;1235132.00000000000000000000000000000000000000000000000000
147;1235132.00000000000000000000000000000000000000000000000000
148;1235140.00000000000000000000000000000000000000000000000000
149;1234940.00000000000000000000000000000000000000000000000000
150;1234772.00000000000000000000000000000000000000000000000000
151;1234700.00000000000000000000000000000000000000000000000000
152;1234960.00000000000000000000000000000000000000000000000000
153;1235088.00000000000000000000000000000000000000000000000000
154;1234940.00000000000000000000000000000000000000000000000000
155;1234948.00000000000000000000000000000000000000000000000000
156;1234700.00000000000000000000000000000000000000000000000000
157;1234552.00000000000000000000000000000000000000000000000000
158;1234552.00000000000000000000000000000000000000000000000000
159;1234480.00000000000000000000000000000000000000000000000000
160;1233848.00000000000000000000000000000000000000000000000000
161;1233944.00000000000000000000000000000000000000000000000000
162;1233920.00000000000000000000000000000000000000000000000000
163;1234084.00000000000000000000000000000000000000000000000000
164;1234084.00000000000000000000000000000000000000000000000000
165;1234392.00000000000000000000000000000000000000000000000000
166;1235596.00000000000000000000000000000000000000000000000000
167;1235488.00000000000000000000000000000000000000000000000000
168;1235456.00000000000000000000000000000000000000000000000000
169;1235924.00000000000000000000000000000000000000000000000000
170;1236204.00000000000000000000000000000000000000000000000000
171;1236204.00000000000000000000000000000000000000000000000000
172;1236352.00000000000000000000000000000000000000000000000000
173;1236080.00000000000000000000000000000000000000000000000000
174;1235776.00000000000000000000000000000000000000000000000000
175;1235996.00000000000000000000000000000000000000000000000000
176;1234564.00000000000000000000000000000000000000000000000000
177;1234820.00000000000000000000000000000000000000000000000000
178;1234828.00000000000000000000000000000000000000000000000000
179;1234512.00000000000000000000000000000000000000000000000000
180;1235224.00000000000000000000000000000000000000000000000000
181;1234932.00000000000000000000000000000000000000000000000000
182;1234900.00000000000000000000000000000000000000000000000000
183;1226180.00000000000000000000000000000000000000000000000000
184;1226848.00000000000000000000000000000000000000000000000000
185;1228256.00000000000000000000000000000000000000000000000000
186;1229724.00000000000000000000000000000000000000000000000000
187;1231688.00000000000000000000000000000000000000000000000000
188;1233684.00000000000000000000000000000000000000000000000000
189;1233596.00000000000000000000000000000000000000000000000000
190;1233560.00000000000000000000000000000000000000000000000000
191;1232784.00000000000000000000000000000000000000000000000000
192;1232924.00000000000000000000000000000000000000000000000000
193;1233288.00000000000000000000000000000000000000000000000000
194;1233304.00000000000000000000000000000000000000000000000000
195;1233580.00000000000000000000000000000000000000000000000000
196;1233968.00000000000000000000000000000000000000000000000000
197;1234112.00000000000000000000000000000000000000000000000000
198;1234020.00000000000000000000000000000000000000000000000000
199;1232896.00000000000000000000000000000000000000000000000000
200;1232952.00000000000000000000000000000000000000000000000000
201;1233428.00000000000000000000000000000000000000000000000000
202;1233480.00000000000000000000000000000000000000000000000000
203;1234020.00000000000000000000000000000000000000000000000000
204;1233940.00000000000000000000000000000000000000000000000000
205;1234068.00000000000000000000000000000000000000000000000000
206;1234364.00000000000000000000000000000000000000000000000000
207;1234112.00000000000000000000000000000000000000000000000000
208;1234376.00000000000000000000000000000000000000000000000000
209;1234404.00000000000000000000000000000000000000000000000000
210;1234108.00000000000000000000000000000000000000000000000000
211;1234172.00000000000000000000000000000000000000000000000000
212;1234168.00000000000000000000000000000000000000000000000000
213;1234756.00000000000000000000000000000000000000000000000000
214;1234780.00000000000000000000000000000000000000000000000000
215;1234796.00000000000000000000000000000000000000000000000000
216;1234656.00000000000000000000000000000000000000000000000000
217;1234376.00000000000000000000000000000000000000000000000000
218;1234376.00000000000000000000000000000000000000000000000000
219;1234684.00000000000000000000000000000000000000000000000000
220;1234932.00000000000000000000000000000000000000000000000000
221;1234948.00000000000000000000000000000000000000000000000000
222;1234668.00000000000000000000000000000000000000000000000000
223;1234456.00000000000000000000000000000000000000000000000000
224;1234492.00000000000000000000000000000000000000000000000000
225;1234916.00000000000000000000000000000000000000000000000000
226;1235060.00000000000000000000000000000000000000000000000000
227;1235012.00000000000000000000000000000000000000000000000000
228;1235500.00000000000000000000000000000000000000000000000000
229;1235556.00000000000000000000000000000000000000000000000000
230;1235584.00000000000000000000000000000000000000000000000000
231;1235676.00000000000000000000000000000000000000000000000000
232;1235896.00000000000000000000000000000000000000000000000000
233;1234896.00000000000000000000000000000000000000000000000000
234;1235516.00000000000000000000000000000000000000000000000000
235;1235516.00000000000000000000000000000000000000000000000000
236;1235480.00000000000000000000000000000000000000000000000000
237;1225948.00000000000000000000000000000000000000000000000000
238;1227960.00000000000000000000000000000000000000000000000000
239;1230824.00000000000000000000000000000000000000000000000000
240;1230984.00000000000000000000000000000000000000000000000000
241;1232356.00000000000000000000000000000000000000000000000000
242;1232444.00000000000000000000000000000000000000000000000000
243;1232600.00000000000000000000000000000000000000000000000000
244;1233248.00000000000000000000000000000000000000000000000000
245;1233944.00000000000000000000000000000000000000000000000000
246;1233988.00000000000000000000000000000000000000000000000000
247;1235104.00000000000000000000000000000000000000000000000000
248;1235052.00000000000000000000000000000000000000000000000000
249;1235240.00000000000000000000000000000000000000000000000000
250;1235744.00000000000000000000000000000000000000000000000000
251;1235856.00000000000000000000000000000000000000000000000000
252;1236028.00000000000000000000000000000000000000000000000000
253;1235964.00000000000000000000000000000000000000000000000000
254;1236264.00000000000000000000000000000000000000000000000000
255;1236520.00000000000000000000000000000000000000000000000000
256;1236804.00000000000000000000000000000000000000000000000000
257;1236804.00000000000000000000000000000000000000000000000000
258;1236760.00000000000000000000000000000000000000000000000000
259;1236552.00000000000000000000000000000000000000000000000000
260;1236576.00000000000000000000000000000000000000000000000000
261;1236580.00000000000000000000000000000000000000000000000000
262;1227116.00000000000000000000000000000000000000000000000000
263;1229200.00000000000000000000000000000000000000000000000000
264;1231268.00000000000000000000000000000000000000000000000000
265;1233628.00000000000000000000000000000000000000000000000000
266;1233928.00000000000000000000000000000000000000000000000000
267;1233704.00000000000000000000000000000000000000000000000000
268;1234036.00000000000000000000000000000000000000000000000000
269;1234368.00000000000000000000000000000000000000000000000000
270;1234532.00000000000000000000000000000000000000000000000000
271;1234488.00000000000000000000000000000000000000000000000000
272;1235564.00000000000000000000000000000000000000000000000000
273;1235436.00000000000000000000000000000000000000000000000000
274;1234096.00000000000000000000000000000000000000000000000000
275;1234104.00000000000000000000000000000000000000000000000000
276;1234308.00000000000000000000000000000000000000000000000000
277;1234768.00000000000000000000000000000000000000000000000000
278;1234832.00000000000000000000000000000000000000000000000000
279;1235056.00000000000000000000000000000000000000000000000000
280;1234848.00000000000000000000000000000000000000000000000000
281;1235172.00000000000000000000000000000000000000000000000000
282;1235556.00000000000000000000000000000000000000000000000000
283;1234380.00000000000000000000000000000000000000000000000000
284;1234996.00000000000000000000000000000000000000000000000000
285;1235152.00000000000000000000000000000000000000000000000000
286;1235632.00000000000000000000000000000000000000000000000000
287;1235632.00000000000000000000000000000000000000000000000000
288;1235944.00000000000000000000000000000000000000000000000000
289;1236828.00000000000000000000000000000000000000000000000000
290;1236448.00000000000000000000000000000000000000000000000000
291;1236740.00000000000000000000000000000000000000000000000000
292;1236840.00000000000000000000000000000000000000000000000000
293;1235836.00000000000000000000000000000000000000000000000000
294;1235876.00000000000000000000000000000000000000000000000000
295;1236120.00000000000000000000000000000000000000000000000000
296;1236928.00000000000000000000000000000000000000000000000000
297;1237096.00000000000000000000000000000000000000000000000000
298;1236908.00000000000000000000000000000000000000000000000000
299;1237264.00000000000000000000000000000000000000000000000000
300;1237272.00000000000000000000000000000000000000000000000000
301;1236244.00000000000000000000000000000000000000000000000000
302;1236968.00000000000000000000000000000000000000000000000000
303;1237776.00000000000000000000000000000000000000000000000000
304;1237860.00000000000000000000000000000000000000000000000000
305;1238172.00000000000000000000000000000000000000000000000000
306;1238252.00000000000000000000000000000000000000000000000000
307;1238108.00000000000000000000000000000000000000000000000000
308;1238392.00000000000000000000000000000000000000000000000000
309;1240384.00000000000000000000000000000000000000000000000000
310;1240184.00000000000000000000000000000000000000000000000000
311;1240228.00000000000000000000000000000000000000000000000000
312;1239356.00000000000000000000000000000000000000000000000000
313;1239576.00000000000000000000000000000000000000000000000000
314;1239924.00000000000000000000000000000000000000000000000000
315;1239328.00000000000000000000000000000000000000000000000000
316;1239520.00000000000000000000000000000000000000000000000000
317;1239292.00000000000000000000000000000000000000000000000000
318;1229984.00000000000000000000000000000000000000000000000000
319;1231192.00000000000000000000000000000000000000000000000000
320;1232832.00000000000000000000000000000000000000000000000000
321;1235196.00000000000000000000000000000000000000000000000000
322;1235320.00000000000000000000000000000000000000000000000000
323;1235284.00000000000000000000000000000000000000000000000000
324;1234460.00000000000000000000000000000000000000000000000000
325;1235080.00000000000000000000000000000000000000000000000000
326;1235380.00000000000000000000000000000000000000000000000000
327;1235868.00000000000000000000000000000000000000000000000000
328;1236576.00000000000000000000000000000000000000000000000000
329;1236576.00000000000000000000000000000000000000000000000000
330;1236576.00000000000000000000000000000000000000000000000000
331;1235428.00000000000000000000000000000000000000000000000000
332;1235584.00000000000000000000000000000000000000000000000000
333;1235888.00000000000000000000000000000000000000000000000000
334;1236512.00000000000000000000000000000000000000000000000000
335;1236320.00000000000000000000000000000000000000000000000000
336;1236288.00000000000000000000000000000000000000000000000000
337;1228596.00000000000000000000000000000000000000000000000000
338;1230916.00000000000000000000000000000000000000000000000000
339;1234008.00000000000000000000000000000000000000000000000000
340;1235552.00000000000000000000000000000000000000000000000000
341;1236564.00000000000000000000000000000000000000000000000000
342;1236580.00000000000000000000000000000000000000000000000000
343;1236464.00000000000000000000000000000000000000000000000000
344;1237308.00000000000000000000000000000000000000000000000000
345;1237024.00000000000000000000000000000000000000000000000000
346;1237688.00000000000000000000000000000000000000000000000000
347;1238060.00000000000000000000000000000000000000000000000000
348;1238060.00000000000000000000000000000000000000000000000000
349;1228412.00000000000000000000000000000000000000000000000000
350;1229920.00000000000000000000000000000000000000000000000000
351;1231480.00000000000000000000000000000000000000000000000000
352;1233544.00000000000000000000000000000000000000000000000000
353;1234700.00000000000000000000000000000000000000000000000000
354;1234920.00000000000000000000000000000000000000000000000000
355;1235044.00000000000000000000000000000000000000000000000000
356;1234504.00000000000000000000000000000000000000000000000000
357;1234192.00000000000000000000000000000000000000000000000000
358;1234660.00000000000000000000000000000000000000000000000000
359;1235160.00000000000000000000000000000000000000000000000000
360;1235188.00000000000000000000000000000000000000000000000000
361;1235408.00000000000000000000000000000000000000000000000000
362;1235608.00000000000000000000000000000000000000000000000000
363;1235632.00000000000000000000000000000000000000000000000000
364;1235836.00000000000000000000000000000000000000000000000000
365;1236016.00000000000000000000000000000000000000000000000000
366;1235944.00000000000000000000000000000000000000000000000000
367;1235948.00000000000000000000000000000000000000000000000000
368;1236392.00000000000000000000000000000000000000000000000000
369;1236228.00000000000000000000000000000000000000000000000000
370;1236724.00000000000000000000000000000000000000000000000000
371;1236876.00000000000000000000000000000000000000000000000000
372;1238148.00000000000000000000000000000000000000000000000000
373;1238272.00000000000000000000000000000000000000000000000000
374;1238148.00000000000000000000000000000000000000000000000000
375;1238836.00000000000000000000000000000000000000000000000000
376;1238948.00000000000000000000000000000000000000000000000000
377;1238748.00000000000000000000000000000000000000000000000000
378;1238600.00000000000000000000000000000000000000000000000000
379;1238568.00000000000000000000000000000000000000000000000000
380;1238824.00000000000000000000000000000000000000000000000000
381;1237752.00000000000000000000000000000000000000000000000000
382;1237816.00000000000000000000000000000000000000000000000000
383;1237588.00000000000000000000000000000000000000000000000000
384;1238636.00000000000000000000000000000000000000000000000000
385;1238636.00000000000000000000000000000000000000000000000000
386;1237648.00000000000000000000000000000000000000000000000000
387;1237644.00000000000000000000000000000000000000000000000000
388;1237640.00000000000000000000000000000000000000000000000000
389;1237320.00000000000000000000000000000000000000000000000000
390;1237940.00000000000000000000000000000000000000000000000000
391;1237752.00000000000000000000000000000000000000000000000000
392;1237676.00000000000000000000000000000000000000000000000000
393;1229040.00000000000000000000000000000000000000000000000000
394;1231632.00000000000000000000000000000000000000000000000000
395;1233136.00000000000000000000000000000000000000000000000000
396;1235668.00000000000000000000000000000000000000000000000000
397;1235932.00000000000000000000000000000000000000000000000000
398;1235744.00000000000000000000000000000000000000000000000000
399;1235984.00000000000000000000000000000000000000000000000000
400;1236268.00000000000000000000000000000000000000000000000000
401;1236588.00000000000000000000000000000000000000000000000000
402;1236764.00000000000000000000000000000000000000000000000000
403;1236836.00000000000000000000000000000000000000000000000000
404;1236764.00000000000000000000000000000000000000000000000000
405;1227192.00000000000000000000000000000000000000000000000000
406;1228904.00000000000000000000000000000000000000000000000000
407;1230528.00000000000000000000000000000000000000000000000000
408;1232088.00000000000000000000000000000000000000000000000000
409;1234748.00000000000000000000000000000000000000000000000000
410;1234748.00000000000000000000000000000000000000000000000000
411;1234816.00000000000000000000000000000000000000000000000000
412;1234108.00000000000000000000000000000000000000000000000000
413;1234364.00000000000000000000000000000000000000000000000000
414;1234852.00000000000000000000000000000000000000000000000000
415;1235692.00000000000000000000000000000000000000000000000000
416;1235860.00000000000000000000000000000000000000000000000000
417;1235604.00000000000000000000000000000000000000000000000000
418;1235788.00000000000000000000000000000000000000000000000000
419;1236104.00000000000000000000000000000000000000000000000000
420;1236288.00000000000000000000000000000000000000000000000000
421;1236360.00000000000000000000000000000000000000000000000000
422;1236508.00000000000000000000000000000000000000000000000000
423;1237176.00000000000000000000000000000000000000000000000000
424;1237172.00000000000000000000000000000000000000000000000000
425;1237364.00000000000000000000000000000000000000000000000000
426;1236564.00000000000000000000000000000000000000000000000000
427;1236572.00000000000000000000000000000000000000000000000000
428;1236664.00000000000000000000000000000000000000000000000000
429;1236616.00000000000000000000000000000000000000000000000000
430;1237368.00000000000000000000000000000000000000000000000000
431;1237248.00000000000000000000000000000000000000000000000000
432;1237308.00000000000000000000000000000000000000000000000000
433;1235788.00000000000000000000000000000000000000000000000000
434;1236048.00000000000000000000000000000000000000000000000000
435;1236180.00000000000000000000000000000000000000000000000000
436;1236236.00000000000000000000000000000000000000000000000000
437;1236132.00000000000000000000000000000000000000000000000000
438;1236856.00000000000000000000000000000000000000000000000000
439;1236856.00000000000000000000000000000000000000000000000000
440;1236896.00000000000000000000000000000000000000000000000000
441;1236052.00000000000000000000000000000000000000000000000000
442;1236052.00000000000000000000000000000000000000000000000000
443;1236056.00000000000000000000000000000000000000000000000000
444;1236112.00000000000000000000000000000000000000000000000000
445;1236336.00000000000000000000000000000000000000000000000000
446;1237024.00000000000000000000000000000000000000000000000000
447;1236904.00000000000000000000000000000000000000000000000000
448;1236900.00000000000000000000000000000000000000000000000000
449;1237372.00000000000000000000000000000000000000000000000000
450;1237840.00000000000000000000000000000000000000000000000000
451;1237860.00000000000000000000000000000000000000000000000000
452;1237872.00000000000000000000000000000000000000000000000000
453;1237556.00000000000000000000000000000000000000000000000000
454;1237376.00000000000000000000000000000000000000000000000000
455;1237376.00000000000000000000000000000000000000000000000000
456;1237444.00000000000000000000000000000000000000000000000000
457;1236704.00000000000000000000000000000000000000000000000000
458;1236708.00000000000000000000000000000000000000000000000000
459;1236812.00000000000000000000000000000000000000000000000000
460;1236412.00000000000000000000000000000000000000000000000000
461;1236468.00000000000000000000000000000000000000000000000000
462;1236468.00000000000000000000000000000000000000000000000000
463;1236432.00000000000000000000000000000000000000000000000000
464;1236780.00000000000000000000000000000000000000000000000000
465;1236824.00000000000000000000000000000000000000000000000000
466;1236796.00000000000000000000000000000000000000000000000000
467;1236692.00000000000000000000000000000000000000000000000000
468;1237308.00000000000000000000000000000000000000000000000000
469;1237536.00000000000000000000000000000000000000000000000000
470;1237536.00000000000000000000000000000000000000000000000000
471;1237660.00000000000000000000000000000000000000000000000000
472;1237660.00000000000000000000000000000000000000000000000000
473;1237612.00000000000000000000000000000000000000000000000000
474;1237624.00000000000000000000000000000000000000000000000000
475;1237348.00000000000000000000000000000000000000000000000000
476;1237168.00000000000000000000000000000000000000000000000000
477;1237136.00000000000000000000000000000000000000000000000000
478;1237168.00000000000000000000000000000000000000000000000000
479;1235180.00000000000000000000000000000000000000000000000000
480;1235232.00000000000000000000000000000000000000000000000000
481;1235232.00000000000000000000000000000000000000000000000000
482;1235532.00000000000000000000000000000000000000000000000000
483;1236092.00000000000000000000000000000000000000000000000000
484;1236284.00000000000000000000000000000000000000000000000000
485;1236060.00000000000000000000000000000000000000000000000000
486;1228164.00000000000000000000000000000000000000000000000000
487;1228056.00000000000000000000000000000000000000000000000000
488;1229620.00000000000000000000000000000000000000000000000000
489;1231312.00000000000000000000000000000000000000000000000000
490;1232560.00000000000000000000000000000000000000000000000000
491;1234852.00000000000000000000000000000000000000000000000000
492;1235084.00000000000000000000000000000000000000000000000000
493;1234824.00000000000000000000000000000000000000000000000000
494;1235052.00000000000000000000000000000000000000000000000000
495;1235312.00000000000000000000000000000000000000000000000000
496;1234584.00000000000000000000000000000000000000000000000000
497;1235820.00000000000000000000000000000000000000000000000000
498;1236440.00000000000000000000000000000000000000000000000000
499;1235796.00000000000000000000000000000000000000000000000000
500;1235764.00000000000000000000000000000000000000000000000000
501;1235800.00000000000000000000000000000000000000000000000000
502;1236556.00000000000000000000000000000000000000000000000000
503;1235388.00000000000000000000000000000000000000000000000000
504;1235432.00000000000000000000000000000000000000000000000000
505;1235320.00000000000000000000000000000000000000000000000000
506;1236764.00000000000000000000000000000000000000000000000000
507;1236404.00000000000000000000000000000000000000000000000000
508;1236628.00000000000000000000000000000000000000000000000000
509;1236816.00000000000000000000000000000000000000000000000000
510;1236588.00000000000000000000000000000000000000000000000000
511;1236472.00000000000000000000000000000000000000000000000000
512;1236648.00000000000000000000000000000000000000000000000000
513;1236884.00000000000000000000000000000000000000000000000000
514;1236804.00000000000000000000000000000000000000000000000000
515;1236800.00000000000000000000000000000000000000000000000000
516;1236800.00000000000000000000000000000000000000000000000000
517;1237304.00000000000000000000000000000000000000000000000000
518;1237260.00000000000000000000000000000000000000000000000000
519;1237288.00000000000000000000000000000000000000000000000000
520;1237092.00000000000000000000000000000000000000000000000000
521;1236712.00000000000000000000000000000000000000000000000000
522;1236576.00000000000000000000000000000000000000000000000000
523;1236520.00000000000000000000000000000000000000000000000000
524;1236964.00000000000000000000000000000000000000000000000000
525;1237204.00000000000000000000000000000000000000000000000000
526;1236808.00000000000000000000000000000000000000000000000000
527;1236884.00000000000000000000000000000000000000000000000000
528;1237200.00000000000000000000000000000000000000000000000000
529;1237144.00000000000000000000000000000000000000000000000000
530;1236888.00000000000000000000000000000000000000000000000000
531;1236920.00000000000000000000000000000000000000000000000000
532;1237188.00000000000000000000000000000000000000000000000000
533;1237308.00000000000000000000000000000000000000000000000000
534;1237280.00000000000000000000000000000000000000000000000000
535;1237288.00000000000000000000000000000000000000000000000000
536;1236552.00000000000000000000000000000000000000000000000000
537;1236584.00000000000000000000000000000000000000000000000000
538;1236552.00000000000000000000000000000000000000000000000000
539;1237060.00000000000000000000000000000000000000000000000000
540;1237244.00000000000000000000000000000000000000000000000000
541;1236988.00000000000000000000000000000000000000000000000000
542;1237488.00000000000000000000000000000000000000000000000000
543;1237188.00000000000000000000000000000000000000000000000000
544;1237416.00000000000000000000000000000000000000000000000000
545;1237160.00000000000000000000000000000000000000000000000000
546;1237384.00000000000000000000000000000000000000000000000000
547;1237548.00000000000000000000000000000000000000000000000000
548;1237648.00000000000000000000000000000000000000000000000000
549;1237628.00000000000000000000000000000000000000000000000000
550;1237624.00000000000000000000000000000000000000000000000000
551;1236868.00000000000000000000000000000000000000000000000000
552;1236808.00000000000000000000000000000000000000000000000000
553;1236772.00000000000000000000000000000000000000000000000000
554;1237264.00000000000000000000000000000000000000000000000000
555;1237524.00000000000000000000000000000000000000000000000000
556;1237524.00000000000000000000000000000000000000000000000000
557;1237568.00000000000000000000000000000000000000000000000000
558;1237532.00000000000000000000000000000000000000000000000000
559;1237364.00000000000000000000000000000000000000000000000000
560;1237460.00000000000000000000000000000000000000000000000000
561;1237556.00000000000000000000000000000000000000000000000000
562;1237720.00000000000000000000000000000000000000000000000000
563;1237720.00000000000000000000000000000000000000000000000000
564;1237760.00000000000000000000000000000000000000000000000000
565;1237876.00000000000000000000000000000000000000000000000000
566;1237556.00000000000000000000000000000000000000000000000000
567;1237552.00000000000000000000000000000000000000000000000000
568;1237552.00000000000000000000000000000000000000000000000000
569;1237960.00000000000000000000000000000000000000000000000000
570;1237832.00000000000000000000000000000000000000000000000000
571;1237768.00000000000000000000000000000000000000000000000000
572;1238044.00000000000000000000000000000000000000000000000000
573;1237760.00000000000000000000000000000000000000000000000000
574;1237984.00000000000000000000000000000000000000000000000000
575;1237796.00000000000000000000000000000000000000000000000000
576;1238104.00000000000000000000000000000000000000000000000000
577;1238276.00000000000000000000000000000000000000000000000000
578;1238216.00000000000000000000000000000000000000000000000000
579;1238464.00000000000000000000000000000000000000000000000000
580;1238384.00000000000000000000000000000000000000000000000000
581;1237852.00000000000000000000000000000000000000000000000000
582;1237716.00000000000000000000000000000000000000000000000000
583;1237916.00000000000000000000000000000000000000000000000000
584;1238152.00000000000000000000000000000000000000000000000000
585;1238416.00000000000000000000000000000000000000000000000000
586;1238544.00000000000000000000000000000000000000000000000000
587;1238376.00000000000000000000000000000000000000000000000000
588;1238208.00000000000000000000000000000000000000000000000000
589;1238408.00000000000000000000000000000000000000000000000000
590;1238220.00000000000000000000000000000000000000000000000000
591;1238592.00000000000000000000000000000000000000000000000000
592;1238592.00000000000000000000000000000000000000000000000000
593;1238588.00000000000000000000000000000000000000000000000000
594;1238364.00000000000000000000000000000000000000000000000000
595;1238348.00000000000000000000000000000000000000000000000000
596;1238156.00000000000000000000000000000000000000000000000000
597;1238092.00000000000000000000000000000000000000000000000000
598;1238324.00000000000000000000000000000000000000000000000000
599;1238356.00000000000000000000000000000000000000000000000000
600;1238684.00000000000000000000000000000000000000000000000000
601;1238688.00000000000000000000000000000000000000000000000000
602;1238456.00000000000000000000000000000000000000000000000000
603;1238324.00000000000000000000000000000000000000000000000000
604;1238236.00000000000000000000000000000000000000000000000000
605;1238544.00000000000000000000000000000000000000000000000000
606;1238640.00000000000000000000000000000000000000000000000000
607;1238540.00000000000000000000000000000000000000000000000000
608;1238636.00000000000000000000000000000000000000000000000000
609;1238536.00000000000000000000000000000000000000000000000000
610;1238276.00000000000000000000000000000000000000000000000000
611;1238312.00000000000000000000000000000000000000000000000000
612;1238532.00000000000000000000000000000000000000000000000000
613;1238608.00000000000000000000000000000000000000000000000000
614;1238768.00000000000000000000000000000000000000000000000000
615;1238576.00000000000000000000000000000000000000000000000000
616;1238484.00000000000000000000000000000000000000000000000000
617;1238792.00000000000000000000000000000000000000000000000000
618;1238368.00000000000000000000000000000000000000000000000000
619;1238464.00000000000000000000000000000000000000000000000000
620;1238496.00000000000000000000000000000000000000000000000000
621;1238776.00000000000000000000000000000000000000000000000000
622;1238780.00000000000000000000000000000000000000000000000000
623;1238064.00000000000000000000000000000000000000000000000000
624;1238976.00000000000000000000000000000000000000000000000000
625;1238976.00000000000000000000000000000000000000000000000000
626;1238416.00000000000000000000000000000000000000000000000000
627;1238420.00000000000000000000000000000000000000000000000000
628;1238676.00000000000000000000000000000000000000000000000000
629;1238876.00000000000000000000000000000000000000000000000000
630;1238600.00000000000000000000000000000000000000000000000000
631;1238844.00000000000000000000000000000000000000000000000000
632;1238968.00000000000000000000000000000000000000000000000000
633;1238620.00000000000000000000000000000000000000000000000000
634;1238680.00000000000000000000000000000000000000000000000000
635;1238680.00000000000000000000000000000000000000000000000000
636;1238552.00000000000000000000000000000000000000000000000000
637;1238908.00000000000000000000000000000000000000000000000000
638;1238660.00000000000000000000000000000000000000000000000000
639;1238940.00000000000000000000000000000000000000000000000000
640;1238900.00000000000000000000000000000000000000000000000000
641;1238620.00000000000000000000000000000000000000000000000000
642;1238760.00000000000000000000000000000000000000000000000000
643;1238572.00000000000000000000000000000000000000000000000000
644;1239208.00000000000000000000000000000000000000000000000000
645;1238948.00000000000000000000000000000000000000000000000000
646;1238948.00000000000000000000000000000000000000000000000000
647;1238960.00000000000000000000000000000000000000000000000000
648;1238996.00000000000000000000000000000000000000000000000000
649;1238508.00000000000000000000000000000000000000000000000000
650;1238540.00000000000000000000000000000000000000000000000000
651;1238648.00000000000000000000000000000000000000000000000000
652;1238812.00000000000000000000000000000000000000000000000000
653;1238812.00000000000000000000000000000000000000000000000000
654;1238812.00000000000000000000000000000000000000000000000000
655;1238812.00000000000000000000000000000000000000000000000000
656;1238812.00000000000000000000000000000000000000000000000000
657;1238508.00000000000000000000000000000000000000000000000000
658;1238508.00000000000000000000000000000000000000000000000000
659;1238472.00000000000000000000000000000000000000000000000000
660;1238852.00000000000000000000000000000000000000000000000000
661;1238852.00000000000000000000000000000000000000000000000000
662;1238872.00000000000000000000000000000000000000000000000000
663;1238748.00000000000000000000000000000000000000000000000000
664;1239020.00000000000000000000000000000000000000000000000000
665;1238724.00000000000000000000000000000000000000000000000000
666;1238532.00000000000000000000000000000000000000000000000000
667;1238536.00000000000000000000000000000000000000000000000000
668;1238744.00000000000000000000000000000000000000000000000000
669;1238800.00000000000000000000000000000000000000000000000000
670;1238988.00000000000000000000000000000000000000000000000000
671;1239028.00000000000000000000000000000000000000000000000000
672;1238772.00000000000000000000000000000000000000000000000000
673;1238628.00000000000000000000000000000000000000000000000000
674;1238444.00000000000000000000000000000000000000000000000000
675;1238700.00000000000000000000000000000000000000000000000000
676;1238984.00000000000000000000000000000000000000000000000000
677;1238948.00000000000000000000000000000000000000000000000000
678;1238952.00000000000000000000000000000000000000000000000000
679;1238952.00000000000000000000000000000000000000000000000000
680;1238696.00000000000000000000000000000000000000000000000000
681;1238636.00000000000000000000000000000000000000000000000000
682;1238824.00000000000000000000000000000000000000000000000000
683;1238632.00000000000000000000000000000000000000000000000000
684;1239036.00000000000000000000000000000000000000000000000000
685;1239052.00000000000000000000000000000000000000000000000000
686;1238664.00000000000000000000000000000000000000000000000000
687;1238612.00000000000000000000000000000000000000000000000000
688;1238772.00000000000000000000000000000000000000000000000000
689;1238648.00000000000000000000000000000000000000000000000000
690;1238616.00000000000000000000000000000000000000000000000000
691;1238648.00000000000000000000000000000000000000000000000000
692;1238980.00000000000000000000000000000000000000000000000000
693;1239096.00000000000000000000000000000000000000000000000000
694;1239072.00000000000000000000000000000000000000000000000000
695;1238892.00000000000000000000000000000000000000000000000000
696;1238624.00000000000000000000000000000000000000000000000000
697;1238880.00000000000000000000000000000000000000000000000000
698;1238624.00000000000000000000000000000000000000000000000000
699;1238980.00000000000000000000000000000000000000000000000000
700;1239096.00000000000000000000000000000000000000000000000000
701;1239096.00000000000000000000000000000000000000000000000000
702;1239096.00000000000000000000000000000000000000000000000000
703;1238484.00000000000000000000000000000000000000000000000000
704;1238228.00000000000000000000000000000000000000000000000000
705;1238484.00000000000000000000000000000000000000000000000000
706;1238484.00000000000000000000000000000000000000000000000000
707;1238984.00000000000000000000000000000000000000000000000000
708;1239004.00000000000000000000000000000000000000000000000000
709;1239012.00000000000000000000000000000000000000000000000000
710;1238316.00000000000000000000000000000000000000000000000000
711;1238184.00000000000000000000000000000000000000000000000000
712;1238148.00000000000000000000000000000000000000000000000000
713;1238408.00000000000000000000000000000000000000000000000000
714;1238756.00000000000000000000000000000000000000000000000000
715;1238968.00000000000000000000000000000000000000000000000000
716;1238980.00000000000000000000000000000000000000000000000000
717;1239084.00000000000000000000000000000000000000000000000000
718;1238616.00000000000000000000000000000000000000000000000000
719;1238700.00000000000000000000000000000000000000000000000000
720;1238584.00000000000000000000000000000000000000000000000000
721;1238932.00000000000000000000000000000000000000000000000000
722;1239032.00000000000000000000000000000000000000000000000000
723;1238932.00000000000000000000000000000000000000000000000000
724;1238932.00000000000000000000000000000000000000000000000000
725;1238932.00000000000000000000000000000000000000000000000000
726;1238616.00000000000000000000000000000000000000000000000000
727;1238612.00000000000000000000000000000000000000000000000000
728;1238676.00000000000000000000000000000000000000000000000000
729;1238916.00000000000000000000000000000000000000000000000000
730;1238976.00000000000000000000000000000000000000000000000000
731;1238964.00000000000000000000000000000000000000000000000000
732;1239036.00000000000000000000000000000000000000000000000000
733;1238252.00000000000000000000000000000000000000000000000000
734;1238428.00000000000000000000000000000000000000000000000000
735;1238460.00000000000000000000000000000000000000000000000000
736;1238728.00000000000000000000000000000000000000000000000000
737;1238980.00000000000000000000000000000000000000000000000000
738;1238932.00000000000000000000000000000000000000000000000000
739;1238944.00000000000000000000000000000000000000000000000000
740;1239016.00000000000000000000000000000000000000000000000000
741;1238852.00000000000000000000000000000000000000000000000000
742;1238660.00000000000000000000000000000000000000000000000000
743;1238856.00000000000000000000000000000000000000000000000000
744;1239016.00000000000000000000000000000000000000000000000000
745;1239072.00000000000000000000000000000000000000000000000000
746;1239072.00000000000000000000000000000000000000000000000000
747;1239172.00000000000000000000000000000000000000000000000000
748;1239116.00000000000000000000000000000000000000000000000000
749;1238892.00000000000000000000000000000000000000000000000000
750;1238760.00000000000000000000000000000000000000000000000000
751;1238892.00000000000000000000000000000000000000000000000000
752;1238848.00000000000000000000000000000000000000000000000000
753;1238856.00000000000000000000000000000000000000000000000000
754;1239064.00000000000000000000000000000000000000000000000000
755;1239068.00000000000000000000000000000000000000000000000000
756;1239128.00000000000000000000000000000000000000000000000000
757;1238760.00000000000000000000000000000000000000000000000000
758;1238676.00000000000000000000000000000000000000000000000000
759;1238676.00000000000000000000000000000000000000000000000000
760;1238608.00000000000000000000000000000000000000000000000000
761;1239040.00000000000000000000000000000000000000000000000000
762;1238992.00000000000000000000000000000000000000000000000000
763;1239140.00000000000000000000000000000000000000000000000000
764;1239152.00000000000000000000000000000000000000000000000000
765;1238900.00000000000000000000000000000000000000000000000000
766;1238684.00000000000000000000000000000000000000000000000000
767;1238684.00000000000000000000000000000000000000000000000000
768;1238652.00000000000000000000000000000000000000000000000000
769;1239040.00000000000000000000000000000000000000000000000000
770;1239128.00000000000000000000000000000000000000000000000000
771;1239188.00000000000000000000000000000000000000000000000000
772;1239188.00000000000000000000000000000000000000000000000000
773;1239188.00000000000000000000000000000000000000000000000000
774;1238808.00000000000000000000000000000000000000000000000000
775;1238684.00000000000000000000000000000000000000000000000000
776;1238684.00000000000000000000000000000000000000000000000000
777;1239032.00000000000000000000000000000000000000000000000000
778;1239032.00000000000000000000000000000000000000000000000000
779;1239032.00000000000000000000000000000000000000000000000000
780;1238356.00000000000000000000000000000000000000000000000000
781;1238784.00000000000000000000000000000000000000000000000000
782;1238848.00000000000000000000000000000000000000000000000000
783;1238912.00000000000000000000000000000000000000000000000000
784;1238668.00000000000000000000000000000000000000000000000000
785;1238896.00000000000000000000000000000000000000000000000000
786;1238704.00000000000000000000000000000000000000000000000000
787;1239172.00000000000000000000000000000000000000000000000000
788;1239264.00000000000000000000000000000000000000000000000000
789;1238248.00000000000000000000000000000000000000000000000000
790;1239376.00000000000000000000000000000000000000000000000000
791;1238456.00000000000000000000000000000000000000000000000000
792;1238340.00000000000000000000000000000000000000000000000000
793;1238340.00000000000000000000000000000000000000000000000000
794;1238340.00000000000000000000000000000000000000000000000000
795;1239196.00000000000000000000000000000000000000000000000000
796;1238772.00000000000000000000000000000000000000000000000000
797;1238884.00000000000000000000000000000000000000000000000000
798;1239440.00000000000000000000000000000000000000000000000000
799;1239144.00000000000000000000000000000000000000000000000000
800;1238756.00000000000000000000000000000000000000000000000000
801;1238888.00000000000000000000000000000000000000000000000000
802;1238828.00000000000000000000000000000000000000000000000000
803;1238628.00000000000000000000000000000000000000000000000000
804;1238908.00000000000000000000000000000000000000000000000000
805;1239288.00000000000000000000000000000000000000000000000000
806;1239288.00000000000000000000000000000000000000000000000000
807;1239288.00000000000000000000000000000000000000000000000000
808;1238996.00000000000000000000000000000000000000000000000000
809;1238864.00000000000000000000000000000000000000000000000000
810;1238996.00000000000000000000000000000000000000000000000000
811;1238776.00000000000000000000000000000000000000000000000000
812;1239232.00000000000000000000000000000000000000000000000000
813;1239232.00000000000000000000000000000000000000000000000000
814;1239108.00000000000000000000000000000000000000000000000000
815;1239124.00000000000000000000000000000000000000000000000000
816;1238888.00000000000000000000000000000000000000000000000000
817;1238956.00000000000000000000000000000000000000000000000000
818;1239112.00000000000000000000000000000000000000000000000000
819;1239232.00000000000000000000000000000000000000000000000000
820;1239256.00000000000000000000000000000000000000000000000000
821;1239268.00000000000000000000000000000000000000000000000000
822;1239336.00000000000000000000000000000000000000000000000000
823;1239380.00000000000000000000000000000000000000000000000000
824;1238532.00000000000000000000000000000000000000000000000000
825;1238436.00000000000000000000000000000000000000000000000000
826;1238496.00000000000000000000000000000000000000000000000000
827;1239160.00000000000000000000000000000000000000000000000000
828;1238956.00000000000000000000000000000000000000000000000000
829;1239392.00000000000000000000000000000000000000000000000000
830;1239392.00000000000000000000000000000000000000000000000000
831;1239364.00000000000000000000000000000000000000000000000000
832;1238492.00000000000000000000000000000000000000000000000000
833;1238456.00000000000000000000000000000000000000000000000000
834;1238712.00000000000000000000000000000000000000000000000000
835;1238976.00000000000000000000000000000000000000000000000000
836;1239340.00000000000000000000000000000000000000000000000000
837;1238804.00000000000000000000000000000000000000000000000000
838;1239248.00000000000000000000000000000000000000000000000000
839;1239260.00000000000000000000000000000000000000000000000000
840;1238444.00000000000000000000000000000000000000000000000000
841;1238444.00000000000000000000000000000000000000000000000000
842;1238480.00000000000000000000000000000000000000000000000000
843;1238900.00000000000000000000000000000000000000000000000000
844;1238768.00000000000000000000000000000000000000000000000000
845;1239260.00000000000000000000000000000000000000000000000000
846;1239216.00000000000000000000000000000000000000000000000000
847;1239016.00000000000000000000000000000000000000000000000000
848;1238820.00000000000000000000000000000000000000000000000000
849;1238788.00000000000000000000000000000000000000000000000000
850;1239012.00000000000000000000000000000000000000000000000000
851;1239260.00000000000000000000000000000000000000000000000000
852;1239244.00000000000000000000000000000000000000000000000000
853;1239252.00000000000000000000000000000000000000000000000000
854;1239608.00000000000000000000000000000000000000000000000000
855;1239660.00000000000000000000000000000000000000000000000000
856;1239004.00000000000000000000000000000000000000000000000000
857;1239192.00000000000000000000000000000000000000000000000000
858;1239192.00000000000000000000000000000000000000000000000000
859;1239192.00000000000000000000000000000000000000000000000000
860;1239292.00000000000000000000000000000000000000000000000000
861;1239244.00000000000000000000000000000000000000000000000000
862;1238712.00000000000000000000000000000000000000000000000000
863;1238680.00000000000000000000000000000000000000000000000000
864;1238508.00000000000000000000000000000000000000000000000000
865;1238512.00000000000000000000000000000000000000000000000000
866;1238508.00000000000000000000000000000000000000000000000000
867;1238904.00000000000000000000000000000000000000000000000000
868;1238952.00000000000000000000000000000000000000000000000000
869;1238224.00000000000000000000000000000000000000000000000000
870;1239164.00000000000000000000000000000000000000000000000000
871;1239084.00000000000000000000000000000000000000000000000000
872;1239080.00000000000000000000000000000000000000000000000000
873;1238088.00000000000000000000000000000000000000000000000000
874;1238056.00000000000000000000000000000000000000000000000000
875;1238144.00000000000000000000000000000000000000000000000000
876;1238820.00000000000000000000000000000000000000000000000000
877;1238940.00000000000000000000000000000000000000000000000000
878;1238844.00000000000000000000000000000000000000000000000000
879;1238588.00000000000000000000000000000000000000000000000000
880;1238376.00000000000000000000000000000000000000000000000000
881;1238404.00000000000000000000000000000000000000000000000000
882;1238368.00000000000000000000000000000000000000000000000000
883;1238796.00000000000000000000000000000000000000000000000000
884;1238856.00000000000000000000000000000000000000000000000000
885;1238896.00000000000000000000000000000000000000000000000000
886;1238880.00000000000000000000000000000000000000000000000000
887;1238684.00000000000000000000000000000000000000000000000000
888;1238036.00000000000000000000000000000000000000000000000000
889;1238072.00000000000000000000000000000000000000000000000000
890;1238108.00000000000000000000000000000000000000000000000000
891;1238780.00000000000000000000000000000000000000000000000000
892;1238856.00000000000000000000000000000000000000000000000000
893;1238720.00000000000000000000000000000000000000000000000000
894;1238988.00000000000000000000000000000000000000000000000000
895;1238988.00000000000000000000000000000000000000000000000000
896;1238384.00000000000000000000000000000000000000000000000000
897;1238608.00000000000000000000000000000000000000000000000000
898;1238640.00000000000000000000000000000000000000000000000000
899;1238876.00000000000000000000000000000000000000000000000000
900;1238952.00000000000000000000000000000000000000000000000000
901;1238884.00000000000000000000000000000000000000000000000000
902;1238940.00000000000000000000000000000000000000000000000000
903;1238516.00000000000000000000000000000000000000000000000000
904;1238524.00000000000000000000000000000000000000000000000000
905;1238656.00000000000000000000000000000000000000000000000000
906;1238524.00000000000000000000000000000000000000000000000000
907;1238920.00000000000000000000000000000000000000000000000000
908;1238852.00000000000000000000000000000000000000000000000000
909;1238856.00000000000000000000000000000000000000000000000000
910;1238616.00000000000000000000000000000000000000000000000000
911;1238716.00000000000000000000000000000000000000000000000000
912;1238748.00000000000000000000000000000000000000000000000000
913;1238524.00000000000000000000000000000000000000000000000000
914;1238980.00000000000000000000000000000000000000000000000000
915;1237952.00000000000000000000000000000000000000000000000000
916;1238928.00000000000000000000000000000000000000000000000000
917;1239300.00000000000000000000000000000000000000000000000000
918;1238872.00000000000000000000000000000000000000000000000000
919;1238360.00000000000000000000000000000000000000000000000000
920;1238360.00000000000000000000000000000000000000000000000000
921;1238560.00000000000000000000000000000000000000000000000000
922;1238812.00000000000000000000000000000000000000000000000000
923;1238816.00000000000000000000000000000000000000000000000000
924;1238908.00000000000000000000000000000000000000000000000000
925;1238060.00000000000000000000000000000000000000000000000000
926;1238060.00000000000000000000000000000000000000000000000000
927;1238092.00000000000000000000000000000000000000000000000000
928;1238904.00000000000000000000000000000000000000000000000000
929;1239032.00000000000000000000000000000000000000000000000000
930;1239048.00000000000000000000000000000000000000000000000000
931;1238860.00000000000000000000000000000000000000000000000000
932;1238764.00000000000000000000000000000000000000000000000000
933;1238764.00000000000000000000000000000000000000000000000000
934;1238972.00000000000000000000000000000000000000000000000000
935;1239032.00000000000000000000000000000000000000000000000000
936;1238916.00000000000000000000000000000000000000000000000000
937;1239008.00000000000000000000000000000000000000000000000000
938;1238500.00000000000000000000000000000000000000000000000000
939;1238432.00000000000000000000000000000000000000000000000000
940;1238468.00000000000000000000000000000000000000000000000000
941;1238936.00000000000000000000000000000000000000000000000000
942;1238928.00000000000000000000000000000000000000000000000000
943;1238612.00000000000000000000000000000000000000000000000000
944;1238568.00000000000000000000000000000000000000000000000000
945;1238536.00000000000000000000000000000000000000000000000000
946;1238752.00000000000000000000000000000000000000000000000000
947;1238916.00000000000000000000000000000000000000000000000000
948;1238868.00000000000000000000000000000000000000000000000000
949;1238124.00000000000000000000000000000000000000000000000000
950;1238084.00000000000000000000000000000000000000000000000000
951;1238176.00000000000000000000000000000000000000000000000000
952;1238852.00000000000000000000000000000000000000000000000000
953;1238892.00000000000000000000000000000000000000000000000000
954;1239044.00000000000000000000000000000000000000000000000000
955;1239120.00000000000000000000000000000000000000000000000000
956;1238492.00000000000000000000000000000000000000000000000000
957;1238572.00000000000000000000000000000000000000000000000000
958;1238712.00000000000000000000000000000000000000000000000000
959;1238896.00000000000000000000000000000000000000000000000000
960;1238904.00000000000000000000000000000000000000000000000000
961;1238984.00000000000000000000000000000000000000000000000000
962;1238748.00000000000000000000000000000000000000000000000000
963;1238656.00000000000000000000000000000000000000000000000000
964;1238804.00000000000000000000000000000000000000000000000000
965;1239008.00000000000000000000000000000000000000000000000000
966;1238932.00000000000000000000000000000000000000000000000000
967;1238988.00000000000000000000000000000000000000000000000000
968;1239124.00000000000000000000000000000000000000000000000000
969;1238720.00000000000000000000000000000000000000000000000000
970;1238496.00000000000000000000000000000000000000000000000000
971;1238648.00000000000000000000000000000000000000000000000000
972;1239136.00000000000000000000000000000000000000000000000000
973;1239000.00000000000000000000000000000000000000000000000000
974;1239012.00000000000000000000000000000000000000000000000000
975;1238188.00000000000000000000000000000000000000000000000000
976;1238260.00000000000000000000000000000000000000000000000000
977;1238320.00000000000000000000000000000000000000000000000000
978;1238852.00000000000000000000000000000000000000000000000000
979;1239004.00000000000000000000000000000000000000000000000000
980;1239112.00000000000000000000000000000000000000000000000000
981;1239072.00000000000000000000000000000000000000000000000000
982;1238764.00000000000000000000000000000000000000000000000000
983;1238572.00000000000000000000000000000000000000000000000000
984;1239000.00000000000000000000000000000000000000000000000000
985;1239124.00000000000000000000000000000000000000000000000000
986;1239020.00000000000000000000000000000000000000000000000000
987;1239084.00000000000000000000000000000000000000000000000000
988;1238604.00000000000000000000000000000000000000000000000000
989;1238656.00000000000000000000000000000000000000000000000000
990;1238572.00000000000000000000000000000000000000000000000000
991;1239172.00000000000000000000000000000000000000000000000000
992;1239056.00000000000000000000000000000000000000000000000000
993;1238712.00000000000000000000000000000000000000000000000000
994;1238224.00000000000000000000000000000000000000000000000000
995;1238224.00000000000000000000000000000000000000000000000000
996;1238344.00000000000000000000000000000000000000000000000000
997;1238800.00000000000000000000000000000000000000000000000000
998;1238964.00000000000000000000000000000000000000000000000000
999;1239072.00000000000000000000000000000000000000000000000000
1000;1238320.00000000000000000000000000000000000000000000000000
1001;1238492.00000000000000000000000000000000000000000000000000
1002;1238236.00000000000000000000000000000000000000000000000000
1003;1238616.00000000000000000000000000000000000000000000000000
1004;1238944.00000000000000000000000000000000000000000000000000
1005;1239084.00000000000000000000000000000000000000000000000000
1006;1238620.00000000000000000000000000000000000000000000000000
1007;1238660.00000000000000000000000000000000000000000000000000
1008;1238652.00000000000000000000000000000000000000000000000000
1009;1238972.00000000000000000000000000000000000000000000000000
1010;1239096.00000000000000000000000000000000000000000000000000
1011;1239060.00000000000000000000000000000000000000000000000000
1012;1239296.00000000000000000000000000000000000000000000000000
1013;1238784.00000000000000000000000000000000000000000000000000
1014;1238840.00000000000000000000000000000000000000000000000000
1015;1238792.00000000000000000000000000000000000000000000000000
1016;1239108.00000000000000000000000000000000000000000000000000
1017;1238448.00000000000000000000000000000000000000000000000000
1018;1239232.00000000000000000000000000000000000000000000000000
1019;1239244.00000000000000000000000000000000000000000000000000
1020;1238832.00000000000000000000000000000000000000000000000000
1021;1238880.00000000000000000000000000000000000000000000000000
1022;1238764.00000000000000000000000000000000000000000000000000
1023;1239152.00000000000000000000000000000000000000000000000000
1024;1239200.00000000000000000000000000000000000000000000000000
1025;1239220.00000000000000000000000000000000000000000000000000
1026;1238832.00000000000000000000000000000000000000000000000000
1027;1238988.00000000000000000000000000000000000000000000000000
1028;1238800.00000000000000000000000000000000000000000000000000
1029;1239208.00000000000000000000000000000000000000000000000000
1030;1239196.00000000000000000000000000000000000000000000000000
1031;1239268.00000000000000000000000000000000000000000000000000
1032;1238812.00000000000000000000000000000000000000000000000000
1033;1238716.00000000000000000000000000000000000000000000000000
1034;1238716.00000000000000000000000000000000000000000000000000
1035;1238932.00000000000000000000000000000000000000000000000000
1036;1239180.00000000000000000000000000000000000000000000000000
1037;1239196.00000000000000000000000000000000000000000000000000
1038;1238844.00000000000000000000000000000000000000000000000000
1039;1238844.00000000000000000000000000000000000000000000000000
1040;1238844.00000000000000000000000000000000000000000000000000
1041;1239296.00000000000000000000000000000000000000000000000000
1042;1239256.00000000000000000000000000000000000000000000000000
1043;1239196.00000000000000000000000000000000000000000000000000
1044;1238684.00000000000000000000000000000000000000000000000000
1045;1238708.00000000000000000000000000000000000000000000000000
1046;1238704.00000000000000000000000000000000000000000000000000
1047;1239072.00000000000000000000000000000000000000000000000000
1048;1239104.00000000000000000000000000000000000000000000000000
1049;1238900.00000000000000000000000000000000000000000000000000
1050;1239068.00000000000000000000000000000000000000000000000000
1051;1239140.00000000000000000000000000000000000000000000000000
1052;1238660.00000000000000000000000000000000000000000000000000
1053;1238588.00000000000000000000000000000000000000000000000000
1054;1238816.00000000000000000000000000000000000000000000000000
1055;1239084.00000000000000000000000000000000000000000000000000
1056;1239164.00000000000000000000000000000000000000000000000000
1057;1239232.00000000000000000000000000000000000000000000000000
1058;1239020.00000000000000000000000000000000000000000000000000
1059;1238828.00000000000000000000000000000000000000000000000000
1060;1239020.00000000000000000000000000000000000000000000000000
1061;1239116.00000000000000000000000000000000000000000000000000
1062;1239152.00000000000000000000000000000000000000000000000000
1063;1238908.00000000000000000000000000000000000000000000000000
1064;1238828.00000000000000000000000000000000000000000000000000
1065;1238868.00000000000000000000000000000000000000000000000000
1066;1238864.00000000000000000000000000000000000000000000000000
1067;1239188.00000000000000000000000000000000000000000000000000
1068;1239200.00000000000000000000000000000000000000000000000000
1069;1239480.00000000000000000000000000000000000000000000000000
1070;1239224.00000000000000000000000000000000000000000000000000
1071;1238484.00000000000000000000000000000000000000000000000000
1072;1238424.00000000000000000000000000000000000000000000000000
1073;1238424.00000000000000000000000000000000000000000000000000
1074;1238924.00000000000000000000000000000000000000000000000000
1075;1239180.00000000000000000000000000000000000000000000000000
1076;1239156.00000000000000000000000000000000000000000000000000
1077;1239180.00000000000000000000000000000000000000000000000000
1078;1238796.00000000000000000000000000000000000000000000000000
1079;1238852.00000000000000000000000000000000000000000000000000
1080;1238728.00000000000000000000000000000000000000000000000000
1081;1239248.00000000000000000000000000000000000000000000000000
1082;1239196.00000000000000000000000000000000000000000000000000
1083;1239152.00000000000000000000000000000000000000000000000000
1084;1239140.00000000000000000000000000000000000000000000000000
1085;1238728.00000000000000000000000000000000000000000000000000
1086;1238744.00000000000000000000000000000000000000000000000000
1087;1238708.00000000000000000000000000000000000000000000000000
1088;1239140.00000000000000000000000000000000000000000000000000
1089;1238288.00000000000000000000000000000000000000000000000000
1090;1239196.00000000000000000000000000000000000000000000000000
1091;1238876.00000000000000000000000000000000000000000000000000
1092;1238968.00000000000000000000000000000000000000000000000000
1093;1238964.00000000000000000000000000000000000000000000000000
1094;1239160.00000000000000000000000000000000000000000000000000
1095;1239196.00000000000000000000000000000000000000000000000000
1096;1239196.00000000000000000000000000000000000000000000000000
1097;1238900.00000000000000000000000000000000000000000000000000
1098;1238716.00000000000000000000000000000000000000000000000000
1099;1238844.00000000000000000000000000000000000000000000000000
1100;1239088.00000000000000000000000000000000000000000000000000
1101;1239268.00000000000000000000000000000000000000000000000000
1102;1239348.00000000000000000000000000000000000000000000000000
1103;1239272.00000000000000000000000000000000000000000000000000
1104;1238868.00000000000000000000000000000000000000000000000000
1105;1238900.00000000000000000000000000000000000000000000000000
1106;1239268.00000000000000000000000000000000000000000000000000
1107;1239320.00000000000000000000000000000000000000000000000000
1108;1239352.00000000000000000000000000000000000000000000000000
1109;1239356.00000000000000000000000000000000000000000000000000
1110;1238636.00000000000000000000000000000000000000000000000000
1111;1238516.00000000000000000000000000000000000000000000000000
1112;1238516.00000000000000000000000000000000000000000000000000
1113;1239372.00000000000000000000000000000000000000000000000000
1114;1239332.00000000000000000000000000000000000000000000000000
1115;1239356.00000000000000000000000000000000000000000000000000
1116;1238884.00000000000000000000000000000000000000000000000000
1117;1238888.00000000000000000000000000000000000000000000000000
1118;1238884.00000000000000000000000000000000000000000000000000
1119;1239268.00000000000000000000000000000000000000000000000000
1120;1239276.00000000000000000000000000000000000000000000000000
1121;1239404.00000000000000000000000000000000000000000000000000
1122;1239396.00000000000000000000000000000000000000000000000000
1123;1238956.00000000000000000000000000000000000000000000000000
1124;1239212.00000000000000000000000000000000000000000000000000
1125;1239456.00000000000000000000000000000000000000000000000000
1126;1239360.00000000000000000000000000000000000000000000000000
1127;1239388.00000000000000000000000000000000000000000000000000
1128;1239344.00000000000000000000000000000000000000000000000000
1129;1239012.00000000000000000000000000000000000000000000000000
1130;1238888.00000000000000000000000000000000000000000000000000
1131;1238924.00000000000000000000000000000000000000000000000000
1132;1239372.00000000000000000000000000000000000000000000000000
1133;1239436.00000000000000000000000000000000000000000000000000
1134;1239392.00000000000000000000000000000000000000000000000000
1135;1238488.00000000000000000000000000000000000000000000000000
1136;1238748.00000000000000000000000000000000000000000000000000
1137;1238748.00000000000000000000000000000000000000000000000000
1138;1238940.00000000000000000000000000000000000000000000000000
1139;1239188.00000000000000000000000000000000000000000000000000
1140;1238932.00000000000000000000000000000000000000000000000000
1141;1239332.00000000000000000000000000000000000000000000000000
1142;1239004.00000000000000000000000000000000000000000000000000
1143;1238964.00000000000000000000000000000000000000000000000000
1144;1238884.00000000000000000000000000000000000000000000000000
1145;1239332.00000000000000000000000000000000000000000000000000
1146;1239348.00000000000000000000000000000000000000000000000000
1147;1239412.00000000000000000000000000000000000000000000000000
1148;1239316.00000000000000000000000000000000000000000000000000
1149;1239168.00000000000000000000000000000000000000000000000000
1150;1239168.00000000000000000000000000000000000000000000000000
1151;1239296.00000000000000000000000000000000000000000000000000
1152;1239440.00000000000000000000000000000000000000000000000000
1153;1239056.00000000000000000000000000000000000000000000000000
1154;1239312.00000000000000000000000000000000000000000000000000
1155;1238904.00000000000000000000000000000000000000000000000000
1156;1239024.00000000000000000000000000000000000000000000000000
1157;1238996.00000000000000000000000000000000000000000000000000
1158;1239068.00000000000000000000000000000000000000000000000000
1159;1239384.00000000000000000000000000000000000000000000000000
1160;1239400.00000000000000000000000000000000000000000000000000
1161;1238656.00000000000000000000000000000000000000000000000000
1162;1238888.00000000000000000000000000000000000000000000000000
1163;1238888.00000000000000000000000000000000000000000000000000
1164;1239332.00000000000000000000000000000000000000000000000000
1165;1239152.00000000000000000000000000000000000000000000000000
1166;1239536.00000000000000000000000000000000000000000000000000
1167;1239536.00000000000000000000000000000000000000000000000000
1168;1239036.00000000000000000000000000000000000000000000000000
1169;1239260.00000000000000000000000000000000000000000000000000
1170;1239348.00000000000000000000000000000000000000000000000000
1171;1239340.00000000000000000000000000000000000000000000000000
1172;1239268.00000000000000000000000000000000000000000000000000
1173;1239212.00000000000000000000000000000000000000000000000000
1174;1239084.00000000000000000000000000000000000000000000000000
1175;1239216.00000000000000000000000000000000000000000000000000
1176;1239228.00000000000000000000000000000000000000000000000000
1177;1239372.00000000000000000000000000000000000000000000000000
1178;1239448.00000000000000000000000000000000000000000000000000
1179;1239460.00000000000000000000000000000000000000000000000000
1180;1239588.00000000000000000000000000000000000000000000000000
1181;1239296.00000000000000000000000000000000000000000000000000
1182;1239040.00000000000000000000000000000000000000000000000000
1183;1239432.00000000000000000000000000000000000000000000000000
1184;1239356.00000000000000000000000000000000000000000000000000
1185;1239472.00000000000000000000000000000000000000000000000000
1186;1239368.00000000000000000000000000000000000000000000000000
1187;1239216.00000000000000000000000000000000000000000000000000
1188;1239128.00000000000000000000000000000000000000000000000000
1189;1239344.00000000000000000000000000000000000000000000000000
1190;1239088.00000000000000000000000000000000000000000000000000
1191;1239500.00000000000000000000000000000000000000000000000000
1192;1238900.00000000000000000000000000000000000000000000000000
1193;1239136.00000000000000000000000000000000000000000000000000
1194;1238980.00000000000000000000000000000000000000000000000000
1195;1239372.00000000000000000000000000000000000000000000000000
1196;1239440.00000000000000000000000000000000000000000000000000
1197;1238680.00000000000000000000000000000000000000000000000000
1198;1239500.00000000000000000000000000000000000000000000000000
1199;1238972.00000000000000000000000000000000000000000000000000
1200;1239100.00000000000000000000000000000000000000000000000000
1201;1239228.00000000000000000000000000000000000000000000000000
1202;1239416.00000000000000000000000000000000000000000000000000
1203;1239512.00000000000000000000000000000000000000000000000000
1204;1239264.00000000000000000000000000000000000000000000000000
1205;1239040.00000000000000000000000000000000000000000000000000
1206;1238972.00000000000000000000000000000000000000000000000000
1207;1239360.00000000000000000000000000000000000000000000000000
1208;1239424.00000000000000000000000000000000000000000000000000
1209;1239156.00000000000000000000000000000000000000000000000000
1210;1239528.00000000000000000000000000000000000000000000000000
1211;1239060.00000000000000000000000000000000000000000000000000
1212;1239188.00000000000000000000000000000000000000000000000000
1213;1239184.00000000000000000000000000000000000000000000000000
1214;1239456.00000000000000000000000000000000000000000000000000
1215;1239524.00000000000000000000000000000000000000000000000000
1216;1239484.00000000000000000000000000000000000000000000000000
1217;1239448.00000000000000000000000000000000000000000000000000
1218;1239096.00000000000000000000000000000000000000000000000000
1219;1239096.00000000000000000000000000000000000000000000000000
1220;1239196.00000000000000000000000000000000000000000000000000
1221;1239544.00000000000000000000000000000000000000000000000000
1222;1239536.00000000000000000000000000000000000000000000000000
1223;1239608.00000000000000000000000000000000000000000000000000
1224;1238912.00000000000000000000000000000000000000000000000000
1225;1238724.00000000000000000000000000000000000000000000000000
1226;1239052.00000000000000000000000000000000000000000000000000
1227;1239440.00000000000000000000000000000000000000000000000000
1228;1239192.00000000000000000000000000000000000000000000000000
1229;1239328.00000000000000000000000000000000000000000000000000
1230;1239068.00000000000000000000000000000000000000000000000000
1231;1239104.00000000000000000000000000000000000000000000000000
1232;1239416.00000000000000000000000000000000000000000000000000
1233;1239436.00000000000000000000000000000000000000000000000000
1234;1239560.00000000000000000000000000000000000000000000000000
1235;1238972.00000000000000000000000000000000000000000000000000
1236;1238968.00000000000000000000000000000000000000000000000000
1237;1239048.00000000000000000000000000000000000000000000000000
1238;1239428.00000000000000000000000000000000000000000000000000
1239;1239484.00000000000000000000000000000000000000000000000000
1240;1239484.00000000000000000000000000000000000000000000000000
1241;1239484.00000000000000000000000000000000000000000000000000
1242;1239072.00000000000000000000000000000000000000000000000000
1243;1239068.00000000000000000000000000000000000000000000000000
1244;1239104.00000000000000000000000000000000000000000000000000
1245;1239484.00000000000000000000000000000000000000000000000000
1246;1239484.00000000000000000000000000000000000000000000000000
1247;1239484.00000000000000000000000000000000000000000000000000
1248;1239252.00000000000000000000000000000000000000000000000000
1249;1239168.00000000000000000000000000000000000000000000000000
1250;1239132.00000000000000000000000000000000000000000000000000
1251;1239604.00000000000000000000000000000000000000000000000000
1252;1239604.00000000000000000000000000000000000000000000000000
1253;1239616.00000000000000000000000000000000000000000000000000
1254;1239268.00000000000000000000000000000000000000000000000000
1255;1239256.00000000000000000000000000000000000000000000000000
1256;1239256.00000000000000000000000000000000000000000000000000
1257;1239456.00000000000000000000000000000000000000000000000000
1258;1239552.00000000000000000000000000000000000000000000000000
1259;1239568.00000000000000000000000000000000000000000000000000
1260;1239676.00000000000000000000000000000000000000000000000000
1261;1239636.00000000000000000000000000000000000000000000000000
1262;1239016.00000000000000000000000000000000000000000000000000
1263;1238828.00000000000000000000000000000000000000000000000000
1264;1238744.00000000000000000000000000000000000000000000000000
1265;1239628.00000000000000000000000000000000000000000000000000
1266;1239572.00000000000000000000000000000000000000000000000000
1267;1239576.00000000000000000000000000000000000000000000000000
1268;1239312.00000000000000000000000000000000000000000000000000
1269;1238796.00000000000000000000000000000000000000000000000000
1270;1238796.00000000000000000000000000000000000000000000000000
1271;1238984.00000000000000000000000000000000000000000000000000
1272;1239292.00000000000000000000000000000000000000000000000000
1273;1239580.00000000000000000000000000000000000000000000000000
1274;1239580.00000000000000000000000000000000000000000000000000
1275;1239588.00000000000000000000000000000000000000000000000000
1276;1239604.00000000000000000000000000000000000000000000000000
1277;1238788.00000000000000000000000000000000000000000000000000
1278;1238752.00000000000000000000000000000000000000000000000000
1279;1238908.00000000000000000000000000000000000000000000000000
1280;1239624.00000000000000000000000000000000000000000000000000
1281;1239696.00000000000000000000000000000000000000000000000000
1282;1239336.00000000000000000000000000000000000000000000000000
1283;1239596.00000000000000000000000000000000000000000000000000
1284;1239240.00000000000000000000000000000000000000000000000000
1285;1239120.00000000000000000000000000000000000000000000000000
1286;1239156.00000000000000000000000000000000000000000000000000
1287;1239384.00000000000000000000000000000000000000000000000000
1288;1239704.00000000000000000000000000000000000000000000000000
1289;1239744.00000000000000000000000000000000000000000000000000
1290;1239744.00000000000000000000000000000000000000000000000000
1291;1239256.00000000000000000000000000000000000000000000000000
1292;1239144.00000000000000000000000000000000000000000000000000
1293;1239240.00000000000000000000000000000000000000000000000000
1294;1239548.00000000000000000000000000000000000000000000000000
1295;1239548.00000000000000000000000000000000000000000000000000
1296;1239552.00000000000000000000000000000000000000000000000000
1297;1239616.00000000000000000000000000000000000000000000000000
1298;1239656.00000000000000000000000000000000000000000000000000
1299;1238760.00000000000000000000000000000000000000000000000000
1300;1238796.00000000000000000000000000000000000000000000000000
1301;1239016.00000000000000000000000000000000000000000000000000
1302;1238760.00000000000000000000000000000000000000000000000000
1303;1239604.00000000000000000000000000000000000000000000000000
1304;1239604.00000000000000000000000000000000000000000000000000
1305;1239688.00000000000000000000000000000000000000000000000000
1306;1239652.00000000000000000000000000000000000000000000000000
1307;1238828.00000000000000000000000000000000000000000000000000
1308;1238948.00000000000000000000000000000000000000000000000000
1309;1238832.00000000000000000000000000000000000000000000000000
1310;1239312.00000000000000000000000000000000000000000000000000
1311;1239688.00000000000000000000000000000000000000000000000000
1312;1239696.00000000000000000000000000000000000000000000000000
1313;1239596.00000000000000000000000000000000000000000000000000
1314;1239168.00000000000000000000000000000000000000000000000000
1315;1239388.00000000000000000000000000000000000000000000000000
1316;1239132.00000000000000000000000000000000000000000000000000
1317;1239164.00000000000000000000000000000000000000000000000000
1318;1239616.00000000000000000000000000000000000000000000000000
1319;1239560.00000000000000000000000000000000000000000000000000
1320;1239304.00000000000000000000000000000000000000000000000000
1321;1239344.00000000000000000000000000000000000000000000000000
1322;1239280.00000000000000000000000000000000000000000000000000
1323;1239168.00000000000000000000000000000000000000000000000000
1324;1239200.00000000000000000000000000000000000000000000000000
1325;1239304.00000000000000000000000000000000000000000000000000
1326;1239356.00000000000000000000000000000000000000000000000000
1327;1239584.00000000000000000000000000000000000000000000000000
1328;1249180.00000000000000000000000000000000000000000000000000
1329;1251460.00000000000000000000000000000000000000000000000000
1330;1251444.00000000000000000000000000000000000000000000000000
1331;1251440.00000000000000000000000000000000000000000000000000
1332;1251632.00000000000000000000000000000000000000000000000000
1333;1252356.00000000000000000000000000000000000000000000000000
1334;1252392.00000000000000000000000000000000000000000000000000
1335;1252548.00000000000000000000000000000000000000000000000000
1336;1252020.00000000000000000000000000000000000000000000000000
1337;1252136.00000000000000000000000000000000000000000000000000
1338;1252016.00000000000000000000000000000000000000000000000000
1339;1252412.00000000000000000000000000000000000000000000000000
1340;1252544.00000000000000000000000000000000000000000000000000
1341;1252544.00000000000000000000000000000000000000000000000000
1342;1252636.00000000000000000000000000000000000000000000000000
1343;1252352.00000000000000000000000000000000000000000000000000
1344;1252160.00000000000000000000000000000000000000000000000000
1345;1252096.00000000000000000000000000000000000000000000000000
1346;1252484.00000000000000000000000000000000000000000000000000
1347;1252448.00000000000000000000000000000000000000000000000000
1348;1252444.00000000000000000000000000000000000000000000000000
1349;1252788.00000000000000000000000000000000000000000000000000
1350;1252640.00000000000000000000000000000000000000000000000000
1351;1252360.00000000000000000000000000000000000000000000000000
1352;1252312.00000000000000000000000000000000000000000000000000
1353;1252312.00000000000000000000000000000000000000000000000000
1354;1252656.00000000000000000000000000000000000000000000000000
1355;1253392.00000000000000000000000000000000000000000000000000
1356;1253408.00000000000000000000000000000000000000000000000000
1357;1253412.00000000000000000000000000000000000000000000000000
1358;1253004.00000000000000000000000000000000000000000000000000
1359;1252984.00000000000000000000000000000000000000000000000000
1360;1252980.00000000000000000000000000000000000000000000000000
1361;1252980.00000000000000000000000000000000000000000000000000
1362;1253360.00000000000000000000000000000000000000000000000000
1363;1253400.00000000000000000000000000000000000000000000000000
1364;1253492.00000000000000000000000000000000000000000000000000
1365;1253204.00000000000000000000000000000000000000000000000000
1366;1252920.00000000000000000000000000000000000000000000000000
1367;1252988.00000000000000000000000000000000000000000000000000
1368;1252920.00000000000000000000000000000000000000000000000000
1369;1253360.00000000000000000000000000000000000000000000000000
1370;1253396.00000000000000000000000000000000000000000000000000
1371;1253400.00000000000000000000000000000000000000000000000000
1372;1253452.00000000000000000000000000000000000000000000000000
1373;1253056.00000000000000000000000000000000000000000000000000
1374;1253060.00000000000000000000000000000000000000000000000000
1375;1252964.00000000000000000000000000000000000000000000000000
1376;1253272.00000000000000000000000000000000000000000000000000
1377;1253284.00000000000000000000000000000000000000000000000000
1378;1253292.00000000000000000000000000000000000000000000000000
1379;1253520.00000000000000000000000000000000000000000000000000
1380;1253448.00000000000000000000000000000000000000000000000000
1381;1253568.00000000000000000000000000000000000000000000000000
1382;1253636.00000000000000000000000000000000000000000000000000
1383;1253632.00000000000000000000000000000000000000000000000000
1384;1254320.00000000000000000000000000000000000000000000000000
1385;1254268.00000000000000000000000000000000000000000000000000
1386;1254632.00000000000000000000000000000000000000000000000000
1387;1254636.00000000000000000000000000000000000000000000000000
1388;1254080.00000000000000000000000000000000000000000000000000
1389;1254108.00000000000000000000000000000000000000000000000000
1390;1254104.00000000000000000000000000000000000000000000000000
1391;1253960.00000000000000000000000000000000000000000000000000
1392;1254456.00000000000000000000000000000000000000000000000000
1393;1254456.00000000000000000000000000000000000000000000000000
1394;1254320.00000000000000000000000000000000000000000000000000
1395;1254044.00000000000000000000000000000000000000000000000000
1396;1254080.00000000000000000000000000000000000000000000000000
1397;1254080.00000000000000000000000000000000000000000000000000
1398;1253420.00000000000000000000000000000000000000000000000000
1399;1254448.00000000000000000000000000000000000000000000000000
1400;1254404.00000000000000000000000000000000000000000000000000
1401;1254472.00000000000000000000000000000000000000000000000000
1402;1254508.00000000000000000000000000000000000000000000000000
1403;1254052.00000000000000000000000000000000000000000000000000
1404;1254092.00000000000000000000000000000000000000000000000000
1405;1254312.00000000000000000000000000000000000000000000000000
1406;1254516.00000000000000000000000000000000000000000000000000
1407;1254192.00000000000000000000000000000000000000000000000000
1408;1254656.00000000000000000000000000000000000000000000000000
1409;1254492.00000000000000000000000000000000000000000000000000
1410;1254576.00000000000000000000000000000000000000000000000000
1411;1254140.00000000000000000000000000000000000000000000000000
1412;1254108.00000000000000000000000000000000000000000000000000
1413;1254108.00000000000000000000000000000000000000000000000000
1414;1254196.00000000000000000000000000000000000000000000000000
1415;1254444.00000000000000000000000000000000000000000000000000
1416;1254484.00000000000000000000000000000000000000000000000000
1417;1254028.00000000000000000000000000000000000000000000000000
1418;1254096.00000000000000000000000000000000000000000000000000
1419;1254128.00000000000000000000000000000000000000000000000000
1420;1254352.00000000000000000000000000000000000000000000000000
1421;1254580.00000000000000000000000000000000000000000000000000
1422;1254320.00000000000000000000000000000000000000000000000000
1423;1254536.00000000000000000000000000000000000000000000000000
1424;1254472.00000000000000000000000000000000000000000000000000
1425;1254476.00000000000000000000000000000000000000000000000000
1426;1254008.00000000000000000000000000000000000000000000000000
1427;1254040.00000000000000000000000000000000000000000000000000
1428;1254264.00000000000000000000000000000000000000000000000000
1429;1254392.00000000000000000000000000000000000000000000000000
1430;1254448.00000000000000000000000000000000000000000000000000
1431;1254428.00000000000000000000000000000000000000000000000000
1432;1254528.00000000000000000000000000000000000000000000000000
1433;1254612.00000000000000000000000000000000000000000000000000
1434;1254316.00000000000000000000000000000000000000000000000000
1435;1254128.00000000000000000000000000000000000000000000000000
1436;1254316.00000000000000000000000000000000000000000000000000
1437;1254092.00000000000000000000000000000000000000000000000000
1438;1254448.00000000000000000000000000000000000000000000000000
1439;1254448.00000000000000000000000000000000000000000000000000
1440;1254456.00000000000000000000000000000000000000000000000000
1441;1254584.00000000000000000000000000000000000000000000000000
1442;1254164.00000000000000000000000000000000000000000000000000
1443;1254180.00000000000000000000000000000000000000000000000000
1444;1254372.00000000000000000000000000000000000000000000000000
1445;1254636.00000000000000000000000000000000000000000000000000
1446;1254548.00000000000000000000000000000000000000000000000000
1447;1254560.00000000000000000000000000000000000000000000000000
1448;1254568.00000000000000000000000000000000000000000000000000
1449;1254292.00000000000000000000000000000000000000000000000000
1450;1254444.00000000000000000000000000000000000000000000000000
1451;1254188.00000000000000000000000000000000000000000000000000
1452;1254616.00000000000000000000000000000000000000000000000000
1453;1254616.00000000000000000000000000000000000000000000000000
1454;1254732.00000000000000000000000000000000000000000000000000
1455;1254680.00000000000000000000000000000000000000000000000000
1456;1254700.00000000000000000000000000000000000000000000000000
1457;1254204.00000000000000000000000000000000000000000000000000
1458;1254232.00000000000000000000000000000000000000000000000000
1459;1254168.00000000000000000000000000000000000000000000000000
1460;1254732.00000000000000000000000000000000000000000000000000
1461;1254724.00000000000000000000000000000000000000000000000000
1462;1254696.00000000000000000000000000000000000000000000000000
1463;1254808.00000000000000000000000000000000000000000000000000
1464;1254032.00000000000000000000000000000000000000000000000000
1465;1254084.00000000000000000000000000000000000000000000000000
1466;1253828.00000000000000000000000000000000000000000000000000
1467;1253828.00000000000000000000000000000000000000000000000000
1468;1254628.00000000000000000000000000000000000000000000000000
1469;1254712.00000000000000000000000000000000000000000000000000
1470;1254712.00000000000000000000000000000000000000000000000000
1471;1254648.00000000000000000000000000000000000000000000000000
1472;1254328.00000000000000000000000000000000000000000000000000
1473;1254332.00000000000000000000000000000000000000000000000000
1474;1254240.00000000000000000000000000000000000000000000000000
1475;1254584.00000000000000000000000000000000000000000000000000
1476;1254712.00000000000000000000000000000000000000000000000000
1477;1254332.00000000000000000000000000000000000000000000000000
1478;1254732.00000000000000000000000000000000000000000000000000
1479;1254360.00000000000000000000000000000000000000000000000000
1480;1254516.00000000000000000000000000000000000000000000000000
1481;1254324.00000000000000000000000000000000000000000000000000
1482;1254688.00000000000000000000000000000000000000000000000000
1483;1254580.00000000000000000000000000000000000000000000000000
1484;1254716.00000000000000000000000000000000000000000000000000
1485;1254768.00000000000000000000000000000000000000000000000000
1486;1254408.00000000000000000000000000000000000000000000000000
1487;1254352.00000000000000000000000000000000000000000000000000
1488;1254284.00000000000000000000000000000000000000000000000000
1489;1254796.00000000000000000000000000000000000000000000000000
1490;1254784.00000000000000000000000000000000000000000000000000
1491;1254784.00000000000000000000000000000000000000000000000000
1492;1254892.00000000000000000000000000000000000000000000000000
1493;1253936.00000000000000000000000000000000000000000000000000
1494;1254128.00000000000000000000000000000000000000000000000000
1495;1253936.00000000000000000000000000000000000000000000000000
1496;1254360.00000000000000000000000000000000000000000000000000
1497;1254884.00000000000000000000000000000000000000000000000000
1498;1254660.00000000000000000000000000000000000000000000000000
1499;1254808.00000000000000000000000000000000000000000000000000
1500;1254528.00000000000000000000000000000000000000000000000000
1501;1254428.00000000000000000000000000000000000000000000000000
1502;1254336.00000000000000000000000000000000000000000000000000
1503;1254744.00000000000000000000000000000000000000000000000000
1504;1254804.00000000000000000000000000000000000000000000000000
1505;1254824.00000000000000000000000000000000000000000000000000
1506;1254836.00000000000000000000000000000000000000000000000000
1507;1254584.00000000000000000000000000000000000000000000000000
1508;1254184.00000000000000000000000000000000000000000000000000
1509;1253960.00000000000000000000000000000000000000000000000000
1510;1253992.00000000000000000000000000000000000000000000000000
1511;1254468.00000000000000000000000000000000000000000000000000
1512;1254784.00000000000000000000000000000000000000000000000000
1513;1254844.00000000000000000000000000000000000000000000000000
1514;1254344.00000000000000000000000000000000000000000000000000
1515;1254544.00000000000000000000000000000000000000000000000000
1516;1254352.00000000000000000000000000000000000000000000000000
1517;1254288.00000000000000000000000000000000000000000000000000
1518;1254768.00000000000000000000000000000000000000000000000000
1519;1254768.00000000000000000000000000000000000000000000000000
1520;1254952.00000000000000000000000000000000000000000000000000
1521;1255016.00000000000000000000000000000000000000000000000000
1522;1254756.00000000000000000000000000000000000000000000000000
1523;1254536.00000000000000000000000000000000000000000000000000
1524;1254540.00000000000000000000000000000000000000000000000000
1525;1254448.00000000000000000000000000000000000000000000000000
1526;1254836.00000000000000000000000000000000000000000000000000
1527;1254420.00000000000000000000000000000000000000000000000000
1528;1254672.00000000000000000000000000000000000000000000000000
1529;1254712.00000000000000000000000000000000000000000000000000
1530;1254032.00000000000000000000000000000000000000000000000000
1531;1253964.00000000000000000000000000000000000000000000000000
1532;1254148.00000000000000000000000000000000000000000000000000
1533;1254528.00000000000000000000000000000000000000000000000000
1534;1254768.00000000000000000000000000000000000000000000000000
1535;1254668.00000000000000000000000000000000000000000000000000
1536;1254676.00000000000000000000000000000000000000000000000000
1537;1254692.00000000000000000000000000000000000000000000000000
1538;1254420.00000000000000000000000000000000000000000000000000
1539;1254260.00000000000000000000000000000000000000000000000000
1540;1254232.00000000000000000000000000000000000000000000000000
1541;1254588.00000000000000000000000000000000000000000000000000
1542;1254596.00000000000000000000000000000000000000000000000000
1543;1254708.00000000000000000000000000000000000000000000000000
1544;1254788.00000000000000000000000000000000000000000000000000
1545;1254688.00000000000000000000000000000000000000000000000000
1546;1254052.00000000000000000000000000000000000000000000000000
1547;1254016.00000000000000000000000000000000000000000000000000
1548;1253980.00000000000000000000000000000000000000000000000000
1549;1254432.00000000000000000000000000000000000000000000000000
1550;1254744.00000000000000000000000000000000000000000000000000
1551;1254748.00000000000000000000000000000000000000000000000000
1552;1254748.00000000000000000000000000000000000000000000000000
1553;1254748.00000000000000000000000000000000000000000000000000
1554;1254436.00000000000000000000000000000000000000000000000000
1555;1254308.00000000000000000000000000000000000000000000000000
1556;1254532.00000000000000000000000000000000000000000000000000
1557;1254684.00000000000000000000000000000000000000000000000000
1558;1254428.00000000000000000000000000000000000000000000000000
1559;1254744.00000000000000000000000000000000000000000000000000
1560;1254812.00000000000000000000000000000000000000000000000000
1561;1254428.00000000000000000000000000000000000000000000000000
1562;1254540.00000000000000000000000000000000000000000000000000
1563;1254612.00000000000000000000000000000000000000000000000000
1564;1254744.00000000000000000000000000000000000000000000000000
1565;1254500.00000000000000000000000000000000000000000000000000
1566;1254808.00000000000000000000000000000000000000000000000000
1567;1254840.00000000000000000000000000000000000000000000000000
1568;1254792.00000000000000000000000000000000000000000000000000
1569;1254068.00000000000000000000000000000000000000000000000000
1570;1254036.00000000000000000000000000000000000000000000000000
1571;1254068.00000000000000000000000000000000000000000000000000
1572;1254888.00000000000000000000000000000000000000000000000000
1573;1254500.00000000000000000000000000000000000000000000000000
1574;1254884.00000000000000000000000000000000000000000000000000
1575;1254988.00000000000000000000000000000000000000000000000000
1576;1254432.00000000000000000000000000000000000000000000000000
1577;1254496.00000000000000000000000000000000000000000000000000
1578;1254556.00000000000000000000000000000000000000000000000000
1579;1254980.00000000000000000000000000000000000000000000000000
1580;1254532.00000000000000000000000000000000000000000000000000
1581;1254828.00000000000000000000000000000000000000000000000000
1582;1254780.00000000000000000000000000000000000000000000000000
1583;1254592.00000000000000000000000000000000000000000000000000
1584;1254296.00000000000000000000000000000000000000000000000000
1585;1254332.00000000000000000000000000000000000000000000000000
1586;1254296.00000000000000000000000000000000000000000000000000
1587;1254652.00000000000000000000000000000000000000000000000000
1588;1254664.00000000000000000000000000000000000000000000000000
1589;1254804.00000000000000000000000000000000000000000000000000
1590;1254688.00000000000000000000000000000000000000000000000000
1591;1254476.00000000000000000000000000000000000000000000000000
1592;1254484.00000000000000000000000000000000000000000000000000
1593;1254360.00000000000000000000000000000000000000000000000000
1594;1254360.00000000000000000000000000000000000000000000000000
1595;1254800.00000000000000000000000000000000000000000000000000
1596;1254856.00000000000000000000000000000000000000000000000000
1597;1254984.00000000000000000000000000000000000000000000000000
1598;1254996.00000000000000000000000000000000000000000000000000
1599;1255016.00000000000000000000000000000000000000000000000000
1600;1254712.00000000000000000000000000000000000000000000000000
1601;1254508.00000000000000000000000000000000000000000000000000
1602;1254744.00000000000000000000000000000000000000000000000000
1603;1254744.00000000000000000000000000000000000000000000000000
1604;1254628.00000000000000000000000000000000000000000000000000
1605;1255132.00000000000000000000000000000000000000000000000000
1606;1254992.00000000000000000000000000000000000000000000000000
1607;1255000.00000000000000000000000000000000000000000000000000
1608;1254412.00000000000000000000000000000000000000000000000000
1609;1254336.00000000000000000000000000000000000000000000000000
1610;1254336.00000000000000000000000000000000000000000000000000
1611;1254112.00000000000000000000000000000000000000000000000000
1612;1254548.00000000000000000000000000000000000000000000000000
1613;1254828.00000000000000000000000000000000000000000000000000
1614;1254920.00000000000000000000000000000000000000000000000000
1615;1254864.00000000000000000000000000000000000000000000000000
1616;1254460.00000000000000000000000000000000000000000000000000
1617;1254708.00000000000000000000000000000000000000000000000000
1618;1254552.00000000000000000000000000000000000000000000000000
1619;1254516.00000000000000000000000000000000000000000000000000
1620;1254484.00000000000000000000000000000000000000000000000000
1621;1254904.00000000000000000000000000000000000000000000000000
1622;1254836.00000000000000000000000000000000000000000000000000
1623;1254980.00000000000000000000000000000000000000000000000000
1624;1254948.00000000000000000000000000000000000000000000000000
1625;1255004.00000000000000000000000000000000000000000000000000
1626;1254628.00000000000000000000000000000000000000000000000000
1627;1254508.00000000000000000000000000000000000000000000000000
1628;1254508.00000000000000000000000000000000000000000000000000
1629;1254992.00000000000000000000000000000000000000000000000000
1630;1254984.00000000000000000000000000000000000000000000000000
1631;1254612.00000000000000000000000000000000000000000000000000
1632;1254880.00000000000000000000000000000000000000000000000000
1633;1254832.00000000000000000000000000000000000000000000000000
1634;1253764.00000000000000000000000000000000000000000000000000
1635;1254372.00000000000000000000000000000000000000000000000000
1636;1254148.00000000000000000000000000000000000000000000000000
1637;1254112.00000000000000000000000000000000000000000000000000
1638;1255052.00000000000000000000000000000000000000000000000000
1639;1255012.00000000000000000000000000000000000000000000000000
1640;1255012.00000000000000000000000000000000000000000000000000
1641;1254788.00000000000000000000000000000000000000000000000000
1642;1254116.00000000000000000000000000000000000000000000000000
1643;1254152.00000000000000000000000000000000000000000000000000
1644;1254120.00000000000000000000000000000000000000000000000000
1645;1254792.00000000000000000000000000000000000000000000000000
1646;1254792.00000000000000000000000000000000000000000000000000
1647;1254928.00000000000000000000000000000000000000000000000000
1648;1255012.00000000000000000000000000000000000000000000000000
1649;1254760.00000000000000000000000000000000000000000000000000
1650;1254512.00000000000000000000000000000000000000000000000000
1651;1254480.00000000000000000000000000000000000000000000000000
1652;1254596.00000000000000000000000000000000000000000000000000
1653;1255080.00000000000000000000000000000000000000000000000000
1654;1255000.00000000000000000000000000000000000000000000000000
1655;1255088.00000000000000000000000000000000000000000000000000
1656;1255096.00000000000000000000000000000000000000000000000000
1657;1254164.00000000000000000000000000000000000000000000000000
1658;1254164.00000000000000000000000000000000000000000000000000
1659;1254352.00000000000000000000000000000000000000000000000000
1660;1254096.00000000000000000000000000000000000000000000000000
1661;1254960.00000000000000000000000000000000000000000000000000
1662;1254944.00000000000000000000000000000000000000000000000000
1663;1254952.00000000000000000000000000000000000000000000000000
1664;1254696.00000000000000000000000000000000000000000000000000
1665;1254524.00000000000000000000000000000000000000000000000000
1666;1254448.00000000000000000000000000000000000000000000000000
1667;1254444.00000000000000000000000000000000000000000000000000
1668;1254928.00000000000000000000000000000000000000000000000000
1669;1254888.00000000000000000000000000000000000000000000000000
1670;1254888.00000000000000000000000000000000000000000000000000
1671;1255032.00000000000000000000000000000000000000000000000000
1672;1254252.00000000000000000000000000000000000000000000000000
1673;1254132.00000000000000000000000000000000000000000000000000
1674;1254076.00000000000000000000000000000000000000000000000000
1675;1254264.00000000000000000000000000000000000000000000000000
1676;1255012.00000000000000000000000000000000000000000000000000
1677;1254872.00000000000000000000000000000000000000000000000000
1678;1254880.00000000000000000000000000000000000000000000000000
1679;1254640.00000000000000000000000000000000000000000000000000
1680;1255080.00000000000000000000000000000000000000000000000000
1681;1254576.00000000000000000000000000000000000000000000000000
1682;1254608.00000000000000000000000000000000000000000000000000
1683;1254644.00000000000000000000000000000000000000000000000000
1684;1255080.00000000000000000000000000000000000000000000000000
1685;1255024.00000000000000000000000000000000000000000000000000
1686;1255024.00000000000000000000000000000000000000000000000000
1687;1255064.00000000000000000000000000000000000000000000000000
1688;1254608.00000000000000000000000000000000000000000000000000
1689;1254832.00000000000000000000000000000000000000000000000000
1690;1254644.00000000000000000000000000000000000000000000000000
1691;1254644.00000000000000000000000000000000000000000000000000
1692;1255016.00000000000000000000000000000000000000000000000000
1693;1255016.00000000000000000000000000000000000000000000000000
1694;1255072.00000000000000000000000000000000000000000000000000
1695;1255084.00000000000000000000000000000000000000000000000000
1696;1254708.00000000000000000000000000000000000000000000000000
1697;1254504.00000000000000000000000000000000000000000000000000
1698;1254504.00000000000000000000000000000000000000000000000000
1699;1254504.00000000000000000000000000000000000000000000000000
1700;1254968.00000000000000000000000000000000000000000000000000
1701;1254752.00000000000000000000000000000000000000000000000000
1702;1255024.00000000000000000000000000000000000000000000000000
1703;1254656.00000000000000000000000000000000000000000000000000
1704;1254920.00000000000000000000000000000000000000000000000000
1705;1253964.00000000000000000000000000000000000000000000000000
1706;1254428.00000000000000000000000000000000000000000000000000
1707;1254172.00000000000000000000000000000000000000000000000000
1708;1254172.00000000000000000000000000000000000000000000000000
1709;1255020.00000000000000000000000000000000000000000000000000
1710;1254924.00000000000000000000000000000000000000000000000000
1711;1254672.00000000000000000000000000000000000000000000000000
1712;1254856.00000000000000000000000000000000000000000000000000
1713;1254180.00000000000000000000000000000000000000000000000000
1714;1254436.00000000000000000000000000000000000000000000000000
1715;1254248.00000000000000000000000000000000000000000000000000
1716;1254684.00000000000000000000000000000000000000000000000000
1717;1254944.00000000000000000000000000000000000000000000000000
1718;1254376.00000000000000000000000000000000000000000000000000
1719;1254988.00000000000000000000000000000000000000000000000000
1720;1255128.00000000000000000000000000000000000000000000000000
1721;1254884.00000000000000000000000000000000000000000000000000
1722;1254744.00000000000000000000000000000000000000000000000000
1723;1254628.00000000000000000000000000000000000000000000000000
1724;1255080.00000000000000000000000000000000000000000000000000
1725;1255088.00000000000000000000000000000000000000000000000000
1726;1254720.00000000000000000000000000000000000000000000000000
1727;1255112.00000000000000000000000000000000000000000000000000
1728;1255128.00000000000000000000000000000000000000000000000000
1729;1254700.00000000000000000000000000000000000000000000000000
1730;1254752.00000000000000000000000000000000000000000000000000
1731;1254884.00000000000000000000000000000000000000000000000000
1732;1254628.00000000000000000000000000000000000000000000000000
1733;1255080.00000000000000000000000000000000000000000000000000
1734;1255080.00000000000000000000000000000000000000000000000000
1735;1255240.00000000000000000000000000000000000000000000000000
1736;1255144.00000000000000000000000000000000000000000000000000
1737;1254788.00000000000000000000000000000000000000000000000000
1738;1254672.00000000000000000000000000000000000000000000000000
1739;1254636.00000000000000000000000000000000000000000000000000
1740;1255024.00000000000000000000000000000000000000000000000000
1741;1254740.00000000000000000000000000000000000000000000000000
1742;1254948.00000000000000000000000000000000000000000000000000
1743;1254832.00000000000000000000000000000000000000000000000000
1744;1255104.00000000000000000000000000000000000000000000000000
1745;1254644.00000000000000000000000000000000000000000000000000
1746;1254648.00000000000000000000000000000000000000000000000000
1747;1254836.00000000000000000000000000000000000000000000000000
1748;1255064.00000000000000000000000000000000000000000000000000
1749;1255112.00000000000000000000000000000000000000000000000000
1750;1255088.00000000000000000000000000000000000000000000000000
1751;1255152.00000000000000000000000000000000000000000000000000
1752;1254896.00000000000000000000000000000000000000000000000000
1753;1254700.00000000000000000000000000000000000000000000000000
1754;1254820.00000000000000000000000000000000000000000000000000
1755;1254736.00000000000000000000000000000000000000000000000000
1756;1254896.00000000000000000000000000000000000000000000000000
1757;1255160.00000000000000000000000000000000000000000000000000
1758;1254892.00000000000000000000000000000000000000000000000000
1759;1254800.00000000000000000000000000000000000000000000000000
1760;1255116.00000000000000000000000000000000000000000000000000
1761;1254612.00000000000000000000000000000000000000000000000000
1762;1254608.00000000000000000000000000000000000000000000000000
1763;1254868.00000000000000000000000000000000000000000000000000
1764;1254996.00000000000000000000000000000000000000000000000000
1765;1255084.00000000000000000000000000000000000000000000000000
1766;1255140.00000000000000000000000000000000000000000000000000
1767;1255128.00000000000000000000000000000000000000000000000000
1768;1254644.00000000000000000000000000000000000000000000000000
1769;1254608.00000000000000000000000000000000000000000000000000
1770;1254736.00000000000000000000000000000000000000000000000000
1771;1254804.00000000000000000000000000000000000000000000000000
1772;1255116.00000000000000000000000000000000000000000000000000
1773;1255184.00000000000000000000000000000000000000000000000000
1774;1255196.00000000000000000000000000000000000000000000000000
1775;1255204.00000000000000000000000000000000000000000000000000
1776;1254292.00000000000000000000000000000000000000000000000000
1777;1254292.00000000000000000000000000000000000000000000000000
1778;1254400.00000000000000000000000000000000000000000000000000
1779;1255024.00000000000000000000000000000000000000000000000000
1780;1254824.00000000000000000000000000000000000000000000000000
1781;1255024.00000000000000000000000000000000000000000000000000
1782;1255184.00000000000000000000000000000000000000000000000000
1783;1255184.00000000000000000000000000000000000000000000000000
1784;1254740.00000000000000000000000000000000000000000000000000
1785;1254964.00000000000000000000000000000000000000000000000000
1786;1254772.00000000000000000000000000000000000000000000000000
1787;1255180.00000000000000000000000000000000000000000000000000
1788;1255180.00000000000000000000000000000000000000000000000000
1789;1255180.00000000000000000000000000000000000000000000000000
1790;1255188.00000000000000000000000000000000000000000000000000
1791;1255200.00000000000000000000000000000000000000000000000000
1792;1254400.00000000000000000000000000000000000000000000000000
1793;1254324.00000000000000000000000000000000000000000000000000
1794;1254512.00000000000000000000000000000000000000000000000000
1795;1254252.00000000000000000000000000000000000000000000000000
1796;1255084.00000000000000000000000000000000000000000000000000
1797;1255124.00000000000000000000000000000000000000000000000000
1798;1255084.00000000000000000000000000000000000000000000000000
1799;1255216.00000000000000000000000000000000000000000000000000
1800;1254828.00000000000000000000000000000000000000000000000000
1801;1254824.00000000000000000000000000000000000000000000000000
1802;1254824.00000000000000000000000000000000000000000000000000
1803;1255184.00000000000000000000000000000000000000000000000000
1804;1255240.00000000000000000000000000000000000000000000000000
1805;1255332.00000000000000000000000000000000000000000000000000
1806;1255240.00000000000000000000000000000000000000000000000000
1807;1255032.00000000000000000000000000000000000000000000000000
1808;1254860.00000000000000000000000000000000000000000000000000
1809;1255016.00000000000000000000000000000000000000000000000000
1810;1254916.00000000000000000000000000000000000000000000000000
1811;1254888.00000000000000000000000000000000000000000000000000
1812;1254796.00000000000000000000000000000000000000000000000000
1813;1255236.00000000000000000000000000000000000000000000000000
1814;1255244.00000000000000000000000000000000000000000000000000
1815;1255264.00000000000000000000000000000000000000000000000000
1816;1254984.00000000000000000000000000000000000000000000000000
1817;1255016.00000000000000000000000000000000000000000000000000
1818;1254828.00000000000000000000000000000000000000000000000000
1819;1255252.00000000000000000000000000000000000000000000000000
1820;1255224.00000000000000000000000000000000000000000000000000
1821;1254968.00000000000000000000000000000000000000000000000000
1822;1255288.00000000000000000000000000000000000000000000000000
1823;1255296.00000000000000000000000000000000000000000000000000
1824;1255080.00000000000000000000000000000000000000000000000000
1825;1254980.00000000000000000000000000000000000000000000000000
1826;1255112.00000000000000000000000000000000000000000000000000
1827;1255320.00000000000000000000000000000000000000000000000000
1828;1255052.00000000000000000000000000000000000000000000000000
1829;1255344.00000000000000000000000000000000000000000000000000
1830;1255344.00000000000000000000000000000000000000000000000000
1831;1255344.00000000000000000000000000000000000000000000000000
1832;1255100.00000000000000000000000000000000000000000000000000
1833;1254908.00000000000000000000000000000000000000000000000000
1834;1254908.00000000000000000000000000000000000000000000000000
1835;1255208.00000000000000000000000000000000000000000000000000
1836;1255108.00000000000000000000000000000000000000000000000000
1837;1255172.00000000000000000000000000000000000000000000000000
1838;1255356.00000000000000000000000000000000000000000000000000
1839;1254872.00000000000000000000000000000000000000000000000000
1840;1254804.00000000000000000000000000000000000000000000000000
1841;1254804.00000000000000000000000000000000000000000000000000
1842;1255308.00000000000000000000000000000000000000000000000000
1843;1254924.00000000000000000000000000000000000000000000000000
1844;1255220.00000000000000000000000000000000000000000000000000
1845;1254868.00000000000000000000000000000000000000000000000000
1846;1255252.00000000000000000000000000000000000000000000000000
1847;1254716.00000000000000000000000000000000000000000000000000
1848;1254748.00000000000000000000000000000000000000000000000000
1849;1254676.00000000000000000000000000000000000000000000000000
1850;1255184.00000000000000000000000000000000000000000000000000
1851;1255184.00000000000000000000000000000000000000000000000000
1852;1255224.00000000000000000000000000000000000000000000000000
1853;1255184.00000000000000000000000000000000000000000000000000
1854;1255180.00000000000000000000000000000000000000000000000000
1855;1254616.00000000000000000000000000000000000000000000000000
1856;1254356.00000000000000000000000000000000000000000000000000
1857;1254392.00000000000000000000000000000000000000000000000000
1858;1255116.00000000000000000000000000000000000000000000000000
1859;1255116.00000000000000000000000000000000000000000000000000
1860;1255216.00000000000000000000000000000000000000000000000000
1861;1254960.00000000000000000000000000000000000000000000000000
1862;1254444.00000000000000000000000000000000000000000000000000
1863;1254612.00000000000000000000000000000000000000000000000000
1864;1254612.00000000000000000000000000000000000000000000000000
1865;1254868.00000000000000000000000000000000000000000000000000
1866;1255320.00000000000000000000000000000000000000000000000000
1867;1255168.00000000000000000000000000000000000000000000000000
1868;1255276.00000000000000000000000000000000000000000000000000
1869;1255296.00000000000000000000000000000000000000000000000000
1870;1254796.00000000000000000000000000000000000000000000000000
1871;1255060.00000000000000000000000000000000000000000000000000
1872;1254836.00000000000000000000000000000000000000000000000000
1873;1254804.00000000000000000000000000000000000000000000000000
1874;1255308.00000000000000000000000000000000000000000000000000
1875;1254988.00000000000000000000000000000000000000000000000000
1876;1254988.00000000000000000000000000000000000000000000000000
1877;1255188.00000000000000000000000000000000000000000000000000
1878;1254776.00000000000000000000000000000000000000000000000000
1879;1254892.00000000000000000000000000000000000000000000000000
1880;1254996.00000000000000000000000000000000000000000000000000
1881;1254740.00000000000000000000000000000000000000000000000000
1882;1255180.00000000000000000000000000000000000000000000000000
1883;1255308.00000000000000000000000000000000000000000000000000
1884;1255372.00000000000000000000000000000000000000000000000000
1885;1255172.00000000000000000000000000000000000000000000000000
1886;1255080.00000000000000000000000000000000000000000000000000
1887;1254824.00000000000000000000000000000000000000000000000000
1888;1254856.00000000000000000000000000000000000000000000000000
1889;1254996.00000000000000000000000000000000000000000000000000
1890;1255232.00000000000000000000000000000000000000000000000000
1891;1255280.00000000000000000000000000000000000000000000000000
1892;1255272.00000000000000000000000000000000000000000000000000
1893;1255012.00000000000000000000000000000000000000000000000000
1894;1254744.00000000000000000000000000000000000000000000000000
1895;1254820.00000000000000000000000000000000000000000000000000
1896;1254812.00000000000000000000000000000000000000000000000000
1897;1255184.00000000000000000000000000000000000000000000000000
1898;1255224.00000000000000000000000000000000000000000000000000
1899;1255368.00000000000000000000000000000000000000000000000000
1900;1255276.00000000000000000000000000000000000000000000000000
1901;1255384.00000000000000000000000000000000000000000000000000
1902;1254896.00000000000000000000000000000000000000000000000000
1903;1254896.00000000000000000000000000000000000000000000000000
1904;1255052.00000000000000000000000000000000000000000000000000
1905;1255376.00000000000000000000000000000000000000000000000000
1906;1255236.00000000000000000000000000000000000000000000000000
1907;1254860.00000000000000000000000000000000000000000000000000
1908;1255172.00000000000000000000000000000000000000000000000000
1909;1254776.00000000000000000000000000000000000000000000000000
1910;1254744.00000000000000000000000000000000000000000000000000
1911;1254776.00000000000000000000000000000000000000000000000000
1912;1254908.00000000000000000000000000000000000000000000000000
1913;1254868.00000000000000000000000000000000000000000000000000
1914;1255124.00000000000000000000000000000000000000000000000000
1915;1255008.00000000000000000000000000000000000000000000000000
1916;1255276.00000000000000000000000000000000000000000000000000
1917;1255080.00000000000000000000000000000000000000000000000000
1918;1254840.00000000000000000000000000000000000000000000000000
1919;1255080.00000000000000000000000000000000000000000000000000
1920;1255284.00000000000000000000000000000000000000000000000000
1921;1255408.00000000000000000000000000000000000000000000000000
1922;1255416.00000000000000000000000000000000000000000000000000
1923;1255372.00000000000000000000000000000000000000000000000000
1924;1255172.00000000000000000000000000000000000000000000000000
1925;1255244.00000000000000000000000000000000000000000000000000
1926;1255172.00000000000000000000000000000000000000000000000000
1927;1255244.00000000000000000000000000000000000000000000000000
1928;1255432.00000000000000000000000000000000000000000000000000
1929;1255488.00000000000000000000000000000000000000000000000000
1930;1255488.00000000000000000000000000000000000000000000000000
1931;1255432.00000000000000000000000000000000000000000000000000
1932;1255168.00000000000000000000000000000000000000000000000000
1933;1254988.00000000000000000000000000000000000000000000000000
1934;1255244.00000000000000000000000000000000000000000000000000
1935;1255052.00000000000000000000000000000000000000000000000000
1936;1255416.00000000000000000000000000000000000000000000000000
1937;1255472.00000000000000000000000000000000000000000000000000
1938;1255472.00000000000000000000000000000000000000000000000000
1939;1255476.00000000000000000000000000000000000000000000000000
1940;1255528.00000000000000000000000000000000000000000000000000
1941;1254620.00000000000000000000000000000000000000000000000000
1942;1254620.00000000000000000000000000000000000000000000000000
1943;1254564.00000000000000000000000000000000000000000000000000
1944;1255208.00000000000000000000000000000000000000000000000000
1945;1255260.00000000000000000000000000000000000000000000000000
1946;1255228.00000000000000000000000000000000000000000000000000
1947;1255408.00000000000000000000000000000000000000000000000000
1948;1254764.00000000000000000000000000000000000000000000000000
1949;1254536.00000000000000000000000000000000000000000000000000
1950;1254536.00000000000000000000000000000000000000000000000000
1951;1254984.00000000000000000000000000000000000000000000000000
1952;1255240.00000000000000000000000000000000000000000000000000
1953;1255280.00000000000000000000000000000000000000000000000000
1954;1255172.00000000000000000000000000000000000000000000000000
1955;1255384.00000000000000000000000000000000000000000000000000
1956;1255136.00000000000000000000000000000000000000000000000000
1957;1255080.00000000000000000000000000000000000000000000000000
1958;1255176.00000000000000000000000000000000000000000000000000
1959;1255020.00000000000000000000000000000000000000000000000000
1960;1255344.00000000000000000000000000000000000000000000000000
1961;1255352.00000000000000000000000000000000000000000000000000
1962;1255364.00000000000000000000000000000000000000000000000000
1963;1255432.00000000000000000000000000000000000000000000000000
1964;1254988.00000000000000000000000000000000000000000000000000
1965;1255056.00000000000000000000000000000000000000000000000000
1966;1254988.00000000000000000000000000000000000000000000000000
1967;1255432.00000000000000000000000000000000000000000000000000
1968;1255472.00000000000000000000000000000000000000000000000000
1969;1255468.00000000000000000000000000000000000000000000000000
1970;1255564.00000000000000000000000000000000000000000000000000
1971;1255504.00000000000000000000000000000000000000000000000000
1972;1254640.00000000000000000000000000000000000000000000000000
1973;1254700.00000000000000000000000000000000000000000000000000
1974;1254800.00000000000000000000000000000000000000000000000000
1975;1255252.00000000000000000000000000000000000000000000000000
1976;1255460.00000000000000000000000000000000000000000000000000
1977;1255504.00000000000000000000000000000000000000000000000000
1978;1255500.00000000000000000000000000000000000000000000000000
1979;1255132.00000000000000000000000000000000000000000000000000
1980;1255260.00000000000000000000000000000000000000000000000000
1981;1255004.00000000000000000000000000000000000000000000000000
1982;1255004.00000000000000000000000000000000000000000000000000
1983;1255388.00000000000000000000000000000000000000000000000000
1984;1255388.00000000000000000000000000000000000000000000000000
1985;1255388.00000000000000000000000000000000000000000000000000
1986;1254944.00000000000000000000000000000000000000000000000000
1987;1255228.00000000000000000000000000000000000000000000000000
1988;1255228.00000000000000000000000000000000000000000000000000
1989;1255008.00000000000000000000000000000000000000000000000000
1990;1255312.00000000000000000000000000000000000000000000000000
1991;1255332.00000000000000000000000000000000000000000000000000
1992;1255368.00000000000000000000000000000000000000000000000000
1993;1255312.00000000000000000000000000000000000000000000000000
1994;1255052.00000000000000000000000000000000000000000000000000
1995;1254568.00000000000000000000000000000000000000000000000000
1996;1254640.00000000000000000000000000000000000000000000000000
1997;1254608.00000000000000000000000000000000000000000000000000
1998;1255008.00000000000000000000000000000000000000000000000000
1999;1255516.00000000000000000000000000000000000000000000000000
2000;1255424.00000000000000000000000000000000000000000000000000
2001;1255432.00000000000000000000000000000000000000000000000000
2002;1255096.00000000000000000000000000000000000000000000000000
2003;1255044.00000000000000000000000000000000000000000000000000
2004;1255012.00000000000000000000000000000000000000000000000000
2005;1255044.00000000000000000000000000000000000000000000000000
2006;1255276.00000000000000000000000000000000000000000000000000
2007;1255464.00000000000000000000000000000000000000000000000000
2008;1255420.00000000000000000000000000000000000000000000000000
2009;1255432.00000000000000000000000000000000000000000000000000
2010;1255048.00000000000000000000000000000000000000000000000000
2011;1255116.00000000000000000000000000000000000000000000000000
2012;1255080.00000000000000000000000000000000000000000000000000
2013;1255084.00000000000000000000000000000000000000000000000000
2014;1255428.00000000000000000000000000000000000000000000000000
2015;1255428.00000000000000000000000000000000000000000000000000
2016;1255300.00000000000000000000000000000000000000000000000000
2017;1255440.00000000000000000000000000000000000000000000000000
2018;1255452.00000000000000000000000000000000000000000000000000
2019;1255364.00000000000000000000000000000000000000000000000000
2020;1255168.00000000000000000000000000000000000000000000000000
2021;1255012.00000000000000000000000000000000000000000000000000
2022;1255472.00000000000000000000000000000000000000000000000000
2023;1255084.00000000000000000000000000000000000000000000000000
2024;1255356.00000000000000000000000000000000000000000000000000
2025;1255372.00000000000000000000000000000000000000000000000000
2026;1255172.00000000000000000000000000000000000000000000000000
2027;1255372.00000000000000000000000000000000000000000000000000
2028;1255184.00000000000000000000000000000000000000000000000000
2029;1255240.00000000000000000000000000000000000000000000000000
2030;1255560.00000000000000000000000000000000000000000000000000
2031;1255560.00000000000000000000000000000000000000000000000000
2032;1255560.00000000000000000000000000000000000000000000000000
2033;1255560.00000000000000000000000000000000000000000000000000
2034;1255108.00000000000000000000000000000000000000000000000000
2035;1255320.00000000000000000000000000000000000000000000000000
2036;1255320.00000000000000000000000000000000000000000000000000
2037;1255048.00000000000000000000000000000000000000000000000000
2038;1255548.00000000000000000000000000000000000000000000000000
2039;1255164.00000000000000000000000000000000000000000000000000
2040;1255508.00000000000000000000000000000000000000000000000000
2041;1255580.00000000000000000000000000000000000000000000000000
2042;1254608.00000000000000000000000000000000000000000000000000
2043;1254676.00000000000000000000000000000000000000000000000000
2044;1254608.00000000000000000000000000000000000000000000000000
2045;1255040.00000000000000000000000000000000000000000000000000
2046;1255436.00000000000000000000000000000000000000000000000000
2047;1255448.00000000000000000000000000000000000000000000000000
2048;1255300.00000000000000000000000000000000000000000000000000
2049;1255296.00000000000000000000000000000000000000000000000000
2050;1255296.00000000000000000000000000000000000000000000000000
2051;1255108.00000000000000000000000000000000000000000000000000
2052;1255392.00000000000000000000000000000000000000000000000000
2053;1255396.00000000000000000000000000000000000000000000000000
2054;1255400.00000000000000000000000000000000000000000000000000
2055;1255356.00000000000000000000000000000000000000000000000000
2056;1255372.00000000000000000000000000000000000000000000000000
2057;1254964.00000000000000000000000000000000000000000000000000
2058;1255084.00000000000000000000000000000000000000000000000000
2059;1255156.00000000000000000000000000000000000000000000000000
2060;1255308.00000000000000000000000000000000000000000000000000
2061;1255412.00000000000000000000000000000000000000000000000000
2062;1255456.00000000000000000000000000000000000000000000000000
2063;1255676.00000000000000000000000000000000000000000000000000
2064;1255532.00000000000000000000000000000000000000000000000000
2065;1255184.00000000000000000000000000000000000000000000000000
2066;1255316.00000000000000000000000000000000000000000000000000
2067;1255060.00000000000000000000000000000000000000000000000000
2068;1255352.00000000000000000000000000000000000000000000000000
2069;1255204.00000000000000000000000000000000000000000000000000
2070;1255512.00000000000000000000000000000000000000000000000000
2071;1255568.00000000000000000000000000000000000000000000000000
2072;1255096.00000000000000000000000000000000000000000000000000
2073;1255064.00000000000000000000000000000000000000000000000000
2074;1255096.00000000000000000000000000000000000000000000000000
2075;1255612.00000000000000000000000000000000000000000000000000
2076;1255460.00000000000000000000000000000000000000000000000000
2077;1255460.00000000000000000000000000000000000000000000000000
2078;1255468.00000000000000000000000000000000000000000000000000
2079;1255132.00000000000000000000000000000000000000000000000000
2080;1254692.00000000000000000000000000000000000000000000000000
2081;1254692.00000000000000000000000000000000000000000000000000
2082;1254724.00000000000000000000000000000000000000000000000000
2083;1255104.00000000000000000000000000000000000000000000000000
2084;1255392.00000000000000000000000000000000000000000000000000
2085;1255552.00000000000000000000000000000000000000000000000000
2086;1255560.00000000000000000000000000000000000000000000000000
2087;1255360.00000000000000000000000000000000000000000000000000
2088;1254716.00000000000000000000000000000000000000000000000000
2089;1254676.00000000000000000000000000000000000000000000000000
2090;1254748.00000000000000000000000000000000000000000000000000
2091;1255628.00000000000000000000000000000000000000000000000000
2092;1255416.00000000000000000000000000000000000000000000000000
2093;1255476.00000000000000000000000000000000000000000000000000
2094;1255216.00000000000000000000000000000000000000000000000000
2095;1254708.00000000000000000000000000000000000000000000000000
2096;1254744.00000000000000000000000000000000000000000000000000
2097;1254728.00000000000000000000000000000000000000000000000000
2098;1255408.00000000000000000000000000000000000000000000000000
2099;1255408.00000000000000000000000000000000000000000000000000
2100;1255512.00000000000000000000000000000000000000000000000000
2101;1255640.00000000000000000000000000000000000000000000000000
2102;1255600.00000000000000000000000000000000000000000000000000
2103;1255240.00000000000000000000000000000000000000000000000000
2104;1255148.00000000000000000000000000000000000000000000000000
2105;1255148.00000000000000000000000000000000000000000000000000
2106;1255528.00000000000000000000000000000000000000000000000000
2107;1255528.00000000000000000000000000000000000000000000000000
2108;1255528.00000000000000000000000000000000000000000000000000
2109;1255284.00000000000000000000000000000000000000000000000000
2110;1255140.00000000000000000000000000000000000000000000000000
2111;1255328.00000000000000000000000000000000000000000000000000
2112;1255136.00000000000000000000000000000000000000000000000000
2113;1255496.00000000000000000000000000000000000000000000000000
2114;1255244.00000000000000000000000000000000000000000000000000
2115;1255516.00000000000000000000000000000000000000000000000000
2116;1255528.00000000000000000000000000000000000000000000000000
2117;1254664.00000000000000000000000000000000000000000000000000
2118;1254704.00000000000000000000000000000000000000000000000000
2119;1254924.00000000000000000000000000000000000000000000000000
2120;1254704.00000000000000000000000000000000000000000000000000
2121;1255368.00000000000000000000000000000000000000000000000000
2122;1255432.00000000000000000000000000000000000000000000000000
2123;1255468.00000000000000000000000000000000000000000000000000
2124;1255532.00000000000000000000000000000000000000000000000000
2125;1255544.00000000000000000000000000000000000000000000000000
2126;1255296.00000000000000000000000000000000000000000000000000
2127;1255276.00000000000000000000000000000000000000000000000000
2128;1255220.00000000000000000000000000000000000000000000000000
2129;1255152.00000000000000000000000000000000000000000000000000
2130;1255540.00000000000000000000000000000000000000000000000000
2131;1255588.00000000000000000000000000000000000000000000000000
2132;1255304.00000000000000000000000000000000000000000000000000
2133;1255624.00000000000000000000000000000000000000000000000000
2134;1255312.00000000000000000000000000000000000000000000000000
2135;1254740.00000000000000000000000000000000000000000000000000
2136;1254740.00000000000000000000000000000000000000000000000000
2137;1254860.00000000000000000000000000000000000000000000000000
2138;1255336.00000000000000000000000000000000000000000000000000
2139;1255592.00000000000000000000000000000000000000000000000000
2140;1255592.00000000000000000000000000000000000000000000000000
2141;1255664.00000000000000000000000000000000000000000000000000
2142;1255660.00000000000000000000000000000000000000000000000000
2143;1255524.00000000000000000000000000000000000000000000000000
2144;1255524.00000000000000000000000000000000000000000000000000
2145;1255524.00000000000000000000000000000000000000000000000000
2146;1255332.00000000000000000000000000000000000000000000000000
2147;1255752.00000000000000000000000000000000000000000000000000
2148;1255496.00000000000000000000000000000000000000000000000000
2149;1255736.00000000000000000000000000000000000000000000000000
2150;1255736.00000000000000000000000000000000000000000000000000
2151;1255704.00000000000000000000000000000000000000000000000000
2152;1255216.00000000000000000000000000000000000000000000000000
2153;1255288.00000000000000000000000000000000000000000000000000
2154;1255288.00000000000000000000000000000000000000000000000000
2155;1255652.00000000000000000000000000000000000000000000000000
2156;1255616.00000000000000000000000000000000000000000000000000
2157;1255628.00000000000000000000000000000000000000000000000000
2158;1255424.00000000000000000000000000000000000000000000000000
2159;1255392.00000000000000000000000000000000000000000000000000
2160;1254816.00000000000000000000000000000000000000000000000000
2161;1254784.00000000000000000000000000000000000000000000000000
2162;1255008.00000000000000000000000000000000000000000000000000
2163;1255516.00000000000000000000000000000000000000000000000000
2164;1255520.00000000000000000000000000000000000000000000000000
2165;1255288.00000000000000000000000000000000000000000000000000
2166;1255640.00000000000000000000000000000000000000000000000000
2167;1255612.00000000000000000000000000000000000000000000000000
2168;1255356.00000000000000000000000000000000000000000000000000
2169;1254832.00000000000000000000000000000000000000000000000000
2170;1255020.00000000000000000000000000000000000000000000000000
2171;1254796.00000000000000000000000000000000000000000000000000
2172;1255496.00000000000000000000000000000000000000000000000000
2173;1255764.00000000000000000000000000000000000000000000000000
2174;1255836.00000000000000000000000000000000000000000000000000
2175;1255876.00000000000000000000000000000000000000000000000000
2176;1255368.00000000000000000000000000000000000000000000000000
2177;1255400.00000000000000000000000000000000000000000000000000
2178;1255588.00000000000000000000000000000000000000000000000000
2179;1255780.00000000000000000000000000000000000000000000000000
2180;1255784.00000000000000000000000000000000000000000000000000
2181;1255528.00000000000000000000000000000000000000000000000000
2182;1255920.00000000000000000000000000000000000000000000000000
2183;1255336.00000000000000000000000000000000000000000000000000
2184;1255592.00000000000000000000000000000000000000000000000000
2185;1255372.00000000000000000000000000000000000000000000000000
2186;1255760.00000000000000000000000000000000000000000000000000
2187;1255720.00000000000000000000000000000000000000000000000000
2188;1255816.00000000000000000000000000000000000000000000000000
2189;1255784.00000000000000000000000000000000000000000000000000
2190;1255796.00000000000000000000000000000000000000000000000000
2191;1254836.00000000000000000000000000000000000000000000000000
2192;1254824.00000000000000000000000000000000000000000000000000
2193;1254968.00000000000000000000000000000000000000000000000000
2194;1254824.00000000000000000000000000000000000000000000000000
2195;1255628.00000000000000000000000000000000000000000000000000
2196;1255636.00000000000000000000000000000000000000000000000000
2197;1255648.00000000000000000000000000000000000000000000000000
2198;1255656.00000000000000000000000000000000000000000000000000
2199;1255276.00000000000000000000000000000000000000000000000000
2200;1255464.00000000000000000000000000000000000000000000000000
2201;1255204.00000000000000000000000000000000000000000000000000
2202;1255712.00000000000000000000000000000000000000000000000000
2203;1255712.00000000000000000000000000000000000000000000000000
2204;1255696.00000000000000000000000000000000000000000000000000
2205;1255496.00000000000000000000000000000000000000000000000000
2206;1255752.00000000000000000000000000000000000000000000000000
2207;1255436.00000000000000000000000000000000000000000000000000
2208;1255212.00000000000000000000000000000000000000000000000000
2209;1255212.00000000000000000000000000000000000000000000000000
2210;1255596.00000000000000000000000000000000000000000000000000
2211;1255596.00000000000000000000000000000000000000000000000000
2212;1255780.00000000000000000000000000000000000000000000000000
2213;1255936.00000000000000000000000000000000000000000000000000
2214;1255788.00000000000000000000000000000000000000000000000000
2215;1255352.00000000000000000000000000000000000000000000000000
2216;1255268.00000000000000000000000000000000000000000000000000
2217;1255508.00000000000000000000000000000000000000000000000000
2218;1255728.00000000000000000000000000000000000000000000000000
2219;1255728.00000000000000000000000000000000000000000000000000
2220;1255728.00000000000000000000000000000000000000000000000000
2221;1255344.00000000000000000000000000000000000000000000000000
2222;1254804.00000000000000000000000000000000000000000000000000
2223;1254928.00000000000000000000000000000000000000000000000000
2224;1255028.00000000000000000000000000000000000000000000000000
2225;1254836.00000000000000000000000000000000000000000000000000
2226;1255596.00000000000000000000000000000000000000000000000000
2227;1255700.00000000000000000000000000000000000000000000000000
2228;1255872.00000000000000000000000000000000000000000000000000
2229;1255836.00000000000000000000000000000000000000000000000000
2230;1255904.00000000000000000000000000000000000000000000000000
2231;1255376.00000000000000000000000000000000000000000000000000
2232;1255408.00000000000000000000000000000000000000000000000000
2233;1255444.00000000000000000000000000000000000000000000000000
2234;1255772.00000000000000000000000000000000000000000000000000
2235;1255820.00000000000000000000000000000000000000000000000000
2236;1255840.00000000000000000000000000000000000000000000000000
2237;1255848.00000000000000000000000000000000000000000000000000
2238;1255524.00000000000000000000000000000000000000000000000000
2239;1255488.00000000000000000000000000000000000000000000000000
2240;1255488.00000000000000000000000000000000000000000000000000
2241;1255996.00000000000000000000000000000000000000000000000000
2242;1255792.00000000000000000000000000000000000000000000000000
2243;1255792.00000000000000000000000000000000000000000000000000
2244;1255408.00000000000000000000000000000000000000000000000000
2245;1255824.00000000000000000000000000000000000000000000000000
2246;1255620.00000000000000000000000000000000000000000000000000
2247;1255524.00000000000000000000000000000000000000000000000000
2248;1255456.00000000000000000000000000000000000000000000000000
2249;1255452.00000000000000000000000000000000000000000000000000
2250;1255792.00000000000000000000000000000000000000000000000000
2251;1255940.00000000000000000000000000000000000000000000000000
2252;1255848.00000000000000000000000000000000000000000000000000
2253;1255792.00000000000000000000000000000000000000000000000000
2254;1255792.00000000000000000000000000000000000000000000000000
2255;1255356.00000000000000000000000000000000000000000000000000
2256;1255352.00000000000000000000000000000000000000000000000000
2257;1255356.00000000000000000000000000000000000000000000000000
2258;1255848.00000000000000000000000000000000000000000000000000
2259;1255660.00000000000000000000000000000000000000000000000000
2260;1255464.00000000000000000000000000000000000000000000000000
2261;1255408.00000000000000000000000000000000000000000000000000
2262;1255352.00000000000000000000000000000000000000000000000000
2263;1255256.00000000000000000000000000000000000000000000000000
2264;1255480.00000000000000000000000000000000000000000000000000
2265;1255712.00000000000000000000000000000000000000000000000000
2266;1255672.00000000000000000000000000000000000000000000000000
2267;1255416.00000000000000000000000000000000000000000000000000
2268;1255668.00000000000000000000000000000000000000000000000000
2269;1255612.00000000000000000000000000000000000000000000000000
2270;1255344.00000000000000000000000000000000000000000000000000
2271;1255500.00000000000000000000000000000000000000000000000000
2272;1255276.00000000000000000000000000000000000000000000000000
2273;1255612.00000000000000000000000000000000000000000000000000
2274;1255760.00000000000000000000000000000000000000000000000000
2275;1255612.00000000000000000000000000000000000000000000000000
2276;1255676.00000000000000000000000000000000000000000000000000
2277;1255676.00000000000000000000000000000000000000000000000000
2278;1255340.00000000000000000000000000000000000000000000000000
2279;1255372.00000000000000000000000000000000000000000000000000
2280;1255376.00000000000000000000000000000000000000000000000000
2281;1255668.00000000000000000000000000000000000000000000000000
2282;1255668.00000000000000000000000000000000000000000000000000
2283;1255772.00000000000000000000000000000000000000000000000000
2284;1255336.00000000000000000000000000000000000000000000000000
2285;1255252.00000000000000000000000000000000000000000000000000
2286;1255508.00000000000000000000000000000000000000000000000000
2287;1255700.00000000000000000000000000000000000000000000000000
2288;1255704.00000000000000000000000000000000000000000000000000
2289;1255756.00000000000000000000000000000000000000000000000000
2290;1255784.00000000000000000000000000000000000000000000000000
2291;1255464.00000000000000000000000000000000000000000000000000
2292;1255548.00000000000000000000000000000000000000000000000000
2293;1255548.00000000000000000000000000000000000000000000000000
2294;1255728.00000000000000000000000000000000000000000000000000
2295;1255784.00000000000000000000000000000000000000000000000000
2296;1255824.00000000000000000000000000000000000000000000000000
2297;1255784.00000000000000000000000000000000000000000000000000
2298;1255336.00000000000000000000000000000000000000000000000000
2299;1255260.00000000000000000000000000000000000000000000000000
2300;1255256.00000000000000000000000000000000000000000000000000
2301;1255732.00000000000000000000000000000000000000000000000000
2302;1255672.00000000000000000000000000000000000000000000000000
2303;1255688.00000000000000000000000000000000000000000000000000
2304;1255504.00000000000000000000000000000000000000000000000000
2305;1255516.00000000000000000000000000000000000000000000000000
2306;1255328.00000000000000000000000000000000000000000000000000
2307;1255716.00000000000000000000000000000000000000000000000000
2308;1255720.00000000000000000000000000000000000000000000000000
2309;1255732.00000000000000000000000000000000000000000000000000
2310;1255736.00000000000000000000000000000000000000000000000000
2311;1254936.00000000000000000000000000000000000000000000000000
2312;1254972.00000000000000000000000000000000000000000000000000
2313;1255196.00000000000000000000000000000000000000000000000000
2314;1255680.00000000000000000000000000000000000000000000000000
2315;1255744.00000000000000000000000000000000000000000000000000
2316;1255744.00000000000000000000000000000000000000000000000000
2317;1255680.00000000000000000000000000000000000000000000000000
2318;1255008.00000000000000000000000000000000000000000000000000
2319;1255084.00000000000000000000000000000000000000000000000000
2320;1255760.00000000000000000000000000000000000000000000000000
2321;1255796.00000000000000000000000000000000000000000000000000
2322;1255800.00000000000000000000000000000000000000000000000000
2323;1255816.00000000000000000000000000000000000000000000000000
2324;1255480.00000000000000000000000000000000000000000000000000
2325;1255668.00000000000000000000000000000000000000000000000000
2326;1255736.00000000000000000000000000000000000000000000000000
2327;1255772.00000000000000000000000000000000000000000000000000
2328;1255784.00000000000000000000000000000000000000000000000000
2329;1255984.00000000000000000000000000000000000000000000000000
2330;1255512.00000000000000000000000000000000000000000000000000
2331;1255576.00000000000000000000000000000000000000000000000000
2332;1255512.00000000000000000000000000000000000000000000000000
2333;1255544.00000000000000000000000000000000000000000000000000
2334;1255948.00000000000000000000000000000000000000000000000000
2335;1255948.00000000000000000000000000000000000000000000000000
2336;1255456.00000000000000000000000000000000000000000000000000
2337;1255492.00000000000000000000000000000000000000000000000000
2338;1255452.00000000000000000000000000000000000000000000000000
2339;1255948.00000000000000000000000000000000000000000000000000
2340;1255944.00000000000000000000000000000000000000000000000000
2341;1256040.00000000000000000000000000000000000000000000000000
2342;1256080.00000000000000000000000000000000000000000000000000
2343;1255260.00000000000000000000000000000000000000000000000000
2344;1255072.00000000000000000000000000000000000000000000000000
2345;1255516.00000000000000000000000000000000000000000000000000
2346;1255712.00000000000000000000000000000000000000000000000000
2347;1255712.00000000000000000000000000000000000000000000000000
2348;1255768.00000000000000000000000000000000000000000000000000
2349;1255512.00000000000000000000000000000000000000000000000000
2350;1255328.00000000000000000000000000000000000000000000000000
2351;1255584.00000000000000000000000000000000000000000000000000
2352;1255804.00000000000000000000000000000000000000000000000000
2353;1255804.00000000000000000000000000000000000000000000000000
2354;1255804.00000000000000000000000000000000000000000000000000
2355;1255800.00000000000000000000000000000000000000000000000000
2356;1255668.00000000000000000000000000000000000000000000000000
2357;1255668.00000000000000000000000000000000000000000000000000
2358;1255744.00000000000000000000000000000000000000000000000000
2359;1255540.00000000000000000000000000000000000000000000000000
2360;1255896.00000000000000000000000000000000000000000000000000
2361;1255864.00000000000000000000000000000000000000000000000000
2362;1255472.00000000000000000000000000000000000000000000000000
2363;1255096.00000000000000000000000000000000000000000000000000
2364;1255100.00000000000000000000000000000000000000000000000000
2365;1255620.00000000000000000000000000000000000000000000000000
2366;1255864.00000000000000000000000000000000000000000000000000
2367;1255864.00000000000000000000000000000000000000000000000000
2368;1255864.00000000000000000000000000000000000000000000000000
2369;1255728.00000000000000000000000000000000000000000000000000
2370;1255728.00000000000000000000000000000000000000000000000000
2371;1255872.00000000000000000000000000000000000000000000000000
2372;1255808.00000000000000000000000000000000000000000000000000
2373;1255964.00000000000000000000000000000000000000000000000000
2374;1256004.00000000000000000000000000000000000000000000000000
2375;1255556.00000000000000000000000000000000000000000000000000
2376;1255596.00000000000000000000000000000000000000000000000000
2377;1256068.00000000000000000000000000000000000000000000000000
2378;1256000.00000000000000000000000000000000000000000000000000
2379;1256000.00000000000000000000000000000000000000000000000000
2380;1256020.00000000000000000000000000000000000000000000000000
2381;1255652.00000000000000000000000000000000000000000000000000
2382;1255784.00000000000000000000000000000000000000000000000000
2383;1255752.00000000000000000000000000000000000000000000000000
2384;1255976.00000000000000000000000000000000000000000000000000
2385;1255700.00000000000000000000000000000000000000000000000000
2386;1255760.00000000000000000000000000000000000000000000000000
2387;1255832.00000000000000000000000000000000000000000000000000
2388;1255704.00000000000000000000000000000000000000000000000000
2389;1255572.00000000000000000000000000000000000000000000000000
2390;1256156.00000000000000000000000000000000000000000000000000
2391;1256016.00000000000000000000000000000000000000000000000000
2392;1256016.00000000000000000000000000000000000000000000000000
2393;1255624.00000000000000000000000000000000000000000000000000
2394;1255696.00000000000000000000000000000000000000000000000000
2395;1255612.00000000000000000000000000000000000000000000000000
2396;1255952.00000000000000000000000000000000000000000000000000
2397;1255952.00000000000000000000000000000000000000000000000000
2398;1255952.00000000000000000000000000000000000000000000000000
2399;1256148.00000000000000000000000000000000000000000000000000
2400;1255680.00000000000000000000000000000000000000000000000000
2401;1255716.00000000000000000000000000000000000000000000000000
2402;1255648.00000000000000000000000000000000000000000000000000
2403;1255996.00000000000000000000000000000000000000000000000000
2404;1256012.00000000000000000000000000000000000000000000000000
2405;1256024.00000000000000000000000000000000000000000000000000
2406;1255592.00000000000000000000000000000000000000000000000000
2407;1255592.00000000000000000000000000000000000000000000000000
2408;1255796.00000000000000000000000000000000000000000000000000
2409;1256140.00000000000000000000000000000000000000000000000000
2410;1256108.00000000000000000000000000000000000000000000000000
2411;1255928.00000000000000000000000000000000000000000000000000
2412;1255704.00000000000000000000000000000000000000000000000000
2413;1255760.00000000000000000000000000000000000000000000000000
2414;1255636.00000000000000000000000000000000000000000000000000
2415;1256136.00000000000000000000000000000000000000000000000000
2416;1256136.00000000000000000000000000000000000000000000000000
2417;1256144.00000000000000000000000000000000000000000000000000
2418;1255908.00000000000000000000000000000000000000000000000000
2419;1255532.00000000000000000000000000000000000000000000000000
2420;1255532.00000000000000000000000000000000000000000000000000
2421;1255784.00000000000000000000000000000000000000000000000000
2422;1256052.00000000000000000000000000000000000000000000000000
2423;1256168.00000000000000000000000000000000000000000000000000
2424;1255620.00000000000000000000000000000000000000000000000000
2425;1255688.00000000000000000000000000000000000000000000000000
2426;1255620.00000000000000000000000000000000000000000000000000
2427;1256052.00000000000000000000000000000000000000000000000000
2428;1256052.00000000000000000000000000000000000000000000000000
2429;1256160.00000000000000000000000000000000000000000000000000
2430;1255336.00000000000000000000000000000000000000000000000000
2431;1255272.00000000000000000000000000000000000000000000000000
2432;1255340.00000000000000000000000000000000000000000000000000
2433;1255980.00000000000000000000000000000000000000000000000000
2434;1255980.00000000000000000000000000000000000000000000000000
2435;1256112.00000000000000000000000000000000000000000000000000
2436;1255268.00000000000000000000000000000000000000000000000000
2437;1255376.00000000000000000000000000000000000000000000000000
2438;1255252.00000000000000000000000000000000000000000000000000
2439;1256052.00000000000000000000000000000000000000000000000000
2440;1255996.00000000000000000000000000000000000000000000000000
2441;1256192.00000000000000000000000000000000000000000000000000
2442;1255740.00000000000000000000000000000000000000000000000000
2443;1255708.00000000000000000000000000000000000000000000000000
2444;1255704.00000000000000000000000000000000000000000000000000
2445;1256052.00000000000000000000000000000000000000000000000000
2446;1256052.00000000000000000000000000000000000000000000000000
2447;1256088.00000000000000000000000000000000000000000000000000
2448;1256112.00000000000000000000000000000000000000000000000000
2449;1255664.00000000000000000000000000000000000000000000000000
2450;1255888.00000000000000000000000000000000000000000000000000
2451;1256028.00000000000000000000000000000000000000000000000000
2452;1256032.00000000000000000000000000000000000000000000000000
2453;1256048.00000000000000000000000000000000000000000000000000
2454;1256200.00000000000000000000000000000000000000000000000000
2455;1255308.00000000000000000000000000000000000000000000000000
2456;1255324.00000000000000000000000000000000000000000000000000
2457;1256192.00000000000000000000000000000000000000000000000000
2458;1256104.00000000000000000000000000000000000000000000000000
2459;1256116.00000000000000000000000000000000000000000000000000
2460;1256076.00000000000000000000000000000000000000000000000000
2461;1255632.00000000000000000000000000000000000000000000000000
2462;1255892.00000000000000000000000000000000000000000000000000
2463;1256032.00000000000000000000000000000000000000000000000000
2464;1256092.00000000000000000000000000000000000000000000000000
2465;1256108.00000000000000000000000000000000000000000000000000
2466;1255600.00000000000000000000000000000000000000000000000000
2467;1255888.00000000000000000000000000000000000000000000000000
2468;1255732.00000000000000000000000000000000000000000000000000
2469;1256060.00000000000000000000000000000000000000000000000000
2470;1256240.00000000000000000000000000000000000000000000000000
2471;1256108.00000000000000000000000000000000000000000000000000
2472;1255836.00000000000000000000000000000000000000000000000000
2473;1255716.00000000000000000000000000000000000000000000000000
2474;1255784.00000000000000000000000000000000000000000000000000
2475;1256080.00000000000000000000000000000000000000000000000000
2476;1256060.00000000000000000000000000000000000000000000000000
2477;1256104.00000000000000000000000000000000000000000000000000
2478;1256100.00000000000000000000000000000000000000000000000000
2479;1255776.00000000000000000000000000000000000000000000000000
2480;1255692.00000000000000000000000000000000000000000000000000
2481;1256120.00000000000000000000000000000000000000000000000000
2482;1256060.00000000000000000000000000000000000000000000000000
2483;1256076.00000000000000000000000000000000000000000000000000
2484;1254948.00000000000000000000000000000000000000000000000000
2485;1255500.00000000000000000000000000000000000000000000000000
2486;1255656.00000000000000000000000000000000000000000000000000
2487;1255840.00000000000000000000000000000000000000000000000000
2488;1256148.00000000000000000000000000000000000000000000000000
2489;1256240.00000000000000000000000000000000000000000000000000
2490;1255924.00000000000000000000000000000000000000000000000000
2491;1256012.00000000000000000000000000000000000000000000000000
2492;1256012.00000000000000000000000000000000000000000000000000
2493;1256084.00000000000000000000000000000000000000000000000000
2494;1256084.00000000000000000000000000000000000000000000000000
2495;1256140.00000000000000000000000000000000000000000000000000
2496;1256152.00000000000000000000000000000000000000000000000000
2497;1255892.00000000000000000000000000000000000000000000000000
2498;1255920.00000000000000000000000000000000000000000000000000
2499;1255696.00000000000000000000000000000000000000000000000000
2500;1256056.00000000000000000000000000000000000000000000000000
2501;1256076.00000000000000000000000000000000000000000000000000
2502;1256148.00000000000000000000000000000000000000000000000000
2503;1255384.00000000000000000000000000000000000000000000000000
2504;1255388.00000000000000000000000000000000000000000000000000
2505;1255456.00000000000000000000000000000000000000000000000000
2506;1256092.00000000000000000000000000000000000000000000000000
2507;1256288.00000000000000000000000000000000000000000000000000
2508;1256092.00000000000000000000000000000000000000000000000000
2509;1255836.00000000000000000000000000000000000000000000000000
2510;1255704.00000000000000000000000000000000000000000000000000
2511;1255708.00000000000000000000000000000000000000000000000000
2512;1256144.00000000000000000000000000000000000000000000000000
2513;1256140.00000000000000000000000000000000000000000000000000
2514;1256140.00000000000000000000000000000000000000000000000000
2515;1255984.00000000000000000000000000000000000000000000000000
2516;1255960.00000000000000000000000000000000000000000000000000
2517;1255960.00000000000000000000000000000000000000000000000000
2518;1256092.00000000000000000000000000000000000000000000000000
2519;1256092.00000000000000000000000000000000000000000000000000
2520;1256092.00000000000000000000000000000000000000000000000000
2521;1256276.00000000000000000000000000000000000000000000000000
2522;1255968.00000000000000000000000000000000000000000000000000
2523;1255832.00000000000000000000000000000000000000000000000000
2524;1255864.00000000000000000000000000000000000000000000000000
2525;1256056.00000000000000000000000000000000000000000000000000
2526;1256212.00000000000000000000000000000000000000000000000000
2527;1256280.00000000000000000000000000000000000000000000000000
2528;1256256.00000000000000000000000000000000000000000000000000
2529;1256272.00000000000000000000000000000000000000000000000000
2530;1255804.00000000000000000000000000000000000000000000000000
2531;1255804.00000000000000000000000000000000000000000000000000
2532;1255840.00000000000000000000000000000000000000000000000000
2533;1256208.00000000000000000000000000000000000000000000000000
2534;1256176.00000000000000000000000000000000000000000000000000
2535;1256152.00000000000000000000000000000000000000000000000000
2536;1255888.00000000000000000000000000000000000000000000000000
2537;1255964.00000000000000000000000000000000000000000000000000
2538;1255964.00000000000000000000000000000000000000000000000000
2539;1256172.00000000000000000000000000000000000000000000000000
2540;1256304.00000000000000000000000000000000000000000000000000
2541;1256092.00000000000000000000000000000000000000000000000000
2542;1256248.00000000000000000000000000000000000000000000000000
2543;1256148.00000000000000000000000000000000000000000000000000
2544;1255708.00000000000000000000000000000000000000000000000000
2545;1255832.00000000000000000000000000000000000000000000000000
2546;1255772.00000000000000000000000000000000000000000000000000
2547;1256144.00000000000000000000000000000000000000000000000000
2548;1255884.00000000000000000000000000000000000000000000000000
2549;1256140.00000000000000000000000000000000000000000000000000
2550;1256204.00000000000000000000000000000000000000000000000000
2551;1255832.00000000000000000000000000000000000000000000000000
2552;1255740.00000000000000000000000000000000000000000000000000
2553;1255700.00000000000000000000000000000000000000000000000000
2554;1255700.00000000000000000000000000000000000000000000000000
2555;1256092.00000000000000000000000000000000000000000000000000
2556;1256148.00000000000000000000000000000000000000000000000000
2557;1256092.00000000000000000000000000000000000000000000000000
2558;1255888.00000000000000000000000000000000000000000000000000
2559;1255960.00000000000000000000000000000000000000000000000000
2560;1255960.00000000000000000000000000000000000000000000000000
2561;1255736.00000000000000000000000000000000000000000000000000
2562;1256084.00000000000000000000000000000000000000000000000000
2563;1256084.00000000000000000000000000000000000000000000000000
2564;1255456.00000000000000000000000000000000000000000000000000
2565;1256092.00000000000000000000000000000000000000000000000000
2566;1255876.00000000000000000000000000000000000000000000000000
2567;1255668.00000000000000000000000000000000000000000000000000
2568;1255704.00000000000000000000000000000000000000000000000000
2569;1256060.00000000000000000000000000000000000000000000000000
2570;1256204.00000000000000000000000000000000000000000000000000
2571;1256080.00000000000000000000000000000000000000000000000000
2572;1256092.00000000000000000000000000000000000000000000000000
2573;1255700.00000000000000000000000000000000000000000000000000
2574;1255772.00000000000000000000000000000000000000000000000000
2575;1255688.00000000000000000000000000000000000000000000000000
2576;1256336.00000000000000000000000000000000000000000000000000
2577;1256280.00000000000000000000000000000000000000000000000000
2578;1255416.00000000000000000000000000000000000000000000000000
2579;1255348.00000000000000000000000000000000000000000000000000
2580;1255352.00000000000000000000000000000000000000000000000000
2581;1256116.00000000000000000000000000000000000000000000000000
2582;1255860.00000000000000000000000000000000000000000000000000
2583;1256164.00000000000000000000000000000000000000000000000000
2584;1256144.00000000000000000000000000000000000000000000000000
2585;1255676.00000000000000000000000000000000000000000000000000
2586;1255712.00000000000000000000000000000000000000000000000000
2587;1255772.00000000000000000000000000000000000000000000000000
2588;1256192.00000000000000000000000000000000000000000000000000
2589;1256076.00000000000000000000000000000000000000000000000000
2590;1256204.00000000000000000000000000000000000000000000000000
2591;1255792.00000000000000000000000000000000000000000000000000
2592;1255960.00000000000000000000000000000000000000000000000000
2593;1255960.00000000000000000000000000000000000000000000000000
2594;1256148.00000000000000000000000000000000000000000000000000
2595;1256092.00000000000000000000000000000000000000000000000000
2596;1256188.00000000000000000000000000000000000000000000000000
2597;1255924.00000000000000000000000000000000000000000000000000
2598;1255832.00000000000000000000000000000000000000000000000000
2599;1255836.00000000000000000000000000000000000000000000000000
2600;1256188.00000000000000000000000000000000000000000000000000
2601;1256180.00000000000000000000000000000000000000000000000000
2602;1256236.00000000000000000000000000000000000000000000000000
2603;1256340.00000000000000000000000000000000000000000000000000
2604;1255916.00000000000000000000000000000000000000000000000000
2605;1255964.00000000000000000000000000000000000000000000000000
2606;1255884.00000000000000000000000000000000000000000000000000
2607;1256228.00000000000000000000000000000000000000000000000000
2608;1256188.00000000000000000000000000000000000000000000000000
2609;1256276.00000000000000000000000000000000000000000000000000
2610;1256024.00000000000000000000000000000000000000000000000000
2611;1256024.00000000000000000000000000000000000000000000000000
2612;1255836.00000000000000000000000000000000000000000000000000
2613;1256084.00000000000000000000000000000000000000000000000000
2614;1256132.00000000000000000000000000000000000000000000000000
2615;1256112.00000000000000000000000000000000000000000000000000
2616;1255796.00000000000000000000000000000000000000000000000000
2617;1255896.00000000000000000000000000000000000000000000000000
2618;1255672.00000000000000000000000000000000000000000000000000
2619;1256072.00000000000000000000000000000000000000000000000000
2620;1256076.00000000000000000000000000000000000000000000000000
2621;1256128.00000000000000000000000000000000000000000000000000
2622;1255768.00000000000000000000000000000000000000000000000000
2623;1255776.00000000000000000000000000000000000000000000000000
2624;1255732.00000000000000000000000000000000000000000000000000
2625;1256144.00000000000000000000000000000000000000000000000000
2626;1256088.00000000000000000000000000000000000000000000000000
2627;1255832.00000000000000000000000000000000000000000000000000
2628;1255732.00000000000000000000000000000000000000000000000000
2629;1255700.00000000000000000000000000000000000000000000000000
2630;1256088.00000000000000000000000000000000000000000000000000
2631;1256080.00000000000000000000000000000000000000000000000000
2632;1256088.00000000000000000000000000000000000000000000000000
2633;1256288.00000000000000000000000000000000000000000000000000
2634;1255788.00000000000000000000000000000000000000000000000000
2635;1255996.00000000000000000000000000000000000000000000000000
2636;1255784.00000000000000000000000000000000000000000000000000
2637;1256172.00000000000000000000000000000000000000000000000000
2638;1256176.00000000000000000000000000000000000000000000000000
2639;1256188.00000000000000000000000000000000000000000000000000
2640;1256008.00000000000000000000000000000000000000000000000000
2641;1255288.00000000000000000000000000000000000000000000000000
2642;1255544.00000000000000000000000000000000000000000000000000
2643;1256092.00000000000000000000000000000000000000000000000000
2644;1256036.00000000000000000000000000000000000000000000000000
2645;1256208.00000000000000000000000000000000000000000000000000
2646;1255672.00000000000000000000000000000000000000000000000000
2647;1255708.00000000000000000000000000000000000000000000000000
2648;1255712.00000000000000000000000000000000000000000000000000
2649;1256052.00000000000000000000000000000000000000000000000000
2650;1256100.00000000000000000000000000000000000000000000000000
2651;1256236.00000000000000000000000000000000000000000000000000
2652;1256128.00000000000000000000000000000000000000000000000000
2653;1255680.00000000000000000000000000000000000000000000000000
2654;1255648.00000000000000000000000000000000000000000000000000
2655;1256044.00000000000000000000000000000000000000000000000000
2656;1256236.00000000000000000000000000000000000000000000000000
2657;1255992.00000000000000000000000000000000000000000000000000
2658;1256304.00000000000000000000000000000000000000000000000000
2659;1255788.00000000000000000000000000000000000000000000000000
2660;1255824.00000000000000000000000000000000000000000000000000
2661;1256044.00000000000000000000000000000000000000000000000000
2662;1256068.00000000000000000000000000000000000000000000000000
2663;1256172.00000000000000000000000000000000000000000000000000
2664;1256132.00000000000000000000000000000000000000000000000000
2665;1255724.00000000000000000000000000000000000000000000000000
2666;1255948.00000000000000000000000000000000000000000000000000
2667;1256080.00000000000000000000000000000000000000000000000000
2668;1256080.00000000000000000000000000000000000000000000000000
2669;1255444.00000000000000000000000000000000000000000000000000
2670;669804.00000000000000000000000000000000000000000000000000
