Second;RAM_KB
0;6272.00000000000000000000000000000000000000000000000000
1;279904.00000000000000000000000000000000000000000000000000
2;365124.00000000000000000000000000000000000000000000000000
3;487760.00000000000000000000000000000000000000000000000000
4;718136.00000000000000000000000000000000000000000000000000
5;803476.00000000000000000000000000000000000000000000000000
6;864864.00000000000000000000000000000000000000000000000000
7;917300.00000000000000000000000000000000000000000000000000
8;932136.00000000000000000000000000000000000000000000000000
9;936660.00000000000000000000000000000000000000000000000000
10;977320.00000000000000000000000000000000000000000000000000
11;979676.00000000000000000000000000000000000000000000000000
12;984312.00000000000000000000000000000000000000000000000000
13;987440.00000000000000000000000000000000000000000000000000
14;990940.00000000000000000000000000000000000000000000000000
15;994840.00000000000000000000000000000000000000000000000000
16;998236.00000000000000000000000000000000000000000000000000
17;1001328.00000000000000000000000000000000000000000000000000
18;1005120.00000000000000000000000000000000000000000000000000
19;1008400.00000000000000000000000000000000000000000000000000
20;1011564.00000000000000000000000000000000000000000000000000
21;1014992.00000000000000000000000000000000000000000000000000
22;1019284.00000000000000000000000000000000000000000000000000
23;1022264.00000000000000000000000000000000000000000000000000
24;1025976.00000000000000000000000000000000000000000000000000
25;1028908.00000000000000000000000000000000000000000000000000
26;1031852.00000000000000000000000000000000000000000000000000
27;1036320.00000000000000000000000000000000000000000000000000
28;1038800.00000000000000000000000000000000000000000000000000
29;1045968.00000000000000000000000000000000000000000000000000
30;1049748.00000000000000000000000000000000000000000000000000
31;1052240.00000000000000000000000000000000000000000000000000
32;1056508.00000000000000000000000000000000000000000000000000
33;1060048.00000000000000000000000000000000000000000000000000
34;1062084.00000000000000000000000000000000000000000000000000
35;1066984.00000000000000000000000000000000000000000000000000
36;1070884.00000000000000000000000000000000000000000000000000
37;1072816.00000000000000000000000000000000000000000000000000
38;1076068.00000000000000000000000000000000000000000000000000
39;1081140.00000000000000000000000000000000000000000000000000
40;1083248.00000000000000000000000000000000000000000000000000
41;1085892.00000000000000000000000000000000000000000000000000
42;1091924.00000000000000000000000000000000000000000000000000
43;1093944.00000000000000000000000000000000000000000000000000
44;1096488.00000000000000000000000000000000000000000000000000
45;1100636.00000000000000000000000000000000000000000000000000
46;1102716.00000000000000000000000000000000000000000000000000
47;1105652.00000000000000000000000000000000000000000000000000
48;1111632.00000000000000000000000000000000000000000000000000
49;1115180.00000000000000000000000000000000000000000000000000
50;1118152.00000000000000000000000000000000000000000000000000
51;1124648.00000000000000000000000000000000000000000000000000
52;1127748.00000000000000000000000000000000000000000000000000
53;1129748.00000000000000000000000000000000000000000000000000
54;1132504.00000000000000000000000000000000000000000000000000
55;1136012.00000000000000000000000000000000000000000000000000
56;1137952.00000000000000000000000000000000000000000000000000
57;1144108.00000000000000000000000000000000000000000000000000
58;1146860.00000000000000000000000000000000000000000000000000
59;1149196.00000000000000000000000000000000000000000000000000
60;1152572.00000000000000000000000000000000000000000000000000
61;1155620.00000000000000000000000000000000000000000000000000
62;1158812.00000000000000000000000000000000000000000000000000
63;1161604.00000000000000000000000000000000000000000000000000
64;1166708.00000000000000000000000000000000000000000000000000
65;1169696.00000000000000000000000000000000000000000000000000
66;1171860.00000000000000000000000000000000000000000000000000
67;1174636.00000000000000000000000000000000000000000000000000
68;1177076.00000000000000000000000000000000000000000000000000
69;1181724.00000000000000000000000000000000000000000000000000
70;1181724.00000000000000000000000000000000000000000000000000
71;1420840.00000000000000000000000000000000000000000000000000
72;1420752.00000000000000000000000000000000000000000000000000
73;1420936.00000000000000000000000000000000000000000000000000
74;1420756.00000000000000000000000000000000000000000000000000
75;1420660.00000000000000000000000000000000000000000000000000
76;1420816.00000000000000000000000000000000000000000000000000
77;1420852.00000000000000000000000000000000000000000000000000
78;1421296.00000000000000000000000000000000000000000000000000
79;1420824.00000000000000000000000000000000000000000000000000
80;1420820.00000000000000000000000000000000000000000000000000
81;1420632.00000000000000000000000000000000000000000000000000
82;1420696.00000000000000000000000000000000000000000000000000
83;1420820.00000000000000000000000000000000000000000000000000
84;1420940.00000000000000000000000000000000000000000000000000
85;1420664.00000000000000000000000000000000000000000000000000
86;1421136.00000000000000000000000000000000000000000000000000
87;1420944.00000000000000000000000000000000000000000000000000
88;1421132.00000000000000000000000000000000000000000000000000
89;1420976.00000000000000000000000000000000000000000000000000
90;1421076.00000000000000000000000000000000000000000000000000
91;1421132.00000000000000000000000000000000000000000000000000
92;1420980.00000000000000000000000000000000000000000000000000
93;1421132.00000000000000000000000000000000000000000000000000
94;1421136.00000000000000000000000000000000000000000000000000
95;1421076.00000000000000000000000000000000000000000000000000
96;1420944.00000000000000000000000000000000000000000000000000
97;1420976.00000000000000000000000000000000000000000000000000
98;1421168.00000000000000000000000000000000000000000000000000
99;1421136.00000000000000000000000000000000000000000000000000
100;1421076.00000000000000000000000000000000000000000000000000
101;1420976.00000000000000000000000000000000000000000000000000
102;1420976.00000000000000000000000000000000000000000000000000
103;1421136.00000000000000000000000000000000000000000000000000
104;1421136.00000000000000000000000000000000000000000000000000
105;1421132.00000000000000000000000000000000000000000000000000
106;1421168.00000000000000000000000000000000000000000000000000
107;1421616.00000000000000000000000000000000000000000000000000
108;1421076.00000000000000000000000000000000000000000000000000
109;1420976.00000000000000000000000000000000000000000000000000
110;1421132.00000000000000000000000000000000000000000000000000
111;1421136.00000000000000000000000000000000000000000000000000
112;1421168.00000000000000000000000000000000000000000000000000
113;1421076.00000000000000000000000000000000000000000000000000
114;1421132.00000000000000000000000000000000000000000000000000
115;1420980.00000000000000000000000000000000000000000000000000
116;1420980.00000000000000000000000000000000000000000000000000
117;1420980.00000000000000000000000000000000000000000000000000
118;1421076.00000000000000000000000000000000000000000000000000
119;1421132.00000000000000000000000000000000000000000000000000
120;1318348.00000000000000000000000000000000000000000000000000
121;1318456.00000000000000000000000000000000000000000000000000
122;1319376.00000000000000000000000000000000000000000000000000
123;1321852.00000000000000000000000000000000000000000000000000
124;1323600.00000000000000000000000000000000000000000000000000
125;1324188.00000000000000000000000000000000000000000000000000
126;1325848.00000000000000000000000000000000000000000000000000
127;1327112.00000000000000000000000000000000000000000000000000
128;1328240.00000000000000000000000000000000000000000000000000
129;1329696.00000000000000000000000000000000000000000000000000
130;1330788.00000000000000000000000000000000000000000000000000
131;1332636.00000000000000000000000000000000000000000000000000
132;1334712.00000000000000000000000000000000000000000000000000
133;1335328.00000000000000000000000000000000000000000000000000
134;1338420.00000000000000000000000000000000000000000000000000
135;1340020.00000000000000000000000000000000000000000000000000
136;1341472.00000000000000000000000000000000000000000000000000
137;1343316.00000000000000000000000000000000000000000000000000
138;1344160.00000000000000000000000000000000000000000000000000
139;1346096.00000000000000000000000000000000000000000000000000
140;1347400.00000000000000000000000000000000000000000000000000
141;1349032.00000000000000000000000000000000000000000000000000
142;1350952.00000000000000000000000000000000000000000000000000
143;1351792.00000000000000000000000000000000000000000000000000
144;1354760.00000000000000000000000000000000000000000000000000
145;1355404.00000000000000000000000000000000000000000000000000
146;1356864.00000000000000000000000000000000000000000000000000
147;1361560.00000000000000000000000000000000000000000000000000
148;1362216.00000000000000000000000000000000000000000000000000
149;1364136.00000000000000000000000000000000000000000000000000
150;1367104.00000000000000000000000000000000000000000000000000
151;1368272.00000000000000000000000000000000000000000000000000
152;1369832.00000000000000000000000000000000000000000000000000
153;1372480.00000000000000000000000000000000000000000000000000
154;1373048.00000000000000000000000000000000000000000000000000
155;1377432.00000000000000000000000000000000000000000000000000
156;1379952.00000000000000000000000000000000000000000000000000
157;1381040.00000000000000000000000000000000000000000000000000
158;1382360.00000000000000000000000000000000000000000000000000
159;1388180.00000000000000000000000000000000000000000000000000
160;1389084.00000000000000000000000000000000000000000000000000
161;1390436.00000000000000000000000000000000000000000000000000
162;1392016.00000000000000000000000000000000000000000000000000
163;1393740.00000000000000000000000000000000000000000000000000
164;1396640.00000000000000000000000000000000000000000000000000
165;1398652.00000000000000000000000000000000000000000000000000
166;1399956.00000000000000000000000000000000000000000000000000
167;1401412.00000000000000000000000000000000000000000000000000
168;1403340.00000000000000000000000000000000000000000000000000
169;1404468.00000000000000000000000000000000000000000000000000
170;1409144.00000000000000000000000000000000000000000000000000
171;1410312.00000000000000000000000000000000000000000000000000
172;1411960.00000000000000000000000000000000000000000000000000
173;1413040.00000000000000000000000000000000000000000000000000
174;1414712.00000000000000000000000000000000000000000000000000
175;1416628.00000000000000000000000000000000000000000000000000
176;1420196.00000000000000000000000000000000000000000000000000
177;1420964.00000000000000000000000000000000000000000000000000
178;1422504.00000000000000000000000000000000000000000000000000
179;1424028.00000000000000000000000000000000000000000000000000
180;1426920.00000000000000000000000000000000000000000000000000
181;1430100.00000000000000000000000000000000000000000000000000
182;1430100.00000000000000000000000000000000000000000000000000
183;1430780.00000000000000000000000000000000000000000000000000
184;1430604.00000000000000000000000000000000000000000000000000
185;1430604.00000000000000000000000000000000000000000000000000
186;1430604.00000000000000000000000000000000000000000000000000
187;1430456.00000000000000000000000000000000000000000000000000
188;1430660.00000000000000000000000000000000000000000000000000
189;1430488.00000000000000000000000000000000000000000000000000
190;1430680.00000000000000000000000000000000000000000000000000
191;1430492.00000000000000000000000000000000000000000000000000
192;1430524.00000000000000000000000000000000000000000000000000
193;1430680.00000000000000000000000000000000000000000000000000
194;1430684.00000000000000000000000000000000000000000000000000
195;1431156.00000000000000000000000000000000000000000000000000
196;1430648.00000000000000000000000000000000000000000000000000
197;1431008.00000000000000000000000000000000000000000000000000
198;1431008.00000000000000000000000000000000000000000000000000
199;1431008.00000000000000000000000000000000000000000000000000
200;1431552.00000000000000000000000000000000000000000000000000
201;1431004.00000000000000000000000000000000000000000000000000
202;1431004.00000000000000000000000000000000000000000000000000
203;1431480.00000000000000000000000000000000000000000000000000
204;1431008.00000000000000000000000000000000000000000000000000
205;1430880.00000000000000000000000000000000000000000000000000
206;1431160.00000000000000000000000000000000000000000000000000
207;1430852.00000000000000000000000000000000000000000000000000
208;1431004.00000000000000000000000000000000000000000000000000
209;1430948.00000000000000000000000000000000000000000000000000
210;1430948.00000000000000000000000000000000000000000000000000
211;1431040.00000000000000000000000000000000000000000000000000
212;1430816.00000000000000000000000000000000000000000000000000
213;1431008.00000000000000000000000000000000000000000000000000
214;1431008.00000000000000000000000000000000000000000000000000
215;1431004.00000000000000000000000000000000000000000000000000
216;1431008.00000000000000000000000000000000000000000000000000
217;1430948.00000000000000000000000000000000000000000000000000
218;1430948.00000000000000000000000000000000000000000000000000
219;1430848.00000000000000000000000000000000000000000000000000
220;1431008.00000000000000000000000000000000000000000000000000
221;1431004.00000000000000000000000000000000000000000000000000
222;1431004.00000000000000000000000000000000000000000000000000
223;1430848.00000000000000000000000000000000000000000000000000
224;1431040.00000000000000000000000000000000000000000000000000
225;1431084.00000000000000000000000000000000000000000000000000
226;1431008.00000000000000000000000000000000000000000000000000
227;1430948.00000000000000000000000000000000000000000000000000
228;1431008.00000000000000000000000000000000000000000000000000
229;1322500.00000000000000000000000000000000000000000000000000
230;1323572.00000000000000000000000000000000000000000000000000
231;1325764.00000000000000000000000000000000000000000000000000
232;1326876.00000000000000000000000000000000000000000000000000
233;1328432.00000000000000000000000000000000000000000000000000
234;1329852.00000000000000000000000000000000000000000000000000
235;1330976.00000000000000000000000000000000000000000000000000
236;1332964.00000000000000000000000000000000000000000000000000
237;1334384.00000000000000000000000000000000000000000000000000
238;1336560.00000000000000000000000000000000000000000000000000
239;1336524.00000000000000000000000000000000000000000000000000
240;1337480.00000000000000000000000000000000000000000000000000
241;1340576.00000000000000000000000000000000000000000000000000
242;1340704.00000000000000000000000000000000000000000000000000
243;1343656.00000000000000000000000000000000000000000000000000
244;1344956.00000000000000000000000000000000000000000000000000
245;1345860.00000000000000000000000000000000000000000000000000
246;1347704.00000000000000000000000000000000000000000000000000
247;1350444.00000000000000000000000000000000000000000000000000
248;1351656.00000000000000000000000000000000000000000000000000
249;1353044.00000000000000000000000000000000000000000000000000
250;1355632.00000000000000000000000000000000000000000000000000
251;1356976.00000000000000000000000000000000000000000000000000
252;1358480.00000000000000000000000000000000000000000000000000
253;1362216.00000000000000000000000000000000000000000000000000
254;1363800.00000000000000000000000000000000000000000000000000
255;1364368.00000000000000000000000000000000000000000000000000
256;1367180.00000000000000000000000000000000000000000000000000
257;1368376.00000000000000000000000000000000000000000000000000
258;1369796.00000000000000000000000000000000000000000000000000
259;1372316.00000000000000000000000000000000000000000000000000
260;1374860.00000000000000000000000000000000000000000000000000
261;1375960.00000000000000000000000000000000000000000000000000
262;1377416.00000000000000000000000000000000000000000000000000
263;1382320.00000000000000000000000000000000000000000000000000
264;1383728.00000000000000000000000000000000000000000000000000
265;1386384.00000000000000000000000000000000000000000000000000
266;1387020.00000000000000000000000000000000000000000000000000
267;1389196.00000000000000000000000000000000000000000000000000
268;1393800.00000000000000000000000000000000000000000000000000
269;1395160.00000000000000000000000000000000000000000000000000
270;1396140.00000000000000000000000000000000000000000000000000
271;1397608.00000000000000000000000000000000000000000000000000
272;1398592.00000000000000000000000000000000000000000000000000
273;1399696.00000000000000000000000000000000000000000000000000
274;1405568.00000000000000000000000000000000000000000000000000
275;1404828.00000000000000000000000000000000000000000000000000
276;1406440.00000000000000000000000000000000000000000000000000
277;1408108.00000000000000000000000000000000000000000000000000
278;1409708.00000000000000000000000000000000000000000000000000
279;1412100.00000000000000000000000000000000000000000000000000
280;1415628.00000000000000000000000000000000000000000000000000
281;1415744.00000000000000000000000000000000000000000000000000
282;1417048.00000000000000000000000000000000000000000000000000
283;1418236.00000000000000000000000000000000000000000000000000
284;1420436.00000000000000000000000000000000000000000000000000
285;1420896.00000000000000000000000000000000000000000000000000
286;1421916.00000000000000000000000000000000000000000000000000
287;1424960.00000000000000000000000000000000000000000000000000
288;1426312.00000000000000000000000000000000000000000000000000
289;1427312.00000000000000000000000000000000000000000000000000
290;1429436.00000000000000000000000000000000000000000000000000
291;1431684.00000000000000000000000000000000000000000000000000
292;1431684.00000000000000000000000000000000000000000000000000
293;1432088.00000000000000000000000000000000000000000000000000
294;1431964.00000000000000000000000000000000000000000000000000
295;1431936.00000000000000000000000000000000000000000000000000
296;1432064.00000000000000000000000000000000000000000000000000
297;1432064.00000000000000000000000000000000000000000000000000
298;1432200.00000000000000000000000000000000000000000000000000
299;1432296.00000000000000000000000000000000000000000000000000
300;1432480.00000000000000000000000000000000000000000000000000
301;1432200.00000000000000000000000000000000000000000000000000
302;1432364.00000000000000000000000000000000000000000000000000
303;1432304.00000000000000000000000000000000000000000000000000
304;1432204.00000000000000000000000000000000000000000000000000
305;1432360.00000000000000000000000000000000000000000000000000
306;1432364.00000000000000000000000000000000000000000000000000
307;1432204.00000000000000000000000000000000000000000000000000
308;1432360.00000000000000000000000000000000000000000000000000
309;1432212.00000000000000000000000000000000000000000000000000
310;1432392.00000000000000000000000000000000000000000000000000
311;1432332.00000000000000000000000000000000000000000000000000
312;1432232.00000000000000000000000000000000000000000000000000
313;1432236.00000000000000000000000000000000000000000000000000
314;1432392.00000000000000000000000000000000000000000000000000
315;1432424.00000000000000000000000000000000000000000000000000
316;1432232.00000000000000000000000000000000000000000000000000
317;1432392.00000000000000000000000000000000000000000000000000
318;1432388.00000000000000000000000000000000000000000000000000
319;1432392.00000000000000000000000000000000000000000000000000
320;1432232.00000000000000000000000000000000000000000000000000
321;1432392.00000000000000000000000000000000000000000000000000
322;1432264.00000000000000000000000000000000000000000000000000
323;1432424.00000000000000000000000000000000000000000000000000
324;1432392.00000000000000000000000000000000000000000000000000
325;1432264.00000000000000000000000000000000000000000000000000
326;1432392.00000000000000000000000000000000000000000000000000
327;1432392.00000000000000000000000000000000000000000000000000
328;1432424.00000000000000000000000000000000000000000000000000
329;1432200.00000000000000000000000000000000000000000000000000
330;1432328.00000000000000000000000000000000000000000000000000
331;1432332.00000000000000000000000000000000000000000000000000
332;1432392.00000000000000000000000000000000000000000000000000
333;1432332.00000000000000000000000000000000000000000000000000
334;1432328.00000000000000000000000000000000000000000000000000
335;1432608.00000000000000000000000000000000000000000000000000
336;1432388.00000000000000000000000000000000000000000000000000
337;1432424.00000000000000000000000000000000000000000000000000
338;1432328.00000000000000000000000000000000000000000000000000
339;1432864.00000000000000000000000000000000000000000000000000
340;1432264.00000000000000000000000000000000000000000000000000
341;1432200.00000000000000000000000000000000000000000000000000
342;1432264.00000000000000000000000000000000000000000000000000
343;1322920.00000000000000000000000000000000000000000000000000
344;1323952.00000000000000000000000000000000000000000000000000
345;1326000.00000000000000000000000000000000000000000000000000
346;1326504.00000000000000000000000000000000000000000000000000
347;1327748.00000000000000000000000000000000000000000000000000
348;1328700.00000000000000000000000000000000000000000000000000
349;1330984.00000000000000000000000000000000000000000000000000
350;1333068.00000000000000000000000000000000000000000000000000
351;1333844.00000000000000000000000000000000000000000000000000
352;1335672.00000000000000000000000000000000000000000000000000
353;1337120.00000000000000000000000000000000000000000000000000
354;1337872.00000000000000000000000000000000000000000000000000
355;1340540.00000000000000000000000000000000000000000000000000
356;1342620.00000000000000000000000000000000000000000000000000
357;1343572.00000000000000000000000000000000000000000000000000
358;1345712.00000000000000000000000000000000000000000000000000
359;1347136.00000000000000000000000000000000000000000000000000
360;1349152.00000000000000000000000000000000000000000000000000
361;1350508.00000000000000000000000000000000000000000000000000
362;1353488.00000000000000000000000000000000000000000000000000
363;1354864.00000000000000000000000000000000000000000000000000
364;1356536.00000000000000000000000000000000000000000000000000
365;1357796.00000000000000000000000000000000000000000000000000
366;1359160.00000000000000000000000000000000000000000000000000
367;1362740.00000000000000000000000000000000000000000000000000
368;1364792.00000000000000000000000000000000000000000000000000
369;1365628.00000000000000000000000000000000000000000000000000
370;1366212.00000000000000000000000000000000000000000000000000
371;1369500.00000000000000000000000000000000000000000000000000
372;1371436.00000000000000000000000000000000000000000000000000
373;1372236.00000000000000000000000000000000000000000000000000
374;1375312.00000000000000000000000000000000000000000000000000
375;1377280.00000000000000000000000000000000000000000000000000
376;1377716.00000000000000000000000000000000000000000000000000
377;1380000.00000000000000000000000000000000000000000000000000
378;1380624.00000000000000000000000000000000000000000000000000
379;1385516.00000000000000000000000000000000000000000000000000
380;1386664.00000000000000000000000000000000000000000000000000
381;1387976.00000000000000000000000000000000000000000000000000
382;1389992.00000000000000000000000000000000000000000000000000
383;1394040.00000000000000000000000000000000000000000000000000
384;1395192.00000000000000000000000000000000000000000000000000
385;1396916.00000000000000000000000000000000000000000000000000
386;1398356.00000000000000000000000000000000000000000000000000
387;1400072.00000000000000000000000000000000000000000000000000
388;1401012.00000000000000000000000000000000000000000000000000
389;1406232.00000000000000000000000000000000000000000000000000
390;1407912.00000000000000000000000000000000000000000000000000
391;1408948.00000000000000000000000000000000000000000000000000
392;1410572.00000000000000000000000000000000000000000000000000
393;1413096.00000000000000000000000000000000000000000000000000
394;1416364.00000000000000000000000000000000000000000000000000
395;1416912.00000000000000000000000000000000000000000000000000
396;1418396.00000000000000000000000000000000000000000000000000
397;1419680.00000000000000000000000000000000000000000000000000
398;1421552.00000000000000000000000000000000000000000000000000
399;1422900.00000000000000000000000000000000000000000000000000
400;1424584.00000000000000000000000000000000000000000000000000
401;1428124.00000000000000000000000000000000000000000000000000
402;1428852.00000000000000000000000000000000000000000000000000
403;1430236.00000000000000000000000000000000000000000000000000
404;1432928.00000000000000000000000000000000000000000000000000
405;1433212.00000000000000000000000000000000000000000000000000
406;1433456.00000000000000000000000000000000000000000000000000
407;1433456.00000000000000000000000000000000000000000000000000
408;1433456.00000000000000000000000000000000000000000000000000
409;1433968.00000000000000000000000000000000000000000000000000
410;1433580.00000000000000000000000000000000000000000000000000
411;1433704.00000000000000000000000000000000000000000000000000
412;1433520.00000000000000000000000000000000000000000000000000
413;1433648.00000000000000000000000000000000000000000000000000
414;1433524.00000000000000000000000000000000000000000000000000
415;1433456.00000000000000000000000000000000000000000000000000
416;1433584.00000000000000000000000000000000000000000000000000
417;1433456.00000000000000000000000000000000000000000000000000
418;1433660.00000000000000000000000000000000000000000000000000
419;1433456.00000000000000000000000000000000000000000000000000
420;1433456.00000000000000000000000000000000000000000000000000
421;1433588.00000000000000000000000000000000000000000000000000
422;1433524.00000000000000000000000000000000000000000000000000
423;1433396.00000000000000000000000000000000000000000000000000
424;1433460.00000000000000000000000000000000000000000000000000
425;1433704.00000000000000000000000000000000000000000000000000
426;1433460.00000000000000000000000000000000000000000000000000
427;1433460.00000000000000000000000000000000000000000000000000
428;1433528.00000000000000000000000000000000000000000000000000
429;1433572.00000000000000000000000000000000000000000000000000
430;1433456.00000000000000000000000000000000000000000000000000
431;1433584.00000000000000000000000000000000000000000000000000
432;1433520.00000000000000000000000000000000000000000000000000
433;1433700.00000000000000000000000000000000000000000000000000
434;1433456.00000000000000000000000000000000000000000000000000
435;1433456.00000000000000000000000000000000000000000000000000
436;1433580.00000000000000000000000000000000000000000000000000
437;1433584.00000000000000000000000000000000000000000000000000
438;1433584.00000000000000000000000000000000000000000000000000
439;1433584.00000000000000000000000000000000000000000000000000
440;1433392.00000000000000000000000000000000000000000000000000
441;1433584.00000000000000000000000000000000000000000000000000
442;1433768.00000000000000000000000000000000000000000000000000
443;1433456.00000000000000000000000000000000000000000000000000
444;1433392.00000000000000000000000000000000000000000000000000
445;1433580.00000000000000000000000000000000000000000000000000
446;1433392.00000000000000000000000000000000000000000000000000
447;1433584.00000000000000000000000000000000000000000000000000
448;1433456.00000000000000000000000000000000000000000000000000
449;1433392.00000000000000000000000000000000000000000000000000
450;1433584.00000000000000000000000000000000000000000000000000
451;1433520.00000000000000000000000000000000000000000000000000
452;1433580.00000000000000000000000000000000000000000000000000
453;1433392.00000000000000000000000000000000000000000000000000
454;1324360.00000000000000000000000000000000000000000000000000
455;1325800.00000000000000000000000000000000000000000000000000
456;1327748.00000000000000000000000000000000000000000000000000
457;1329352.00000000000000000000000000000000000000000000000000
458;1330652.00000000000000000000000000000000000000000000000000
459;1331596.00000000000000000000000000000000000000000000000000
460;1332624.00000000000000000000000000000000000000000000000000
461;1335196.00000000000000000000000000000000000000000000000000
462;1335616.00000000000000000000000000000000000000000000000000
463;1336300.00000000000000000000000000000000000000000000000000
464;1337800.00000000000000000000000000000000000000000000000000
465;1339400.00000000000000000000000000000000000000000000000000
466;1340632.00000000000000000000000000000000000000000000000000
467;1343200.00000000000000000000000000000000000000000000000000
468;1344340.00000000000000000000000000000000000000000000000000
469;1346600.00000000000000000000000000000000000000000000000000
470;1349424.00000000000000000000000000000000000000000000000000
471;1350536.00000000000000000000000000000000000000000000000000
472;1351876.00000000000000000000000000000000000000000000000000
473;1353576.00000000000000000000000000000000000000000000000000
474;1355116.00000000000000000000000000000000000000000000000000
475;1358408.00000000000000000000000000000000000000000000000000
476;1358352.00000000000000000000000000000000000000000000000000
477;1360692.00000000000000000000000000000000000000000000000000
478;1363808.00000000000000000000000000000000000000000000000000
479;1364340.00000000000000000000000000000000000000000000000000
480;1364796.00000000000000000000000000000000000000000000000000
481;1367776.00000000000000000000000000000000000000000000000000
482;1369640.00000000000000000000000000000000000000000000000000
483;1370668.00000000000000000000000000000000000000000000000000
484;1373216.00000000000000000000000000000000000000000000000000
485;1375872.00000000000000000000000000000000000000000000000000
486;1376860.00000000000000000000000000000000000000000000000000
487;1378628.00000000000000000000000000000000000000000000000000
488;1381124.00000000000000000000000000000000000000000000000000
489;1381884.00000000000000000000000000000000000000000000000000
490;1384316.00000000000000000000000000000000000000000000000000
491;1385568.00000000000000000000000000000000000000000000000000
492;1386920.00000000000000000000000000000000000000000000000000
493;1393048.00000000000000000000000000000000000000000000000000
494;1394400.00000000000000000000000000000000000000000000000000
495;1396456.00000000000000000000000000000000000000000000000000
496;1397892.00000000000000000000000000000000000000000000000000
497;1401704.00000000000000000000000000000000000000000000000000
498;1403136.00000000000000000000000000000000000000000000000000
499;1404692.00000000000000000000000000000000000000000000000000
500;1406356.00000000000000000000000000000000000000000000000000
501;1408040.00000000000000000000000000000000000000000000000000
502;1408788.00000000000000000000000000000000000000000000000000
503;1413912.00000000000000000000000000000000000000000000000000
504;1415088.00000000000000000000000000000000000000000000000000
505;1417376.00000000000000000000000000000000000000000000000000
506;1418860.00000000000000000000000000000000000000000000000000
507;1418712.00000000000000000000000000000000000000000000000000
508;1421168.00000000000000000000000000000000000000000000000000
509;1424004.00000000000000000000000000000000000000000000000000
510;1425084.00000000000000000000000000000000000000000000000000
511;1426760.00000000000000000000000000000000000000000000000000
512;1427972.00000000000000000000000000000000000000000000000000
513;1429672.00000000000000000000000000000000000000000000000000
514;1430928.00000000000000000000000000000000000000000000000000
515;1433364.00000000000000000000000000000000000000000000000000
516;1433224.00000000000000000000000000000000000000000000000000
517;1433284.00000000000000000000000000000000000000000000000000
518;1433128.00000000000000000000000000000000000000000000000000
519;1433224.00000000000000000000000000000000000000000000000000
520;1433096.00000000000000000000000000000000000000000000000000
521;1433128.00000000000000000000000000000000000000000000000000
522;1433288.00000000000000000000000000000000000000000000000000
523;1433288.00000000000000000000000000000000000000000000000000
524;1433128.00000000000000000000000000000000000000000000000000
525;1433228.00000000000000000000000000000000000000000000000000
526;1433320.00000000000000000000000000000000000000000000000000
527;1433228.00000000000000000000000000000000000000000000000000
528;1433096.00000000000000000000000000000000000000000000000000
529;1433228.00000000000000000000000000000000000000000000000000
530;1433288.00000000000000000000000000000000000000000000000000
531;1433332.00000000000000000000000000000000000000000000000000
532;1433332.00000000000000000000000000000000000000000000000000
533;1433332.00000000000000000000000000000000000000000000000000
534;1433172.00000000000000000000000000000000000000000000000000
535;1433332.00000000000000000000000000000000000000000000000000
536;1433268.00000000000000000000000000000000000000000000000000
537;1433204.00000000000000000000000000000000000000000000000000
538;1433332.00000000000000000000000000000000000000000000000000
539;1433272.00000000000000000000000000000000000000000000000000
540;1433452.00000000000000000000000000000000000000000000000000
541;1433272.00000000000000000000000000000000000000000000000000
542;1433364.00000000000000000000000000000000000000000000000000
543;1433140.00000000000000000000000000000000000000000000000000
544;1433204.00000000000000000000000000000000000000000000000000
545;1433332.00000000000000000000000000000000000000000000000000
546;1433204.00000000000000000000000000000000000000000000000000
547;1433268.00000000000000000000000000000000000000000000000000
548;1433332.00000000000000000000000000000000000000000000000000
549;1433332.00000000000000000000000000000000000000000000000000
550;1433312.00000000000000000000000000000000000000000000000000
551;1433268.00000000000000000000000000000000000000000000000000
552;1433876.00000000000000000000000000000000000000000000000000
553;1433332.00000000000000000000000000000000000000000000000000
554;1433332.00000000000000000000000000000000000000000000000000
555;1433332.00000000000000000000000000000000000000000000000000
556;1433204.00000000000000000000000000000000000000000000000000
557;1433332.00000000000000000000000000000000000000000000000000
558;1433268.00000000000000000000000000000000000000000000000000
559;1433272.00000000000000000000000000000000000000000000000000
560;1433268.00000000000000000000000000000000000000000000000000
561;1433272.00000000000000000000000000000000000000000000000000
562;1433364.00000000000000000000000000000000000000000000000000
563;1433204.00000000000000000000000000000000000000000000000000
564;1433332.00000000000000000000000000000000000000000000000000
565;1433176.00000000000000000000000000000000000000000000000000
566;1323764.00000000000000000000000000000000000000000000000000
567;1324644.00000000000000000000000000000000000000000000000000
568;1326460.00000000000000000000000000000000000000000000000000
569;1328148.00000000000000000000000000000000000000000000000000
570;1328908.00000000000000000000000000000000000000000000000000
571;1330844.00000000000000000000000000000000000000000000000000
572;1331564.00000000000000000000000000000000000000000000000000
573;1332664.00000000000000000000000000000000000000000000000000
574;1333956.00000000000000000000000000000000000000000000000000
575;1336288.00000000000000000000000000000000000000000000000000
576;1337132.00000000000000000000000000000000000000000000000000
577;1338256.00000000000000000000000000000000000000000000000000
578;1341604.00000000000000000000000000000000000000000000000000
579;1341944.00000000000000000000000000000000000000000000000000
580;1343444.00000000000000000000000000000000000000000000000000
581;1346092.00000000000000000000000000000000000000000000000000
582;1347036.00000000000000000000000000000000000000000000000000
583;1348488.00000000000000000000000000000000000000000000000000
584;1351928.00000000000000000000000000000000000000000000000000
585;1351756.00000000000000000000000000000000000000000000000000
586;1353780.00000000000000000000000000000000000000000000000000
587;1355244.00000000000000000000000000000000000000000000000000
588;1357540.00000000000000000000000000000000000000000000000000
589;1358896.00000000000000000000000000000000000000000000000000
590;1362068.00000000000000000000000000000000000000000000000000
591;1363128.00000000000000000000000000000000000000000000000000
592;1365252.00000000000000000000000000000000000000000000000000
593;1367352.00000000000000000000000000000000000000000000000000
594;1370188.00000000000000000000000000000000000000000000000000
595;1371292.00000000000000000000000000000000000000000000000000
596;1373608.00000000000000000000000000000000000000000000000000
597;1375468.00000000000000000000000000000000000000000000000000
598;1377584.00000000000000000000000000000000000000000000000000
599;1378776.00000000000000000000000000000000000000000000000000
600;1380568.00000000000000000000000000000000000000000000000000
601;1384948.00000000000000000000000000000000000000000000000000
602;1386016.00000000000000000000000000000000000000000000000000
603;1387476.00000000000000000000000000000000000000000000000000
604;1388704.00000000000000000000000000000000000000000000000000
605;1392712.00000000000000000000000000000000000000000000000000
606;1393532.00000000000000000000000000000000000000000000000000
607;1395504.00000000000000000000000000000000000000000000000000
608;1397136.00000000000000000000000000000000000000000000000000
609;1398160.00000000000000000000000000000000000000000000000000
610;1399952.00000000000000000000000000000000000000000000000000
611;1404220.00000000000000000000000000000000000000000000000000
612;1406400.00000000000000000000000000000000000000000000000000
613;1406824.00000000000000000000000000000000000000000000000000
614;1408564.00000000000000000000000000000000000000000000000000
615;1409964.00000000000000000000000000000000000000000000000000
616;1414840.00000000000000000000000000000000000000000000000000
617;1417376.00000000000000000000000000000000000000000000000000
618;1417960.00000000000000000000000000000000000000000000000000
619;1419388.00000000000000000000000000000000000000000000000000
620;1421456.00000000000000000000000000000000000000000000000000
621;1422916.00000000000000000000000000000000000000000000000000
622;1424860.00000000000000000000000000000000000000000000000000
623;1429680.00000000000000000000000000000000000000000000000000
624;1429852.00000000000000000000000000000000000000000000000000
625;1431580.00000000000000000000000000000000000000000000000000
626;1432892.00000000000000000000000000000000000000000000000000
627;1435504.00000000000000000000000000000000000000000000000000
628;1435504.00000000000000000000000000000000000000000000000000
629;1434964.00000000000000000000000000000000000000000000000000
630;1434900.00000000000000000000000000000000000000000000000000
631;1434900.00000000000000000000000000000000000000000000000000
632;1434964.00000000000000000000000000000000000000000000000000
633;1434900.00000000000000000000000000000000000000000000000000
634;1434996.00000000000000000000000000000000000000000000000000
635;1434900.00000000000000000000000000000000000000000000000000
636;1434960.00000000000000000000000000000000000000000000000000
637;1434836.00000000000000000000000000000000000000000000000000
638;1434964.00000000000000000000000000000000000000000000000000
639;1434996.00000000000000000000000000000000000000000000000000
640;1434808.00000000000000000000000000000000000000000000000000
641;1435436.00000000000000000000000000000000000000000000000000
642;1434772.00000000000000000000000000000000000000000000000000
643;1434784.00000000000000000000000000000000000000000000000000
644;1435284.00000000000000000000000000000000000000000000000000
645;1435092.00000000000000000000000000000000000000000000000000
646;1435220.00000000000000000000000000000000000000000000000000
647;1435280.00000000000000000000000000000000000000000000000000
648;1435156.00000000000000000000000000000000000000000000000000
649;1435092.00000000000000000000000000000000000000000000000000
650;1435316.00000000000000000000000000000000000000000000000000
651;1435124.00000000000000000000000000000000000000000000000000
652;1435220.00000000000000000000000000000000000000000000000000
653;1435224.00000000000000000000000000000000000000000000000000
654;1435360.00000000000000000000000000000000000000000000000000
655;1435080.00000000000000000000000000000000000000000000000000
656;1435080.00000000000000000000000000000000000000000000000000
657;1435352.00000000000000000000000000000000000000000000000000
658;1435208.00000000000000000000000000000000000000000000000000
659;1435156.00000000000000000000000000000000000000000000000000
660;1435160.00000000000000000000000000000000000000000000000000
661;1435160.00000000000000000000000000000000000000000000000000
662;1435312.00000000000000000000000000000000000000000000000000
663;1435160.00000000000000000000000000000000000000000000000000
664;1435000.00000000000000000000000000000000000000000000000000
665;1435000.00000000000000000000000000000000000000000000000000
666;1435160.00000000000000000000000000000000000000000000000000
667;1435100.00000000000000000000000000000000000000000000000000
668;1435160.00000000000000000000000000000000000000000000000000
669;1435032.00000000000000000000000000000000000000000000000000
670;1435160.00000000000000000000000000000000000000000000000000
671;1435268.00000000000000000000000000000000000000000000000000
672;1435036.00000000000000000000000000000000000000000000000000
673;1435284.00000000000000000000000000000000000000000000000000
674;1435036.00000000000000000000000000000000000000000000000000
675;1435160.00000000000000000000000000000000000000000000000000
676;1434972.00000000000000000000000000000000000000000000000000
677;1324236.00000000000000000000000000000000000000000000000000
678;1326336.00000000000000000000000000000000000000000000000000
679;1327480.00000000000000000000000000000000000000000000000000
680;1328828.00000000000000000000000000000000000000000000000000
681;1331132.00000000000000000000000000000000000000000000000000
682;1330680.00000000000000000000000000000000000000000000000000
683;1332124.00000000000000000000000000000000000000000000000000
684;1333596.00000000000000000000000000000000000000000000000000
685;1334780.00000000000000000000000000000000000000000000000000
686;1335936.00000000000000000000000000000000000000000000000000
687;1338664.00000000000000000000000000000000000000000000000000
688;1339140.00000000000000000000000000000000000000000000000000
689;1342256.00000000000000000000000000000000000000000000000000
690;1343896.00000000000000000000000000000000000000000000000000
691;1345516.00000000000000000000000000000000000000000000000000
692;1347304.00000000000000000000000000000000000000000000000000
693;1349220.00000000000000000000000000000000000000000000000000
694;1350092.00000000000000000000000000000000000000000000000000
695;1352380.00000000000000000000000000000000000000000000000000
696;1354156.00000000000000000000000000000000000000000000000000
697;1354728.00000000000000000000000000000000000000000000000000
698;1357800.00000000000000000000000000000000000000000000000000
699;1358872.00000000000000000000000000000000000000000000000000
700;1360548.00000000000000000000000000000000000000000000000000
701;1363572.00000000000000000000000000000000000000000000000000
702;1365204.00000000000000000000000000000000000000000000000000
703;1367064.00000000000000000000000000000000000000000000000000
704;1368896.00000000000000000000000000000000000000000000000000
705;1370564.00000000000000000000000000000000000000000000000000
706;1372320.00000000000000000000000000000000000000000000000000
707;1376096.00000000000000000000000000000000000000000000000000
708;1377004.00000000000000000000000000000000000000000000000000
709;1378120.00000000000000000000000000000000000000000000000000
710;1381328.00000000000000000000000000000000000000000000000000
711;1382860.00000000000000000000000000000000000000000000000000
712;1384892.00000000000000000000000000000000000000000000000000
713;1386652.00000000000000000000000000000000000000000000000000
714;1388032.00000000000000000000000000000000000000000000000000
715;1390848.00000000000000000000000000000000000000000000000000
716;1393600.00000000000000000000000000000000000000000000000000
717;1395452.00000000000000000000000000000000000000000000000000
718;1397268.00000000000000000000000000000000000000000000000000
719;1403048.00000000000000000000000000000000000000000000000000
720;1404008.00000000000000000000000000000000000000000000000000
721;1404996.00000000000000000000000000000000000000000000000000
722;1406312.00000000000000000000000000000000000000000000000000
723;1408572.00000000000000000000000000000000000000000000000000
724;1409412.00000000000000000000000000000000000000000000000000
725;1416428.00000000000000000000000000000000000000000000000000
726;1416452.00000000000000000000000000000000000000000000000000
727;1418196.00000000000000000000000000000000000000000000000000
728;1418936.00000000000000000000000000000000000000000000000000
729;1420876.00000000000000000000000000000000000000000000000000
730;1421788.00000000000000000000000000000000000000000000000000
731;1423108.00000000000000000000000000000000000000000000000000
732;1426840.00000000000000000000000000000000000000000000000000
733;1427904.00000000000000000000000000000000000000000000000000
734;1429548.00000000000000000000000000000000000000000000000000
735;1431300.00000000000000000000000000000000000000000000000000
736;1432792.00000000000000000000000000000000000000000000000000
737;1435896.00000000000000000000000000000000000000000000000000
738;1435912.00000000000000000000000000000000000000000000000000
739;1436108.00000000000000000000000000000000000000000000000000
740;1436172.00000000000000000000000000000000000000000000000000
741;1436296.00000000000000000000000000000000000000000000000000
742;1436108.00000000000000000000000000000000000000000000000000
743;1436376.00000000000000000000000000000000000000000000000000
744;1436240.00000000000000000000000000000000000000000000000000
745;1436172.00000000000000000000000000000000000000000000000000
746;1436364.00000000000000000000000000000000000000000000000000
747;1436300.00000000000000000000000000000000000000000000000000
748;1436300.00000000000000000000000000000000000000000000000000
749;1436172.00000000000000000000000000000000000000000000000000
750;1436240.00000000000000000000000000000000000000000000000000
751;1436296.00000000000000000000000000000000000000000000000000
752;1436364.00000000000000000000000000000000000000000000000000
753;1436240.00000000000000000000000000000000000000000000000000
754;1436172.00000000000000000000000000000000000000000000000000
755;1436300.00000000000000000000000000000000000000000000000000
756;1436304.00000000000000000000000000000000000000000000000000
757;1436304.00000000000000000000000000000000000000000000000000
758;1436244.00000000000000000000000000000000000000000000000000
759;1436300.00000000000000000000000000000000000000000000000000
760;1436244.00000000000000000000000000000000000000000000000000
761;1436368.00000000000000000000000000000000000000000000000000
762;1436176.00000000000000000000000000000000000000000000000000
763;1436808.00000000000000000000000000000000000000000000000000
764;1436176.00000000000000000000000000000000000000000000000000
765;1436176.00000000000000000000000000000000000000000000000000
766;1436176.00000000000000000000000000000000000000000000000000
767;1436176.00000000000000000000000000000000000000000000000000
768;1436304.00000000000000000000000000000000000000000000000000
769;1436288.00000000000000000000000000000000000000000000000000
770;1436176.00000000000000000000000000000000000000000000000000
771;1436304.00000000000000000000000000000000000000000000000000
772;1436176.00000000000000000000000000000000000000000000000000
773;1436304.00000000000000000000000000000000000000000000000000
774;1436304.00000000000000000000000000000000000000000000000000
775;1436176.00000000000000000000000000000000000000000000000000
776;1436112.00000000000000000000000000000000000000000000000000
777;1436420.00000000000000000000000000000000000000000000000000
778;1436368.00000000000000000000000000000000000000000000000000
779;1436244.00000000000000000000000000000000000000000000000000
780;1436244.00000000000000000000000000000000000000000000000000
781;1436244.00000000000000000000000000000000000000000000000000
782;1436244.00000000000000000000000000000000000000000000000000
783;1436420.00000000000000000000000000000000000000000000000000
784;1436176.00000000000000000000000000000000000000000000000000
785;1436112.00000000000000000000000000000000000000000000000000
786;1436300.00000000000000000000000000000000000000000000000000
787;1436112.00000000000000000000000000000000000000000000000000
788;1436300.00000000000000000000000000000000000000000000000000
789;1436176.00000000000000000000000000000000000000000000000000
790;1325556.00000000000000000000000000000000000000000000000000
791;1326124.00000000000000000000000000000000000000000000000000
792;1328872.00000000000000000000000000000000000000000000000000
793;1329672.00000000000000000000000000000000000000000000000000
794;1331368.00000000000000000000000000000000000000000000000000
795;1332256.00000000000000000000000000000000000000000000000000
796;1334268.00000000000000000000000000000000000000000000000000
797;1335052.00000000000000000000000000000000000000000000000000
798;1336824.00000000000000000000000000000000000000000000000000
799;1337700.00000000000000000000000000000000000000000000000000
800;1339100.00000000000000000000000000000000000000000000000000
801;1340492.00000000000000000000000000000000000000000000000000
802;1341784.00000000000000000000000000000000000000000000000000
803;1344512.00000000000000000000000000000000000000000000000000
804;1345648.00000000000000000000000000000000000000000000000000
805;1348664.00000000000000000000000000000000000000000000000000
806;1349572.00000000000000000000000000000000000000000000000000
807;1351612.00000000000000000000000000000000000000000000000000
808;1352460.00000000000000000000000000000000000000000000000000
809;1354252.00000000000000000000000000000000000000000000000000
810;1356420.00000000000000000000000000000000000000000000000000
811;1356712.00000000000000000000000000000000000000000000000000
812;1359384.00000000000000000000000000000000000000000000000000
813;1360936.00000000000000000000000000000000000000000000000000
814;1361800.00000000000000000000000000000000000000000000000000
815;1363940.00000000000000000000000000000000000000000000000000
816;1365680.00000000000000000000000000000000000000000000000000
817;1366608.00000000000000000000000000000000000000000000000000
818;1369820.00000000000000000000000000000000000000000000000000
819;1370784.00000000000000000000000000000000000000000000000000
820;1372360.00000000000000000000000000000000000000000000000000
821;1374488.00000000000000000000000000000000000000000000000000
822;1376452.00000000000000000000000000000000000000000000000000
823;1377396.00000000000000000000000000000000000000000000000000
824;1379968.00000000000000000000000000000000000000000000000000
825;1380552.00000000000000000000000000000000000000000000000000
826;1383684.00000000000000000000000000000000000000000000000000
827;1385836.00000000000000000000000000000000000000000000000000
828;1386936.00000000000000000000000000000000000000000000000000
829;1387984.00000000000000000000000000000000000000000000000000
830;1388984.00000000000000000000000000000000000000000000000000
831;1393508.00000000000000000000000000000000000000000000000000
832;1395216.00000000000000000000000000000000000000000000000000
833;1396040.00000000000000000000000000000000000000000000000000
834;1398316.00000000000000000000000000000000000000000000000000
835;1398644.00000000000000000000000000000000000000000000000000
836;1402500.00000000000000000000000000000000000000000000000000
837;1403916.00000000000000000000000000000000000000000000000000
838;1404936.00000000000000000000000000000000000000000000000000
839;1407252.00000000000000000000000000000000000000000000000000
840;1408820.00000000000000000000000000000000000000000000000000
841;1410248.00000000000000000000000000000000000000000000000000
842;1416172.00000000000000000000000000000000000000000000000000
843;1417256.00000000000000000000000000000000000000000000000000
844;1417856.00000000000000000000000000000000000000000000000000
845;1420292.00000000000000000000000000000000000000000000000000
846;1421308.00000000000000000000000000000000000000000000000000
847;1423076.00000000000000000000000000000000000000000000000000
848;1428144.00000000000000000000000000000000000000000000000000
849;1429068.00000000000000000000000000000000000000000000000000
850;1429972.00000000000000000000000000000000000000000000000000
851;1430248.00000000000000000000000000000000000000000000000000
852;1432556.00000000000000000000000000000000000000000000000000
853;1433156.00000000000000000000000000000000000000000000000000
854;1435132.00000000000000000000000000000000000000000000000000
855;1435764.00000000000000000000000000000000000000000000000000
856;1436256.00000000000000000000000000000000000000000000000000
857;1436156.00000000000000000000000000000000000000000000000000
858;1436316.00000000000000000000000000000000000000000000000000
859;1436312.00000000000000000000000000000000000000000000000000
860;1436316.00000000000000000000000000000000000000000000000000
861;1436124.00000000000000000000000000000000000000000000000000
862;1436256.00000000000000000000000000000000000000000000000000
863;1436436.00000000000000000000000000000000000000000000000000
864;1436316.00000000000000000000000000000000000000000000000000
865;1436156.00000000000000000000000000000000000000000000000000
866;1436256.00000000000000000000000000000000000000000000000000
867;1436124.00000000000000000000000000000000000000000000000000
868;1436160.00000000000000000000000000000000000000000000000000
869;1436316.00000000000000000000000000000000000000000000000000
870;1436252.00000000000000000000000000000000000000000000000000
871;1436336.00000000000000000000000000000000000000000000000000
872;1436336.00000000000000000000000000000000000000000000000000
873;1436176.00000000000000000000000000000000000000000000000000
874;1436336.00000000000000000000000000000000000000000000000000
875;1436180.00000000000000000000000000000000000000000000000000
876;1436272.00000000000000000000000000000000000000000000000000
877;1436180.00000000000000000000000000000000000000000000000000
878;1436368.00000000000000000000000000000000000000000000000000
879;1436336.00000000000000000000000000000000000000000000000000
880;1436276.00000000000000000000000000000000000000000000000000
881;1436456.00000000000000000000000000000000000000000000000000
882;1436180.00000000000000000000000000000000000000000000000000
883;1436144.00000000000000000000000000000000000000000000000000
884;1436336.00000000000000000000000000000000000000000000000000
885;1436336.00000000000000000000000000000000000000000000000000
886;1436176.00000000000000000000000000000000000000000000000000
887;1436144.00000000000000000000000000000000000000000000000000
888;1436340.00000000000000000000000000000000000000000000000000
889;1436212.00000000000000000000000000000000000000000000000000
890;1436620.00000000000000000000000000000000000000000000000000
891;1436340.00000000000000000000000000000000000000000000000000
892;1436812.00000000000000000000000000000000000000000000000000
893;1436336.00000000000000000000000000000000000000000000000000
894;1436184.00000000000000000000000000000000000000000000000000
895;1436148.00000000000000000000000000000000000000000000000000
896;1436212.00000000000000000000000000000000000000000000000000
897;1436280.00000000000000000000000000000000000000000000000000
898;1436344.00000000000000000000000000000000000000000000000000
899;1436336.00000000000000000000000000000000000000000000000000
900;1436280.00000000000000000000000000000000000000000000000000
901;1436336.00000000000000000000000000000000000000000000000000
902;1436180.00000000000000000000000000000000000000000000000000
903;1436212.00000000000000000000000000000000000000000000000000
904;1327720.00000000000000000000000000000000000000000000000000
905;1327644.00000000000000000000000000000000000000000000000000
906;1329292.00000000000000000000000000000000000000000000000000
907;1330956.00000000000000000000000000000000000000000000000000
908;1332952.00000000000000000000000000000000000000000000000000
909;1334820.00000000000000000000000000000000000000000000000000
910;1337944.00000000000000000000000000000000000000000000000000
911;1338684.00000000000000000000000000000000000000000000000000
912;1341848.00000000000000000000000000000000000000000000000000
913;1345828.00000000000000000000000000000000000000000000000000
914;1349008.00000000000000000000000000000000000000000000000000
915;1350748.00000000000000000000000000000000000000000000000000
916;1352584.00000000000000000000000000000000000000000000000000
917;1355404.00000000000000000000000000000000000000000000000000
918;1358732.00000000000000000000000000000000000000000000000000
919;1358272.00000000000000000000000000000000000000000000000000
920;1360464.00000000000000000000000000000000000000000000000000
921;1364616.00000000000000000000000000000000000000000000000000
922;1367012.00000000000000000000000000000000000000000000000000
923;1369868.00000000000000000000000000000000000000000000000000
924;1371912.00000000000000000000000000000000000000000000000000
925;1374656.00000000000000000000000000000000000000000000000000
926;1376512.00000000000000000000000000000000000000000000000000
927;1378600.00000000000000000000000000000000000000000000000000
928;1381096.00000000000000000000000000000000000000000000000000
929;1384456.00000000000000000000000000000000000000000000000000
930;1385092.00000000000000000000000000000000000000000000000000
931;1389744.00000000000000000000000000000000000000000000000000
932;1392080.00000000000000000000000000000000000000000000000000
933;1394256.00000000000000000000000000000000000000000000000000
934;1396612.00000000000000000000000000000000000000000000000000
935;1401036.00000000000000000000000000000000000000000000000000
936;1403816.00000000000000000000000000000000000000000000000000
937;1406756.00000000000000000000000000000000000000000000000000
938;1408156.00000000000000000000000000000000000000000000000000
939;1414032.00000000000000000000000000000000000000000000000000
940;1416732.00000000000000000000000000000000000000000000000000
941;1419836.00000000000000000000000000000000000000000000000000
942;1420960.00000000000000000000000000000000000000000000000000
943;1423228.00000000000000000000000000000000000000000000000000
944;1425596.00000000000000000000000000000000000000000000000000
945;1428736.00000000000000000000000000000000000000000000000000
946;1429560.00000000000000000000000000000000000000000000000000
947;1433248.00000000000000000000000000000000000000000000000000
948;1437868.00000000000000000000000000000000000000000000000000
949;1440664.00000000000000000000000000000000000000000000000000
950;1440664.00000000000000000000000000000000000000000000000000
951;1440588.00000000000000000000000000000000000000000000000000
952;1440588.00000000000000000000000000000000000000000000000000
953;1440524.00000000000000000000000000000000000000000000000000
954;1440588.00000000000000000000000000000000000000000000000000
955;1440716.00000000000000000000000000000000000000000000000000
956;1440588.00000000000000000000000000000000000000000000000000
957;1440588.00000000000000000000000000000000000000000000000000
958;1440588.00000000000000000000000000000000000000000000000000
959;1440652.00000000000000000000000000000000000000000000000000
960;1440652.00000000000000000000000000000000000000000000000000
961;1440652.00000000000000000000000000000000000000000000000000
962;1440716.00000000000000000000000000000000000000000000000000
963;1440716.00000000000000000000000000000000000000000000000000
964;1440724.00000000000000000000000000000000000000000000000000
965;1440720.00000000000000000000000000000000000000000000000000
966;1440720.00000000000000000000000000000000000000000000000000
967;1440596.00000000000000000000000000000000000000000000000000
968;1440596.00000000000000000000000000000000000000000000000000
969;1440596.00000000000000000000000000000000000000000000000000
970;1440532.00000000000000000000000000000000000000000000000000
971;1440532.00000000000000000000000000000000000000000000000000
972;1440724.00000000000000000000000000000000000000000000000000
973;1440724.00000000000000000000000000000000000000000000000000
974;1440848.00000000000000000000000000000000000000000000000000
975;1440728.00000000000000000000000000000000000000000000000000
976;1440732.00000000000000000000000000000000000000000000000000
977;1440668.00000000000000000000000000000000000000000000000000
978;1440604.00000000000000000000000000000000000000000000000000
979;1440732.00000000000000000000000000000000000000000000000000
980;1440604.00000000000000000000000000000000000000000000000000
981;1440672.00000000000000000000000000000000000000000000000000
982;1440728.00000000000000000000000000000000000000000000000000
983;1440728.00000000000000000000000000000000000000000000000000
984;1441236.00000000000000000000000000000000000000000000000000
985;1440604.00000000000000000000000000000000000000000000000000
986;1440668.00000000000000000000000000000000000000000000000000
987;1440916.00000000000000000000000000000000000000000000000000
988;1440672.00000000000000000000000000000000000000000000000000
989;1440604.00000000000000000000000000000000000000000000000000
990;1440732.00000000000000000000000000000000000000000000000000
991;1440604.00000000000000000000000000000000000000000000000000
992;1440732.00000000000000000000000000000000000000000000000000
993;1327980.00000000000000000000000000000000000000000000000000
994;1329568.00000000000000000000000000000000000000000000000000
995;1331308.00000000000000000000000000000000000000000000000000
996;1333824.00000000000000000000000000000000000000000000000000
997;1336888.00000000000000000000000000000000000000000000000000
998;1337284.00000000000000000000000000000000000000000000000000
999;1339392.00000000000000000000000000000000000000000000000000
1000;1342664.00000000000000000000000000000000000000000000000000
1001;1347508.00000000000000000000000000000000000000000000000000
1002;1351172.00000000000000000000000000000000000000000000000000
1003;1353768.00000000000000000000000000000000000000000000000000
1004;1355488.00000000000000000000000000000000000000000000000000
1005;1356588.00000000000000000000000000000000000000000000000000
1006;1357584.00000000000000000000000000000000000000000000000000
1007;1361016.00000000000000000000000000000000000000000000000000
1008;1363708.00000000000000000000000000000000000000000000000000
1009;1364524.00000000000000000000000000000000000000000000000000
1010;1368288.00000000000000000000000000000000000000000000000000
1011;1369136.00000000000000000000000000000000000000000000000000
1012;1371580.00000000000000000000000000000000000000000000000000
1013;1375708.00000000000000000000000000000000000000000000000000
1014;1377136.00000000000000000000000000000000000000000000000000
1015;1379136.00000000000000000000000000000000000000000000000000
1016;1383072.00000000000000000000000000000000000000000000000000
1017;1385068.00000000000000000000000000000000000000000000000000
1018;1389672.00000000000000000000000000000000000000000000000000
1019;1391160.00000000000000000000000000000000000000000000000000
1020;1394360.00000000000000000000000000000000000000000000000000
1021;1395304.00000000000000000000000000000000000000000000000000
1022;1402040.00000000000000000000000000000000000000000000000000
1023;1405900.00000000000000000000000000000000000000000000000000
1024;1407124.00000000000000000000000000000000000000000000000000
1025;1412932.00000000000000000000000000000000000000000000000000
1026;1414088.00000000000000000000000000000000000000000000000000
1027;1416272.00000000000000000000000000000000000000000000000000
1028;1419704.00000000000000000000000000000000000000000000000000
1029;1422376.00000000000000000000000000000000000000000000000000
1030;1425540.00000000000000000000000000000000000000000000000000
1031;1426520.00000000000000000000000000000000000000000000000000
1032;1429552.00000000000000000000000000000000000000000000000000
1033;1431940.00000000000000000000000000000000000000000000000000
1034;1438668.00000000000000000000000000000000000000000000000000
1035;1439564.00000000000000000000000000000000000000000000000000
1036;1439720.00000000000000000000000000000000000000000000000000
1037;1439720.00000000000000000000000000000000000000000000000000
1038;1439576.00000000000000000000000000000000000000000000000000
1039;1439480.00000000000000000000000000000000000000000000000000
1040;1439640.00000000000000000000000000000000000000000000000000
1041;1439792.00000000000000000000000000000000000000000000000000
1042;1439512.00000000000000000000000000000000000000000000000000
1043;1439760.00000000000000000000000000000000000000000000000000
1044;1439480.00000000000000000000000000000000000000000000000000
1045;1439512.00000000000000000000000000000000000000000000000000
1046;1439640.00000000000000000000000000000000000000000000000000
1047;1439480.00000000000000000000000000000000000000000000000000
1048;1439448.00000000000000000000000000000000000000000000000000
1049;1439576.00000000000000000000000000000000000000000000000000
1050;1439644.00000000000000000000000000000000000000000000000000
1051;1439644.00000000000000000000000000000000000000000000000000
1052;1439644.00000000000000000000000000000000000000000000000000
1053;1439488.00000000000000000000000000000000000000000000000000
1054;1439488.00000000000000000000000000000000000000000000000000
1055;1439644.00000000000000000000000000000000000000000000000000
1056;1439644.00000000000000000000000000000000000000000000000000
1057;1439644.00000000000000000000000000000000000000000000000000
1058;1439484.00000000000000000000000000000000000000000000000000
1059;1439644.00000000000000000000000000000000000000000000000000
1060;1439580.00000000000000000000000000000000000000000000000000
1061;1439724.00000000000000000000000000000000000000000000000000
1062;1439488.00000000000000000000000000000000000000000000000000
1063;1439488.00000000000000000000000000000000000000000000000000
1064;1439516.00000000000000000000000000000000000000000000000000
1065;1439644.00000000000000000000000000000000000000000000000000
1066;1439644.00000000000000000000000000000000000000000000000000
1067;1439488.00000000000000000000000000000000000000000000000000
1068;1439580.00000000000000000000000000000000000000000000000000
1069;1439644.00000000000000000000000000000000000000000000000000
1070;1439764.00000000000000000000000000000000000000000000000000
1071;1439488.00000000000000000000000000000000000000000000000000
1072;1439644.00000000000000000000000000000000000000000000000000
1073;1439644.00000000000000000000000000000000000000000000000000
1074;1439644.00000000000000000000000000000000000000000000000000
1075;1439484.00000000000000000000000000000000000000000000000000
1076;1439644.00000000000000000000000000000000000000000000000000
1077;1439644.00000000000000000000000000000000000000000000000000
1078;1439724.00000000000000000000000000000000000000000000000000
1079;1327696.00000000000000000000000000000000000000000000000000
1080;1327796.00000000000000000000000000000000000000000000000000
1081;1331524.00000000000000000000000000000000000000000000000000
1082;1331956.00000000000000000000000000000000000000000000000000
1083;1333780.00000000000000000000000000000000000000000000000000
1084;1336316.00000000000000000000000000000000000000000000000000
1085;1338688.00000000000000000000000000000000000000000000000000
1086;1340280.00000000000000000000000000000000000000000000000000
1087;1343480.00000000000000000000000000000000000000000000000000
1088;1344936.00000000000000000000000000000000000000000000000000
1089;1348624.00000000000000000000000000000000000000000000000000
1090;1351796.00000000000000000000000000000000000000000000000000
1091;1355900.00000000000000000000000000000000000000000000000000
1092;1357936.00000000000000000000000000000000000000000000000000
1093;1359296.00000000000000000000000000000000000000000000000000
1094;1360552.00000000000000000000000000000000000000000000000000
1095;1362708.00000000000000000000000000000000000000000000000000
1096;1366476.00000000000000000000000000000000000000000000000000
1097;1369432.00000000000000000000000000000000000000000000000000
1098;1370876.00000000000000000000000000000000000000000000000000
1099;1374004.00000000000000000000000000000000000000000000000000
1100;1376284.00000000000000000000000000000000000000000000000000
1101;1381304.00000000000000000000000000000000000000000000000000
1102;1381760.00000000000000000000000000000000000000000000000000
1103;1384368.00000000000000000000000000000000000000000000000000
1104;1387384.00000000000000000000000000000000000000000000000000
1105;1391068.00000000000000000000000000000000000000000000000000
1106;1392904.00000000000000000000000000000000000000000000000000
1107;1397232.00000000000000000000000000000000000000000000000000
1108;1399312.00000000000000000000000000000000000000000000000000
1109;1402984.00000000000000000000000000000000000000000000000000
1110;1409088.00000000000000000000000000000000000000000000000000
1111;1412872.00000000000000000000000000000000000000000000000000
1112;1413900.00000000000000000000000000000000000000000000000000
1113;1416312.00000000000000000000000000000000000000000000000000
1114;1421348.00000000000000000000000000000000000000000000000000
1115;1421872.00000000000000000000000000000000000000000000000000
1116;1424580.00000000000000000000000000000000000000000000000000
1117;1426960.00000000000000000000000000000000000000000000000000
1118;1429308.00000000000000000000000000000000000000000000000000
1119;1433268.00000000000000000000000000000000000000000000000000
1120;1433972.00000000000000000000000000000000000000000000000000
1121;1436640.00000000000000000000000000000000000000000000000000
1122;1438404.00000000000000000000000000000000000000000000000000
1123;1438924.00000000000000000000000000000000000000000000000000
1124;1438736.00000000000000000000000000000000000000000000000000
1125;1438864.00000000000000000000000000000000000000000000000000
1126;1438672.00000000000000000000000000000000000000000000000000
1127;1438704.00000000000000000000000000000000000000000000000000
1128;1438864.00000000000000000000000000000000000000000000000000
1129;1438736.00000000000000000000000000000000000000000000000000
1130;1438896.00000000000000000000000000000000000000000000000000
1131;1438800.00000000000000000000000000000000000000000000000000
1132;1438800.00000000000000000000000000000000000000000000000000
1133;1438864.00000000000000000000000000000000000000000000000000
1134;1438864.00000000000000000000000000000000000000000000000000
1135;1438704.00000000000000000000000000000000000000000000000000
1136;1438872.00000000000000000000000000000000000000000000000000
1137;1438872.00000000000000000000000000000000000000000000000000
1138;1438808.00000000000000000000000000000000000000000000000000
1139;1438744.00000000000000000000000000000000000000000000000000
1140;1438872.00000000000000000000000000000000000000000000000000
1141;1439152.00000000000000000000000000000000000000000000000000
1142;1438712.00000000000000000000000000000000000000000000000000
1143;1438808.00000000000000000000000000000000000000000000000000
1144;1438712.00000000000000000000000000000000000000000000000000
1145;1438872.00000000000000000000000000000000000000000000000000
1146;1439000.00000000000000000000000000000000000000000000000000
1147;1438744.00000000000000000000000000000000000000000000000000
1148;1438872.00000000000000000000000000000000000000000000000000
1149;1438872.00000000000000000000000000000000000000000000000000
1150;1438876.00000000000000000000000000000000000000000000000000
1151;1438812.00000000000000000000000000000000000000000000000000
1152;1438876.00000000000000000000000000000000000000000000000000
1153;1438720.00000000000000000000000000000000000000000000000000
1154;1438812.00000000000000000000000000000000000000000000000000
1155;1438716.00000000000000000000000000000000000000000000000000
1156;1438876.00000000000000000000000000000000000000000000000000
1157;1438752.00000000000000000000000000000000000000000000000000
1158;1439224.00000000000000000000000000000000000000000000000000
1159;1438880.00000000000000000000000000000000000000000000000000
1160;1439224.00000000000000000000000000000000000000000000000000
1161;1439024.00000000000000000000000000000000000000000000000000
1162;1439424.00000000000000000000000000000000000000000000000000
1163;1438880.00000000000000000000000000000000000000000000000000
1164;1335032.00000000000000000000000000000000000000000000000000
1165;1334452.00000000000000000000000000000000000000000000000000
1166;1336112.00000000000000000000000000000000000000000000000000
1167;1337124.00000000000000000000000000000000000000000000000000
1168;1340756.00000000000000000000000000000000000000000000000000
1169;1342700.00000000000000000000000000000000000000000000000000
1170;1343140.00000000000000000000000000000000000000000000000000
1171;1345028.00000000000000000000000000000000000000000000000000
1172;1347816.00000000000000000000000000000000000000000000000000
1173;1350356.00000000000000000000000000000000000000000000000000
1174;1351612.00000000000000000000000000000000000000000000000000
1175;1354928.00000000000000000000000000000000000000000000000000
1176;1355712.00000000000000000000000000000000000000000000000000
1177;1358868.00000000000000000000000000000000000000000000000000
1178;1360664.00000000000000000000000000000000000000000000000000
1179;1361768.00000000000000000000000000000000000000000000000000
1180;1364372.00000000000000000000000000000000000000000000000000
1181;1366932.00000000000000000000000000000000000000000000000000
1182;1369128.00000000000000000000000000000000000000000000000000
1183;1370596.00000000000000000000000000000000000000000000000000
1184;1373124.00000000000000000000000000000000000000000000000000
1185;1377232.00000000000000000000000000000000000000000000000000
1186;1380372.00000000000000000000000000000000000000000000000000
1187;1381148.00000000000000000000000000000000000000000000000000
1188;1385480.00000000000000000000000000000000000000000000000000
1189;1386000.00000000000000000000000000000000000000000000000000
1190;1387992.00000000000000000000000000000000000000000000000000
1191;1392540.00000000000000000000000000000000000000000000000000
1192;1395684.00000000000000000000000000000000000000000000000000
1193;1398192.00000000000000000000000000000000000000000000000000
1194;1400956.00000000000000000000000000000000000000000000000000
1195;1403756.00000000000000000000000000000000000000000000000000
1196;1405828.00000000000000000000000000000000000000000000000000
1197;1408076.00000000000000000000000000000000000000000000000000
1198;1414272.00000000000000000000000000000000000000000000000000
1199;1417312.00000000000000000000000000000000000000000000000000
1200;1417612.00000000000000000000000000000000000000000000000000
1201;1420176.00000000000000000000000000000000000000000000000000
1202;1423036.00000000000000000000000000000000000000000000000000
1203;1426900.00000000000000000000000000000000000000000000000000
1204;1428272.00000000000000000000000000000000000000000000000000
1205;1430572.00000000000000000000000000000000000000000000000000
1206;1433184.00000000000000000000000000000000000000000000000000
1207;1436108.00000000000000000000000000000000000000000000000000
1208;1442256.00000000000000000000000000000000000000000000000000
1209;1440868.00000000000000000000000000000000000000000000000000
1210;1443652.00000000000000000000000000000000000000000000000000
1211;1443468.00000000000000000000000000000000000000000000000000
1212;1443192.00000000000000000000000000000000000000000000000000
1213;1443352.00000000000000000000000000000000000000000000000000
1214;1443824.00000000000000000000000000000000000000000000000000
1215;1443224.00000000000000000000000000000000000000000000000000
1216;1443348.00000000000000000000000000000000000000000000000000
1217;1443144.00000000000000000000000000000000000000000000000000
1218;1443284.00000000000000000000000000000000000000000000000000
1219;1443188.00000000000000000000000000000000000000000000000000
1220;1443156.00000000000000000000000000000000000000000000000000
1221;1443288.00000000000000000000000000000000000000000000000000
1222;1443380.00000000000000000000000000000000000000000000000000
1223;1443348.00000000000000000000000000000000000000000000000000
1224;1443364.00000000000000000000000000000000000000000000000000
1225;1443304.00000000000000000000000000000000000000000000000000
1226;1443396.00000000000000000000000000000000000000000000000000
1227;1443364.00000000000000000000000000000000000000000000000000
1228;1443364.00000000000000000000000000000000000000000000000000
1229;1443172.00000000000000000000000000000000000000000000000000
1230;1443172.00000000000000000000000000000000000000000000000000
1231;1443364.00000000000000000000000000000000000000000000000000
1232;1443480.00000000000000000000000000000000000000000000000000
1233;1443364.00000000000000000000000000000000000000000000000000
1234;1443364.00000000000000000000000000000000000000000000000000
1235;1443172.00000000000000000000000000000000000000000000000000
1236;1443376.00000000000000000000000000000000000000000000000000
1237;1443220.00000000000000000000000000000000000000000000000000
1238;1443380.00000000000000000000000000000000000000000000000000
1239;1443220.00000000000000000000000000000000000000000000000000
1240;1443188.00000000000000000000000000000000000000000000000000
1241;1443376.00000000000000000000000000000000000000000000000000
1242;1443220.00000000000000000000000000000000000000000000000000
1243;1443380.00000000000000000000000000000000000000000000000000
1244;1443220.00000000000000000000000000000000000000000000000000
1245;1443380.00000000000000000000000000000000000000000000000000
1246;1443496.00000000000000000000000000000000000000000000000000
1247;1443220.00000000000000000000000000000000000000000000000000
1248;1443188.00000000000000000000000000000000000000000000000000
1249;1443380.00000000000000000000000000000000000000000000000000
1250;1443380.00000000000000000000000000000000000000000000000000
1251;1443224.00000000000000000000000000000000000000000000000000
1252;1337656.00000000000000000000000000000000000000000000000000
1253;1339852.00000000000000000000000000000000000000000000000000
1254;1340332.00000000000000000000000000000000000000000000000000
1255;1339996.00000000000000000000000000000000000000000000000000
1256;1340212.00000000000000000000000000000000000000000000000000
1257;1341716.00000000000000000000000000000000000000000000000000
1258;1354964.00000000000000000000000000000000000000000000000000
1259;1356408.00000000000000000000000000000000000000000000000000
1260;1358716.00000000000000000000000000000000000000000000000000
1261;1359188.00000000000000000000000000000000000000000000000000
1262;1362480.00000000000000000000000000000000000000000000000000
1263;1365664.00000000000000000000000000000000000000000000000000
1264;1367684.00000000000000000000000000000000000000000000000000
1265;1372400.00000000000000000000000000000000000000000000000000
1266;1375292.00000000000000000000000000000000000000000000000000
1267;1378808.00000000000000000000000000000000000000000000000000
1268;1380356.00000000000000000000000000000000000000000000000000
1269;1382284.00000000000000000000000000000000000000000000000000
1270;1383600.00000000000000000000000000000000000000000000000000
1271;1387188.00000000000000000000000000000000000000000000000000
1272;1391196.00000000000000000000000000000000000000000000000000
1273;1394116.00000000000000000000000000000000000000000000000000
1274;1395672.00000000000000000000000000000000000000000000000000
1275;1399324.00000000000000000000000000000000000000000000000000
1276;1399432.00000000000000000000000000000000000000000000000000
1277;1405892.00000000000000000000000000000000000000000000000000
1278;1405652.00000000000000000000000000000000000000000000000000
1279;1408532.00000000000000000000000000000000000000000000000000
1280;1413516.00000000000000000000000000000000000000000000000000
1281;1416256.00000000000000000000000000000000000000000000000000
1282;1417668.00000000000000000000000000000000000000000000000000
1283;1423400.00000000000000000000000000000000000000000000000000
1284;1425620.00000000000000000000000000000000000000000000000000
1285;1428856.00000000000000000000000000000000000000000000000000
1286;1431100.00000000000000000000000000000000000000000000000000
1287;1436612.00000000000000000000000000000000000000000000000000
1288;1437592.00000000000000000000000000000000000000000000000000
1289;1438736.00000000000000000000000000000000000000000000000000
1290;1441400.00000000000000000000000000000000000000000000000000
1291;1441296.00000000000000000000000000000000000000000000000000
1292;1447264.00000000000000000000000000000000000000000000000000
1293;1449004.00000000000000000000000000000000000000000000000000
1294;1450052.00000000000000000000000000000000000000000000000000
1295;1452776.00000000000000000000000000000000000000000000000000
1296;1452780.00000000000000000000000000000000000000000000000000
1297;1452584.00000000000000000000000000000000000000000000000000
1298;1452584.00000000000000000000000000000000000000000000000000
1299;1452704.00000000000000000000000000000000000000000000000000
1300;1452392.00000000000000000000000000000000000000000000000000
1301;1452580.00000000000000000000000000000000000000000000000000
1302;1452428.00000000000000000000000000000000000000000000000000
1303;1452520.00000000000000000000000000000000000000000000000000
1304;1452424.00000000000000000000000000000000000000000000000000
1305;1452584.00000000000000000000000000000000000000000000000000
1306;1452580.00000000000000000000000000000000000000000000000000
1307;1452424.00000000000000000000000000000000000000000000000000
1308;1452428.00000000000000000000000000000000000000000000000000
1309;1452584.00000000000000000000000000000000000000000000000000
1310;1452584.00000000000000000000000000000000000000000000000000
1311;1452616.00000000000000000000000000000000000000000000000000
1312;1452456.00000000000000000000000000000000000000000000000000
1313;1452584.00000000000000000000000000000000000000000000000000
1314;1452392.00000000000000000000000000000000000000000000000000
1315;1452524.00000000000000000000000000000000000000000000000000
1316;1453056.00000000000000000000000000000000000000000000000000
1317;1452428.00000000000000000000000000000000000000000000000000
1318;1452456.00000000000000000000000000000000000000000000000000
1319;1452520.00000000000000000000000000000000000000000000000000
1320;1453056.00000000000000000000000000000000000000000000000000
1321;1452456.00000000000000000000000000000000000000000000000000
1322;1452580.00000000000000000000000000000000000000000000000000
1323;1452428.00000000000000000000000000000000000000000000000000
1324;1452584.00000000000000000000000000000000000000000000000000
1325;1452456.00000000000000000000000000000000000000000000000000
1326;1452524.00000000000000000000000000000000000000000000000000
1327;1452580.00000000000000000000000000000000000000000000000000
1328;1452424.00000000000000000000000000000000000000000000000000
1329;1452456.00000000000000000000000000000000000000000000000000
1330;1452584.00000000000000000000000000000000000000000000000000
1331;1452428.00000000000000000000000000000000000000000000000000
1332;1452428.00000000000000000000000000000000000000000000000000
1333;1452524.00000000000000000000000000000000000000000000000000
1334;1452800.00000000000000000000000000000000000000000000000000
1335;1452392.00000000000000000000000000000000000000000000000000
1336;1452520.00000000000000000000000000000000000000000000000000
1337;1452584.00000000000000000000000000000000000000000000000000
1338;1356396.00000000000000000000000000000000000000000000000000
1339;1357188.00000000000000000000000000000000000000000000000000
1340;1356288.00000000000000000000000000000000000000000000000000
1341;1357500.00000000000000000000000000000000000000000000000000
1342;1359404.00000000000000000000000000000000000000000000000000
1343;1358984.00000000000000000000000000000000000000000000000000
1344;1358472.00000000000000000000000000000000000000000000000000
1345;1359596.00000000000000000000000000000000000000000000000000
1346;1361516.00000000000000000000000000000000000000000000000000
1347;1365988.00000000000000000000000000000000000000000000000000
1348;1368000.00000000000000000000000000000000000000000000000000
1349;1370156.00000000000000000000000000000000000000000000000000
1350;1371896.00000000000000000000000000000000000000000000000000
1351;1375744.00000000000000000000000000000000000000000000000000
1352;1378804.00000000000000000000000000000000000000000000000000
1353;1380140.00000000000000000000000000000000000000000000000000
1354;1384764.00000000000000000000000000000000000000000000000000
1355;1386488.00000000000000000000000000000000000000000000000000
1356;1388332.00000000000000000000000000000000000000000000000000
1357;1390672.00000000000000000000000000000000000000000000000000
1358;1392692.00000000000000000000000000000000000000000000000000
1359;1395428.00000000000000000000000000000000000000000000000000
1360;1398492.00000000000000000000000000000000000000000000000000
1361;1399760.00000000000000000000000000000000000000000000000000
1362;1405812.00000000000000000000000000000000000000000000000000
1363;1407416.00000000000000000000000000000000000000000000000000
1364;1409168.00000000000000000000000000000000000000000000000000
1365;1414916.00000000000000000000000000000000000000000000000000
1366;1415776.00000000000000000000000000000000000000000000000000
1367;1416808.00000000000000000000000000000000000000000000000000
1368;1420028.00000000000000000000000000000000000000000000000000
1369;1423948.00000000000000000000000000000000000000000000000000
1370;1427528.00000000000000000000000000000000000000000000000000
1371;1428796.00000000000000000000000000000000000000000000000000
1372;1429844.00000000000000000000000000000000000000000000000000
1373;1437940.00000000000000000000000000000000000000000000000000
1374;1440408.00000000000000000000000000000000000000000000000000
1375;1440676.00000000000000000000000000000000000000000000000000
1376;1442604.00000000000000000000000000000000000000000000000000
1377;1444760.00000000000000000000000000000000000000000000000000
1378;1448436.00000000000000000000000000000000000000000000000000
1379;1450624.00000000000000000000000000000000000000000000000000
1380;1452688.00000000000000000000000000000000000000000000000000
1381;1453396.00000000000000000000000000000000000000000000000000
1382;1453528.00000000000000000000000000000000000000000000000000
1383;1452932.00000000000000000000000000000000000000000000000000
1384;1452992.00000000000000000000000000000000000000000000000000
1385;1453024.00000000000000000000000000000000000000000000000000
1386;1452864.00000000000000000000000000000000000000000000000000
1387;1453136.00000000000000000000000000000000000000000000000000
1388;1452800.00000000000000000000000000000000000000000000000000
1389;1452992.00000000000000000000000000000000000000000000000000
1390;1452864.00000000000000000000000000000000000000000000000000
1391;1453024.00000000000000000000000000000000000000000000000000
1392;1452928.00000000000000000000000000000000000000000000000000
1393;1452836.00000000000000000000000000000000000000000000000000
1394;1452988.00000000000000000000000000000000000000000000000000
1395;1452992.00000000000000000000000000000000000000000000000000
1396;1452992.00000000000000000000000000000000000000000000000000
1397;1453112.00000000000000000000000000000000000000000000000000
1398;1452832.00000000000000000000000000000000000000000000000000
1399;1452796.00000000000000000000000000000000000000000000000000
1400;1452924.00000000000000000000000000000000000000000000000000
1401;1452988.00000000000000000000000000000000000000000000000000
1402;1453460.00000000000000000000000000000000000000000000000000
1403;1452828.00000000000000000000000000000000000000000000000000
1404;1452832.00000000000000000000000000000000000000000000000000
1405;1452860.00000000000000000000000000000000000000000000000000
1406;1452860.00000000000000000000000000000000000000000000000000
1407;1452928.00000000000000000000000000000000000000000000000000
1408;1452928.00000000000000000000000000000000000000000000000000
1409;1452988.00000000000000000000000000000000000000000000000000
1410;1452924.00000000000000000000000000000000000000000000000000
1411;1453140.00000000000000000000000000000000000000000000000000
1412;1452828.00000000000000000000000000000000000000000000000000
1413;1452832.00000000000000000000000000000000000000000000000000
1414;1452988.00000000000000000000000000000000000000000000000000
1415;1452796.00000000000000000000000000000000000000000000000000
1416;1452796.00000000000000000000000000000000000000000000000000
1417;1452860.00000000000000000000000000000000000000000000000000
1418;1452928.00000000000000000000000000000000000000000000000000
1419;1453104.00000000000000000000000000000000000000000000000000
1420;1452828.00000000000000000000000000000000000000000000000000
1421;1452988.00000000000000000000000000000000000000000000000000
1422;1452924.00000000000000000000000000000000000000000000000000
1423;1450396.00000000000000000000000000000000000000000000000000
1424;1355064.00000000000000000000000000000000000000000000000000
1425;1356328.00000000000000000000000000000000000000000000000000
1426;1356360.00000000000000000000000000000000000000000000000000
1427;1358476.00000000000000000000000000000000000000000000000000
1428;1358184.00000000000000000000000000000000000000000000000000
1429;1360044.00000000000000000000000000000000000000000000000000
1430;1360560.00000000000000000000000000000000000000000000000000
1431;1362316.00000000000000000000000000000000000000000000000000
1432;1363296.00000000000000000000000000000000000000000000000000
1433;1367796.00000000000000000000000000000000000000000000000000
1434;1369000.00000000000000000000000000000000000000000000000000
1435;1372520.00000000000000000000000000000000000000000000000000
1436;1374856.00000000000000000000000000000000000000000000000000
1437;1376176.00000000000000000000000000000000000000000000000000
1438;1377652.00000000000000000000000000000000000000000000000000
1439;1380720.00000000000000000000000000000000000000000000000000
1440;1381328.00000000000000000000000000000000000000000000000000
1441;1387272.00000000000000000000000000000000000000000000000000
1442;1389468.00000000000000000000000000000000000000000000000000
1443;1391148.00000000000000000000000000000000000000000000000000
1444;1392804.00000000000000000000000000000000000000000000000000
1445;1396160.00000000000000000000000000000000000000000000000000
1446;1399036.00000000000000000000000000000000000000000000000000
1447;1401568.00000000000000000000000000000000000000000000000000
1448;1402800.00000000000000000000000000000000000000000000000000
1449;1406516.00000000000000000000000000000000000000000000000000
1450;1410036.00000000000000000000000000000000000000000000000000
1451;1412204.00000000000000000000000000000000000000000000000000
1452;1415540.00000000000000000000000000000000000000000000000000
1453;1418060.00000000000000000000000000000000000000000000000000
1454;1419524.00000000000000000000000000000000000000000000000000
1455;1423608.00000000000000000000000000000000000000000000000000
1456;1426448.00000000000000000000000000000000000000000000000000
1457;1426208.00000000000000000000000000000000000000000000000000
1458;1427824.00000000000000000000000000000000000000000000000000
1459;1438520.00000000000000000000000000000000000000000000000000
1460;1440312.00000000000000000000000000000000000000000000000000
1461;1444852.00000000000000000000000000000000000000000000000000
1462;1446436.00000000000000000000000000000000000000000000000000
1463;1448188.00000000000000000000000000000000000000000000000000
1464;1452888.00000000000000000000000000000000000000000000000000
1465;1454456.00000000000000000000000000000000000000000000000000
1466;1456928.00000000000000000000000000000000000000000000000000
1467;1457824.00000000000000000000000000000000000000000000000000
1468;1459372.00000000000000000000000000000000000000000000000000
1469;1458796.00000000000000000000000000000000000000000000000000
1470;1458732.00000000000000000000000000000000000000000000000000
1471;1458860.00000000000000000000000000000000000000000000000000
1472;1458796.00000000000000000000000000000000000000000000000000
1473;1458924.00000000000000000000000000000000000000000000000000
1474;1458864.00000000000000000000000000000000000000000000000000
1475;1458864.00000000000000000000000000000000000000000000000000
1476;1458988.00000000000000000000000000000000000000000000000000
1477;1458924.00000000000000000000000000000000000000000000000000
1478;1458924.00000000000000000000000000000000000000000000000000
1479;1458796.00000000000000000000000000000000000000000000000000
1480;1458864.00000000000000000000000000000000000000000000000000
1481;1458796.00000000000000000000000000000000000000000000000000
1482;1459136.00000000000000000000000000000000000000000000000000
1483;1459712.00000000000000000000000000000000000000000000000000
1484;1459252.00000000000000000000000000000000000000000000000000
1485;1459008.00000000000000000000000000000000000000000000000000
1486;1459136.00000000000000000000000000000000000000000000000000
1487;1459008.00000000000000000000000000000000000000000000000000
1488;1458944.00000000000000000000000000000000000000000000000000
1489;1459076.00000000000000000000000000000000000000000000000000
1490;1459132.00000000000000000000000000000000000000000000000000
1491;1459008.00000000000000000000000000000000000000000000000000
1492;1459136.00000000000000000000000000000000000000000000000000
1493;1459136.00000000000000000000000000000000000000000000000000
1494;1459072.00000000000000000000000000000000000000000000000000
1495;1459200.00000000000000000000000000000000000000000000000000
1496;1459136.00000000000000000000000000000000000000000000000000
1497;1458944.00000000000000000000000000000000000000000000000000
1498;1459136.00000000000000000000000000000000000000000000000000
1499;1459008.00000000000000000000000000000000000000000000000000
1500;1459076.00000000000000000000000000000000000000000000000000
1501;1459008.00000000000000000000000000000000000000000000000000
1502;1459008.00000000000000000000000000000000000000000000000000
1503;1459008.00000000000000000000000000000000000000000000000000
1504;1459008.00000000000000000000000000000000000000000000000000
1505;1459008.00000000000000000000000000000000000000000000000000
1506;1459136.00000000000000000000000000000000000000000000000000
1507;1459136.00000000000000000000000000000000000000000000000000
1508;1459008.00000000000000000000000000000000000000000000000000
1509;1459076.00000000000000000000000000000000000000000000000000
1510;1360944.00000000000000000000000000000000000000000000000000
1511;1362500.00000000000000000000000000000000000000000000000000
1512;1361644.00000000000000000000000000000000000000000000000000
1513;1362268.00000000000000000000000000000000000000000000000000
1514;1364324.00000000000000000000000000000000000000000000000000
1515;1363580.00000000000000000000000000000000000000000000000000
1516;1363520.00000000000000000000000000000000000000000000000000
1517;1363852.00000000000000000000000000000000000000000000000000
1518;1364508.00000000000000000000000000000000000000000000000000
1519;1366012.00000000000000000000000000000000000000000000000000
1520;1369980.00000000000000000000000000000000000000000000000000
1521;1371960.00000000000000000000000000000000000000000000000000
1522;1373784.00000000000000000000000000000000000000000000000000
1523;1376156.00000000000000000000000000000000000000000000000000
1524;1379068.00000000000000000000000000000000000000000000000000
1525;1381300.00000000000000000000000000000000000000000000000000
1526;1383076.00000000000000000000000000000000000000000000000000
1527;1385540.00000000000000000000000000000000000000000000000000
1528;1387720.00000000000000000000000000000000000000000000000000
1529;1390660.00000000000000000000000000000000000000000000000000
1530;1392448.00000000000000000000000000000000000000000000000000
1531;1394404.00000000000000000000000000000000000000000000000000
1532;1395492.00000000000000000000000000000000000000000000000000
1533;1397632.00000000000000000000000000000000000000000000000000
1534;1400920.00000000000000000000000000000000000000000000000000
1535;1406200.00000000000000000000000000000000000000000000000000
1536;1407968.00000000000000000000000000000000000000000000000000
1537;1410260.00000000000000000000000000000000000000000000000000
1538;1414140.00000000000000000000000000000000000000000000000000
1539;1416040.00000000000000000000000000000000000000000000000000
1540;1418724.00000000000000000000000000000000000000000000000000
1541;1422988.00000000000000000000000000000000000000000000000000
1542;1424608.00000000000000000000000000000000000000000000000000
1543;1425108.00000000000000000000000000000000000000000000000000
1544;1427836.00000000000000000000000000000000000000000000000000
1545;1438308.00000000000000000000000000000000000000000000000000
1546;1440508.00000000000000000000000000000000000000000000000000
1547;1442120.00000000000000000000000000000000000000000000000000
1548;1444252.00000000000000000000000000000000000000000000000000
1549;1450896.00000000000000000000000000000000000000000000000000
1550;1451652.00000000000000000000000000000000000000000000000000
1551;1453164.00000000000000000000000000000000000000000000000000
1552;1454860.00000000000000000000000000000000000000000000000000
1553;1456604.00000000000000000000000000000000000000000000000000
1554;1456604.00000000000000000000000000000000000000000000000000
1555;1456908.00000000000000000000000000000000000000000000000000
1556;1457068.00000000000000000000000000000000000000000000000000
1557;1457068.00000000000000000000000000000000000000000000000000
1558;1456876.00000000000000000000000000000000000000000000000000
1559;1457004.00000000000000000000000000000000000000000000000000
1560;1457220.00000000000000000000000000000000000000000000000000
1561;1456908.00000000000000000000000000000000000000000000000000
1562;1456940.00000000000000000000000000000000000000000000000000
1563;1457004.00000000000000000000000000000000000000000000000000
1564;1456912.00000000000000000000000000000000000000000000000000
1565;1457188.00000000000000000000000000000000000000000000000000
1566;1457004.00000000000000000000000000000000000000000000000000
1567;1457312.00000000000000000000000000000000000000000000000000
1568;1457312.00000000000000000000000000000000000000000000000000
1569;1457120.00000000000000000000000000000000000000000000000000
1570;1457312.00000000000000000000000000000000000000000000000000
1571;1457124.00000000000000000000000000000000000000000000000000
1572;1457252.00000000000000000000000000000000000000000000000000
1573;1457348.00000000000000000000000000000000000000000000000000
1574;1457252.00000000000000000000000000000000000000000000000000
1575;1457160.00000000000000000000000000000000000000000000000000
1576;1457252.00000000000000000000000000000000000000000000000000
1577;1457160.00000000000000000000000000000000000000000000000000
1578;1457436.00000000000000000000000000000000000000000000000000
1579;1457316.00000000000000000000000000000000000000000000000000
1580;1457156.00000000000000000000000000000000000000000000000000
1581;1457316.00000000000000000000000000000000000000000000000000
1582;1457316.00000000000000000000000000000000000000000000000000
1583;1457156.00000000000000000000000000000000000000000000000000
1584;1457252.00000000000000000000000000000000000000000000000000
1585;1457124.00000000000000000000000000000000000000000000000000
1586;1457468.00000000000000000000000000000000000000000000000000
1587;1457252.00000000000000000000000000000000000000000000000000
1588;1457156.00000000000000000000000000000000000000000000000000
1589;1457316.00000000000000000000000000000000000000000000000000
1590;1457124.00000000000000000000000000000000000000000000000000
1591;1457252.00000000000000000000000000000000000000000000000000
1592;1457436.00000000000000000000000000000000000000000000000000
1593;1457188.00000000000000000000000000000000000000000000000000
1594;1457156.00000000000000000000000000000000000000000000000000
1595;1367652.00000000000000000000000000000000000000000000000000
1596;1367700.00000000000000000000000000000000000000000000000000
1597;1370212.00000000000000000000000000000000000000000000000000
1598;1370512.00000000000000000000000000000000000000000000000000
1599;1370248.00000000000000000000000000000000000000000000000000
1600;1370760.00000000000000000000000000000000000000000000000000
1601;1371044.00000000000000000000000000000000000000000000000000
1602;1372972.00000000000000000000000000000000000000000000000000
1603;1373908.00000000000000000000000000000000000000000000000000
1604;1376516.00000000000000000000000000000000000000000000000000
1605;1375724.00000000000000000000000000000000000000000000000000
1606;1376092.00000000000000000000000000000000000000000000000000
1607;1376892.00000000000000000000000000000000000000000000000000
1608;1379524.00000000000000000000000000000000000000000000000000
1609;1381388.00000000000000000000000000000000000000000000000000
1610;1384744.00000000000000000000000000000000000000000000000000
1611;1386288.00000000000000000000000000000000000000000000000000
1612;1391456.00000000000000000000000000000000000000000000000000
1613;1393504.00000000000000000000000000000000000000000000000000
1614;1396468.00000000000000000000000000000000000000000000000000
1615;1398212.00000000000000000000000000000000000000000000000000
1616;1399132.00000000000000000000000000000000000000000000000000
1617;1402032.00000000000000000000000000000000000000000000000000
1618;1404196.00000000000000000000000000000000000000000000000000
1619;1406284.00000000000000000000000000000000000000000000000000
1620;1409972.00000000000000000000000000000000000000000000000000
1621;1410788.00000000000000000000000000000000000000000000000000
1622;1413460.00000000000000000000000000000000000000000000000000
1623;1414764.00000000000000000000000000000000000000000000000000
1624;1418268.00000000000000000000000000000000000000000000000000
1625;1419152.00000000000000000000000000000000000000000000000000
1626;1421248.00000000000000000000000000000000000000000000000000
1627;1422540.00000000000000000000000000000000000000000000000000
1628;1424032.00000000000000000000000000000000000000000000000000
1629;1435272.00000000000000000000000000000000000000000000000000
1630;1436516.00000000000000000000000000000000000000000000000000
1631;1438764.00000000000000000000000000000000000000000000000000
1632;1440032.00000000000000000000000000000000000000000000000000
1633;1440616.00000000000000000000000000000000000000000000000000
1634;1442368.00000000000000000000000000000000000000000000000000
1635;1449688.00000000000000000000000000000000000000000000000000
1636;1449872.00000000000000000000000000000000000000000000000000
1637;1451112.00000000000000000000000000000000000000000000000000
1638;1451696.00000000000000000000000000000000000000000000000000
1639;1453116.00000000000000000000000000000000000000000000000000
1640;1455080.00000000000000000000000000000000000000000000000000
1641;1456248.00000000000000000000000000000000000000000000000000
1642;1460796.00000000000000000000000000000000000000000000000000
1643;1461172.00000000000000000000000000000000000000000000000000
1644;1461788.00000000000000000000000000000000000000000000000000
1645;1461788.00000000000000000000000000000000000000000000000000
1646;1461852.00000000000000000000000000000000000000000000000000
1647;1461852.00000000000000000000000000000000000000000000000000
1648;1461852.00000000000000000000000000000000000000000000000000
1649;1461788.00000000000000000000000000000000000000000000000000
1650;1461696.00000000000000000000000000000000000000000000000000
1651;1461696.00000000000000000000000000000000000000000000000000
1652;1461692.00000000000000000000000000000000000000000000000000
1653;1461692.00000000000000000000000000000000000000000000000000
1654;1461692.00000000000000000000000000000000000000000000000000
1655;1461692.00000000000000000000000000000000000000000000000000
1656;1461692.00000000000000000000000000000000000000000000000000
1657;1461660.00000000000000000000000000000000000000000000000000
1658;1461860.00000000000000000000000000000000000000000000000000
1659;1461700.00000000000000000000000000000000000000000000000000
1660;1461700.00000000000000000000000000000000000000000000000000
1661;1461668.00000000000000000000000000000000000000000000000000
1662;1461732.00000000000000000000000000000000000000000000000000
1663;1461892.00000000000000000000000000000000000000000000000000
1664;1461892.00000000000000000000000000000000000000000000000000
1665;1462404.00000000000000000000000000000000000000000000000000
1666;1461980.00000000000000000000000000000000000000000000000000
1667;1461860.00000000000000000000000000000000000000000000000000
1668;1461796.00000000000000000000000000000000000000000000000000
1669;1461700.00000000000000000000000000000000000000000000000000
1670;1461860.00000000000000000000000000000000000000000000000000
1671;1461796.00000000000000000000000000000000000000000000000000
1672;1461860.00000000000000000000000000000000000000000000000000
1673;1461860.00000000000000000000000000000000000000000000000000
1674;1461860.00000000000000000000000000000000000000000000000000
1675;1461796.00000000000000000000000000000000000000000000000000
1676;1461860.00000000000000000000000000000000000000000000000000
1677;1462204.00000000000000000000000000000000000000000000000000
1678;1461732.00000000000000000000000000000000000000000000000000
1679;1461796.00000000000000000000000000000000000000000000000000
1680;1461892.00000000000000000000000000000000000000000000000000
1681;1461700.00000000000000000000000000000000000000000000000000
1682;1461892.00000000000000000000000000000000000000000000000000
1683;1461988.00000000000000000000000000000000000000000000000000
1684;1461980.00000000000000000000000000000000000000000000000000
1685;1461704.00000000000000000000000000000000000000000000000000
1686;1461732.00000000000000000000000000000000000000000000000000
1687;1447624.00000000000000000000000000000000000000000000000000
1688;1448640.00000000000000000000000000000000000000000000000000
1689;1447804.00000000000000000000000000000000000000000000000000
1690;1447996.00000000000000000000000000000000000000000000000000
1691;1447960.00000000000000000000000000000000000000000000000000
1692;1446984.00000000000000000000000000000000000000000000000000
1693;1448428.00000000000000000000000000000000000000000000000000
1694;1447104.00000000000000000000000000000000000000000000000000
1695;1447112.00000000000000000000000000000000000000000000000000
1696;1448228.00000000000000000000000000000000000000000000000000
1697;1447304.00000000000000000000000000000000000000000000000000
1698;1448648.00000000000000000000000000000000000000000000000000
1699;1447408.00000000000000000000000000000000000000000000000000
1700;1448772.00000000000000000000000000000000000000000000000000
1701;1448132.00000000000000000000000000000000000000000000000000
1702;1447564.00000000000000000000000000000000000000000000000000
1703;1447748.00000000000000000000000000000000000000000000000000
1704;1448360.00000000000000000000000000000000000000000000000000
1705;1448840.00000000000000000000000000000000000000000000000000
1706;1447924.00000000000000000000000000000000000000000000000000
1707;1448176.00000000000000000000000000000000000000000000000000
1708;1449536.00000000000000000000000000000000000000000000000000
1709;1449440.00000000000000000000000000000000000000000000000000
1710;1448136.00000000000000000000000000000000000000000000000000
1711;1448432.00000000000000000000000000000000000000000000000000
1712;1449720.00000000000000000000000000000000000000000000000000
1713;1449492.00000000000000000000000000000000000000000000000000
1714;1449380.00000000000000000000000000000000000000000000000000
1715;1449868.00000000000000000000000000000000000000000000000000
1716;1449192.00000000000000000000000000000000000000000000000000
1717;1449428.00000000000000000000000000000000000000000000000000
1718;1449932.00000000000000000000000000000000000000000000000000
1719;1450616.00000000000000000000000000000000000000000000000000
1720;1450660.00000000000000000000000000000000000000000000000000
1721;1450952.00000000000000000000000000000000000000000000000000
1722;1451248.00000000000000000000000000000000000000000000000000
1723;1451316.00000000000000000000000000000000000000000000000000
1724;1450564.00000000000000000000000000000000000000000000000000
1725;1451508.00000000000000000000000000000000000000000000000000
1726;1453356.00000000000000000000000000000000000000000000000000
1727;1453940.00000000000000000000000000000000000000000000000000
1728;1460328.00000000000000000000000000000000000000000000000000
1729;1460864.00000000000000000000000000000000000000000000000000
1730;1461208.00000000000000000000000000000000000000000000000000
1731;1461772.00000000000000000000000000000000000000000000000000
1732;1462192.00000000000000000000000000000000000000000000000000
1733;1462196.00000000000000000000000000000000000000000000000000
1734;1462228.00000000000000000000000000000000000000000000000000
1735;1462136.00000000000000000000000000000000000000000000000000
1736;1462036.00000000000000000000000000000000000000000000000000
1737;1462192.00000000000000000000000000000000000000000000000000
1738;1462036.00000000000000000000000000000000000000000000000000
1739;1462136.00000000000000000000000000000000000000000000000000
1740;1462004.00000000000000000000000000000000000000000000000000
1741;1462192.00000000000000000000000000000000000000000000000000
1742;1462004.00000000000000000000000000000000000000000000000000
1743;1462192.00000000000000000000000000000000000000000000000000
1744;1462268.00000000000000000000000000000000000000000000000000
1745;1462268.00000000000000000000000000000000000000000000000000
1746;1462264.00000000000000000000000000000000000000000000000000
1747;1462108.00000000000000000000000000000000000000000000000000
1748;1462268.00000000000000000000000000000000000000000000000000
1749;1462108.00000000000000000000000000000000000000000000000000
1750;1462264.00000000000000000000000000000000000000000000000000
1751;1462076.00000000000000000000000000000000000000000000000000
1752;1462208.00000000000000000000000000000000000000000000000000
1753;1462612.00000000000000000000000000000000000000000000000000
1754;1462112.00000000000000000000000000000000000000000000000000
1755;1462112.00000000000000000000000000000000000000000000000000
1756;1462268.00000000000000000000000000000000000000000000000000
1757;1462108.00000000000000000000000000000000000000000000000000
1758;1462268.00000000000000000000000000000000000000000000000000
1759;1462284.00000000000000000000000000000000000000000000000000
1760;1462124.00000000000000000000000000000000000000000000000000
1761;1462284.00000000000000000000000000000000000000000000000000
1762;1462096.00000000000000000000000000000000000000000000000000
1763;1462284.00000000000000000000000000000000000000000000000000
1764;1462096.00000000000000000000000000000000000000000000000000
1765;1462284.00000000000000000000000000000000000000000000000000
1766;1462160.00000000000000000000000000000000000000000000000000
1767;1462284.00000000000000000000000000000000000000000000000000
1768;1462160.00000000000000000000000000000000000000000000000000
1769;1462404.00000000000000000000000000000000000000000000000000
1770;1462160.00000000000000000000000000000000000000000000000000
1771;1462284.00000000000000000000000000000000000000000000000000
1772;1452120.00000000000000000000000000000000000000000000000000
1773;1452460.00000000000000000000000000000000000000000000000000
1774;1452336.00000000000000000000000000000000000000000000000000
1775;1452416.00000000000000000000000000000000000000000000000000
1776;1451792.00000000000000000000000000000000000000000000000000
1777;1451448.00000000000000000000000000000000000000000000000000
1778;1451100.00000000000000000000000000000000000000000000000000
1779;1450884.00000000000000000000000000000000000000000000000000
1780;1452216.00000000000000000000000000000000000000000000000000
1781;1451520.00000000000000000000000000000000000000000000000000
1782;1451612.00000000000000000000000000000000000000000000000000
1783;1451644.00000000000000000000000000000000000000000000000000
1784;1451680.00000000000000000000000000000000000000000000000000
1785;1451536.00000000000000000000000000000000000000000000000000
1786;1451712.00000000000000000000000000000000000000000000000000
1787;1451744.00000000000000000000000000000000000000000000000000
1788;1451168.00000000000000000000000000000000000000000000000000
1789;1452092.00000000000000000000000000000000000000000000000000
1790;1451708.00000000000000000000000000000000000000000000000000
1791;1452300.00000000000000000000000000000000000000000000000000
1792;1451696.00000000000000000000000000000000000000000000000000
1793;1452024.00000000000000000000000000000000000000000000000000
1794;1451840.00000000000000000000000000000000000000000000000000
1795;1451792.00000000000000000000000000000000000000000000000000
1796;1452008.00000000000000000000000000000000000000000000000000
1797;1451760.00000000000000000000000000000000000000000000000000
1798;1451552.00000000000000000000000000000000000000000000000000
1799;1451864.00000000000000000000000000000000000000000000000000
1800;1451752.00000000000000000000000000000000000000000000000000
1801;1451420.00000000000000000000000000000000000000000000000000
1802;1451472.00000000000000000000000000000000000000000000000000
1803;1451332.00000000000000000000000000000000000000000000000000
1804;1451704.00000000000000000000000000000000000000000000000000
1805;1451264.00000000000000000000000000000000000000000000000000
1806;1451544.00000000000000000000000000000000000000000000000000
1807;1451380.00000000000000000000000000000000000000000000000000
1808;1451896.00000000000000000000000000000000000000000000000000
1809;1451452.00000000000000000000000000000000000000000000000000
1810;1451352.00000000000000000000000000000000000000000000000000
1811;1451424.00000000000000000000000000000000000000000000000000
1812;1451596.00000000000000000000000000000000000000000000000000
1813;1451612.00000000000000000000000000000000000000000000000000
1814;1451724.00000000000000000000000000000000000000000000000000
1815;1451720.00000000000000000000000000000000000000000000000000
1816;1451880.00000000000000000000000000000000000000000000000000
1817;1452020.00000000000000000000000000000000000000000000000000
1818;1452916.00000000000000000000000000000000000000000000000000
1819;1452036.00000000000000000000000000000000000000000000000000
1820;1451836.00000000000000000000000000000000000000000000000000
1821;1450836.00000000000000000000000000000000000000000000000000
1822;1453144.00000000000000000000000000000000000000000000000000
1823;1452836.00000000000000000000000000000000000000000000000000
1824;1452904.00000000000000000000000000000000000000000000000000
1825;1453228.00000000000000000000000000000000000000000000000000
1826;1453544.00000000000000000000000000000000000000000000000000
1827;1454796.00000000000000000000000000000000000000000000000000
1828;1463572.00000000000000000000000000000000000000000000000000
1829;1464332.00000000000000000000000000000000000000000000000000
1830;1463924.00000000000000000000000000000000000000000000000000
1831;1464016.00000000000000000000000000000000000000000000000000
1832;1464300.00000000000000000000000000000000000000000000000000
1833;1464144.00000000000000000000000000000000000000000000000000
1834;1464148.00000000000000000000000000000000000000000000000000
1835;1464144.00000000000000000000000000000000000000000000000000
1836;1464144.00000000000000000000000000000000000000000000000000
1837;1464304.00000000000000000000000000000000000000000000000000
1838;1464304.00000000000000000000000000000000000000000000000000
1839;1464304.00000000000000000000000000000000000000000000000000
1840;1464304.00000000000000000000000000000000000000000000000000
1841;1464336.00000000000000000000000000000000000000000000000000
1842;1464304.00000000000000000000000000000000000000000000000000
1843;1464304.00000000000000000000000000000000000000000000000000
1844;1464304.00000000000000000000000000000000000000000000000000
1845;1464304.00000000000000000000000000000000000000000000000000
1846;1464148.00000000000000000000000000000000000000000000000000
1847;1464176.00000000000000000000000000000000000000000000000000
1848;1464316.00000000000000000000000000000000000000000000000000
1849;1464316.00000000000000000000000000000000000000000000000000
1850;1464252.00000000000000000000000000000000000000000000000000
1851;1464348.00000000000000000000000000000000000000000000000000
1852;1464124.00000000000000000000000000000000000000000000000000
1853;1464316.00000000000000000000000000000000000000000000000000
1854;1464348.00000000000000000000000000000000000000000000000000
1855;1464124.00000000000000000000000000000000000000000000000000
1856;1464252.00000000000000000000000000000000000000000000000000
1857;1464252.00000000000000000000000000000000000000000000000000
1858;1464316.00000000000000000000000000000000000000000000000000
1859;1464124.00000000000000000000000000000000000000000000000000
1860;1464316.00000000000000000000000000000000000000000000000000
1861;1464348.00000000000000000000000000000000000000000000000000
1862;1464316.00000000000000000000000000000000000000000000000000
1863;1464156.00000000000000000000000000000000000000000000000000
1864;1464316.00000000000000000000000000000000000000000000000000
1865;1464316.00000000000000000000000000000000000000000000000000
1866;1464156.00000000000000000000000000000000000000000000000000
1867;1464316.00000000000000000000000000000000000000000000000000
1868;1464160.00000000000000000000000000000000000000000000000000
1869;1464124.00000000000000000000000000000000000000000000000000
1870;1464316.00000000000000000000000000000000000000000000000000
1871;1464160.00000000000000000000000000000000000000000000000000
1872;1464860.00000000000000000000000000000000000000000000000000
1873;1464124.00000000000000000000000000000000000000000000000000
1874;1464156.00000000000000000000000000000000000000000000000000
1875;1464252.00000000000000000000000000000000000000000000000000
1876;1464188.00000000000000000000000000000000000000000000000000
1877;1464252.00000000000000000000000000000000000000000000000000
1878;1464156.00000000000000000000000000000000000000000000000000
1879;1464252.00000000000000000000000000000000000000000000000000
1880;1462340.00000000000000000000000000000000000000000000000000
1881;1376264.00000000000000000000000000000000000000000000000000
1882;1376340.00000000000000000000000000000000000000000000000000
1883;1377288.00000000000000000000000000000000000000000000000000
1884;1377364.00000000000000000000000000000000000000000000000000
1885;1377732.00000000000000000000000000000000000000000000000000
1886;1379368.00000000000000000000000000000000000000000000000000
1887;1379264.00000000000000000000000000000000000000000000000000
1888;1378892.00000000000000000000000000000000000000000000000000
1889;1380216.00000000000000000000000000000000000000000000000000
1890;1379424.00000000000000000000000000000000000000000000000000
1891;1381048.00000000000000000000000000000000000000000000000000
1892;1380352.00000000000000000000000000000000000000000000000000
1893;1381568.00000000000000000000000000000000000000000000000000
1894;1382632.00000000000000000000000000000000000000000000000000
1895;1382408.00000000000000000000000000000000000000000000000000
1896;1383068.00000000000000000000000000000000000000000000000000
1897;1382736.00000000000000000000000000000000000000000000000000
1898;1383948.00000000000000000000000000000000000000000000000000
1899;1386452.00000000000000000000000000000000000000000000000000
1900;1387356.00000000000000000000000000000000000000000000000000
1901;1388828.00000000000000000000000000000000000000000000000000
1902;1390144.00000000000000000000000000000000000000000000000000
1903;1391268.00000000000000000000000000000000000000000000000000
1904;1396516.00000000000000000000000000000000000000000000000000
1905;1397132.00000000000000000000000000000000000000000000000000
1906;1398788.00000000000000000000000000000000000000000000000000
1907;1400680.00000000000000000000000000000000000000000000000000
1908;1401444.00000000000000000000000000000000000000000000000000
1909;1402476.00000000000000000000000000000000000000000000000000
1910;1404868.00000000000000000000000000000000000000000000000000
1911;1405372.00000000000000000000000000000000000000000000000000
1912;1405976.00000000000000000000000000000000000000000000000000
1913;1407812.00000000000000000000000000000000000000000000000000
1914;1410408.00000000000000000000000000000000000000000000000000
1915;1411148.00000000000000000000000000000000000000000000000000
1916;1412240.00000000000000000000000000000000000000000000000000
1917;1413212.00000000000000000000000000000000000000000000000000
1918;1414720.00000000000000000000000000000000000000000000000000
1919;1417372.00000000000000000000000000000000000000000000000000
1920;1417880.00000000000000000000000000000000000000000000000000
1921;1419788.00000000000000000000000000000000000000000000000000
1922;1420732.00000000000000000000000000000000000000000000000000
1923;1422692.00000000000000000000000000000000000000000000000000
1924;1431568.00000000000000000000000000000000000000000000000000
1925;1433388.00000000000000000000000000000000000000000000000000
1926;1434904.00000000000000000000000000000000000000000000000000
1927;1436852.00000000000000000000000000000000000000000000000000
1928;1438812.00000000000000000000000000000000000000000000000000
1929;1439768.00000000000000000000000000000000000000000000000000
1930;1444904.00000000000000000000000000000000000000000000000000
1931;1445620.00000000000000000000000000000000000000000000000000
1932;1446784.00000000000000000000000000000000000000000000000000
1933;1448364.00000000000000000000000000000000000000000000000000
1934;1450112.00000000000000000000000000000000000000000000000000
1935;1451668.00000000000000000000000000000000000000000000000000
1936;1457132.00000000000000000000000000000000000000000000000000
1937;1458504.00000000000000000000000000000000000000000000000000
1938;1458392.00000000000000000000000000000000000000000000000000
1939;1459296.00000000000000000000000000000000000000000000000000
1940;1461636.00000000000000000000000000000000000000000000000000
1941;1461468.00000000000000000000000000000000000000000000000000
1942;1461536.00000000000000000000000000000000000000000000000000
1943;1461408.00000000000000000000000000000000000000000000000000
1944;1461600.00000000000000000000000000000000000000000000000000
1945;1461680.00000000000000000000000000000000000000000000000000
1946;1461472.00000000000000000000000000000000000000000000000000
1947;1461600.00000000000000000000000000000000000000000000000000
1948;1461472.00000000000000000000000000000000000000000000000000
1949;1461472.00000000000000000000000000000000000000000000000000
1950;1461472.00000000000000000000000000000000000000000000000000
1951;1461600.00000000000000000000000000000000000000000000000000
1952;1461472.00000000000000000000000000000000000000000000000000
1953;1461600.00000000000000000000000000000000000000000000000000
1954;1461600.00000000000000000000000000000000000000000000000000
1955;1461408.00000000000000000000000000000000000000000000000000
1956;1461752.00000000000000000000000000000000000000000000000000
1957;1461752.00000000000000000000000000000000000000000000000000
1958;1461560.00000000000000000000000000000000000000000000000000
1959;1461624.00000000000000000000000000000000000000000000000000
1960;1461752.00000000000000000000000000000000000000000000000000
1961;1462064.00000000000000000000000000000000000000000000000000
1962;1461624.00000000000000000000000000000000000000000000000000
1963;1461752.00000000000000000000000000000000000000000000000000
1964;1461624.00000000000000000000000000000000000000000000000000
1965;1461688.00000000000000000000000000000000000000000000000000
1966;1461752.00000000000000000000000000000000000000000000000000
1967;1461752.00000000000000000000000000000000000000000000000000
1968;1461752.00000000000000000000000000000000000000000000000000
1969;1461624.00000000000000000000000000000000000000000000000000
1970;1461624.00000000000000000000000000000000000000000000000000
1971;1461624.00000000000000000000000000000000000000000000000000
1972;1461752.00000000000000000000000000000000000000000000000000
1973;1461752.00000000000000000000000000000000000000000000000000
1974;1461752.00000000000000000000000000000000000000000000000000
1975;1461560.00000000000000000000000000000000000000000000000000
1976;1461688.00000000000000000000000000000000000000000000000000
1977;1461624.00000000000000000000000000000000000000000000000000
1978;1461752.00000000000000000000000000000000000000000000000000
1979;1461752.00000000000000000000000000000000000000000000000000
1980;1461688.00000000000000000000000000000000000000000000000000
1981;1461752.00000000000000000000000000000000000000000000000000
1982;1462128.00000000000000000000000000000000000000000000000000
1983;1461816.00000000000000000000000000000000000000000000000000
1984;1461752.00000000000000000000000000000000000000000000000000
1985;1462264.00000000000000000000000000000000000000000000000000
1986;1462256.00000000000000000000000000000000000000000000000000
1987;1461752.00000000000000000000000000000000000000000000000000
1988;1455404.00000000000000000000000000000000000000000000000000
1989;1456036.00000000000000000000000000000000000000000000000000
1990;1456036.00000000000000000000000000000000000000000000000000
1991;1456716.00000000000000000000000000000000000000000000000000
1992;1455656.00000000000000000000000000000000000000000000000000
1993;1456272.00000000000000000000000000000000000000000000000000
1994;1457176.00000000000000000000000000000000000000000000000000
1995;1456512.00000000000000000000000000000000000000000000000000
1996;1457008.00000000000000000000000000000000000000000000000000
1997;1456536.00000000000000000000000000000000000000000000000000
1998;1456852.00000000000000000000000000000000000000000000000000
1999;1456140.00000000000000000000000000000000000000000000000000
2000;1456624.00000000000000000000000000000000000000000000000000
2001;1456352.00000000000000000000000000000000000000000000000000
2002;1456936.00000000000000000000000000000000000000000000000000
2003;1456864.00000000000000000000000000000000000000000000000000
2004;1457376.00000000000000000000000000000000000000000000000000
2005;1456648.00000000000000000000000000000000000000000000000000
2006;1456636.00000000000000000000000000000000000000000000000000
2007;1456748.00000000000000000000000000000000000000000000000000
2008;1456436.00000000000000000000000000000000000000000000000000
2009;1456664.00000000000000000000000000000000000000000000000000
2010;1456584.00000000000000000000000000000000000000000000000000
2011;1456768.00000000000000000000000000000000000000000000000000
2012;1457568.00000000000000000000000000000000000000000000000000
2013;1457052.00000000000000000000000000000000000000000000000000
2014;1457152.00000000000000000000000000000000000000000000000000
2015;1457672.00000000000000000000000000000000000000000000000000
2016;1456616.00000000000000000000000000000000000000000000000000
2017;1456976.00000000000000000000000000000000000000000000000000
2018;1456292.00000000000000000000000000000000000000000000000000
2019;1456656.00000000000000000000000000000000000000000000000000
2020;1457092.00000000000000000000000000000000000000000000000000
2021;1457208.00000000000000000000000000000000000000000000000000
2022;1456668.00000000000000000000000000000000000000000000000000
2023;1457156.00000000000000000000000000000000000000000000000000
2024;1457512.00000000000000000000000000000000000000000000000000
2025;1456872.00000000000000000000000000000000000000000000000000
2026;1456852.00000000000000000000000000000000000000000000000000
2027;1457556.00000000000000000000000000000000000000000000000000
2028;1456880.00000000000000000000000000000000000000000000000000
2029;1457420.00000000000000000000000000000000000000000000000000
2030;1457548.00000000000000000000000000000000000000000000000000
2031;1456952.00000000000000000000000000000000000000000000000000
2032;1457848.00000000000000000000000000000000000000000000000000
2033;1457268.00000000000000000000000000000000000000000000000000
2034;1457624.00000000000000000000000000000000000000000000000000
2035;1457900.00000000000000000000000000000000000000000000000000
2036;1457616.00000000000000000000000000000000000000000000000000
2037;1458092.00000000000000000000000000000000000000000000000000
2038;1458436.00000000000000000000000000000000000000000000000000
2039;1458940.00000000000000000000000000000000000000000000000000
2040;1458288.00000000000000000000000000000000000000000000000000
2041;1457980.00000000000000000000000000000000000000000000000000
2042;1458624.00000000000000000000000000000000000000000000000000
2043;1458268.00000000000000000000000000000000000000000000000000
2044;1463972.00000000000000000000000000000000000000000000000000
2045;1464672.00000000000000000000000000000000000000000000000000
2046;1464208.00000000000000000000000000000000000000000000000000
2047;1464348.00000000000000000000000000000000000000000000000000
2048;1467044.00000000000000000000000000000000000000000000000000
2049;1467368.00000000000000000000000000000000000000000000000000
2050;1467556.00000000000000000000000000000000000000000000000000
2051;1467364.00000000000000000000000000000000000000000000000000
2052;1467368.00000000000000000000000000000000000000000000000000
2053;1467556.00000000000000000000000000000000000000000000000000
2054;1467396.00000000000000000000000000000000000000000000000000
2055;1467364.00000000000000000000000000000000000000000000000000
2056;1467560.00000000000000000000000000000000000000000000000000
2057;1467556.00000000000000000000000000000000000000000000000000
2058;1467556.00000000000000000000000000000000000000000000000000
2059;1467556.00000000000000000000000000000000000000000000000000
2060;1467556.00000000000000000000000000000000000000000000000000
2061;1467556.00000000000000000000000000000000000000000000000000
2062;1467396.00000000000000000000000000000000000000000000000000
2063;1467496.00000000000000000000000000000000000000000000000000
2064;1467568.00000000000000000000000000000000000000000000000000
2065;1467568.00000000000000000000000000000000000000000000000000
2066;1467408.00000000000000000000000000000000000000000000000000
2067;1468040.00000000000000000000000000000000000000000000000000
2068;1467644.00000000000000000000000000000000000000000000000000
2069;1467568.00000000000000000000000000000000000000000000000000
2070;1467440.00000000000000000000000000000000000000000000000000
2071;1467684.00000000000000000000000000000000000000000000000000
2072;1467444.00000000000000000000000000000000000000000000000000
2073;1467412.00000000000000000000000000000000000000000000000000
2074;1467508.00000000000000000000000000000000000000000000000000
2075;1467416.00000000000000000000000000000000000000000000000000
2076;1467512.00000000000000000000000000000000000000000000000000
2077;1467412.00000000000000000000000000000000000000000000000000
2078;1467508.00000000000000000000000000000000000000000000000000
2079;1467572.00000000000000000000000000000000000000000000000000
2080;1467576.00000000000000000000000000000000000000000000000000
2081;1467576.00000000000000000000000000000000000000000000000000
2082;1467508.00000000000000000000000000000000000000000000000000
2083;1467576.00000000000000000000000000000000000000000000000000
2084;1467444.00000000000000000000000000000000000000000000000000
2085;1467508.00000000000000000000000000000000000000000000000000
2086;1467380.00000000000000000000000000000000000000000000000000
2087;1467568.00000000000000000000000000000000000000000000000000
2088;1467508.00000000000000000000000000000000000000000000000000
2089;1467412.00000000000000000000000000000000000000000000000000
2090;1467572.00000000000000000000000000000000000000000000000000
2091;1467416.00000000000000000000000000000000000000000000000000
2092;1467508.00000000000000000000000000000000000000000000000000
2093;1467412.00000000000000000000000000000000000000000000000000
2094;1467512.00000000000000000000000000000000000000000000000000
2095;1467416.00000000000000000000000000000000000000000000000000
2096;1467572.00000000000000000000000000000000000000000000000000
2097;1467416.00000000000000000000000000000000000000000000000000
2098;1467688.00000000000000000000000000000000000000000000000000
2099;1378140.00000000000000000000000000000000000000000000000000
2100;1379536.00000000000000000000000000000000000000000000000000
2101;1379684.00000000000000000000000000000000000000000000000000
2102;1379076.00000000000000000000000000000000000000000000000000
2103;1379796.00000000000000000000000000000000000000000000000000
2104;1381240.00000000000000000000000000000000000000000000000000
2105;1381164.00000000000000000000000000000000000000000000000000
2106;1381964.00000000000000000000000000000000000000000000000000
2107;1381516.00000000000000000000000000000000000000000000000000
2108;1381816.00000000000000000000000000000000000000000000000000
2109;1382204.00000000000000000000000000000000000000000000000000
2110;1382360.00000000000000000000000000000000000000000000000000
2111;1381896.00000000000000000000000000000000000000000000000000
2112;1381900.00000000000000000000000000000000000000000000000000
2113;1382224.00000000000000000000000000000000000000000000000000
2114;1382672.00000000000000000000000000000000000000000000000000
2115;1383440.00000000000000000000000000000000000000000000000000
2116;1383524.00000000000000000000000000000000000000000000000000
2117;1384704.00000000000000000000000000000000000000000000000000
2118;1384380.00000000000000000000000000000000000000000000000000
2119;1386128.00000000000000000000000000000000000000000000000000
2120;1386392.00000000000000000000000000000000000000000000000000
2121;1388080.00000000000000000000000000000000000000000000000000
2122;1388696.00000000000000000000000000000000000000000000000000
2123;1390724.00000000000000000000000000000000000000000000000000
2124;1392172.00000000000000000000000000000000000000000000000000
2125;1396776.00000000000000000000000000000000000000000000000000
2126;1398368.00000000000000000000000000000000000000000000000000
2127;1399384.00000000000000000000000000000000000000000000000000
2128;1401700.00000000000000000000000000000000000000000000000000
2129;1402160.00000000000000000000000000000000000000000000000000
2130;1402900.00000000000000000000000000000000000000000000000000
2131;1404912.00000000000000000000000000000000000000000000000000
2132;1405748.00000000000000000000000000000000000000000000000000
2133;1406492.00000000000000000000000000000000000000000000000000
2134;1407440.00000000000000000000000000000000000000000000000000
2135;1411320.00000000000000000000000000000000000000000000000000
2136;1411608.00000000000000000000000000000000000000000000000000
2137;1412648.00000000000000000000000000000000000000000000000000
2138;1413996.00000000000000000000000000000000000000000000000000
2139;1415372.00000000000000000000000000000000000000000000000000
2140;1416832.00000000000000000000000000000000000000000000000000
2141;1418860.00000000000000000000000000000000000000000000000000
2142;1419948.00000000000000000000000000000000000000000000000000
2143;1421852.00000000000000000000000000000000000000000000000000
2144;1422060.00000000000000000000000000000000000000000000000000
2145;1424500.00000000000000000000000000000000000000000000000000
2146;1425496.00000000000000000000000000000000000000000000000000
2147;1427372.00000000000000000000000000000000000000000000000000
2148;1428692.00000000000000000000000000000000000000000000000000
2149;1429068.00000000000000000000000000000000000000000000000000
2150;1430676.00000000000000000000000000000000000000000000000000
2151;1441072.00000000000000000000000000000000000000000000000000
2152;1442892.00000000000000000000000000000000000000000000000000
2153;1445012.00000000000000000000000000000000000000000000000000
2154;1445448.00000000000000000000000000000000000000000000000000
2155;1447240.00000000000000000000000000000000000000000000000000
2156;1448412.00000000000000000000000000000000000000000000000000
2157;1455124.00000000000000000000000000000000000000000000000000
2158;1455316.00000000000000000000000000000000000000000000000000
2159;1456712.00000000000000000000000000000000000000000000000000
2160;1456280.00000000000000000000000000000000000000000000000000
2161;1457592.00000000000000000000000000000000000000000000000000
2162;1460156.00000000000000000000000000000000000000000000000000
2163;1460488.00000000000000000000000000000000000000000000000000
2164;1460800.00000000000000000000000000000000000000000000000000
2165;1460672.00000000000000000000000000000000000000000000000000
2166;1460800.00000000000000000000000000000000000000000000000000
2167;1460796.00000000000000000000000000000000000000000000000000
2168;1460740.00000000000000000000000000000000000000000000000000
2169;1460800.00000000000000000000000000000000000000000000000000
2170;1460832.00000000000000000000000000000000000000000000000000
2171;1460736.00000000000000000000000000000000000000000000000000
2172;1460800.00000000000000000000000000000000000000000000000000
2173;1460644.00000000000000000000000000000000000000000000000000
2174;1461272.00000000000000000000000000000000000000000000000000
2175;1460796.00000000000000000000000000000000000000000000000000
2176;1460832.00000000000000000000000000000000000000000000000000
2177;1460644.00000000000000000000000000000000000000000000000000
2178;1461040.00000000000000000000000000000000000000000000000000
2179;1461040.00000000000000000000000000000000000000000000000000
2180;1460884.00000000000000000000000000000000000000000000000000
2181;1461036.00000000000000000000000000000000000000000000000000
2182;1461000.00000000000000000000000000000000000000000000000000
2183;1461040.00000000000000000000000000000000000000000000000000
2184;1460972.00000000000000000000000000000000000000000000000000
2185;1461036.00000000000000000000000000000000000000000000000000
2186;1460976.00000000000000000000000000000000000000000000000000
2187;1460876.00000000000000000000000000000000000000000000000000
2188;1460972.00000000000000000000000000000000000000000000000000
2189;1460976.00000000000000000000000000000000000000000000000000
2190;1460972.00000000000000000000000000000000000000000000000000
2191;1460876.00000000000000000000000000000000000000000000000000
2192;1460908.00000000000000000000000000000000000000000000000000
2193;1461036.00000000000000000000000000000000000000000000000000
2194;1460844.00000000000000000000000000000000000000000000000000
2195;1461036.00000000000000000000000000000000000000000000000000
2196;1460972.00000000000000000000000000000000000000000000000000
2197;1460844.00000000000000000000000000000000000000000000000000
2198;1461012.00000000000000000000000000000000000000000000000000
2199;1460908.00000000000000000000000000000000000000000000000000
2200;1461036.00000000000000000000000000000000000000000000000000
2201;1461032.00000000000000000000000000000000000000000000000000
2202;1461036.00000000000000000000000000000000000000000000000000
2203;1460876.00000000000000000000000000000000000000000000000000
2204;1461032.00000000000000000000000000000000000000000000000000
2205;1460876.00000000000000000000000000000000000000000000000000
2206;1461508.00000000000000000000000000000000000000000000000000
2207;1460876.00000000000000000000000000000000000000000000000000
2208;1461036.00000000000000000000000000000000000000000000000000
2209;1460976.00000000000000000000000000000000000000000000000000
2210;1460880.00000000000000000000000000000000000000000000000000
2211;1457700.00000000000000000000000000000000000000000000000000
2212;1457620.00000000000000000000000000000000000000000000000000
2213;1457732.00000000000000000000000000000000000000000000000000
2214;1457436.00000000000000000000000000000000000000000000000000
2215;1457896.00000000000000000000000000000000000000000000000000
2216;1457432.00000000000000000000000000000000000000000000000000
2217;1457668.00000000000000000000000000000000000000000000000000
2218;1457916.00000000000000000000000000000000000000000000000000
2219;1457888.00000000000000000000000000000000000000000000000000
2220;1457584.00000000000000000000000000000000000000000000000000
2221;1457888.00000000000000000000000000000000000000000000000000
2222;1458400.00000000000000000000000000000000000000000000000000
2223;1457684.00000000000000000000000000000000000000000000000000
2224;1458108.00000000000000000000000000000000000000000000000000
2225;1457752.00000000000000000000000000000000000000000000000000
2226;1457844.00000000000000000000000000000000000000000000000000
2227;1458256.00000000000000000000000000000000000000000000000000
2228;1457740.00000000000000000000000000000000000000000000000000
2229;1457804.00000000000000000000000000000000000000000000000000
2230;1458148.00000000000000000000000000000000000000000000000000
2231;1458176.00000000000000000000000000000000000000000000000000
2232;1457960.00000000000000000000000000000000000000000000000000
2233;1458416.00000000000000000000000000000000000000000000000000
2234;1458432.00000000000000000000000000000000000000000000000000
2235;1458064.00000000000000000000000000000000000000000000000000
2236;1458436.00000000000000000000000000000000000000000000000000
2237;1459076.00000000000000000000000000000000000000000000000000
2238;1459216.00000000000000000000000000000000000000000000000000
2239;1458840.00000000000000000000000000000000000000000000000000
2240;1458604.00000000000000000000000000000000000000000000000000
2241;1459392.00000000000000000000000000000000000000000000000000
2242;1458184.00000000000000000000000000000000000000000000000000
2243;1458600.00000000000000000000000000000000000000000000000000
2244;1458972.00000000000000000000000000000000000000000000000000
2245;1459452.00000000000000000000000000000000000000000000000000
2246;1459404.00000000000000000000000000000000000000000000000000
2247;1459312.00000000000000000000000000000000000000000000000000
2248;1460072.00000000000000000000000000000000000000000000000000
2249;1460072.00000000000000000000000000000000000000000000000000
2250;1460060.00000000000000000000000000000000000000000000000000
2251;1460076.00000000000000000000000000000000000000000000000000
2252;1460208.00000000000000000000000000000000000000000000000000
2253;1460572.00000000000000000000000000000000000000000000000000
2254;1461288.00000000000000000000000000000000000000000000000000
2255;1460648.00000000000000000000000000000000000000000000000000
2256;1460460.00000000000000000000000000000000000000000000000000
2257;1460848.00000000000000000000000000000000000000000000000000
2258;1460496.00000000000000000000000000000000000000000000000000
2259;1461428.00000000000000000000000000000000000000000000000000
2260;1461356.00000000000000000000000000000000000000000000000000
2261;1462348.00000000000000000000000000000000000000000000000000
2262;1464588.00000000000000000000000000000000000000000000000000
2263;1464712.00000000000000000000000000000000000000000000000000
2264;1464424.00000000000000000000000000000000000000000000000000
2265;1464520.00000000000000000000000000000000000000000000000000
2266;1464328.00000000000000000000000000000000000000000000000000
2267;1464424.00000000000000000000000000000000000000000000000000
2268;1464520.00000000000000000000000000000000000000000000000000
2269;1464488.00000000000000000000000000000000000000000000000000
2270;1464488.00000000000000000000000000000000000000000000000000
2271;1464332.00000000000000000000000000000000000000000000000000
2272;1464488.00000000000000000000000000000000000000000000000000
2273;1464488.00000000000000000000000000000000000000000000000000
2274;1464520.00000000000000000000000000000000000000000000000000
2275;1464328.00000000000000000000000000000000000000000000000000
2276;1464488.00000000000000000000000000000000000000000000000000
2277;1464488.00000000000000000000000000000000000000000000000000
2278;1464488.00000000000000000000000000000000000000000000000000
2279;1464328.00000000000000000000000000000000000000000000000000
2280;1464360.00000000000000000000000000000000000000000000000000
2281;1464488.00000000000000000000000000000000000000000000000000
2282;1464360.00000000000000000000000000000000000000000000000000
2283;1464424.00000000000000000000000000000000000000000000000000
2284;1464488.00000000000000000000000000000000000000000000000000
2285;1464328.00000000000000000000000000000000000000000000000000
2286;1464424.00000000000000000000000000000000000000000000000000
2287;1464328.00000000000000000000000000000000000000000000000000
2288;1464424.00000000000000000000000000000000000000000000000000
2289;1464328.00000000000000000000000000000000000000000000000000
2290;1464488.00000000000000000000000000000000000000000000000000
2291;1464488.00000000000000000000000000000000000000000000000000
2292;1464488.00000000000000000000000000000000000000000000000000
2293;1464608.00000000000000000000000000000000000000000000000000
2294;1464296.00000000000000000000000000000000000000000000000000
2295;1464488.00000000000000000000000000000000000000000000000000
2296;1464328.00000000000000000000000000000000000000000000000000
2297;1464488.00000000000000000000000000000000000000000000000000
2298;1464332.00000000000000000000000000000000000000000000000000
2299;1464488.00000000000000000000000000000000000000000000000000
2300;1464360.00000000000000000000000000000000000000000000000000
2301;1464520.00000000000000000000000000000000000000000000000000
2302;1464424.00000000000000000000000000000000000000000000000000
2303;1464768.00000000000000000000000000000000000000000000000000
2304;1464488.00000000000000000000000000000000000000000000000000
2305;1460588.00000000000000000000000000000000000000000000000000
2306;1460708.00000000000000000000000000000000000000000000000000
2307;1460852.00000000000000000000000000000000000000000000000000
2308;1460492.00000000000000000000000000000000000000000000000000
2309;1459932.00000000000000000000000000000000000000000000000000
2310;1459784.00000000000000000000000000000000000000000000000000
2311;1460536.00000000000000000000000000000000000000000000000000
2312;1459648.00000000000000000000000000000000000000000000000000
2313;1459944.00000000000000000000000000000000000000000000000000
2314;1459992.00000000000000000000000000000000000000000000000000
2315;1460716.00000000000000000000000000000000000000000000000000
2316;1460448.00000000000000000000000000000000000000000000000000
2317;1460092.00000000000000000000000000000000000000000000000000
2318;1459864.00000000000000000000000000000000000000000000000000
2319;1460192.00000000000000000000000000000000000000000000000000
2320;1460924.00000000000000000000000000000000000000000000000000
2321;1459836.00000000000000000000000000000000000000000000000000
2322;1459912.00000000000000000000000000000000000000000000000000
2323;1459880.00000000000000000000000000000000000000000000000000
2324;1460476.00000000000000000000000000000000000000000000000000
2325;1460824.00000000000000000000000000000000000000000000000000
2326;1461292.00000000000000000000000000000000000000000000000000
2327;1460020.00000000000000000000000000000000000000000000000000
2328;1461336.00000000000000000000000000000000000000000000000000
2329;1460348.00000000000000000000000000000000000000000000000000
2330;1460112.00000000000000000000000000000000000000000000000000
2331;1460332.00000000000000000000000000000000000000000000000000
2332;1460232.00000000000000000000000000000000000000000000000000
2333;1460160.00000000000000000000000000000000000000000000000000
2334;1461500.00000000000000000000000000000000000000000000000000
2335;1460028.00000000000000000000000000000000000000000000000000
2336;1461588.00000000000000000000000000000000000000000000000000
2337;1461788.00000000000000000000000000000000000000000000000000
2338;1461428.00000000000000000000000000000000000000000000000000
2339;1461624.00000000000000000000000000000000000000000000000000
2340;1460488.00000000000000000000000000000000000000000000000000
2341;1462016.00000000000000000000000000000000000000000000000000
2342;1461076.00000000000000000000000000000000000000000000000000
2343;1460960.00000000000000000000000000000000000000000000000000
2344;1461956.00000000000000000000000000000000000000000000000000
2345;1462036.00000000000000000000000000000000000000000000000000
2346;1461136.00000000000000000000000000000000000000000000000000
2347;1460492.00000000000000000000000000000000000000000000000000
2348;1462140.00000000000000000000000000000000000000000000000000
2349;1464352.00000000000000000000000000000000000000000000000000
2350;1463532.00000000000000000000000000000000000000000000000000
2351;1464244.00000000000000000000000000000000000000000000000000
2352;1463836.00000000000000000000000000000000000000000000000000
2353;1463776.00000000000000000000000000000000000000000000000000
2354;1463832.00000000000000000000000000000000000000000000000000
2355;1463680.00000000000000000000000000000000000000000000000000
2356;1463836.00000000000000000000000000000000000000000000000000
2357;1463988.00000000000000000000000000000000000000000000000000
2358;1463776.00000000000000000000000000000000000000000000000000
2359;1463644.00000000000000000000000000000000000000000000000000
2360;1463868.00000000000000000000000000000000000000000000000000
2361;1463836.00000000000000000000000000000000000000000000000000
2362;1463836.00000000000000000000000000000000000000000000000000
2363;1463708.00000000000000000000000000000000000000000000000000
2364;1463836.00000000000000000000000000000000000000000000000000
2365;1463832.00000000000000000000000000000000000000000000000000
2366;1463676.00000000000000000000000000000000000000000000000000
2367;1463708.00000000000000000000000000000000000000000000000000
2368;1463832.00000000000000000000000000000000000000000000000000
2369;1463644.00000000000000000000000000000000000000000000000000
2370;1463832.00000000000000000000000000000000000000000000000000
2371;1463644.00000000000000000000000000000000000000000000000000
2372;1463836.00000000000000000000000000000000000000000000000000
2373;1463836.00000000000000000000000000000000000000000000000000
2374;1463836.00000000000000000000000000000000000000000000000000
2375;1463776.00000000000000000000000000000000000000000000000000
2376;1463832.00000000000000000000000000000000000000000000000000
2377;1463680.00000000000000000000000000000000000000000000000000
2378;1463836.00000000000000000000000000000000000000000000000000
2379;1463776.00000000000000000000000000000000000000000000000000
2380;1463680.00000000000000000000000000000000000000000000000000
2381;1463776.00000000000000000000000000000000000000000000000000
2382;1463868.00000000000000000000000000000000000000000000000000
2383;1463676.00000000000000000000000000000000000000000000000000
2384;1463644.00000000000000000000000000000000000000000000000000
2385;1463836.00000000000000000000000000000000000000000000000000
2386;1463832.00000000000000000000000000000000000000000000000000
2387;1463868.00000000000000000000000000000000000000000000000000
2388;1463644.00000000000000000000000000000000000000000000000000
2389;1463776.00000000000000000000000000000000000000000000000000
2390;1463676.00000000000000000000000000000000000000000000000000
2391;1463644.00000000000000000000000000000000000000000000000000
2392;1369708.00000000000000000000000000000000000000000000000000
2393;1370980.00000000000000000000000000000000000000000000000000
2394;1371796.00000000000000000000000000000000000000000000000000
2395;1373804.00000000000000000000000000000000000000000000000000
2396;1372960.00000000000000000000000000000000000000000000000000
2397;1374428.00000000000000000000000000000000000000000000000000
2398;1374392.00000000000000000000000000000000000000000000000000
2399;1375948.00000000000000000000000000000000000000000000000000
2400;1375808.00000000000000000000000000000000000000000000000000
2401;1377968.00000000000000000000000000000000000000000000000000
2402;1377264.00000000000000000000000000000000000000000000000000
2403;1378180.00000000000000000000000000000000000000000000000000
2404;1379796.00000000000000000000000000000000000000000000000000
2405;1380748.00000000000000000000000000000000000000000000000000
2406;1381856.00000000000000000000000000000000000000000000000000
2407;1382948.00000000000000000000000000000000000000000000000000
