Second;RAM_KB
0;8960.00000000000000000000000000000000000000000000000000
1;324244.00000000000000000000000000000000000000000000000000
2;385404.00000000000000000000000000000000000000000000000000
3;699932.00000000000000000000000000000000000000000000000000
4;747984.00000000000000000000000000000000000000000000000000
5;803816.00000000000000000000000000000000000000000000000000
6;905520.00000000000000000000000000000000000000000000000000
7;934616.00000000000000000000000000000000000000000000000000
8;973384.00000000000000000000000000000000000000000000000000
9;982000.00000000000000000000000000000000000000000000000000
10;988372.00000000000000000000000000000000000000000000000000
11;992872.00000000000000000000000000000000000000000000000000
12;999324.00000000000000000000000000000000000000000000000000
13;1006496.00000000000000000000000000000000000000000000000000
14;1012780.00000000000000000000000000000000000000000000000000
15;1019140.00000000000000000000000000000000000000000000000000
16;1024720.00000000000000000000000000000000000000000000000000
17;1029416.00000000000000000000000000000000000000000000000000
18;1036452.00000000000000000000000000000000000000000000000000
19;1040116.00000000000000000000000000000000000000000000000000
20;1046884.00000000000000000000000000000000000000000000000000
21;1050556.00000000000000000000000000000000000000000000000000
22;1056472.00000000000000000000000000000000000000000000000000
23;1060140.00000000000000000000000000000000000000000000000000
24;1065512.00000000000000000000000000000000000000000000000000
25;1069656.00000000000000000000000000000000000000000000000000
26;1075944.00000000000000000000000000000000000000000000000000
27;1079760.00000000000000000000000000000000000000000000000000
28;1085148.00000000000000000000000000000000000000000000000000
29;1091500.00000000000000000000000000000000000000000000000000
30;1095600.00000000000000000000000000000000000000000000000000
31;1103096.00000000000000000000000000000000000000000000000000
32;1106520.00000000000000000000000000000000000000000000000000
33;1111692.00000000000000000000000000000000000000000000000000
34;1119576.00000000000000000000000000000000000000000000000000
35;1124040.00000000000000000000000000000000000000000000000000
36;1128232.00000000000000000000000000000000000000000000000000
37;1134828.00000000000000000000000000000000000000000000000000
38;1139108.00000000000000000000000000000000000000000000000000
39;1143728.00000000000000000000000000000000000000000000000000
40;1151192.00000000000000000000000000000000000000000000000000
41;1154308.00000000000000000000000000000000000000000000000000
42;1161484.00000000000000000000000000000000000000000000000000
43;1166776.00000000000000000000000000000000000000000000000000
44;1171428.00000000000000000000000000000000000000000000000000
45;1176356.00000000000000000000000000000000000000000000000000
46;1184168.00000000000000000000000000000000000000000000000000
47;1184168.00000000000000000000000000000000000000000000000000
48;1390700.00000000000000000000000000000000000000000000000000
49;1404832.00000000000000000000000000000000000000000000000000
50;1404884.00000000000000000000000000000000000000000000000000
51;1405120.00000000000000000000000000000000000000000000000000
52;1404912.00000000000000000000000000000000000000000000000000
53;1404848.00000000000000000000000000000000000000000000000000
54;1405120.00000000000000000000000000000000000000000000000000
55;1404912.00000000000000000000000000000000000000000000000000
56;1404848.00000000000000000000000000000000000000000000000000
57;1404988.00000000000000000000000000000000000000000000000000
58;1404960.00000000000000000000000000000000000000000000000000
59;1404784.00000000000000000000000000000000000000000000000000
60;1404908.00000000000000000000000000000000000000000000000000
61;1404776.00000000000000000000000000000000000000000000000000
62;1404712.00000000000000000000000000000000000000000000000000
63;1404984.00000000000000000000000000000000000000000000000000
64;1404776.00000000000000000000000000000000000000000000000000
65;1404656.00000000000000000000000000000000000000000000000000
66;1404708.00000000000000000000000000000000000000000000000000
67;1404972.00000000000000000000000000000000000000000000000000
68;1404828.00000000000000000000000000000000000000000000000000
69;1404752.00000000000000000000000000000000000000000000000000
70;1404688.00000000000000000000000000000000000000000000000000
71;1404988.00000000000000000000000000000000000000000000000000
72;1404752.00000000000000000000000000000000000000000000000000
73;1404972.00000000000000000000000000000000000000000000000000
74;1404828.00000000000000000000000000000000000000000000000000
75;1404800.00000000000000000000000000000000000000000000000000
76;1404972.00000000000000000000000000000000000000000000000000
77;1404828.00000000000000000000000000000000000000000000000000
78;1404752.00000000000000000000000000000000000000000000000000
79;1404688.00000000000000000000000000000000000000000000000000
80;1404960.00000000000000000000000000000000000000000000000000
81;1404808.00000000000000000000000000000000000000000000000000
82;1404828.00000000000000000000000000000000000000000000000000
83;1404828.00000000000000000000000000000000000000000000000000
84;1404812.00000000000000000000000000000000000000000000000000
85;1404972.00000000000000000000000000000000000000000000000000
86;1404828.00000000000000000000000000000000000000000000000000
87;1297392.00000000000000000000000000000000000000000000000000
88;1297604.00000000000000000000000000000000000000000000000000
89;1298672.00000000000000000000000000000000000000000000000000
90;1300480.00000000000000000000000000000000000000000000000000
91;1303020.00000000000000000000000000000000000000000000000000
92;1305652.00000000000000000000000000000000000000000000000000
93;1307700.00000000000000000000000000000000000000000000000000
94;1310084.00000000000000000000000000000000000000000000000000
95;1312260.00000000000000000000000000000000000000000000000000
96;1314804.00000000000000000000000000000000000000000000000000
97;1317900.00000000000000000000000000000000000000000000000000
98;1320756.00000000000000000000000000000000000000000000000000
99;1323376.00000000000000000000000000000000000000000000000000
100;1326264.00000000000000000000000000000000000000000000000000
101;1329916.00000000000000000000000000000000000000000000000000
102;1332368.00000000000000000000000000000000000000000000000000
103;1336468.00000000000000000000000000000000000000000000000000
104;1338048.00000000000000000000000000000000000000000000000000
105;1340556.00000000000000000000000000000000000000000000000000
106;1343912.00000000000000000000000000000000000000000000000000
107;1346528.00000000000000000000000000000000000000000000000000
108;1351280.00000000000000000000000000000000000000000000000000
109;1353924.00000000000000000000000000000000000000000000000000
110;1356748.00000000000000000000000000000000000000000000000000
111;1361060.00000000000000000000000000000000000000000000000000
112;1364036.00000000000000000000000000000000000000000000000000
113;1366880.00000000000000000000000000000000000000000000000000
114;1371496.00000000000000000000000000000000000000000000000000
115;1372364.00000000000000000000000000000000000000000000000000
116;1376572.00000000000000000000000000000000000000000000000000
117;1380168.00000000000000000000000000000000000000000000000000
118;1383056.00000000000000000000000000000000000000000000000000
119;1385148.00000000000000000000000000000000000000000000000000
120;1388568.00000000000000000000000000000000000000000000000000
121;1391712.00000000000000000000000000000000000000000000000000
122;1393600.00000000000000000000000000000000000000000000000000
123;1396776.00000000000000000000000000000000000000000000000000
124;1399212.00000000000000000000000000000000000000000000000000
125;1405568.00000000000000000000000000000000000000000000000000
126;1406556.00000000000000000000000000000000000000000000000000
127;1409676.00000000000000000000000000000000000000000000000000
128;1413556.00000000000000000000000000000000000000000000000000
129;1439860.00000000000000000000000000000000000000000000000000
130;1439884.00000000000000000000000000000000000000000000000000
131;1439900.00000000000000000000000000000000000000000000000000
132;1439872.00000000000000000000000000000000000000000000000000
133;1439860.00000000000000000000000000000000000000000000000000
134;1439880.00000000000000000000000000000000000000000000000000
135;1439868.00000000000000000000000000000000000000000000000000
136;1439852.00000000000000000000000000000000000000000000000000
137;1439840.00000000000000000000000000000000000000000000000000
138;1439816.00000000000000000000000000000000000000000000000000
139;1439868.00000000000000000000000000000000000000000000000000
140;1439852.00000000000000000000000000000000000000000000000000
141;1439836.00000000000000000000000000000000000000000000000000
142;1439820.00000000000000000000000000000000000000000000000000
143;1439776.00000000000000000000000000000000000000000000000000
144;1439760.00000000000000000000000000000000000000000000000000
145;1439832.00000000000000000000000000000000000000000000000000
146;1439816.00000000000000000000000000000000000000000000000000
147;1439868.00000000000000000000000000000000000000000000000000
148;1439852.00000000000000000000000000000000000000000000000000
149;1439832.00000000000000000000000000000000000000000000000000
150;1439816.00000000000000000000000000000000000000000000000000
151;1439824.00000000000000000000000000000000000000000000000000
152;1439840.00000000000000000000000000000000000000000000000000
153;1439852.00000000000000000000000000000000000000000000000000
154;1439836.00000000000000000000000000000000000000000000000000
155;1439808.00000000000000000000000000000000000000000000000000
156;1439824.00000000000000000000000000000000000000000000000000
157;1439820.00000000000000000000000000000000000000000000000000
158;1439836.00000000000000000000000000000000000000000000000000
159;1439820.00000000000000000000000000000000000000000000000000
160;1439776.00000000000000000000000000000000000000000000000000
161;1439808.00000000000000000000000000000000000000000000000000
162;1439852.00000000000000000000000000000000000000000000000000
163;1439832.00000000000000000000000000000000000000000000000000
164;1439760.00000000000000000000000000000000000000000000000000
165;1439776.00000000000000000000000000000000000000000000000000
166;1439764.00000000000000000000000000000000000000000000000000
167;1331856.00000000000000000000000000000000000000000000000000
168;1334100.00000000000000000000000000000000000000000000000000
169;1336272.00000000000000000000000000000000000000000000000000
170;1339072.00000000000000000000000000000000000000000000000000
171;1340124.00000000000000000000000000000000000000000000000000
172;1343172.00000000000000000000000000000000000000000000000000
173;1344424.00000000000000000000000000000000000000000000000000
174;1346404.00000000000000000000000000000000000000000000000000
175;1348900.00000000000000000000000000000000000000000000000000
176;1351252.00000000000000000000000000000000000000000000000000
177;1353536.00000000000000000000000000000000000000000000000000
178;1355192.00000000000000000000000000000000000000000000000000
179;1357920.00000000000000000000000000000000000000000000000000
180;1361008.00000000000000000000000000000000000000000000000000
181;1363080.00000000000000000000000000000000000000000000000000
182;1364656.00000000000000000000000000000000000000000000000000
183;1366892.00000000000000000000000000000000000000000000000000
184;1369456.00000000000000000000000000000000000000000000000000
185;1371828.00000000000000000000000000000000000000000000000000
186;1376008.00000000000000000000000000000000000000000000000000
187;1378260.00000000000000000000000000000000000000000000000000
188;1380980.00000000000000000000000000000000000000000000000000
189;1384812.00000000000000000000000000000000000000000000000000
190;1388044.00000000000000000000000000000000000000000000000000
191;1395096.00000000000000000000000000000000000000000000000000
192;1397652.00000000000000000000000000000000000000000000000000
193;1399616.00000000000000000000000000000000000000000000000000
194;1401964.00000000000000000000000000000000000000000000000000
195;1408484.00000000000000000000000000000000000000000000000000
196;1410096.00000000000000000000000000000000000000000000000000
197;1412304.00000000000000000000000000000000000000000000000000
198;1414312.00000000000000000000000000000000000000000000000000
199;1419928.00000000000000000000000000000000000000000000000000
200;1421728.00000000000000000000000000000000000000000000000000
201;1424440.00000000000000000000000000000000000000000000000000
202;1427132.00000000000000000000000000000000000000000000000000
203;1431016.00000000000000000000000000000000000000000000000000
204;1432988.00000000000000000000000000000000000000000000000000
205;1435056.00000000000000000000000000000000000000000000000000
206;1437284.00000000000000000000000000000000000000000000000000
207;1440020.00000000000000000000000000000000000000000000000000
208;1446744.00000000000000000000000000000000000000000000000000
209;1448112.00000000000000000000000000000000000000000000000000
210;1448132.00000000000000000000000000000000000000000000000000
211;1449280.00000000000000000000000000000000000000000000000000
212;1449252.00000000000000000000000000000000000000000000000000
213;1449176.00000000000000000000000000000000000000000000000000
214;1449244.00000000000000000000000000000000000000000000000000
215;1449252.00000000000000000000000000000000000000000000000000
216;1449176.00000000000000000000000000000000000000000000000000
217;1449276.00000000000000000000000000000000000000000000000000
218;1449260.00000000000000000000000000000000000000000000000000
219;1449228.00000000000000000000000000000000000000000000000000
220;1449240.00000000000000000000000000000000000000000000000000
221;1449196.00000000000000000000000000000000000000000000000000
222;1449228.00000000000000000000000000000000000000000000000000
223;1449256.00000000000000000000000000000000000000000000000000
224;1449196.00000000000000000000000000000000000000000000000000
225;1449228.00000000000000000000000000000000000000000000000000
226;1449272.00000000000000000000000000000000000000000000000000
227;1449252.00000000000000000000000000000000000000000000000000
228;1449228.00000000000000000000000000000000000000000000000000
229;1449272.00000000000000000000000000000000000000000000000000
230;1449252.00000000000000000000000000000000000000000000000000
231;1449260.00000000000000000000000000000000000000000000000000
232;1449240.00000000000000000000000000000000000000000000000000
233;1449244.00000000000000000000000000000000000000000000000000
234;1449260.00000000000000000000000000000000000000000000000000
235;1449240.00000000000000000000000000000000000000000000000000
236;1449272.00000000000000000000000000000000000000000000000000
237;1449256.00000000000000000000000000000000000000000000000000
238;1449228.00000000000000000000000000000000000000000000000000
239;1449272.00000000000000000000000000000000000000000000000000
240;1449252.00000000000000000000000000000000000000000000000000
241;1449240.00000000000000000000000000000000000000000000000000
242;1449272.00000000000000000000000000000000000000000000000000
243;1449252.00000000000000000000000000000000000000000000000000
244;1449240.00000000000000000000000000000000000000000000000000
245;1449276.00000000000000000000000000000000000000000000000000
246;1449252.00000000000000000000000000000000000000000000000000
247;1449240.00000000000000000000000000000000000000000000000000
248;1449268.00000000000000000000000000000000000000000000000000
249;1449192.00000000000000000000000000000000000000000000000000
250;1333860.00000000000000000000000000000000000000000000000000
251;1333396.00000000000000000000000000000000000000000000000000
252;1337712.00000000000000000000000000000000000000000000000000
253;1338588.00000000000000000000000000000000000000000000000000
254;1340952.00000000000000000000000000000000000000000000000000
255;1342908.00000000000000000000000000000000000000000000000000
256;1344820.00000000000000000000000000000000000000000000000000
257;1346404.00000000000000000000000000000000000000000000000000
258;1349032.00000000000000000000000000000000000000000000000000
259;1351496.00000000000000000000000000000000000000000000000000
260;1355184.00000000000000000000000000000000000000000000000000
261;1357468.00000000000000000000000000000000000000000000000000
262;1359732.00000000000000000000000000000000000000000000000000
263;1362132.00000000000000000000000000000000000000000000000000
264;1364276.00000000000000000000000000000000000000000000000000
265;1366364.00000000000000000000000000000000000000000000000000
266;1368116.00000000000000000000000000000000000000000000000000
267;1371308.00000000000000000000000000000000000000000000000000
268;1373700.00000000000000000000000000000000000000000000000000
269;1376724.00000000000000000000000000000000000000000000000000
270;1377768.00000000000000000000000000000000000000000000000000
271;1383456.00000000000000000000000000000000000000000000000000
272;1383908.00000000000000000000000000000000000000000000000000
273;1387268.00000000000000000000000000000000000000000000000000
274;1392212.00000000000000000000000000000000000000000000000000
275;1395244.00000000000000000000000000000000000000000000000000
276;1396500.00000000000000000000000000000000000000000000000000
277;1401952.00000000000000000000000000000000000000000000000000
278;1403764.00000000000000000000000000000000000000000000000000
279;1406276.00000000000000000000000000000000000000000000000000
280;1412928.00000000000000000000000000000000000000000000000000
281;1416096.00000000000000000000000000000000000000000000000000
282;1418336.00000000000000000000000000000000000000000000000000
283;1420984.00000000000000000000000000000000000000000000000000
284;1425752.00000000000000000000000000000000000000000000000000
285;1427820.00000000000000000000000000000000000000000000000000
286;1431380.00000000000000000000000000000000000000000000000000
287;1433352.00000000000000000000000000000000000000000000000000
288;1440784.00000000000000000000000000000000000000000000000000
289;1440880.00000000000000000000000000000000000000000000000000
290;1442252.00000000000000000000000000000000000000000000000000
291;1445728.00000000000000000000000000000000000000000000000000
292;1447144.00000000000000000000000000000000000000000000000000
293;1447052.00000000000000000000000000000000000000000000000000
294;1447348.00000000000000000000000000000000000000000000000000
295;1447416.00000000000000000000000000000000000000000000000000
296;1447448.00000000000000000000000000000000000000000000000000
297;1447448.00000000000000000000000000000000000000000000000000
298;1447772.00000000000000000000000000000000000000000000000000
299;1447772.00000000000000000000000000000000000000000000000000
300;1447708.00000000000000000000000000000000000000000000000000
301;1447772.00000000000000000000000000000000000000000000000000
302;1447772.00000000000000000000000000000000000000000000000000
303;1447708.00000000000000000000000000000000000000000000000000
304;1447784.00000000000000000000000000000000000000000000000000
305;1447752.00000000000000000000000000000000000000000000000000
306;1447820.00000000000000000000000000000000000000000000000000
307;1447752.00000000000000000000000000000000000000000000000000
308;1447804.00000000000000000000000000000000000000000000000000
309;1447784.00000000000000000000000000000000000000000000000000
310;1447720.00000000000000000000000000000000000000000000000000
311;1447820.00000000000000000000000000000000000000000000000000
312;1447784.00000000000000000000000000000000000000000000000000
313;1447720.00000000000000000000000000000000000000000000000000
314;1447784.00000000000000000000000000000000000000000000000000
315;1447752.00000000000000000000000000000000000000000000000000
316;1447816.00000000000000000000000000000000000000000000000000
317;1447784.00000000000000000000000000000000000000000000000000
318;1447720.00000000000000000000000000000000000000000000000000
319;1447784.00000000000000000000000000000000000000000000000000
320;1447720.00000000000000000000000000000000000000000000000000
321;1447720.00000000000000000000000000000000000000000000000000
322;1447816.00000000000000000000000000000000000000000000000000
323;1447784.00000000000000000000000000000000000000000000000000
324;1447784.00000000000000000000000000000000000000000000000000
325;1447820.00000000000000000000000000000000000000000000000000
326;1447784.00000000000000000000000000000000000000000000000000
327;1447720.00000000000000000000000000000000000000000000000000
328;1447784.00000000000000000000000000000000000000000000000000
329;1447752.00000000000000000000000000000000000000000000000000
330;1335456.00000000000000000000000000000000000000000000000000
331;1336288.00000000000000000000000000000000000000000000000000
332;1338020.00000000000000000000000000000000000000000000000000
333;1340792.00000000000000000000000000000000000000000000000000
334;1343780.00000000000000000000000000000000000000000000000000
335;1346124.00000000000000000000000000000000000000000000000000
336;1348280.00000000000000000000000000000000000000000000000000
337;1350700.00000000000000000000000000000000000000000000000000
338;1353768.00000000000000000000000000000000000000000000000000
339;1356672.00000000000000000000000000000000000000000000000000
340;1357932.00000000000000000000000000000000000000000000000000
341;1360968.00000000000000000000000000000000000000000000000000
342;1363956.00000000000000000000000000000000000000000000000000
343;1367320.00000000000000000000000000000000000000000000000000
344;1368664.00000000000000000000000000000000000000000000000000
345;1372192.00000000000000000000000000000000000000000000000000
346;1374328.00000000000000000000000000000000000000000000000000
347;1377236.00000000000000000000000000000000000000000000000000
348;1379200.00000000000000000000000000000000000000000000000000
349;1381488.00000000000000000000000000000000000000000000000000
350;1386844.00000000000000000000000000000000000000000000000000
351;1388904.00000000000000000000000000000000000000000000000000
352;1391476.00000000000000000000000000000000000000000000000000
353;1397220.00000000000000000000000000000000000000000000000000
354;1399016.00000000000000000000000000000000000000000000000000
355;1400528.00000000000000000000000000000000000000000000000000
356;1402864.00000000000000000000000000000000000000000000000000
357;1407724.00000000000000000000000000000000000000000000000000
358;1410112.00000000000000000000000000000000000000000000000000
359;1412804.00000000000000000000000000000000000000000000000000
360;1417776.00000000000000000000000000000000000000000000000000
361;1420456.00000000000000000000000000000000000000000000000000
362;1422080.00000000000000000000000000000000000000000000000000
363;1425472.00000000000000000000000000000000000000000000000000
364;1429700.00000000000000000000000000000000000000000000000000
365;1433624.00000000000000000000000000000000000000000000000000
366;1435040.00000000000000000000000000000000000000000000000000
367;1436916.00000000000000000000000000000000000000000000000000
368;1439856.00000000000000000000000000000000000000000000000000
369;1444768.00000000000000000000000000000000000000000000000000
370;1445768.00000000000000000000000000000000000000000000000000
371;1447800.00000000000000000000000000000000000000000000000000
372;1450952.00000000000000000000000000000000000000000000000000
373;1450952.00000000000000000000000000000000000000000000000000
374;1451340.00000000000000000000000000000000000000000000000000
375;1451120.00000000000000000000000000000000000000000000000000
376;1451280.00000000000000000000000000000000000000000000000000
377;1451180.00000000000000000000000000000000000000000000000000
378;1451052.00000000000000000000000000000000000000000000000000
379;1451024.00000000000000000000000000000000000000000000000000
380;1451340.00000000000000000000000000000000000000000000000000
381;1451176.00000000000000000000000000000000000000000000000000
382;1451180.00000000000000000000000000000000000000000000000000
383;1451180.00000000000000000000000000000000000000000000000000
384;1451276.00000000000000000000000000000000000000000000000000
385;1451116.00000000000000000000000000000000000000000000000000
386;1451180.00000000000000000000000000000000000000000000000000
387;1451276.00000000000000000000000000000000000000000000000000
388;1451116.00000000000000000000000000000000000000000000000000
389;1451180.00000000000000000000000000000000000000000000000000
390;1451024.00000000000000000000000000000000000000000000000000
391;1451340.00000000000000000000000000000000000000000000000000
392;1451120.00000000000000000000000000000000000000000000000000
393;1451248.00000000000000000000000000000000000000000000000000
394;1451120.00000000000000000000000000000000000000000000000000
395;1451248.00000000000000000000000000000000000000000000000000
396;1451028.00000000000000000000000000000000000000000000000000
397;1451020.00000000000000000000000000000000000000000000000000
398;1450964.00000000000000000000000000000000000000000000000000
399;1451024.00000000000000000000000000000000000000000000000000
400;1451024.00000000000000000000000000000000000000000000000000
401;1450960.00000000000000000000000000000000000000000000000000
402;1450932.00000000000000000000000000000000000000000000000000
403;1451148.00000000000000000000000000000000000000000000000000
404;1450832.00000000000000000000000000000000000000000000000000
405;1451024.00000000000000000000000000000000000000000000000000
406;1450896.00000000000000000000000000000000000000000000000000
407;1450964.00000000000000000000000000000000000000000000000000
408;1451120.00000000000000000000000000000000000000000000000000
409;1450960.00000000000000000000000000000000000000000000000000
410;1451184.00000000000000000000000000000000000000000000000000
411;1450964.00000000000000000000000000000000000000000000000000
412;1450868.00000000000000000000000000000000000000000000000000
413;1343136.00000000000000000000000000000000000000000000000000
414;1342944.00000000000000000000000000000000000000000000000000
415;1343452.00000000000000000000000000000000000000000000000000
416;1343908.00000000000000000000000000000000000000000000000000
417;1344192.00000000000000000000000000000000000000000000000000
418;1345132.00000000000000000000000000000000000000000000000000
419;1346644.00000000000000000000000000000000000000000000000000
420;1348016.00000000000000000000000000000000000000000000000000
421;1349472.00000000000000000000000000000000000000000000000000
422;1350432.00000000000000000000000000000000000000000000000000
423;1351920.00000000000000000000000000000000000000000000000000
424;1353740.00000000000000000000000000000000000000000000000000
425;1355880.00000000000000000000000000000000000000000000000000
426;1356820.00000000000000000000000000000000000000000000000000
427;1360392.00000000000000000000000000000000000000000000000000
428;1360692.00000000000000000000000000000000000000000000000000
429;1363424.00000000000000000000000000000000000000000000000000
430;1364832.00000000000000000000000000000000000000000000000000
431;1367228.00000000000000000000000000000000000000000000000000
432;1369872.00000000000000000000000000000000000000000000000000
433;1371512.00000000000000000000000000000000000000000000000000
434;1373072.00000000000000000000000000000000000000000000000000
435;1375392.00000000000000000000000000000000000000000000000000
436;1377184.00000000000000000000000000000000000000000000000000
437;1379188.00000000000000000000000000000000000000000000000000
438;1379948.00000000000000000000000000000000000000000000000000
439;1382716.00000000000000000000000000000000000000000000000000
440;1384152.00000000000000000000000000000000000000000000000000
441;1386084.00000000000000000000000000000000000000000000000000
442;1389596.00000000000000000000000000000000000000000000000000
443;1392096.00000000000000000000000000000000000000000000000000
444;1393908.00000000000000000000000000000000000000000000000000
445;1397960.00000000000000000000000000000000000000000000000000
446;1400064.00000000000000000000000000000000000000000000000000
447;1401900.00000000000000000000000000000000000000000000000000
448;1403040.00000000000000000000000000000000000000000000000000
449;1410240.00000000000000000000000000000000000000000000000000
450;1412148.00000000000000000000000000000000000000000000000000
451;1413888.00000000000000000000000000000000000000000000000000
452;1416040.00000000000000000000000000000000000000000000000000
453;1424380.00000000000000000000000000000000000000000000000000
454;1425792.00000000000000000000000000000000000000000000000000
455;1427556.00000000000000000000000000000000000000000000000000
456;1429240.00000000000000000000000000000000000000000000000000
457;1431052.00000000000000000000000000000000000000000000000000
458;1432924.00000000000000000000000000000000000000000000000000
459;1436936.00000000000000000000000000000000000000000000000000
460;1438424.00000000000000000000000000000000000000000000000000
461;1440196.00000000000000000000000000000000000000000000000000
462;1442676.00000000000000000000000000000000000000000000000000
463;1449956.00000000000000000000000000000000000000000000000000
464;1450740.00000000000000000000000000000000000000000000000000
465;1452728.00000000000000000000000000000000000000000000000000
466;1454200.00000000000000000000000000000000000000000000000000
467;1454176.00000000000000000000000000000000000000000000000000
468;1454148.00000000000000000000000000000000000000000000000000
469;1454096.00000000000000000000000000000000000000000000000000
470;1454164.00000000000000000000000000000000000000000000000000
471;1454180.00000000000000000000000000000000000000000000000000
472;1454096.00000000000000000000000000000000000000000000000000
473;1454164.00000000000000000000000000000000000000000000000000
474;1454208.00000000000000000000000000000000000000000000000000
475;1454160.00000000000000000000000000000000000000000000000000
476;1454176.00000000000000000000000000000000000000000000000000
477;1454096.00000000000000000000000000000000000000000000000000
478;1454216.00000000000000000000000000000000000000000000000000
479;1454216.00000000000000000000000000000000000000000000000000
480;1454136.00000000000000000000000000000000000000000000000000
481;1454204.00000000000000000000000000000000000000000000000000
482;1454220.00000000000000000000000000000000000000000000000000
483;1454200.00000000000000000000000000000000000000000000000000
484;1454204.00000000000000000000000000000000000000000000000000
485;1454224.00000000000000000000000000000000000000000000000000
486;1454232.00000000000000000000000000000000000000000000000000
487;1454220.00000000000000000000000000000000000000000000000000
488;1454136.00000000000000000000000000000000000000000000000000
489;1454232.00000000000000000000000000000000000000000000000000
490;1454216.00000000000000000000000000000000000000000000000000
491;1454188.00000000000000000000000000000000000000000000000000
492;1454216.00000000000000000000000000000000000000000000000000
493;1454204.00000000000000000000000000000000000000000000000000
494;1454200.00000000000000000000000000000000000000000000000000
495;1454152.00000000000000000000000000000000000000000000000000
496;1454188.00000000000000000000000000000000000000000000000000
497;1454200.00000000000000000000000000000000000000000000000000
498;1454152.00000000000000000000000000000000000000000000000000
499;1454200.00000000000000000000000000000000000000000000000000
500;1454232.00000000000000000000000000000000000000000000000000
501;1454216.00000000000000000000000000000000000000000000000000
502;1454200.00000000000000000000000000000000000000000000000000
503;1454152.00000000000000000000000000000000000000000000000000
504;1454200.00000000000000000000000000000000000000000000000000
505;1345228.00000000000000000000000000000000000000000000000000
506;1345704.00000000000000000000000000000000000000000000000000
507;1345972.00000000000000000000000000000000000000000000000000
508;1346968.00000000000000000000000000000000000000000000000000
509;1348172.00000000000000000000000000000000000000000000000000
510;1350588.00000000000000000000000000000000000000000000000000
511;1352516.00000000000000000000000000000000000000000000000000
512;1355484.00000000000000000000000000000000000000000000000000
513;1358140.00000000000000000000000000000000000000000000000000
514;1359376.00000000000000000000000000000000000000000000000000
515;1364300.00000000000000000000000000000000000000000000000000
516;1365020.00000000000000000000000000000000000000000000000000
517;1367580.00000000000000000000000000000000000000000000000000
518;1370432.00000000000000000000000000000000000000000000000000
519;1373572.00000000000000000000000000000000000000000000000000
520;1375780.00000000000000000000000000000000000000000000000000
521;1380084.00000000000000000000000000000000000000000000000000
522;1382600.00000000000000000000000000000000000000000000000000
523;1385816.00000000000000000000000000000000000000000000000000
524;1387840.00000000000000000000000000000000000000000000000000
525;1390672.00000000000000000000000000000000000000000000000000
526;1392984.00000000000000000000000000000000000000000000000000
527;1394760.00000000000000000000000000000000000000000000000000
528;1397332.00000000000000000000000000000000000000000000000000
529;1402328.00000000000000000000000000000000000000000000000000
530;1404168.00000000000000000000000000000000000000000000000000
531;1406312.00000000000000000000000000000000000000000000000000
532;1409316.00000000000000000000000000000000000000000000000000
533;1411932.00000000000000000000000000000000000000000000000000
534;1413788.00000000000000000000000000000000000000000000000000
535;1424252.00000000000000000000000000000000000000000000000000
536;1426364.00000000000000000000000000000000000000000000000000
537;1429148.00000000000000000000000000000000000000000000000000
538;1431636.00000000000000000000000000000000000000000000000000
539;1436472.00000000000000000000000000000000000000000000000000
540;1438448.00000000000000000000000000000000000000000000000000
541;1441364.00000000000000000000000000000000000000000000000000
542;1443692.00000000000000000000000000000000000000000000000000
543;1445764.00000000000000000000000000000000000000000000000000
544;1451512.00000000000000000000000000000000000000000000000000
545;1452412.00000000000000000000000000000000000000000000000000
546;1455960.00000000000000000000000000000000000000000000000000
547;1457144.00000000000000000000000000000000000000000000000000
548;1457036.00000000000000000000000000000000000000000000000000
549;1456976.00000000000000000000000000000000000000000000000000
550;1456976.00000000000000000000000000000000000000000000000000
551;1457040.00000000000000000000000000000000000000000000000000
552;1457012.00000000000000000000000000000000000000000000000000
553;1457072.00000000000000000000000000000000000000000000000000
554;1457040.00000000000000000000000000000000000000000000000000
555;1457040.00000000000000000000000000000000000000000000000000
556;1457040.00000000000000000000000000000000000000000000000000
557;1457012.00000000000000000000000000000000000000000000000000
558;1457040.00000000000000000000000000000000000000000000000000
559;1457064.00000000000000000000000000000000000000000000000000
560;1457064.00000000000000000000000000000000000000000000000000
561;1457000.00000000000000000000000000000000000000000000000000
562;1457096.00000000000000000000000000000000000000000000000000
563;1457064.00000000000000000000000000000000000000000000000000
564;1457004.00000000000000000000000000000000000000000000000000
565;1457064.00000000000000000000000000000000000000000000000000
566;1457032.00000000000000000000000000000000000000000000000000
567;1457096.00000000000000000000000000000000000000000000000000
568;1457064.00000000000000000000000000000000000000000000000000
569;1457060.00000000000000000000000000000000000000000000000000
570;1457064.00000000000000000000000000000000000000000000000000
571;1457064.00000000000000000000000000000000000000000000000000
572;1457064.00000000000000000000000000000000000000000000000000
573;1457064.00000000000000000000000000000000000000000000000000
574;1457000.00000000000000000000000000000000000000000000000000
575;1457096.00000000000000000000000000000000000000000000000000
576;1457000.00000000000000000000000000000000000000000000000000
577;1457000.00000000000000000000000000000000000000000000000000
578;1457096.00000000000000000000000000000000000000000000000000
579;1457096.00000000000000000000000000000000000000000000000000
580;1457064.00000000000000000000000000000000000000000000000000
581;1457064.00000000000000000000000000000000000000000000000000
582;1457064.00000000000000000000000000000000000000000000000000
583;1457000.00000000000000000000000000000000000000000000000000
584;1457096.00000000000000000000000000000000000000000000000000
585;1457000.00000000000000000000000000000000000000000000000000
586;1344904.00000000000000000000000000000000000000000000000000
587;1345704.00000000000000000000000000000000000000000000000000
588;1346236.00000000000000000000000000000000000000000000000000
589;1346480.00000000000000000000000000000000000000000000000000
590;1348888.00000000000000000000000000000000000000000000000000
591;1351312.00000000000000000000000000000000000000000000000000
592;1353324.00000000000000000000000000000000000000000000000000
593;1355028.00000000000000000000000000000000000000000000000000
594;1357820.00000000000000000000000000000000000000000000000000
595;1359744.00000000000000000000000000000000000000000000000000
596;1362244.00000000000000000000000000000000000000000000000000
597;1364968.00000000000000000000000000000000000000000000000000
598;1368300.00000000000000000000000000000000000000000000000000
599;1370996.00000000000000000000000000000000000000000000000000
600;1373788.00000000000000000000000000000000000000000000000000
601;1376356.00000000000000000000000000000000000000000000000000
602;1378444.00000000000000000000000000000000000000000000000000
603;1382256.00000000000000000000000000000000000000000000000000
604;1384056.00000000000000000000000000000000000000000000000000
605;1385988.00000000000000000000000000000000000000000000000000
606;1389672.00000000000000000000000000000000000000000000000000
607;1391764.00000000000000000000000000000000000000000000000000
608;1394060.00000000000000000000000000000000000000000000000000
609;1398336.00000000000000000000000000000000000000000000000000
610;1400920.00000000000000000000000000000000000000000000000000
611;1403272.00000000000000000000000000000000000000000000000000
612;1409492.00000000000000000000000000000000000000000000000000
613;1412396.00000000000000000000000000000000000000000000000000
614;1413824.00000000000000000000000000000000000000000000000000
615;1419412.00000000000000000000000000000000000000000000000000
616;1421056.00000000000000000000000000000000000000000000000000
617;1424172.00000000000000000000000000000000000000000000000000
618;1427144.00000000000000000000000000000000000000000000000000
619;1432992.00000000000000000000000000000000000000000000000000
620;1436016.00000000000000000000000000000000000000000000000000
621;1437068.00000000000000000000000000000000000000000000000000
622;1441284.00000000000000000000000000000000000000000000000000
623;1446572.00000000000000000000000000000000000000000000000000
624;1447312.00000000000000000000000000000000000000000000000000
625;1449396.00000000000000000000000000000000000000000000000000
626;1453980.00000000000000000000000000000000000000000000000000
627;1453996.00000000000000000000000000000000000000000000000000
628;1454920.00000000000000000000000000000000000000000000000000
629;1454960.00000000000000000000000000000000000000000000000000
630;1454928.00000000000000000000000000000000000000000000000000
631;1454864.00000000000000000000000000000000000000000000000000
632;1454928.00000000000000000000000000000000000000000000000000
633;1454960.00000000000000000000000000000000000000000000000000
634;1454864.00000000000000000000000000000000000000000000000000
635;1454900.00000000000000000000000000000000000000000000000000
636;1454964.00000000000000000000000000000000000000000000000000
637;1454896.00000000000000000000000000000000000000000000000000
638;1454928.00000000000000000000000000000000000000000000000000
639;1454936.00000000000000000000000000000000000000000000000000
640;1454936.00000000000000000000000000000000000000000000000000
641;1454872.00000000000000000000000000000000000000000000000000
642;1454872.00000000000000000000000000000000000000000000000000
643;1454936.00000000000000000000000000000000000000000000000000
644;1454936.00000000000000000000000000000000000000000000000000
645;1454936.00000000000000000000000000000000000000000000000000
646;1454872.00000000000000000000000000000000000000000000000000
647;1454872.00000000000000000000000000000000000000000000000000
648;1454872.00000000000000000000000000000000000000000000000000
649;1454936.00000000000000000000000000000000000000000000000000
650;1454908.00000000000000000000000000000000000000000000000000
651;1454872.00000000000000000000000000000000000000000000000000
652;1454968.00000000000000000000000000000000000000000000000000
653;1454936.00000000000000000000000000000000000000000000000000
654;1454908.00000000000000000000000000000000000000000000000000
655;1454896.00000000000000000000000000000000000000000000000000
656;1454868.00000000000000000000000000000000000000000000000000
657;1454900.00000000000000000000000000000000000000000000000000
658;1454836.00000000000000000000000000000000000000000000000000
659;1454840.00000000000000000000000000000000000000000000000000
660;1454776.00000000000000000000000000000000000000000000000000
661;1454840.00000000000000000000000000000000000000000000000000
662;1454776.00000000000000000000000000000000000000000000000000
663;1454840.00000000000000000000000000000000000000000000000000
664;1454840.00000000000000000000000000000000000000000000000000
665;1454808.00000000000000000000000000000000000000000000000000
666;1345492.00000000000000000000000000000000000000000000000000
667;1343532.00000000000000000000000000000000000000000000000000
668;1344764.00000000000000000000000000000000000000000000000000
669;1345760.00000000000000000000000000000000000000000000000000
670;1347868.00000000000000000000000000000000000000000000000000
671;1350752.00000000000000000000000000000000000000000000000000
672;1352832.00000000000000000000000000000000000000000000000000
673;1354716.00000000000000000000000000000000000000000000000000
674;1357248.00000000000000000000000000000000000000000000000000
675;1359648.00000000000000000000000000000000000000000000000000
676;1362440.00000000000000000000000000000000000000000000000000
677;1366480.00000000000000000000000000000000000000000000000000
678;1367608.00000000000000000000000000000000000000000000000000
679;1370812.00000000000000000000000000000000000000000000000000
680;1371596.00000000000000000000000000000000000000000000000000
681;1375268.00000000000000000000000000000000000000000000000000
682;1376776.00000000000000000000000000000000000000000000000000
683;1380384.00000000000000000000000000000000000000000000000000
684;1383636.00000000000000000000000000000000000000000000000000
685;1386124.00000000000000000000000000000000000000000000000000
686;1388932.00000000000000000000000000000000000000000000000000
687;1392336.00000000000000000000000000000000000000000000000000
688;1395004.00000000000000000000000000000000000000000000000000
689;1397532.00000000000000000000000000000000000000000000000000
690;1403116.00000000000000000000000000000000000000000000000000
691;1405520.00000000000000000000000000000000000000000000000000
692;1408544.00000000000000000000000000000000000000000000000000
693;1413704.00000000000000000000000000000000000000000000000000
694;1416228.00000000000000000000000000000000000000000000000000
695;1417912.00000000000000000000000000000000000000000000000000
696;1420032.00000000000000000000000000000000000000000000000000
697;1429264.00000000000000000000000000000000000000000000000000
698;1431444.00000000000000000000000000000000000000000000000000
699;1434860.00000000000000000000000000000000000000000000000000
700;1436608.00000000000000000000000000000000000000000000000000
701;1441764.00000000000000000000000000000000000000000000000000
702;1443292.00000000000000000000000000000000000000000000000000
703;1446428.00000000000000000000000000000000000000000000000000
704;1447616.00000000000000000000000000000000000000000000000000
705;1450640.00000000000000000000000000000000000000000000000000
706;1458876.00000000000000000000000000000000000000000000000000
707;1460340.00000000000000000000000000000000000000000000000000
708;1460476.00000000000000000000000000000000000000000000000000
709;1460412.00000000000000000000000000000000000000000000000000
710;1460416.00000000000000000000000000000000000000000000000000
711;1460420.00000000000000000000000000000000000000000000000000
712;1460484.00000000000000000000000000000000000000000000000000
713;1460360.00000000000000000000000000000000000000000000000000
714;1460420.00000000000000000000000000000000000000000000000000
715;1460484.00000000000000000000000000000000000000000000000000
716;1460420.00000000000000000000000000000000000000000000000000
717;1460484.00000000000000000000000000000000000000000000000000
718;1460420.00000000000000000000000000000000000000000000000000
719;1460432.00000000000000000000000000000000000000000000000000
720;1460432.00000000000000000000000000000000000000000000000000
721;1460432.00000000000000000000000000000000000000000000000000
722;1460368.00000000000000000000000000000000000000000000000000
723;1460496.00000000000000000000000000000000000000000000000000
724;1460372.00000000000000000000000000000000000000000000000000
725;1460432.00000000000000000000000000000000000000000000000000
726;1460428.00000000000000000000000000000000000000000000000000
727;1460432.00000000000000000000000000000000000000000000000000
728;1460428.00000000000000000000000000000000000000000000000000
729;1460368.00000000000000000000000000000000000000000000000000
730;1460496.00000000000000000000000000000000000000000000000000
731;1460372.00000000000000000000000000000000000000000000000000
732;1460416.00000000000000000000000000000000000000000000000000
733;1460432.00000000000000000000000000000000000000000000000000
734;1460372.00000000000000000000000000000000000000000000000000
735;1460368.00000000000000000000000000000000000000000000000000
736;1460432.00000000000000000000000000000000000000000000000000
737;1460432.00000000000000000000000000000000000000000000000000
738;1460496.00000000000000000000000000000000000000000000000000
739;1460428.00000000000000000000000000000000000000000000000000
740;1460432.00000000000000000000000000000000000000000000000000
741;1460496.00000000000000000000000000000000000000000000000000
742;1460372.00000000000000000000000000000000000000000000000000
743;1460368.00000000000000000000000000000000000000000000000000
744;1460432.00000000000000000000000000000000000000000000000000
745;1460368.00000000000000000000000000000000000000000000000000
746;1345548.00000000000000000000000000000000000000000000000000
747;1346348.00000000000000000000000000000000000000000000000000
748;1347556.00000000000000000000000000000000000000000000000000
749;1347456.00000000000000000000000000000000000000000000000000
750;1349860.00000000000000000000000000000000000000000000000000
751;1351568.00000000000000000000000000000000000000000000000000
752;1353588.00000000000000000000000000000000000000000000000000
753;1355916.00000000000000000000000000000000000000000000000000
754;1360272.00000000000000000000000000000000000000000000000000
755;1362112.00000000000000000000000000000000000000000000000000
756;1365364.00000000000000000000000000000000000000000000000000
757;1366572.00000000000000000000000000000000000000000000000000
758;1368928.00000000000000000000000000000000000000000000000000
759;1371900.00000000000000000000000000000000000000000000000000
760;1374524.00000000000000000000000000000000000000000000000000
761;1377448.00000000000000000000000000000000000000000000000000
762;1378740.00000000000000000000000000000000000000000000000000
763;1380408.00000000000000000000000000000000000000000000000000
764;1383732.00000000000000000000000000000000000000000000000000
765;1386548.00000000000000000000000000000000000000000000000000
766;1389872.00000000000000000000000000000000000000000000000000
767;1392516.00000000000000000000000000000000000000000000000000
768;1394248.00000000000000000000000000000000000000000000000000
769;1397864.00000000000000000000000000000000000000000000000000
770;1400900.00000000000000000000000000000000000000000000000000
771;1403604.00000000000000000000000000000000000000000000000000
772;1407812.00000000000000000000000000000000000000000000000000
773;1411372.00000000000000000000000000000000000000000000000000
774;1412800.00000000000000000000000000000000000000000000000000
775;1417556.00000000000000000000000000000000000000000000000000
776;1418856.00000000000000000000000000000000000000000000000000
777;1420348.00000000000000000000000000000000000000000000000000
778;1422768.00000000000000000000000000000000000000000000000000
779;1432436.00000000000000000000000000000000000000000000000000
780;1434336.00000000000000000000000000000000000000000000000000
781;1435396.00000000000000000000000000000000000000000000000000
782;1437908.00000000000000000000000000000000000000000000000000
783;1439888.00000000000000000000000000000000000000000000000000
784;1441464.00000000000000000000000000000000000000000000000000
785;1445508.00000000000000000000000000000000000000000000000000
786;1448444.00000000000000000000000000000000000000000000000000
787;1449432.00000000000000000000000000000000000000000000000000
788;1453448.00000000000000000000000000000000000000000000000000
789;1453460.00000000000000000000000000000000000000000000000000
790;1455276.00000000000000000000000000000000000000000000000000
791;1455280.00000000000000000000000000000000000000000000000000
792;1455280.00000000000000000000000000000000000000000000000000
793;1455280.00000000000000000000000000000000000000000000000000
794;1455280.00000000000000000000000000000000000000000000000000
795;1455280.00000000000000000000000000000000000000000000000000
796;1455216.00000000000000000000000000000000000000000000000000
797;1455344.00000000000000000000000000000000000000000000000000
798;1455216.00000000000000000000000000000000000000000000000000
799;1455280.00000000000000000000000000000000000000000000000000
800;1455280.00000000000000000000000000000000000000000000000000
801;1455280.00000000000000000000000000000000000000000000000000
802;1455280.00000000000000000000000000000000000000000000000000
803;1455216.00000000000000000000000000000000000000000000000000
804;1455280.00000000000000000000000000000000000000000000000000
805;1455280.00000000000000000000000000000000000000000000000000
806;1455344.00000000000000000000000000000000000000000000000000
807;1455280.00000000000000000000000000000000000000000000000000
808;1455216.00000000000000000000000000000000000000000000000000
809;1455216.00000000000000000000000000000000000000000000000000
810;1455280.00000000000000000000000000000000000000000000000000
811;1455216.00000000000000000000000000000000000000000000000000
812;1455280.00000000000000000000000000000000000000000000000000
813;1455216.00000000000000000000000000000000000000000000000000
814;1455280.00000000000000000000000000000000000000000000000000
815;1455344.00000000000000000000000000000000000000000000000000
816;1455216.00000000000000000000000000000000000000000000000000
817;1455280.00000000000000000000000000000000000000000000000000
818;1455280.00000000000000000000000000000000000000000000000000
819;1455280.00000000000000000000000000000000000000000000000000
820;1455280.00000000000000000000000000000000000000000000000000
821;1455344.00000000000000000000000000000000000000000000000000
822;1455344.00000000000000000000000000000000000000000000000000
823;1455216.00000000000000000000000000000000000000000000000000
824;1455280.00000000000000000000000000000000000000000000000000
825;1455280.00000000000000000000000000000000000000000000000000
826;1455216.00000000000000000000000000000000000000000000000000
827;1455280.00000000000000000000000000000000000000000000000000
828;1455280.00000000000000000000000000000000000000000000000000
829;1455344.00000000000000000000000000000000000000000000000000
830;1455280.00000000000000000000000000000000000000000000000000
831;1455280.00000000000000000000000000000000000000000000000000
832;1346792.00000000000000000000000000000000000000000000000000
833;1345552.00000000000000000000000000000000000000000000000000
834;1345512.00000000000000000000000000000000000000000000000000
835;1346480.00000000000000000000000000000000000000000000000000
836;1346836.00000000000000000000000000000000000000000000000000
837;1346760.00000000000000000000000000000000000000000000000000
838;1347808.00000000000000000000000000000000000000000000000000
839;1348940.00000000000000000000000000000000000000000000000000
840;1349924.00000000000000000000000000000000000000000000000000
841;1352252.00000000000000000000000000000000000000000000000000
842;1353476.00000000000000000000000000000000000000000000000000
843;1356164.00000000000000000000000000000000000000000000000000
844;1357700.00000000000000000000000000000000000000000000000000
845;1359424.00000000000000000000000000000000000000000000000000
846;1361224.00000000000000000000000000000000000000000000000000
847;1362676.00000000000000000000000000000000000000000000000000
848;1363724.00000000000000000000000000000000000000000000000000
849;1366636.00000000000000000000000000000000000000000000000000
850;1367700.00000000000000000000000000000000000000000000000000
851;1369508.00000000000000000000000000000000000000000000000000
852;1371880.00000000000000000000000000000000000000000000000000
853;1372532.00000000000000000000000000000000000000000000000000
854;1374060.00000000000000000000000000000000000000000000000000
855;1375632.00000000000000000000000000000000000000000000000000
856;1377908.00000000000000000000000000000000000000000000000000
857;1378860.00000000000000000000000000000000000000000000000000
858;1380688.00000000000000000000000000000000000000000000000000
859;1383232.00000000000000000000000000000000000000000000000000
860;1385596.00000000000000000000000000000000000000000000000000
861;1385736.00000000000000000000000000000000000000000000000000
862;1388276.00000000000000000000000000000000000000000000000000
863;1391280.00000000000000000000000000000000000000000000000000
864;1393208.00000000000000000000000000000000000000000000000000
865;1394872.00000000000000000000000000000000000000000000000000
866;1396720.00000000000000000000000000000000000000000000000000
867;1401648.00000000000000000000000000000000000000000000000000
868;1403296.00000000000000000000000000000000000000000000000000
869;1404584.00000000000000000000000000000000000000000000000000
870;1406280.00000000000000000000000000000000000000000000000000
871;1407828.00000000000000000000000000000000000000000000000000
872;1411032.00000000000000000000000000000000000000000000000000
873;1412164.00000000000000000000000000000000000000000000000000
874;1413800.00000000000000000000000000000000000000000000000000
875;1414876.00000000000000000000000000000000000000000000000000
876;1416004.00000000000000000000000000000000000000000000000000
877;1417788.00000000000000000000000000000000000000000000000000
878;1425632.00000000000000000000000000000000000000000000000000
879;1427148.00000000000000000000000000000000000000000000000000
880;1429436.00000000000000000000000000000000000000000000000000
881;1429776.00000000000000000000000000000000000000000000000000
882;1431736.00000000000000000000000000000000000000000000000000
883;1437676.00000000000000000000000000000000000000000000000000
884;1438012.00000000000000000000000000000000000000000000000000
885;1439992.00000000000000000000000000000000000000000000000000
886;1441444.00000000000000000000000000000000000000000000000000
887;1442776.00000000000000000000000000000000000000000000000000
888;1444228.00000000000000000000000000000000000000000000000000
889;1452048.00000000000000000000000000000000000000000000000000
890;1452056.00000000000000000000000000000000000000000000000000
891;1451932.00000000000000000000000000000000000000000000000000
892;1451836.00000000000000000000000000000000000000000000000000
893;1452120.00000000000000000000000000000000000000000000000000
894;1451932.00000000000000000000000000000000000000000000000000
895;1451864.00000000000000000000000000000000000000000000000000
896;1451932.00000000000000000000000000000000000000000000000000
897;1451932.00000000000000000000000000000000000000000000000000
898;1451932.00000000000000000000000000000000000000000000000000
899;1451988.00000000000000000000000000000000000000000000000000
900;1451932.00000000000000000000000000000000000000000000000000
901;1451992.00000000000000000000000000000000000000000000000000
902;1451992.00000000000000000000000000000000000000000000000000
903;1451900.00000000000000000000000000000000000000000000000000
904;1452152.00000000000000000000000000000000000000000000000000
905;1451992.00000000000000000000000000000000000000000000000000
906;1452152.00000000000000000000000000000000000000000000000000
907;1452152.00000000000000000000000000000000000000000000000000
908;1451988.00000000000000000000000000000000000000000000000000
909;1452152.00000000000000000000000000000000000000000000000000
910;1451988.00000000000000000000000000000000000000000000000000
911;1451932.00000000000000000000000000000000000000000000000000
912;1451988.00000000000000000000000000000000000000000000000000
913;1451988.00000000000000000000000000000000000000000000000000
914;1451988.00000000000000000000000000000000000000000000000000
915;1452052.00000000000000000000000000000000000000000000000000
916;1451988.00000000000000000000000000000000000000000000000000
917;1452116.00000000000000000000000000000000000000000000000000
918;1451860.00000000000000000000000000000000000000000000000000
919;1451988.00000000000000000000000000000000000000000000000000
920;1451992.00000000000000000000000000000000000000000000000000
921;1451988.00000000000000000000000000000000000000000000000000
922;1451988.00000000000000000000000000000000000000000000000000
923;1451924.00000000000000000000000000000000000000000000000000
924;1452152.00000000000000000000000000000000000000000000000000
925;1451932.00000000000000000000000000000000000000000000000000
926;1452120.00000000000000000000000000000000000000000000000000
927;1451864.00000000000000000000000000000000000000000000000000
928;1451864.00000000000000000000000000000000000000000000000000
929;1451988.00000000000000000000000000000000000000000000000000
930;1451992.00000000000000000000000000000000000000000000000000
931;1451800.00000000000000000000000000000000000000000000000000
932;1451992.00000000000000000000000000000000000000000000000000
933;1451988.00000000000000000000000000000000000000000000000000
934;1451896.00000000000000000000000000000000000000000000000000
935;1341896.00000000000000000000000000000000000000000000000000
936;1342348.00000000000000000000000000000000000000000000000000
937;1343452.00000000000000000000000000000000000000000000000000
938;1343396.00000000000000000000000000000000000000000000000000
939;1344936.00000000000000000000000000000000000000000000000000
940;1345252.00000000000000000000000000000000000000000000000000
941;1346320.00000000000000000000000000000000000000000000000000
942;1347576.00000000000000000000000000000000000000000000000000
943;1349040.00000000000000000000000000000000000000000000000000
944;1349880.00000000000000000000000000000000000000000000000000
945;1352232.00000000000000000000000000000000000000000000000000
946;1355252.00000000000000000000000000000000000000000000000000
947;1356544.00000000000000000000000000000000000000000000000000
948;1358536.00000000000000000000000000000000000000000000000000
949;1359652.00000000000000000000000000000000000000000000000000
950;1361376.00000000000000000000000000000000000000000000000000
951;1364608.00000000000000000000000000000000000000000000000000
952;1366348.00000000000000000000000000000000000000000000000000
953;1368156.00000000000000000000000000000000000000000000000000
954;1370092.00000000000000000000000000000000000000000000000000
955;1371544.00000000000000000000000000000000000000000000000000
956;1374232.00000000000000000000000000000000000000000000000000
957;1376572.00000000000000000000000000000000000000000000000000
958;1378088.00000000000000000000000000000000000000000000000000
959;1380972.00000000000000000000000000000000000000000000000000
960;1383160.00000000000000000000000000000000000000000000000000
961;1384896.00000000000000000000000000000000000000000000000000
962;1385996.00000000000000000000000000000000000000000000000000
963;1389172.00000000000000000000000000000000000000000000000000
964;1390292.00000000000000000000000000000000000000000000000000
965;1391632.00000000000000000000000000000000000000000000000000
966;1393296.00000000000000000000000000000000000000000000000000
967;1397872.00000000000000000000000000000000000000000000000000
968;1398440.00000000000000000000000000000000000000000000000000
969;1401004.00000000000000000000000000000000000000000000000000
970;1403900.00000000000000000000000000000000000000000000000000
971;1405696.00000000000000000000000000000000000000000000000000
972;1407460.00000000000000000000000000000000000000000000000000
973;1408136.00000000000000000000000000000000000000000000000000
974;1410880.00000000000000000000000000000000000000000000000000
975;1417052.00000000000000000000000000000000000000000000000000
976;1419152.00000000000000000000000000000000000000000000000000
977;1420768.00000000000000000000000000000000000000000000000000
978;1422132.00000000000000000000000000000000000000000000000000
979;1422884.00000000000000000000000000000000000000000000000000
980;1428356.00000000000000000000000000000000000000000000000000
981;1430036.00000000000000000000000000000000000000000000000000
982;1433672.00000000000000000000000000000000000000000000000000
983;1433544.00000000000000000000000000000000000000000000000000
984;1436320.00000000000000000000000000000000000000000000000000
985;1437820.00000000000000000000000000000000000000000000000000
986;1440040.00000000000000000000000000000000000000000000000000
987;1444224.00000000000000000000000000000000000000000000000000
988;1445120.00000000000000000000000000000000000000000000000000
989;1446048.00000000000000000000000000000000000000000000000000
990;1448324.00000000000000000000000000000000000000000000000000
991;1451132.00000000000000000000000000000000000000000000000000
992;1451132.00000000000000000000000000000000000000000000000000
993;1452956.00000000000000000000000000000000000000000000000000
994;1453032.00000000000000000000000000000000000000000000000000
995;1453020.00000000000000000000000000000000000000000000000000
996;1452984.00000000000000000000000000000000000000000000000000
997;1452920.00000000000000000000000000000000000000000000000000
998;1452972.00000000000000000000000000000000000000000000000000
999;1452972.00000000000000000000000000000000000000000000000000
1000;1452984.00000000000000000000000000000000000000000000000000
1001;1452976.00000000000000000000000000000000000000000000000000
1002;1452968.00000000000000000000000000000000000000000000000000
1003;1452968.00000000000000000000000000000000000000000000000000
1004;1453036.00000000000000000000000000000000000000000000000000
1005;1453036.00000000000000000000000000000000000000000000000000
1006;1453160.00000000000000000000000000000000000000000000000000
1007;1453160.00000000000000000000000000000000000000000000000000
1008;1453160.00000000000000000000000000000000000000000000000000
1009;1453160.00000000000000000000000000000000000000000000000000
1010;1453160.00000000000000000000000000000000000000000000000000
1011;1453096.00000000000000000000000000000000000000000000000000
1012;1453208.00000000000000000000000000000000000000000000000000
1013;1453140.00000000000000000000000000000000000000000000000000
1014;1453140.00000000000000000000000000000000000000000000000000
1015;1453132.00000000000000000000000000000000000000000000000000
1016;1453096.00000000000000000000000000000000000000000000000000
1017;1453096.00000000000000000000000000000000000000000000000000
1018;1453160.00000000000000000000000000000000000000000000000000
1019;1453148.00000000000000000000000000000000000000000000000000
1020;1453208.00000000000000000000000000000000000000000000000000
1021;1453208.00000000000000000000000000000000000000000000000000
1022;1453160.00000000000000000000000000000000000000000000000000
1023;1453212.00000000000000000000000000000000000000000000000000
1024;1453208.00000000000000000000000000000000000000000000000000
1025;1453140.00000000000000000000000000000000000000000000000000
1026;1453196.00000000000000000000000000000000000000000000000000
1027;1453196.00000000000000000000000000000000000000000000000000
1028;1453096.00000000000000000000000000000000000000000000000000
1029;1453224.00000000000000000000000000000000000000000000000000
1030;1453148.00000000000000000000000000000000000000000000000000
1031;1453160.00000000000000000000000000000000000000000000000000
1032;1453140.00000000000000000000000000000000000000000000000000
1033;1453084.00000000000000000000000000000000000000000000000000
1034;1453140.00000000000000000000000000000000000000000000000000
1035;1453140.00000000000000000000000000000000000000000000000000
1036;1453196.00000000000000000000000000000000000000000000000000
1037;1345840.00000000000000000000000000000000000000000000000000
1038;1345940.00000000000000000000000000000000000000000000000000
1039;1346600.00000000000000000000000000000000000000000000000000
1040;1347140.00000000000000000000000000000000000000000000000000
1041;1348396.00000000000000000000000000000000000000000000000000
1042;1348948.00000000000000000000000000000000000000000000000000
1043;1349260.00000000000000000000000000000000000000000000000000
1044;1351040.00000000000000000000000000000000000000000000000000
1045;1352556.00000000000000000000000000000000000000000000000000
1046;1365364.00000000000000000000000000000000000000000000000000
1047;1367272.00000000000000000000000000000000000000000000000000
1048;1368860.00000000000000000000000000000000000000000000000000
1049;1370696.00000000000000000000000000000000000000000000000000
1050;1372332.00000000000000000000000000000000000000000000000000
1051;1375276.00000000000000000000000000000000000000000000000000
1052;1377308.00000000000000000000000000000000000000000000000000
1053;1380348.00000000000000000000000000000000000000000000000000
1054;1381588.00000000000000000000000000000000000000000000000000
1055;1384784.00000000000000000000000000000000000000000000000000
1056;1387520.00000000000000000000000000000000000000000000000000
1057;1389944.00000000000000000000000000000000000000000000000000
1058;1390728.00000000000000000000000000000000000000000000000000
1059;1391444.00000000000000000000000000000000000000000000000000
1060;1394088.00000000000000000000000000000000000000000000000000
1061;1396520.00000000000000000000000000000000000000000000000000
1062;1397780.00000000000000000000000000000000000000000000000000
1063;1400096.00000000000000000000000000000000000000000000000000
1064;1403400.00000000000000000000000000000000000000000000000000
1065;1406172.00000000000000000000000000000000000000000000000000
1066;1407040.00000000000000000000000000000000000000000000000000
1067;1410924.00000000000000000000000000000000000000000000000000
1068;1412216.00000000000000000000000000000000000000000000000000
1069;1414176.00000000000000000000000000000000000000000000000000
1070;1417896.00000000000000000000000000000000000000000000000000
1071;1420164.00000000000000000000000000000000000000000000000000
1072;1421608.00000000000000000000000000000000000000000000000000
1073;1422980.00000000000000000000000000000000000000000000000000
1074;1425640.00000000000000000000000000000000000000000000000000
1075;1429116.00000000000000000000000000000000000000000000000000
1076;1429328.00000000000000000000000000000000000000000000000000
1077;1431648.00000000000000000000000000000000000000000000000000
1078;1433176.00000000000000000000000000000000000000000000000000
1079;1435200.00000000000000000000000000000000000000000000000000
1080;1443008.00000000000000000000000000000000000000000000000000
1081;1443780.00000000000000000000000000000000000000000000000000
1082;1447056.00000000000000000000000000000000000000000000000000
1083;1447528.00000000000000000000000000000000000000000000000000
1084;1449900.00000000000000000000000000000000000000000000000000
1085;1451840.00000000000000000000000000000000000000000000000000
1086;1455476.00000000000000000000000000000000000000000000000000
1087;1458452.00000000000000000000000000000000000000000000000000
1088;1459448.00000000000000000000000000000000000000000000000000
1089;1460956.00000000000000000000000000000000000000000000000000
1090;1463240.00000000000000000000000000000000000000000000000000
1091;1465136.00000000000000000000000000000000000000000000000000
1092;1466104.00000000000000000000000000000000000000000000000000
1093;1471828.00000000000000000000000000000000000000000000000000
1094;1471828.00000000000000000000000000000000000000000000000000
1095;1472844.00000000000000000000000000000000000000000000000000
1096;1472776.00000000000000000000000000000000000000000000000000
1097;1472776.00000000000000000000000000000000000000000000000000
1098;1472776.00000000000000000000000000000000000000000000000000
1099;1472776.00000000000000000000000000000000000000000000000000
1100;1472712.00000000000000000000000000000000000000000000000000
1101;1472712.00000000000000000000000000000000000000000000000000
1102;1472712.00000000000000000000000000000000000000000000000000
1103;1472712.00000000000000000000000000000000000000000000000000
1104;1472828.00000000000000000000000000000000000000000000000000
1105;1472728.00000000000000000000000000000000000000000000000000
1106;1472844.00000000000000000000000000000000000000000000000000
1107;1472828.00000000000000000000000000000000000000000000000000
1108;1472792.00000000000000000000000000000000000000000000000000
1109;1472792.00000000000000000000000000000000000000000000000000
1110;1472792.00000000000000000000000000000000000000000000000000
1111;1472776.00000000000000000000000000000000000000000000000000
1112;1472828.00000000000000000000000000000000000000000000000000
1113;1472840.00000000000000000000000000000000000000000000000000
1114;1472792.00000000000000000000000000000000000000000000000000
1115;1472840.00000000000000000000000000000000000000000000000000
1116;1472792.00000000000000000000000000000000000000000000000000
1117;1472840.00000000000000000000000000000000000000000000000000
1118;1472828.00000000000000000000000000000000000000000000000000
1119;1472776.00000000000000000000000000000000000000000000000000
1120;1472792.00000000000000000000000000000000000000000000000000
1121;1472712.00000000000000000000000000000000000000000000000000
1122;1472792.00000000000000000000000000000000000000000000000000
1123;1472840.00000000000000000000000000000000000000000000000000
1124;1472792.00000000000000000000000000000000000000000000000000
1125;1472776.00000000000000000000000000000000000000000000000000
1126;1472792.00000000000000000000000000000000000000000000000000
1127;1472792.00000000000000000000000000000000000000000000000000
1128;1472840.00000000000000000000000000000000000000000000000000
1129;1472728.00000000000000000000000000000000000000000000000000
1130;1472828.00000000000000000000000000000000000000000000000000
1131;1472844.00000000000000000000000000000000000000000000000000
1132;1472828.00000000000000000000000000000000000000000000000000
1133;1472840.00000000000000000000000000000000000000000000000000
1134;1472780.00000000000000000000000000000000000000000000000000
1135;1472764.00000000000000000000000000000000000000000000000000
1136;1472780.00000000000000000000000000000000000000000000000000
1137;1472828.00000000000000000000000000000000000000000000000000
1138;1472844.00000000000000000000000000000000000000000000000000
1139;1472776.00000000000000000000000000000000000000000000000000
1140;1472792.00000000000000000000000000000000000000000000000000
1141;1472764.00000000000000000000000000000000000000000000000000
1142;1472780.00000000000000000000000000000000000000000000000000
1143;1472712.00000000000000000000000000000000000000000000000000
1144;1366532.00000000000000000000000000000000000000000000000000
1145;1366896.00000000000000000000000000000000000000000000000000
1146;1368380.00000000000000000000000000000000000000000000000000
1147;1368652.00000000000000000000000000000000000000000000000000
1148;1368364.00000000000000000000000000000000000000000000000000
1149;1368912.00000000000000000000000000000000000000000000000000
1150;1369752.00000000000000000000000000000000000000000000000000
1151;1369924.00000000000000000000000000000000000000000000000000
1152;1372040.00000000000000000000000000000000000000000000000000
1153;1373340.00000000000000000000000000000000000000000000000000
1154;1375116.00000000000000000000000000000000000000000000000000
1155;1375744.00000000000000000000000000000000000000000000000000
1156;1377860.00000000000000000000000000000000000000000000000000
1157;1378520.00000000000000000000000000000000000000000000000000
1158;1380516.00000000000000000000000000000000000000000000000000
1159;1383408.00000000000000000000000000000000000000000000000000
1160;1384720.00000000000000000000000000000000000000000000000000
1161;1387016.00000000000000000000000000000000000000000000000000
1162;1388632.00000000000000000000000000000000000000000000000000
1163;1389708.00000000000000000000000000000000000000000000000000
1164;1391736.00000000000000000000000000000000000000000000000000
1165;1393060.00000000000000000000000000000000000000000000000000
1166;1394068.00000000000000000000000000000000000000000000000000
1167;1398140.00000000000000000000000000000000000000000000000000
1168;1398868.00000000000000000000000000000000000000000000000000
1169;1401536.00000000000000000000000000000000000000000000000000
1170;1402352.00000000000000000000000000000000000000000000000000
1171;1404028.00000000000000000000000000000000000000000000000000
1172;1405772.00000000000000000000000000000000000000000000000000
1173;1408652.00000000000000000000000000000000000000000000000000
1174;1410388.00000000000000000000000000000000000000000000000000
1175;1412300.00000000000000000000000000000000000000000000000000
1176;1413712.00000000000000000000000000000000000000000000000000
1177;1415988.00000000000000000000000000000000000000000000000000
1178;1417016.00000000000000000000000000000000000000000000000000
1179;1418416.00000000000000000000000000000000000000000000000000
1180;1422888.00000000000000000000000000000000000000000000000000
1181;1423608.00000000000000000000000000000000000000000000000000
1182;1425952.00000000000000000000000000000000000000000000000000
1183;1428220.00000000000000000000000000000000000000000000000000
1184;1429020.00000000000000000000000000000000000000000000000000
1185;1432104.00000000000000000000000000000000000000000000000000
1186;1433500.00000000000000000000000000000000000000000000000000
1187;1435112.00000000000000000000000000000000000000000000000000
1188;1436888.00000000000000000000000000000000000000000000000000
1189;1438036.00000000000000000000000000000000000000000000000000
1190;1446752.00000000000000000000000000000000000000000000000000
1191;1449500.00000000000000000000000000000000000000000000000000
1192;1449804.00000000000000000000000000000000000000000000000000
1193;1451480.00000000000000000000000000000000000000000000000000
1194;1453508.00000000000000000000000000000000000000000000000000
1195;1454736.00000000000000000000000000000000000000000000000000
1196;1458476.00000000000000000000000000000000000000000000000000
1197;1460944.00000000000000000000000000000000000000000000000000
1198;1462128.00000000000000000000000000000000000000000000000000
1199;1463388.00000000000000000000000000000000000000000000000000
1200;1465404.00000000000000000000000000000000000000000000000000
1201;1467492.00000000000000000000000000000000000000000000000000
1202;1468100.00000000000000000000000000000000000000000000000000
1203;1474260.00000000000000000000000000000000000000000000000000
1204;1475556.00000000000000000000000000000000000000000000000000
1205;1476880.00000000000000000000000000000000000000000000000000
1206;1476880.00000000000000000000000000000000000000000000000000
1207;1476816.00000000000000000000000000000000000000000000000000
1208;1476880.00000000000000000000000000000000000000000000000000
1209;1476916.00000000000000000000000000000000000000000000000000
1210;1476876.00000000000000000000000000000000000000000000000000
1211;1476816.00000000000000000000000000000000000000000000000000
1212;1476848.00000000000000000000000000000000000000000000000000
1213;1476852.00000000000000000000000000000000000000000000000000
1214;1476880.00000000000000000000000000000000000000000000000000
1215;1476912.00000000000000000000000000000000000000000000000000
1216;1476912.00000000000000000000000000000000000000000000000000
1217;1476916.00000000000000000000000000000000000000000000000000
1218;1476916.00000000000000000000000000000000000000000000000000
1219;1477048.00000000000000000000000000000000000000000000000000
1220;1476984.00000000000000000000000000000000000000000000000000
1221;1476984.00000000000000000000000000000000000000000000000000
1222;1477048.00000000000000000000000000000000000000000000000000
1223;1477080.00000000000000000000000000000000000000000000000000
1224;1477044.00000000000000000000000000000000000000000000000000
1225;1476988.00000000000000000000000000000000000000000000000000
1226;1476984.00000000000000000000000000000000000000000000000000
1227;1477020.00000000000000000000000000000000000000000000000000
1228;1477016.00000000000000000000000000000000000000000000000000
1229;1477020.00000000000000000000000000000000000000000000000000
1230;1476984.00000000000000000000000000000000000000000000000000
1231;1477048.00000000000000000000000000000000000000000000000000
1232;1477084.00000000000000000000000000000000000000000000000000
1233;1477044.00000000000000000000000000000000000000000000000000
1234;1477048.00000000000000000000000000000000000000000000000000
1235;1477048.00000000000000000000000000000000000000000000000000
1236;1476988.00000000000000000000000000000000000000000000000000
1237;1477016.00000000000000000000000000000000000000000000000000
1238;1477080.00000000000000000000000000000000000000000000000000
1239;1477084.00000000000000000000000000000000000000000000000000
1240;1477084.00000000000000000000000000000000000000000000000000
1241;1477048.00000000000000000000000000000000000000000000000000
1242;1477084.00000000000000000000000000000000000000000000000000
1243;1477048.00000000000000000000000000000000000000000000000000
1244;1476984.00000000000000000000000000000000000000000000000000
1245;1477016.00000000000000000000000000000000000000000000000000
1246;1477016.00000000000000000000000000000000000000000000000000
1247;1477048.00000000000000000000000000000000000000000000000000
1248;1477016.00000000000000000000000000000000000000000000000000
1249;1477016.00000000000000000000000000000000000000000000000000
1250;1367416.00000000000000000000000000000000000000000000000000
1251;1367552.00000000000000000000000000000000000000000000000000
1252;1368452.00000000000000000000000000000000000000000000000000
1253;1369712.00000000000000000000000000000000000000000000000000
1254;1370452.00000000000000000000000000000000000000000000000000
1255;1370836.00000000000000000000000000000000000000000000000000
1256;1370944.00000000000000000000000000000000000000000000000000
1257;1371180.00000000000000000000000000000000000000000000000000
1258;1372312.00000000000000000000000000000000000000000000000000
1259;1374200.00000000000000000000000000000000000000000000000000
1260;1376180.00000000000000000000000000000000000000000000000000
1261;1377292.00000000000000000000000000000000000000000000000000
1262;1379020.00000000000000000000000000000000000000000000000000
1263;1381140.00000000000000000000000000000000000000000000000000
1264;1382624.00000000000000000000000000000000000000000000000000
1265;1385656.00000000000000000000000000000000000000000000000000
1266;1387736.00000000000000000000000000000000000000000000000000
1267;1390324.00000000000000000000000000000000000000000000000000
1268;1392036.00000000000000000000000000000000000000000000000000
1269;1395240.00000000000000000000000000000000000000000000000000
1270;1396572.00000000000000000000000000000000000000000000000000
1271;1400628.00000000000000000000000000000000000000000000000000
1272;1402516.00000000000000000000000000000000000000000000000000
1273;1405584.00000000000000000000000000000000000000000000000000
1274;1406848.00000000000000000000000000000000000000000000000000
1275;1408916.00000000000000000000000000000000000000000000000000
1276;1411300.00000000000000000000000000000000000000000000000000
1277;1413212.00000000000000000000000000000000000000000000000000
1278;1418536.00000000000000000000000000000000000000000000000000
1279;1419804.00000000000000000000000000000000000000000000000000
1280;1423740.00000000000000000000000000000000000000000000000000
1281;1424588.00000000000000000000000000000000000000000000000000
1282;1428128.00000000000000000000000000000000000000000000000000
1283;1430216.00000000000000000000000000000000000000000000000000
1284;1431860.00000000000000000000000000000000000000000000000000
1285;1441616.00000000000000000000000000000000000000000000000000
1286;1444900.00000000000000000000000000000000000000000000000000
1287;1446724.00000000000000000000000000000000000000000000000000
1288;1448976.00000000000000000000000000000000000000000000000000
1289;1451336.00000000000000000000000000000000000000000000000000
1290;1456632.00000000000000000000000000000000000000000000000000
1291;1459368.00000000000000000000000000000000000000000000000000
1292;1461292.00000000000000000000000000000000000000000000000000
1293;1463420.00000000000000000000000000000000000000000000000000
1294;1468912.00000000000000000000000000000000000000000000000000
1295;1468396.00000000000000000000000000000000000000000000000000
1296;1473064.00000000000000000000000000000000000000000000000000
1297;1473072.00000000000000000000000000000000000000000000000000
1298;1473860.00000000000000000000000000000000000000000000000000
1299;1473856.00000000000000000000000000000000000000000000000000
1300;1473920.00000000000000000000000000000000000000000000000000
1301;1473856.00000000000000000000000000000000000000000000000000
1302;1473920.00000000000000000000000000000000000000000000000000
1303;1473856.00000000000000000000000000000000000000000000000000
1304;1473956.00000000000000000000000000000000000000000000000000
1305;1473916.00000000000000000000000000000000000000000000000000
1306;1473920.00000000000000000000000000000000000000000000000000
1307;1473916.00000000000000000000000000000000000000000000000000
1308;1473888.00000000000000000000000000000000000000000000000000
1309;1473856.00000000000000000000000000000000000000000000000000
1310;1473952.00000000000000000000000000000000000000000000000000
1311;1473952.00000000000000000000000000000000000000000000000000
1312;1473952.00000000000000000000000000000000000000000000000000
1313;1473952.00000000000000000000000000000000000000000000000000
1314;1473952.00000000000000000000000000000000000000000000000000
1315;1473952.00000000000000000000000000000000000000000000000000
1316;1473952.00000000000000000000000000000000000000000000000000
1317;1473952.00000000000000000000000000000000000000000000000000
1318;1473952.00000000000000000000000000000000000000000000000000
1319;1473952.00000000000000000000000000000000000000000000000000
1320;1473952.00000000000000000000000000000000000000000000000000
1321;1473988.00000000000000000000000000000000000000000000000000
1322;1473924.00000000000000000000000000000000000000000000000000
1323;1473952.00000000000000000000000000000000000000000000000000
1324;1473952.00000000000000000000000000000000000000000000000000
1325;1473892.00000000000000000000000000000000000000000000000000
1326;1473952.00000000000000000000000000000000000000000000000000
1327;1473948.00000000000000000000000000000000000000000000000000
1328;1473952.00000000000000000000000000000000000000000000000000
1329;1473892.00000000000000000000000000000000000000000000000000
1330;1473888.00000000000000000000000000000000000000000000000000
1331;1473952.00000000000000000000000000000000000000000000000000
1332;1473920.00000000000000000000000000000000000000000000000000
1333;1473984.00000000000000000000000000000000000000000000000000
1334;1473948.00000000000000000000000000000000000000000000000000
1335;1473888.00000000000000000000000000000000000000000000000000
1336;1363984.00000000000000000000000000000000000000000000000000
1337;1364692.00000000000000000000000000000000000000000000000000
1338;1365252.00000000000000000000000000000000000000000000000000
1339;1366340.00000000000000000000000000000000000000000000000000
1340;1366616.00000000000000000000000000000000000000000000000000
1341;1367680.00000000000000000000000000000000000000000000000000
1342;1369376.00000000000000000000000000000000000000000000000000
1343;1371996.00000000000000000000000000000000000000000000000000
1344;1374604.00000000000000000000000000000000000000000000000000
1345;1377352.00000000000000000000000000000000000000000000000000
1346;1379676.00000000000000000000000000000000000000000000000000
1347;1381720.00000000000000000000000000000000000000000000000000
1348;1384860.00000000000000000000000000000000000000000000000000
1349;1387720.00000000000000000000000000000000000000000000000000
1350;1390572.00000000000000000000000000000000000000000000000000
1351;1393912.00000000000000000000000000000000000000000000000000
1352;1397808.00000000000000000000000000000000000000000000000000
1353;1399032.00000000000000000000000000000000000000000000000000
1354;1401568.00000000000000000000000000000000000000000000000000
1355;1403244.00000000000000000000000000000000000000000000000000
1356;1405612.00000000000000000000000000000000000000000000000000
1357;1408644.00000000000000000000000000000000000000000000000000
1358;1411356.00000000000000000000000000000000000000000000000000
1359;1413396.00000000000000000000000000000000000000000000000000
1360;1416152.00000000000000000000000000000000000000000000000000
1361;1421736.00000000000000000000000000000000000000000000000000
1362;1423508.00000000000000000000000000000000000000000000000000
1363;1425756.00000000000000000000000000000000000000000000000000
1364;1430916.00000000000000000000000000000000000000000000000000
1365;1432264.00000000000000000000000000000000000000000000000000
1366;1434472.00000000000000000000000000000000000000000000000000
1367;1445016.00000000000000000000000000000000000000000000000000
1368;1447108.00000000000000000000000000000000000000000000000000
1369;1449484.00000000000000000000000000000000000000000000000000
1370;1451504.00000000000000000000000000000000000000000000000000
1371;1454148.00000000000000000000000000000000000000000000000000
1372;1459444.00000000000000000000000000000000000000000000000000
1373;1462364.00000000000000000000000000000000000000000000000000
1374;1464464.00000000000000000000000000000000000000000000000000
1375;1467088.00000000000000000000000000000000000000000000000000
1376;1473252.00000000000000000000000000000000000000000000000000
1377;1473232.00000000000000000000000000000000000000000000000000
1378;1473232.00000000000000000000000000000000000000000000000000
1379;1474340.00000000000000000000000000000000000000000000000000
1380;1474416.00000000000000000000000000000000000000000000000000
1381;1474364.00000000000000000000000000000000000000000000000000
1382;1474404.00000000000000000000000000000000000000000000000000
1383;1474416.00000000000000000000000000000000000000000000000000
1384;1474432.00000000000000000000000000000000000000000000000000
1385;1474416.00000000000000000000000000000000000000000000000000
1386;1474404.00000000000000000000000000000000000000000000000000
1387;1474352.00000000000000000000000000000000000000000000000000
1388;1474368.00000000000000000000000000000000000000000000000000
1389;1474340.00000000000000000000000000000000000000000000000000
1390;1474352.00000000000000000000000000000000000000000000000000
1391;1474588.00000000000000000000000000000000000000000000000000
1392;1474572.00000000000000000000000000000000000000000000000000
1393;1474576.00000000000000000000000000000000000000000000000000
1394;1474560.00000000000000000000000000000000000000000000000000
1395;1474576.00000000000000000000000000000000000000000000000000
1396;1474560.00000000000000000000000000000000000000000000000000
1397;1474564.00000000000000000000000000000000000000000000000000
1398;1474572.00000000000000000000000000000000000000000000000000
1399;1474528.00000000000000000000000000000000000000000000000000
1400;1474560.00000000000000000000000000000000000000000000000000
1401;1474640.00000000000000000000000000000000000000000000000000
1402;1474584.00000000000000000000000000000000000000000000000000
1403;1474572.00000000000000000000000000000000000000000000000000
1404;1474588.00000000000000000000000000000000000000000000000000
1405;1474652.00000000000000000000000000000000000000000000000000
1406;1474572.00000000000000000000000000000000000000000000000000
1407;1474528.00000000000000000000000000000000000000000000000000
1408;1474572.00000000000000000000000000000000000000000000000000
1409;1474576.00000000000000000000000000000000000000000000000000
1410;1474624.00000000000000000000000000000000000000000000000000
1411;1474636.00000000000000000000000000000000000000000000000000
1412;1474584.00000000000000000000000000000000000000000000000000
1413;1474584.00000000000000000000000000000000000000000000000000
1414;1474572.00000000000000000000000000000000000000000000000000
1415;1474636.00000000000000000000000000000000000000000000000000
1416;1474528.00000000000000000000000000000000000000000000000000
1417;1367664.00000000000000000000000000000000000000000000000000
1418;1367876.00000000000000000000000000000000000000000000000000
1419;1367924.00000000000000000000000000000000000000000000000000
1420;1368548.00000000000000000000000000000000000000000000000000
1421;1370124.00000000000000000000000000000000000000000000000000
1422;1370496.00000000000000000000000000000000000000000000000000
1423;1370760.00000000000000000000000000000000000000000000000000
1424;1372600.00000000000000000000000000000000000000000000000000
1425;1375832.00000000000000000000000000000000000000000000000000
1426;1378396.00000000000000000000000000000000000000000000000000
1427;1380568.00000000000000000000000000000000000000000000000000
1428;1382540.00000000000000000000000000000000000000000000000000
1429;1386716.00000000000000000000000000000000000000000000000000
1430;1389880.00000000000000000000000000000000000000000000000000
1431;1392436.00000000000000000000000000000000000000000000000000
1432;1395504.00000000000000000000000000000000000000000000000000
1433;1397660.00000000000000000000000000000000000000000000000000
1434;1400628.00000000000000000000000000000000000000000000000000
1435;1402472.00000000000000000000000000000000000000000000000000
1436;1405208.00000000000000000000000000000000000000000000000000
1437;1407496.00000000000000000000000000000000000000000000000000
1438;1409788.00000000000000000000000000000000000000000000000000
1439;1411896.00000000000000000000000000000000000000000000000000
1440;1415512.00000000000000000000000000000000000000000000000000
1441;1417808.00000000000000000000000000000000000000000000000000
1442;1422376.00000000000000000000000000000000000000000000000000
1443;1423848.00000000000000000000000000000000000000000000000000
1444;1425912.00000000000000000000000000000000000000000000000000
1445;1431016.00000000000000000000000000000000000000000000000000
1446;1434012.00000000000000000000000000000000000000000000000000
1447;1437508.00000000000000000000000000000000000000000000000000
1448;1448272.00000000000000000000000000000000000000000000000000
1449;1450800.00000000000000000000000000000000000000000000000000
1450;1453336.00000000000000000000000000000000000000000000000000
1451;1456396.00000000000000000000000000000000000000000000000000
1452;1461980.00000000000000000000000000000000000000000000000000
1453;1463184.00000000000000000000000000000000000000000000000000
1454;1465628.00000000000000000000000000000000000000000000000000
1455;1468724.00000000000000000000000000000000000000000000000000
1456;1473732.00000000000000000000000000000000000000000000000000
1457;1475472.00000000000000000000000000000000000000000000000000
1458;1475476.00000000000000000000000000000000000000000000000000
1459;1477180.00000000000000000000000000000000000000000000000000
1460;1477164.00000000000000000000000000000000000000000000000000
1461;1477180.00000000000000000000000000000000000000000000000000
1462;1477096.00000000000000000000000000000000000000000000000000
1463;1477116.00000000000000000000000000000000000000000000000000
1464;1477096.00000000000000000000000000000000000000000000000000
1465;1477116.00000000000000000000000000000000000000000000000000
1466;1477088.00000000000000000000000000000000000000000000000000
1467;1477104.00000000000000000000000000000000000000000000000000
1468;1477152.00000000000000000000000000000000000000000000000000
1469;1477164.00000000000000000000000000000000000000000000000000
1470;1477288.00000000000000000000000000000000000000000000000000
1471;1477288.00000000000000000000000000000000000000000000000000
1472;1477224.00000000000000000000000000000000000000000000000000
1473;1477272.00000000000000000000000000000000000000000000000000
1474;1477276.00000000000000000000000000000000000000000000000000
1475;1477324.00000000000000000000000000000000000000000000000000
1476;1477268.00000000000000000000000000000000000000000000000000
1477;1477224.00000000000000000000000000000000000000000000000000
1478;1477212.00000000000000000000000000000000000000000000000000
1479;1477276.00000000000000000000000000000000000000000000000000
1480;1477260.00000000000000000000000000000000000000000000000000
1481;1477336.00000000000000000000000000000000000000000000000000
1482;1477224.00000000000000000000000000000000000000000000000000
1483;1477288.00000000000000000000000000000000000000000000000000
1484;1477288.00000000000000000000000000000000000000000000000000
1485;1477336.00000000000000000000000000000000000000000000000000
1486;1477224.00000000000000000000000000000000000000000000000000
1487;1477324.00000000000000000000000000000000000000000000000000
1488;1477336.00000000000000000000000000000000000000000000000000
1489;1477288.00000000000000000000000000000000000000000000000000
1490;1477212.00000000000000000000000000000000000000000000000000
1491;1477224.00000000000000000000000000000000000000000000000000
1492;1477260.00000000000000000000000000000000000000000000000000
1493;1477336.00000000000000000000000000000000000000000000000000
1494;1477288.00000000000000000000000000000000000000000000000000
1495;1477260.00000000000000000000000000000000000000000000000000
1496;1477336.00000000000000000000000000000000000000000000000000
1497;1464400.00000000000000000000000000000000000000000000000000
1498;1464492.00000000000000000000000000000000000000000000000000
1499;1464704.00000000000000000000000000000000000000000000000000
1500;1464760.00000000000000000000000000000000000000000000000000
1501;1464752.00000000000000000000000000000000000000000000000000
1502;1464772.00000000000000000000000000000000000000000000000000
1503;1464784.00000000000000000000000000000000000000000000000000
1504;1464880.00000000000000000000000000000000000000000000000000
1505;1464956.00000000000000000000000000000000000000000000000000
1506;1464960.00000000000000000000000000000000000000000000000000
1507;1465056.00000000000000000000000000000000000000000000000000
1508;1465260.00000000000000000000000000000000000000000000000000
1509;1465184.00000000000000000000000000000000000000000000000000
1510;1465380.00000000000000000000000000000000000000000000000000
1511;1465352.00000000000000000000000000000000000000000000000000
1512;1465776.00000000000000000000000000000000000000000000000000
1513;1465248.00000000000000000000000000000000000000000000000000
1514;1465464.00000000000000000000000000000000000000000000000000
1515;1465436.00000000000000000000000000000000000000000000000000
1516;1465532.00000000000000000000000000000000000000000000000000
1517;1465504.00000000000000000000000000000000000000000000000000
1518;1465624.00000000000000000000000000000000000000000000000000
1519;1465532.00000000000000000000000000000000000000000000000000
1520;1465696.00000000000000000000000000000000000000000000000000
1521;1465692.00000000000000000000000000000000000000000000000000
1522;1465752.00000000000000000000000000000000000000000000000000
1523;1465708.00000000000000000000000000000000000000000000000000
1524;1465768.00000000000000000000000000000000000000000000000000
1525;1465784.00000000000000000000000000000000000000000000000000
1526;1465876.00000000000000000000000000000000000000000000000000
1527;1465896.00000000000000000000000000000000000000000000000000
1528;1466040.00000000000000000000000000000000000000000000000000
1529;1466224.00000000000000000000000000000000000000000000000000
1530;1466268.00000000000000000000000000000000000000000000000000
1531;1466268.00000000000000000000000000000000000000000000000000
1532;1471712.00000000000000000000000000000000000000000000000000
1533;1471928.00000000000000000000000000000000000000000000000000
1534;1473764.00000000000000000000000000000000000000000000000000
1535;1476860.00000000000000000000000000000000000000000000000000
1536;1480976.00000000000000000000000000000000000000000000000000
1537;1480988.00000000000000000000000000000000000000000000000000
1538;1482304.00000000000000000000000000000000000000000000000000
1539;1482288.00000000000000000000000000000000000000000000000000
1540;1482240.00000000000000000000000000000000000000000000000000
1541;1482224.00000000000000000000000000000000000000000000000000
1542;1482240.00000000000000000000000000000000000000000000000000
1543;1482288.00000000000000000000000000000000000000000000000000
1544;1482304.00000000000000000000000000000000000000000000000000
1545;1482288.00000000000000000000000000000000000000000000000000
1546;1482292.00000000000000000000000000000000000000000000000000
1547;1482276.00000000000000000000000000000000000000000000000000
1548;1482292.00000000000000000000000000000000000000000000000000
1549;1482364.00000000000000000000000000000000000000000000000000
1550;1482364.00000000000000000000000000000000000000000000000000
1551;1482352.00000000000000000000000000000000000000000000000000
1552;1482372.00000000000000000000000000000000000000000000000000
1553;1482388.00000000000000000000000000000000000000000000000000
1554;1482368.00000000000000000000000000000000000000000000000000
1555;1482380.00000000000000000000000000000000000000000000000000
1556;1482372.00000000000000000000000000000000000000000000000000
1557;1482380.00000000000000000000000000000000000000000000000000
1558;1482368.00000000000000000000000000000000000000000000000000
1559;1482380.00000000000000000000000000000000000000000000000000
1560;1482364.00000000000000000000000000000000000000000000000000
1561;1482348.00000000000000000000000000000000000000000000000000
1562;1482364.00000000000000000000000000000000000000000000000000
1563;1482364.00000000000000000000000000000000000000000000000000
1564;1482348.00000000000000000000000000000000000000000000000000
1565;1482364.00000000000000000000000000000000000000000000000000
1566;1482348.00000000000000000000000000000000000000000000000000
1567;1482364.00000000000000000000000000000000000000000000000000
1568;1482348.00000000000000000000000000000000000000000000000000
1569;1482364.00000000000000000000000000000000000000000000000000
1570;1482336.00000000000000000000000000000000000000000000000000
1571;1482336.00000000000000000000000000000000000000000000000000
1572;1482336.00000000000000000000000000000000000000000000000000
1573;1482348.00000000000000000000000000000000000000000000000000
1574;1482348.00000000000000000000000000000000000000000000000000
1575;1482348.00000000000000000000000000000000000000000000000000
1576;1471064.00000000000000000000000000000000000000000000000000
1577;1470876.00000000000000000000000000000000000000000000000000
1578;1470832.00000000000000000000000000000000000000000000000000
1579;1471036.00000000000000000000000000000000000000000000000000
1580;1471092.00000000000000000000000000000000000000000000000000
1581;1471100.00000000000000000000000000000000000000000000000000
1582;1471100.00000000000000000000000000000000000000000000000000
1583;1471212.00000000000000000000000000000000000000000000000000
1584;1471212.00000000000000000000000000000000000000000000000000
1585;1471216.00000000000000000000000000000000000000000000000000
1586;1471020.00000000000000000000000000000000000000000000000000
1587;1471020.00000000000000000000000000000000000000000000000000
1588;1471192.00000000000000000000000000000000000000000000000000
1589;1471140.00000000000000000000000000000000000000000000000000
1590;1471144.00000000000000000000000000000000000000000000000000
1591;1471228.00000000000000000000000000000000000000000000000000
1592;1471244.00000000000000000000000000000000000000000000000000
1593;1471336.00000000000000000000000000000000000000000000000000
1594;1471260.00000000000000000000000000000000000000000000000000
1595;1471336.00000000000000000000000000000000000000000000000000
1596;1471464.00000000000000000000000000000000000000000000000000
1597;1471396.00000000000000000000000000000000000000000000000000
1598;1471416.00000000000000000000000000000000000000000000000000
1599;1471548.00000000000000000000000000000000000000000000000000
1600;1471468.00000000000000000000000000000000000000000000000000
1601;1471548.00000000000000000000000000000000000000000000000000
1602;1471576.00000000000000000000000000000000000000000000000000
1603;1471484.00000000000000000000000000000000000000000000000000
1604;1471632.00000000000000000000000000000000000000000000000000
1605;1471564.00000000000000000000000000000000000000000000000000
1606;1471624.00000000000000000000000000000000000000000000000000
1607;1471620.00000000000000000000000000000000000000000000000000
1608;1471684.00000000000000000000000000000000000000000000000000
1609;1471688.00000000000000000000000000000000000000000000000000
1610;1471768.00000000000000000000000000000000000000000000000000
1611;1471688.00000000000000000000000000000000000000000000000000
1612;1471692.00000000000000000000000000000000000000000000000000
1613;1471712.00000000000000000000000000000000000000000000000000
1614;1471708.00000000000000000000000000000000000000000000000000
1615;1471768.00000000000000000000000000000000000000000000000000
1616;1471928.00000000000000000000000000000000000000000000000000
1617;1471928.00000000000000000000000000000000000000000000000000
1618;1472012.00000000000000000000000000000000000000000000000000
1619;1472156.00000000000000000000000000000000000000000000000000
1620;1471900.00000000000000000000000000000000000000000000000000
1621;1472156.00000000000000000000000000000000000000000000000000
1622;1472240.00000000000000000000000000000000000000000000000000
1623;1472212.00000000000000000000000000000000000000000000000000
1624;1472196.00000000000000000000000000000000000000000000000000
1625;1472048.00000000000000000000000000000000000000000000000000
1626;1476524.00000000000000000000000000000000000000000000000000
1627;1477588.00000000000000000000000000000000000000000000000000
1628;1479748.00000000000000000000000000000000000000000000000000
1629;1481896.00000000000000000000000000000000000000000000000000
1630;1481896.00000000000000000000000000000000000000000000000000
1631;1482272.00000000000000000000000000000000000000000000000000
1632;1482384.00000000000000000000000000000000000000000000000000
1633;1482264.00000000000000000000000000000000000000000000000000
1634;1482368.00000000000000000000000000000000000000000000000000
1635;1482320.00000000000000000000000000000000000000000000000000
1636;1482516.00000000000000000000000000000000000000000000000000
1637;1482368.00000000000000000000000000000000000000000000000000
1638;1482244.00000000000000000000000000000000000000000000000000
1639;1482544.00000000000000000000000000000000000000000000000000
1640;1482304.00000000000000000000000000000000000000000000000000
1641;1482528.00000000000000000000000000000000000000000000000000
1642;1482384.00000000000000000000000000000000000000000000000000
1643;1482384.00000000000000000000000000000000000000000000000000
1644;1482532.00000000000000000000000000000000000000000000000000
1645;1482544.00000000000000000000000000000000000000000000000000
1646;1482368.00000000000000000000000000000000000000000000000000
1647;1482320.00000000000000000000000000000000000000000000000000
1648;1482228.00000000000000000000000000000000000000000000000000
1649;1482244.00000000000000000000000000000000000000000000000000
1650;1482264.00000000000000000000000000000000000000000000000000
1651;1482528.00000000000000000000000000000000000000000000000000
1652;1482544.00000000000000000000000000000000000000000000000000
1653;1482304.00000000000000000000000000000000000000000000000000
1654;1482244.00000000000000000000000000000000000000000000000000
1655;1482264.00000000000000000000000000000000000000000000000000
1656;1482384.00000000000000000000000000000000000000000000000000
1657;1482320.00000000000000000000000000000000000000000000000000
1658;1482356.00000000000000000000000000000000000000000000000000
1659;1482244.00000000000000000000000000000000000000000000000000
1660;1482516.00000000000000000000000000000000000000000000000000
1661;1482528.00000000000000000000000000000000000000000000000000
1662;1482512.00000000000000000000000000000000000000000000000000
1663;1482280.00000000000000000000000000000000000000000000000000
1664;1482384.00000000000000000000000000000000000000000000000000
1665;1482304.00000000000000000000000000000000000000000000000000
1666;1482244.00000000000000000000000000000000000000000000000000
1667;1482264.00000000000000000000000000000000000000000000000000
1668;1482528.00000000000000000000000000000000000000000000000000
1669;1372888.00000000000000000000000000000000000000000000000000
1670;1373632.00000000000000000000000000000000000000000000000000
1671;1373868.00000000000000000000000000000000000000000000000000
1672;1374220.00000000000000000000000000000000000000000000000000
1673;1375020.00000000000000000000000000000000000000000000000000
1674;1375496.00000000000000000000000000000000000000000000000000
1675;1376160.00000000000000000000000000000000000000000000000000
1676;1377208.00000000000000000000000000000000000000000000000000
1677;1378304.00000000000000000000000000000000000000000000000000
1678;1381088.00000000000000000000000000000000000000000000000000
1679;1383584.00000000000000000000000000000000000000000000000000
1680;1386564.00000000000000000000000000000000000000000000000000
1681;1388088.00000000000000000000000000000000000000000000000000
1682;1391012.00000000000000000000000000000000000000000000000000
1683;1392716.00000000000000000000000000000000000000000000000000
1684;1395084.00000000000000000000000000000000000000000000000000
1685;1398240.00000000000000000000000000000000000000000000000000
1686;1400076.00000000000000000000000000000000000000000000000000
1687;1402624.00000000000000000000000000000000000000000000000000
1688;1405024.00000000000000000000000000000000000000000000000000
1689;1407492.00000000000000000000000000000000000000000000000000
1690;1409252.00000000000000000000000000000000000000000000000000
1691;1411960.00000000000000000000000000000000000000000000000000
1692;1413288.00000000000000000000000000000000000000000000000000
1693;1418776.00000000000000000000000000000000000000000000000000
1694;1420356.00000000000000000000000000000000000000000000000000
1695;1422524.00000000000000000000000000000000000000000000000000
1696;1427764.00000000000000000000000000000000000000000000000000
1697;1429548.00000000000000000000000000000000000000000000000000
1698;1431644.00000000000000000000000000000000000000000000000000
1699;1433780.00000000000000000000000000000000000000000000000000
1700;1440952.00000000000000000000000000000000000000000000000000
1701;1442280.00000000000000000000000000000000000000000000000000
1702;1444476.00000000000000000000000000000000000000000000000000
1703;1446464.00000000000000000000000000000000000000000000000000
1704;1448600.00000000000000000000000000000000000000000000000000
1705;1458436.00000000000000000000000000000000000000000000000000
1706;1460848.00000000000000000000000000000000000000000000000000
1707;1463304.00000000000000000000000000000000000000000000000000
1708;1464984.00000000000000000000000000000000000000000000000000
1709;1471908.00000000000000000000000000000000000000000000000000
1710;1472428.00000000000000000000000000000000000000000000000000
1711;1474948.00000000000000000000000000000000000000000000000000
1712;1476380.00000000000000000000000000000000000000000000000000
1713;1478744.00000000000000000000000000000000000000000000000000
1714;1480284.00000000000000000000000000000000000000000000000000
1715;1480268.00000000000000000000000000000000000000000000000000
1716;1480284.00000000000000000000000000000000000000000000000000
1717;1480304.00000000000000000000000000000000000000000000000000
1718;1480312.00000000000000000000000000000000000000000000000000
1719;1480296.00000000000000000000000000000000000000000000000000
1720;1480216.00000000000000000000000000000000000000000000000000
1721;1480312.00000000000000000000000000000000000000000000000000
1722;1480296.00000000000000000000000000000000000000000000000000
1723;1480216.00000000000000000000000000000000000000000000000000
1724;1480232.00000000000000000000000000000000000000000000000000
1725;1480280.00000000000000000000000000000000000000000000000000
1726;1480296.00000000000000000000000000000000000000000000000000
1727;1480312.00000000000000000000000000000000000000000000000000
1728;1480304.00000000000000000000000000000000000000000000000000
1729;1480284.00000000000000000000000000000000000000000000000000
1730;1480304.00000000000000000000000000000000000000000000000000
1731;1480316.00000000000000000000000000000000000000000000000000
1732;1480268.00000000000000000000000000000000000000000000000000
1733;1480284.00000000000000000000000000000000000000000000000000
1734;1480268.00000000000000000000000000000000000000000000000000
1735;1480296.00000000000000000000000000000000000000000000000000
1736;1480216.00000000000000000000000000000000000000000000000000
1737;1480296.00000000000000000000000000000000000000000000000000
1738;1480268.00000000000000000000000000000000000000000000000000
1739;1480296.00000000000000000000000000000000000000000000000000
1740;1480268.00000000000000000000000000000000000000000000000000
1741;1480284.00000000000000000000000000000000000000000000000000
1742;1480308.00000000000000000000000000000000000000000000000000
1743;1480312.00000000000000000000000000000000000000000000000000
1744;1480296.00000000000000000000000000000000000000000000000000
1745;1480312.00000000000000000000000000000000000000000000000000
1746;1480296.00000000000000000000000000000000000000000000000000
1747;1480312.00000000000000000000000000000000000000000000000000
1748;1480328.00000000000000000000000000000000000000000000000000
1749;1480308.00000000000000000000000000000000000000000000000000
1750;1480260.00000000000000000000000000000000000000000000000000
1751;1480244.00000000000000000000000000000000000000000000000000
1752;1473072.00000000000000000000000000000000000000000000000000
1753;1472884.00000000000000000000000000000000000000000000000000
1754;1472920.00000000000000000000000000000000000000000000000000
1755;1473092.00000000000000000000000000000000000000000000000000
1756;1473204.00000000000000000000000000000000000000000000000000
1757;1473128.00000000000000000000000000000000000000000000000000
1758;1473140.00000000000000000000000000000000000000000000000000
1759;1472812.00000000000000000000000000000000000000000000000000
1760;1472856.00000000000000000000000000000000000000000000000000
1761;1472816.00000000000000000000000000000000000000000000000000
1762;1472964.00000000000000000000000000000000000000000000000000
1763;1473284.00000000000000000000000000000000000000000000000000
1764;1473152.00000000000000000000000000000000000000000000000000
1765;1473176.00000000000000000000000000000000000000000000000000
1766;1473264.00000000000000000000000000000000000000000000000000
1767;1473612.00000000000000000000000000000000000000000000000000
1768;1473800.00000000000000000000000000000000000000000000000000
1769;1473732.00000000000000000000000000000000000000000000000000
1770;1473852.00000000000000000000000000000000000000000000000000
1771;1473932.00000000000000000000000000000000000000000000000000
1772;1473940.00000000000000000000000000000000000000000000000000
1773;1473968.00000000000000000000000000000000000000000000000000
1774;1474068.00000000000000000000000000000000000000000000000000
1775;1474212.00000000000000000000000000000000000000000000000000
1776;1474264.00000000000000000000000000000000000000000000000000
1777;1474960.00000000000000000000000000000000000000000000000000
1778;1474260.00000000000000000000000000000000000000000000000000
1779;1474168.00000000000000000000000000000000000000000000000000
1780;1474416.00000000000000000000000000000000000000000000000000
1781;1474476.00000000000000000000000000000000000000000000000000
1782;1474512.00000000000000000000000000000000000000000000000000
1783;1474704.00000000000000000000000000000000000000000000000000
1784;1474688.00000000000000000000000000000000000000000000000000
1785;1474908.00000000000000000000000000000000000000000000000000
1786;1475252.00000000000000000000000000000000000000000000000000
1787;1475632.00000000000000000000000000000000000000000000000000
1788;1475552.00000000000000000000000000000000000000000000000000
1789;1475756.00000000000000000000000000000000000000000000000000
1790;1476140.00000000000000000000000000000000000000000000000000
1791;1475940.00000000000000000000000000000000000000000000000000
1792;1476860.00000000000000000000000000000000000000000000000000
1793;1478836.00000000000000000000000000000000000000000000000000
1794;1480948.00000000000000000000000000000000000000000000000000
1795;1480956.00000000000000000000000000000000000000000000000000
1796;1482344.00000000000000000000000000000000000000000000000000
1797;1482300.00000000000000000000000000000000000000000000000000
1798;1482352.00000000000000000000000000000000000000000000000000
1799;1482312.00000000000000000000000000000000000000000000000000
1800;1482268.00000000000000000000000000000000000000000000000000
1801;1482312.00000000000000000000000000000000000000000000000000
1802;1482324.00000000000000000000000000000000000000000000000000
1803;1482308.00000000000000000000000000000000000000000000000000
1804;1482324.00000000000000000000000000000000000000000000000000
1805;1482344.00000000000000000000000000000000000000000000000000
1806;1482332.00000000000000000000000000000000000000000000000000
1807;1482336.00000000000000000000000000000000000000000000000000
1808;1482344.00000000000000000000000000000000000000000000000000
1809;1482360.00000000000000000000000000000000000000000000000000
1810;1482344.00000000000000000000000000000000000000000000000000
1811;1482336.00000000000000000000000000000000000000000000000000
1812;1482308.00000000000000000000000000000000000000000000000000
1813;1482336.00000000000000000000000000000000000000000000000000
1814;1482260.00000000000000000000000000000000000000000000000000
1815;1482332.00000000000000000000000000000000000000000000000000
1816;1482316.00000000000000000000000000000000000000000000000000
1817;1482332.00000000000000000000000000000000000000000000000000
1818;1482316.00000000000000000000000000000000000000000000000000
1819;1482336.00000000000000000000000000000000000000000000000000
1820;1482336.00000000000000000000000000000000000000000000000000
1821;1482312.00000000000000000000000000000000000000000000000000
1822;1482312.00000000000000000000000000000000000000000000000000
1823;1482340.00000000000000000000000000000000000000000000000000
1824;1482312.00000000000000000000000000000000000000000000000000
1825;1482328.00000000000000000000000000000000000000000000000000
1826;1482312.00000000000000000000000000000000000000000000000000
1827;1482328.00000000000000000000000000000000000000000000000000
1828;1482312.00000000000000000000000000000000000000000000000000
1829;1482340.00000000000000000000000000000000000000000000000000
1830;1482312.00000000000000000000000000000000000000000000000000
1831;1482328.00000000000000000000000000000000000000000000000000
1832;1482352.00000000000000000000000000000000000000000000000000
1833;1367964.00000000000000000000000000000000000000000000000000
1834;1368668.00000000000000000000000000000000000000000000000000
1835;1369388.00000000000000000000000000000000000000000000000000
1836;1370748.00000000000000000000000000000000000000000000000000
1837;1370672.00000000000000000000000000000000000000000000000000
1838;1371148.00000000000000000000000000000000000000000000000000
1839;1371756.00000000000000000000000000000000000000000000000000
1840;1372244.00000000000000000000000000000000000000000000000000
1841;1377252.00000000000000000000000000000000000000000000000000
1842;1379292.00000000000000000000000000000000000000000000000000
1843;1382200.00000000000000000000000000000000000000000000000000
1844;1384948.00000000000000000000000000000000000000000000000000
1845;1387604.00000000000000000000000000000000000000000000000000
1846;1389144.00000000000000000000000000000000000000000000000000
1847;1392536.00000000000000000000000000000000000000000000000000
1848;1395000.00000000000000000000000000000000000000000000000000
1849;1399128.00000000000000000000000000000000000000000000000000
1850;1400616.00000000000000000000000000000000000000000000000000
1851;1402936.00000000000000000000000000000000000000000000000000
1852;1404928.00000000000000000000000000000000000000000000000000
1853;1407784.00000000000000000000000000000000000000000000000000
1854;1410688.00000000000000000000000000000000000000000000000000
1855;1412296.00000000000000000000000000000000000000000000000000
1856;1415720.00000000000000000000000000000000000000000000000000
1857;1418164.00000000000000000000000000000000000000000000000000
1858;1420788.00000000000000000000000000000000000000000000000000
1859;1425796.00000000000000000000000000000000000000000000000000
1860;1428304.00000000000000000000000000000000000000000000000000
1861;1430188.00000000000000000000000000000000000000000000000000
1862;1432876.00000000000000000000000000000000000000000000000000
1863;1436672.00000000000000000000000000000000000000000000000000
1864;1439896.00000000000000000000000000000000000000000000000000
1865;1441828.00000000000000000000000000000000000000000000000000
1866;1444776.00000000000000000000000000000000000000000000000000
1867;1457044.00000000000000000000000000000000000000000000000000
1868;1459444.00000000000000000000000000000000000000000000000000
1869;1461280.00000000000000000000000000000000000000000000000000
1870;1464388.00000000000000000000000000000000000000000000000000
1871;1470952.00000000000000000000000000000000000000000000000000
1872;1472028.00000000000000000000000000000000000000000000000000
1873;1473920.00000000000000000000000000000000000000000000000000
1874;1477220.00000000000000000000000000000000000000000000000000
1875;1477220.00000000000000000000000000000000000000000000000000
1876;1478888.00000000000000000000000000000000000000000000000000
1877;1478876.00000000000000000000000000000000000000000000000000
1878;1478888.00000000000000000000000000000000000000000000000000
1879;1478876.00000000000000000000000000000000000000000000000000
1880;1478820.00000000000000000000000000000000000000000000000000
1881;1478780.00000000000000000000000000000000000000000000000000
1882;1478796.00000000000000000000000000000000000000000000000000
1883;1478884.00000000000000000000000000000000000000000000000000
1884;1478832.00000000000000000000000000000000000000000000000000
1885;1478820.00000000000000000000000000000000000000000000000000
1886;1478884.00000000000000000000000000000000000000000000000000
1887;1479032.00000000000000000000000000000000000000000000000000
1888;1479032.00000000000000000000000000000000000000000000000000
1889;1478956.00000000000000000000000000000000000000000000000000
1890;1479020.00000000000000000000000000000000000000000000000000
1891;1479068.00000000000000000000000000000000000000000000000000
1892;1479012.00000000000000000000000000000000000000000000000000
1893;1478972.00000000000000000000000000000000000000000000000000
1894;1479016.00000000000000000000000000000000000000000000000000
1895;1479020.00000000000000000000000000000000000000000000000000
1896;1478956.00000000000000000000000000000000000000000000000000
1897;1478972.00000000000000000000000000000000000000000000000000
1898;1478956.00000000000000000000000000000000000000000000000000
1899;1478972.00000000000000000000000000000000000000000000000000
1900;1478956.00000000000000000000000000000000000000000000000000
1901;1479036.00000000000000000000000000000000000000000000000000
1902;1478976.00000000000000000000000000000000000000000000000000
1903;1478960.00000000000000000000000000000000000000000000000000
1904;1478976.00000000000000000000000000000000000000000000000000
1905;1479016.00000000000000000000000000000000000000000000000000
1906;1478976.00000000000000000000000000000000000000000000000000
1907;1479020.00000000000000000000000000000000000000000000000000
1908;1479036.00000000000000000000000000000000000000000000000000
1909;1479008.00000000000000000000000000000000000000000000000000
1910;1479024.00000000000000000000000000000000000000000000000000
1911;1479008.00000000000000000000000000000000000000000000000000
1912;1479024.00000000000000000000000000000000000000000000000000
1913;1479008.00000000000000000000000000000000000000000000000000
1914;1472648.00000000000000000000000000000000000000000000000000
1915;1472728.00000000000000000000000000000000000000000000000000
1916;1472532.00000000000000000000000000000000000000000000000000
1917;1473088.00000000000000000000000000000000000000000000000000
1918;1472724.00000000000000000000000000000000000000000000000000
1919;1472768.00000000000000000000000000000000000000000000000000
1920;1472748.00000000000000000000000000000000000000000000000000
1921;1473320.00000000000000000000000000000000000000000000000000
1922;1472800.00000000000000000000000000000000000000000000000000
1923;1472912.00000000000000000000000000000000000000000000000000
1924;1473572.00000000000000000000000000000000000000000000000000
1925;1472944.00000000000000000000000000000000000000000000000000
1926;1472996.00000000000000000000000000000000000000000000000000
1927;1472992.00000000000000000000000000000000000000000000000000
1928;1473100.00000000000000000000000000000000000000000000000000
1929;1473252.00000000000000000000000000000000000000000000000000
1930;1473824.00000000000000000000000000000000000000000000000000
1931;1473336.00000000000000000000000000000000000000000000000000
1932;1474336.00000000000000000000000000000000000000000000000000
1933;1473816.00000000000000000000000000000000000000000000000000
1934;1473832.00000000000000000000000000000000000000000000000000
1935;1474116.00000000000000000000000000000000000000000000000000
1936;1474124.00000000000000000000000000000000000000000000000000
1937;1474392.00000000000000000000000000000000000000000000000000
1938;1474316.00000000000000000000000000000000000000000000000000
1939;1474280.00000000000000000000000000000000000000000000000000
1940;1474368.00000000000000000000000000000000000000000000000000
1941;1474428.00000000000000000000000000000000000000000000000000
1942;1474428.00000000000000000000000000000000000000000000000000
1943;1474440.00000000000000000000000000000000000000000000000000
1944;1474596.00000000000000000000000000000000000000000000000000
1945;1475584.00000000000000000000000000000000000000000000000000
1946;1475004.00000000000000000000000000000000000000000000000000
1947;1475196.00000000000000000000000000000000000000000000000000
1948;1476040.00000000000000000000000000000000000000000000000000
1949;1476128.00000000000000000000000000000000000000000000000000
1950;1476164.00000000000000000000000000000000000000000000000000
1951;1476616.00000000000000000000000000000000000000000000000000
1952;1476480.00000000000000000000000000000000000000000000000000
1953;1476964.00000000000000000000000000000000000000000000000000
1954;1478452.00000000000000000000000000000000000000000000000000
1955;1479724.00000000000000000000000000000000000000000000000000
1956;1480264.00000000000000000000000000000000000000000000000000
1957;1480244.00000000000000000000000000000000000000000000000000
1958;1480124.00000000000000000000000000000000000000000000000000
1959;1480144.00000000000000000000000000000000000000000000000000
1960;1480408.00000000000000000000000000000000000000000000000000
1961;1480396.00000000000000000000000000000000000000000000000000
1962;1480412.00000000000000000000000000000000000000000000000000
1963;1480108.00000000000000000000000000000000000000000000000000
1964;1480408.00000000000000000000000000000000000000000000000000
1965;1480264.00000000000000000000000000000000000000000000000000
1966;1480188.00000000000000000000000000000000000000000000000000
1967;1480124.00000000000000000000000000000000000000000000000000
1968;1480320.00000000000000000000000000000000000000000000000000
1969;1480292.00000000000000000000000000000000000000000000000000
1970;1480180.00000000000000000000000000000000000000000000000000
1971;1480304.00000000000000000000000000000000000000000000000000
1972;1480320.00000000000000000000000000000000000000000000000000
1973;1480304.00000000000000000000000000000000000000000000000000
1974;1480464.00000000000000000000000000000000000000000000000000
1975;1480256.00000000000000000000000000000000000000000000000000
1976;1480452.00000000000000000000000000000000000000000000000000
1977;1480304.00000000000000000000000000000000000000000000000000
1978;1480180.00000000000000000000000000000000000000000000000000
1979;1480452.00000000000000000000000000000000000000000000000000
1980;1480464.00000000000000000000000000000000000000000000000000
1981;1480320.00000000000000000000000000000000000000000000000000
1982;1480320.00000000000000000000000000000000000000000000000000
1983;1480300.00000000000000000000000000000000000000000000000000
1984;1480180.00000000000000000000000000000000000000000000000000
1985;1480452.00000000000000000000000000000000000000000000000000
1986;1480292.00000000000000000000000000000000000000000000000000
1987;1480464.00000000000000000000000000000000000000000000000000
1988;1480464.00000000000000000000000000000000000000000000000000
1989;1480464.00000000000000000000000000000000000000000000000000
1990;1480320.00000000000000000000000000000000000000000000000000
1991;1480164.00000000000000000000000000000000000000000000000000
1992;1480464.00000000000000000000000000000000000000000000000000
1993;1480256.00000000000000000000000000000000000000000000000000
1994;1480164.00000000000000000000000000000000000000000000000000
1995;1476268.00000000000000000000000000000000000000000000000000
1996;1475068.00000000000000000000000000000000000000000000000000
1997;1475120.00000000000000000000000000000000000000000000000000
1998;1475160.00000000000000000000000000000000000000000000000000
1999;1474880.00000000000000000000000000000000000000000000000000
2000;1475148.00000000000000000000000000000000000000000000000000
2001;1475220.00000000000000000000000000000000000000000000000000
2002;1475256.00000000000000000000000000000000000000000000000000
2003;1475104.00000000000000000000000000000000000000000000000000
2004;1476136.00000000000000000000000000000000000000000000000000
2005;1476192.00000000000000000000000000000000000000000000000000
2006;1475596.00000000000000000000000000000000000000000000000000
2007;1475780.00000000000000000000000000000000000000000000000000
2008;1475528.00000000000000000000000000000000000000000000000000
2009;1475588.00000000000000000000000000000000000000000000000000
2010;1475740.00000000000000000000000000000000000000000000000000
2011;1475948.00000000000000000000000000000000000000000000000000
2012;1475956.00000000000000000000000000000000000000000000000000
2013;1476048.00000000000000000000000000000000000000000000000000
2014;1475676.00000000000000000000000000000000000000000000000000
2015;1475696.00000000000000000000000000000000000000000000000000
2016;1475772.00000000000000000000000000000000000000000000000000
2017;1475812.00000000000000000000000000000000000000000000000000
2018;1475780.00000000000000000000000000000000000000000000000000
2019;1475872.00000000000000000000000000000000000000000000000000
2020;1475976.00000000000000000000000000000000000000000000000000
2021;1475984.00000000000000000000000000000000000000000000000000
2022;1475980.00000000000000000000000000000000000000000000000000
2023;1475984.00000000000000000000000000000000000000000000000000
2024;1475992.00000000000000000000000000000000000000000000000000
2025;1476060.00000000000000000000000000000000000000000000000000
2026;1477432.00000000000000000000000000000000000000000000000000
2027;1476780.00000000000000000000000000000000000000000000000000
2028;1476700.00000000000000000000000000000000000000000000000000
2029;1476892.00000000000000000000000000000000000000000000000000
2030;1477008.00000000000000000000000000000000000000000000000000
2031;1477020.00000000000000000000000000000000000000000000000000
2032;1477112.00000000000000000000000000000000000000000000000000
2033;1477240.00000000000000000000000000000000000000000000000000
2034;1478772.00000000000000000000000000000000000000000000000000
2035;1480252.00000000000000000000000000000000000000000000000000
2036;1481044.00000000000000000000000000000000000000000000000000
2037;1484856.00000000000000000000000000000000000000000000000000
2038;1484856.00000000000000000000000000000000000000000000000000
2039;1486068.00000000000000000000000000000000000000000000000000
2040;1486144.00000000000000000000000000000000000000000000000000
2041;1486132.00000000000000000000000000000000000000000000000000
2042;1486152.00000000000000000000000000000000000000000000000000
2043;1486136.00000000000000000000000000000000000000000000000000
2044;1486152.00000000000000000000000000000000000000000000000000
2045;1486100.00000000000000000000000000000000000000000000000000
2046;1486128.00000000000000000000000000000000000000000000000000
2047;1486100.00000000000000000000000000000000000000000000000000
2048;1486116.00000000000000000000000000000000000000000000000000
2049;1486100.00000000000000000000000000000000000000000000000000
2050;1486128.00000000000000000000000000000000000000000000000000
2051;1486100.00000000000000000000000000000000000000000000000000
2052;1486128.00000000000000000000000000000000000000000000000000
2053;1486048.00000000000000000000000000000000000000000000000000
2054;1486124.00000000000000000000000000000000000000000000000000
2055;1486144.00000000000000000000000000000000000000000000000000
2056;1486132.00000000000000000000000000000000000000000000000000
2057;1486152.00000000000000000000000000000000000000000000000000
2058;1486132.00000000000000000000000000000000000000000000000000
2059;1486152.00000000000000000000000000000000000000000000000000
2060;1486136.00000000000000000000000000000000000000000000000000
2061;1486144.00000000000000000000000000000000000000000000000000
2062;1486136.00000000000000000000000000000000000000000000000000
2063;1486128.00000000000000000000000000000000000000000000000000
2064;1486112.00000000000000000000000000000000000000000000000000
2065;1486108.00000000000000000000000000000000000000000000000000
2066;1486140.00000000000000000000000000000000000000000000000000
2067;1486156.00000000000000000000000000000000000000000000000000
2068;1486140.00000000000000000000000000000000000000000000000000
2069;1486120.00000000000000000000000000000000000000000000000000
2070;1486096.00000000000000000000000000000000000000000000000000
2071;1486108.00000000000000000000000000000000000000000000000000
2072;1486140.00000000000000000000000000000000000000000000000000
2073;1486064.00000000000000000000000000000000000000000000000000
2074;1486096.00000000000000000000000000000000000000000000000000
2075;1486108.00000000000000000000000000000000000000000000000000
2076;1376108.00000000000000000000000000000000000000000000000000
2077;1376580.00000000000000000000000000000000000000000000000000
2078;1377112.00000000000000000000000000000000000000000000000000
2079;1377512.00000000000000000000000000000000000000000000000000
2080;1378720.00000000000000000000000000000000000000000000000000
2081;1379216.00000000000000000000000000000000000000000000000000
2082;1379848.00000000000000000000000000000000000000000000000000
2083;1380724.00000000000000000000000000000000000000000000000000
2084;1383672.00000000000000000000000000000000000000000000000000
2085;1385972.00000000000000000000000000000000000000000000000000
2086;1387932.00000000000000000000000000000000000000000000000000
2087;1391000.00000000000000000000000000000000000000000000000000
2088;1392700.00000000000000000000000000000000000000000000000000
