Second;RAM_KB
0;1418035.19999999995343387126922607421875000000000000000000
1;62568038.39999999850988388061523437500000000000000000000000
2;75868569.59999999403953552246093750000000000000000000000000
3;123505049.59999999403953552246093750000000000000000000000000
4;147147980.80000001192092895507812500000000000000000000000000
5;164662476.80000001192092895507812500000000000000000000000000
6;182398156.80000001192092895507812500000000000000000000000000
7;190541824.00000000000000000000000000000000000000000000000000
8;191183257.59999999403953552246093750000000000000000000000000
9;197879398.40000000596046447753906250000000000000000000000000
10;200377139.19999998807907104492187500000000000000000000000000
11;200989900.80000001192092895507812500000000000000000000000000
12;201591193.59999999403953552246093750000000000000000000000000
13;202437427.19999998807907104492187500000000000000000000000000
14;203056742.40000000596046447753906250000000000000000000000000
15;203689984.00000000000000000000000000000000000000000000000000
16;204610764.80000001192092895507812500000000000000000000000000
17;205216153.59999999403953552246093750000000000000000000000000
18;206134476.80000001192092895507812500000000000000000000000000
19;206632550.40000000596046447753906250000000000000000000000000
20;207339520.00000000000000000000000000000000000000000000000000
21;208393830.40000000596046447753906250000000000000000000000000
22;209028710.40000000596046447753906250000000000000000000000000
23;209602969.59999999403953552246093750000000000000000000000000
24;210678579.19999998807907104492187500000000000000000000000000
25;211021004.80000001192092895507812500000000000000000000000000
26;211614105.59999999403953552246093750000000000000000000000000
27;212751974.40000000596046447753906250000000000000000000000000
28;213082112.00000000000000000000000000000000000000000000000000
29;214509158.40000000596046447753906250000000000000000000000000
30;215062118.40000000596046447753906250000000000000000000000000
31;215471718.40000000596046447753906250000000000000000000000000
32;216222924.80000001192092895507812500000000000000000000000000
33;217219072.00000000000000000000000000000000000000000000000000
34;217627033.59999999403953552246093750000000000000000000000000
35;218112000.00000000000000000000000000000000000000000000000000
36;219285913.59999999403953552246093750000000000000000000000000
37;219670937.59999999403953552246093750000000000000000000000000
38;220060057.59999999403953552246093750000000000000000000000000
39;221317529.59999999403953552246093750000000000000000000000000
40;221755801.59999999403953552246093750000000000000000000000000
41;221840179.19999998807907104492187500000000000000000000000000
42;223327846.40000000596046447753906250000000000000000000000000
43;223802982.40000000596046447753906250000000000000000000000000
44;223916851.19999998807907104492187500000000000000000000000000
45;225169408.00000000000000000000000000000000000000000000000000
46;225607680.00000000000000000000000000000000000000000000000000
47;226026291.19999998807907104492187500000000000000000000000000
48;227358310.40000000596046447753906250000000000000000000000000
49;227722854.40000000596046447753906250000000000000000000000000
50;227915366.40000000596046447753906250000000000000000000000000
51;228899225.59999999403953552246093750000000000000000000000000
52;229459558.40000000596046447753906250000000000000000000000000
53;229919129.59999999403953552246093750000000000000000000000000
54;230815334.40000000596046447753906250000000000000000000000000
55;231347814.40000000596046447753906250000000000000000000000000
56;231809843.19999998807907104492187500000000000000000000000000
57;232008089.59999999403953552246093750000000000000000000000000
58;233248358.40000000596046447753906250000000000000000000000000
59;233617817.59999999403953552246093750000000000000000000000000
60;234672128.00000000000000000000000000000000000000000000000000
61;235272601.59999999403953552246093750000000000000000000000000
62;235668275.19999998807907104492187500000000000000000000000000
63;236097536.00000000000000000000000000000000000000000000000000
64;237190348.80000001192092895507812500000000000000000000000000
65;237469696.00000000000000000000000000000000000000000000000000
66;237914521.59999999403953552246093750000000000000000000000000
67;239072051.19999998807907104492187500000000000000000000000000
68;239566028.80000001192092895507812500000000000000000000000000
69;240025600.00000000000000000000000000000000000000000000000000
70;240099328.00000000000000000000000000000000000000000000000000
71;241337958.40000000596046447753906250000000000000000000000000
72;241337958.40000000596046447753906250000000000000000000000000
73;289684684.80000001192092895507812500000000000000000000000000
74;289687961.60000002384185791015625000000000000000000000000000
75;289669120.00000000000000000000000000000000000000000000000000
76;289689600.00000000000000000000000000000000000000000000000000
77;289663385.60000002384185791015625000000000000000000000000000
78;289669939.19999998807907104492187500000000000000000000000000
79;289676492.80000001192092895507812500000000000000000000000000
80;289702707.19999998807907104492187500000000000000000000000000
81;289663385.60000002384185791015625000000000000000000000000000
82;289746944.00000000000000000000000000000000000000000000000000
83;289663385.60000002384185791015625000000000000000000000000000
84;289669939.19999998807907104492187500000000000000000000000000
85;289663385.60000002384185791015625000000000000000000000000000
86;289702707.19999998807907104492187500000000000000000000000000
87;289804288.00000000000000000000000000000000000000000000000000
88;289804288.00000000000000000000000000000000000000000000000000
89;289804288.00000000000000000000000000000000000000000000000000
90;289751859.19999998807907104492187500000000000000000000000000
91;289751859.19999998807907104492187500000000000000000000000000
92;289712537.60000002384185791015625000000000000000000000000000
93;289725644.80000001192092895507812500000000000000000000000000
94;289804288.00000000000000000000000000000000000000000000000000
95;289679769.60000002384185791015625000000000000000000000000000
96;289738752.00000000000000000000000000000000000000000000000000
97;289712537.60000002384185791015625000000000000000000000000000
98;289804288.00000000000000000000000000000000000000000000000000
99;289686323.19999998807907104492187500000000000000000000000000
100;289719910.39999997615814208984375000000000000000000000000000
101;289751859.19999998807907104492187500000000000000000000000000
102;289738752.00000000000000000000000000000000000000000000000000
103;289725644.80000001192092895507812500000000000000000000000000
104;289804288.00000000000000000000000000000000000000000000000000
105;289738752.00000000000000000000000000000000000000000000000000
106;289725644.80000001192092895507812500000000000000000000000000
107;289719091.19999998807907104492187500000000000000000000000000
108;289738752.00000000000000000000000000000000000000000000000000
109;289719091.19999998807907104492187500000000000000000000000000
110;289712537.60000002384185791015625000000000000000000000000000
111;289719091.19999998807907104492187500000000000000000000000000
112;289705984.00000000000000000000000000000000000000000000000000
113;289804288.00000000000000000000000000000000000000000000000000
114;289781350.39999997615814208984375000000000000000000000000000
115;289725644.80000001192092895507812500000000000000000000000000
116;289719091.19999998807907104492187500000000000000000000000000
117;289712537.60000002384185791015625000000000000000000000000000
118;289705984.00000000000000000000000000000000000000000000000000
119;289719091.19999998807907104492187500000000000000000000000000
120;268692684.80000001192092895507812500000000000000000000000000
121;268995788.80000001192092895507812500000000000000000000000000
122;269139148.80000001192092895507812500000000000000000000000000
123;269515161.60000002384185791015625000000000000000000000000000
124;269732249.60000002384185791015625000000000000000000000000000
125;269950976.00000000000000000000000000000000000000000000000000
126;270326169.60000002384185791015625000000000000000000000000000
127;270603059.19999998807907104492187500000000000000000000000000
128;270858649.60000002384185791015625000000000000000000000000000
129;271256780.80000001192092895507812500000000000000000000000000
130;271512371.19999998807907104492187500000000000000000000000000
131;271895756.80000001192092895507812500000000000000000000000000
132;272347136.00000000000000000000000000000000000000000000000000
133;272724787.19999998807907104492187500000000000000000000000000
134;272856678.39999997615814208984375000000000000000000000000000
135;273201561.60000002384185791015625000000000000000000000000000
136;273364582.39999997615814208984375000000000000000000000000000
137;273747968.00000000000000000000000000000000000000000000000000
138;273960140.80000001192092895507812500000000000000000000000000
139;274422988.80000001192092895507812500000000000000000000000000
140;274646630.39999997615814208984375000000000000000000000000000
141;274952192.00000000000000000000000000000000000000000000000000
142;275305267.19999998807907104492187500000000000000000000000000
143;275582976.00000000000000000000000000000000000000000000000000
144;276215398.39999997615814208984375000000000000000000000000000
145;276604518.39999997615814208984375000000000000000000000000000
146;277031321.60000002384185791015625000000000000000000000000000
147;277652275.19999998807907104492187500000000000000000000000000
148;278015180.80000001192092895507812500000000000000000000000000
149;278183936.00000000000000000000000000000000000000000000000000
150;278320742.39999997615814208984375000000000000000000000000000
151;279322624.00000000000000000000000000000000000000000000000000
152;279355392.00000000000000000000000000000000000000000000000000
153;279575756.80000001192092895507812500000000000000000000000000
154;280557977.60000002384185791015625000000000000000000000000000
155;280725094.39999997615814208984375000000000000000000000000000
156;280929894.39999997615814208984375000000000000000000000000000
157;281238732.80000001192092895507812500000000000000000000000000
158;282166886.39999997615814208984375000000000000000000000000000
159;282388070.39999997615814208984375000000000000000000000000000
160;282763264.00000000000000000000000000000000000000000000000000
161;283066368.00000000000000000000000000000000000000000000000000
162;283250688.00000000000000000000000000000000000000000000000000
163;283540684.80000001192092895507812500000000000000000000000000
164;284314009.60000002384185791015625000000000000000000000000000
165;284454912.00000000000000000000000000000000000000000000000000
166;284677734.39999997615814208984375000000000000000000000000000
167;284836659.19999998807907104492187500000000000000000000000000
168;285165977.60000002384185791015625000000000000000000000000000
169;285501030.39999997615814208984375000000000000000000000000000
170;286314496.00000000000000000000000000000000000000000000000000
171;286475059.19999998807907104492187500000000000000000000000000
172;286740480.00000000000000000000000000000000000000000000000000
173;286985420.80000001192092895507812500000000000000000000000000
174;287306547.19999998807907104492187500000000000000000000000000
175;287374540.80000001192092895507812500000000000000000000000000
176;287771852.80000001192092895507812500000000000000000000000000
177;287943065.60000002384185791015625000000000000000000000000000
178;288792576.00000000000000000000000000000000000000000000000000
179;289082572.80000001192092895507812500000000000000000000000000
180;289165312.00000000000000000000000000000000000000000000000000
181;289731379.19999998807907104492187500000000000000000000000000
182;290168832.00000000000000000000000000000000000000000000000000
183;290816819.19999998807907104492187500000000000000000000000000
184;290816819.19999998807907104492187500000000000000000000000000
185;290686566.39999997615814208984375000000000000000000000000000
186;290674278.39999997615814208984375000000000000000000000000000
187;290661171.19999998807907104492187500000000000000000000000000
188;290700492.80000001192092895507812500000000000000000000000000
189;290779136.00000000000000000000000000000000000000000000000000
190;290713600.00000000000000000000000000000000000000000000000000
191;290752921.60000002384185791015625000000000000000000000000000
192;290779136.00000000000000000000000000000000000000000000000000
193;290688204.80000001192092895507812500000000000000000000000000
194;290701312.00000000000000000000000000000000000000000000000000
195;290714419.19999998807907104492187500000000000000000000000000
196;290727526.39999997615814208984375000000000000000000000000000
197;290714419.19999998807907104492187500000000000000000000000000
198;290727526.39999997615814208984375000000000000000000000000000
199;290727526.39999997615814208984375000000000000000000000000000
200;290852044.80000001192092895507812500000000000000000000000000
201;290852044.80000001192092895507812500000000000000000000000000
202;290785689.60000002384185791015625000000000000000000000000000
203;290849587.19999998807907104492187500000000000000000000000000
204;290798796.80000001192092895507812500000000000000000000000000
205;290875801.60000002384185791015625000000000000000000000000000
206;290877440.00000000000000000000000000000000000000000000000000
207;290825011.19999998807907104492187500000000000000000000000000
208;290798796.80000001192092895507812500000000000000000000000000
209;290851225.60000002384185791015625000000000000000000000000000
210;290862694.39999997615814208984375000000000000000000000000000
211;290785689.60000002384185791015625000000000000000000000000000
212;290811904.00000000000000000000000000000000000000000000000000
213;290849587.19999998807907104492187500000000000000000000000000
214;290785689.60000002384185791015625000000000000000000000000000
215;290785689.60000002384185791015625000000000000000000000000000
216;290798796.80000001192092895507812500000000000000000000000000
217;290811904.00000000000000000000000000000000000000000000000000
218;290759475.19999998807907104492187500000000000000000000000000
219;290785689.60000002384185791015625000000000000000000000000000
220;290892185.60000002384185791015625000000000000000000000000000
221;290892185.60000002384185791015625000000000000000000000000000
222;290800435.19999998807907104492187500000000000000000000000000
223;290813542.39999997615814208984375000000000000000000000000000
224;290864332.80000001192092895507812500000000000000000000000000
225;290813542.39999997615814208984375000000000000000000000000000
226;290826649.60000002384185791015625000000000000000000000000000
227;290813542.39999997615814208984375000000000000000000000000000
228;290865971.19999998807907104492187500000000000000000000000000
229;290877440.00000000000000000000000000000000000000000000000000
230;290865971.19999998807907104492187500000000000000000000000000
231;290800435.19999998807907104492187500000000000000000000000000
232;290826649.60000002384185791015625000000000000000000000000000
233;290839756.80000001192092895507812500000000000000000000000000
234;290865971.19999998807907104492187500000000000000000000000000
235;290800435.19999998807907104492187500000000000000000000000000
236;290877440.00000000000000000000000000000000000000000000000000
237;290864332.80000001192092895507812500000000000000000000000000
238;290826649.60000002384185791015625000000000000000000000000000
239;290812723.19999998807907104492187500000000000000000000000000
240;269360332.80000001192092895507812500000000000000000000000000
241;269785497.60000002384185791015625000000000000000000000000000
242;270050099.19999998807907104492187500000000000000000000000000
243;270320435.19999998807907104492187500000000000000000000000000
244;270711193.60000002384185791015625000000000000000000000000000
245;270825881.60000002384185791015625000000000000000000000000000
246;271059353.60000002384185791015625000000000000000000000000000
247;271326412.80000001192092895507812500000000000000000000000000
248;271668019.19999998807907104492187500000000000000000000000000
249;271843328.00000000000000000000000000000000000000000000000000
250;271915417.60000002384185791015625000000000000000000000000000
251;272389734.39999997615814208984375000000000000000000000000000
252;272515891.19999998807907104492187500000000000000000000000000
253;272892723.19999998807907104492187500000000000000000000000000
254;273252352.00000000000000000000000000000000000000000000000000
255;273514496.00000000000000000000000000000000000000000000000000
256;273661952.00000000000000000000000000000000000000000000000000
257;274014208.00000000000000000000000000000000000000000000000000
258;274239488.00000000000000000000000000000000000000000000000000
259;274663833.60000002384185791015625000000000000000000000000000
260;274889113.60000002384185791015625000000000000000000000000000
261;275167641.60000002384185791015625000000000000000000000000000
262;275419955.19999998807907104492187500000000000000000000000000
263;275607552.00000000000000000000000000000000000000000000000000
264;276034355.19999998807907104492187500000000000000000000000000
265;276293222.39999997615814208984375000000000000000000000000000
266;276497203.19999998807907104492187500000000000000000000000000
267;277105868.80000001192092895507812500000000000000000000000000
268;277214003.19999998807907104492187500000000000000000000000000
269;277581004.80000001192092895507812500000000000000000000000000
270;277739110.39999997615814208984375000000000000000000000000000
271;277995520.00000000000000000000000000000000000000000000000000
272;278368256.00000000000000000000000000000000000000000000000000
273;278625484.80000001192092895507812500000000000000000000000000
274;278817177.60000002384185791015625000000000000000000000000000
275;279032627.19999998807907104492187500000000000000000000000000
276;279831347.19999998807907104492187500000000000000000000000000
277;280202444.80000001192092895507812500000000000000000000000000
278;280398233.60000002384185791015625000000000000000000000000000
279;280767692.80000001192092895507812500000000000000000000000000
280;280843059.19999998807907104492187500000000000000000000000000
281;281738444.80000001192092895507812500000000000000000000000000
282;282222592.00000000000000000000000000000000000000000000000000
283;282469171.19999998807907104492187500000000000000000000000000
284;282644480.00000000000000000000000000000000000000000000000000
285;282823884.80000001192092895507812500000000000000000000000000
286;284070707.19999998807907104492187500000000000000000000000000
287;284345139.19999998807907104492187500000000000000000000000000
288;284508979.19999998807907104492187500000000000000000000000000
289;284770304.00000000000000000000000000000000000000000000000000
290;285089792.00000000000000000000000000000000000000000000000000
291;285923737.60000002384185791015625000000000000000000000000000
292;286352998.39999997615814208984375000000000000000000000000000
293;286564352.00000000000000000000000000000000000000000000000000
294;286788812.80000001192092895507812500000000000000000000000000
295;287105024.00000000000000000000000000000000000000000000000000
296;287160729.60000002384185791015625000000000000000000000000000
297;288523878.39999997615814208984375000000000000000000000000000
298;288504217.60000002384185791015625000000000000000000000000000
299;288580403.19999998807907104492187500000000000000000000000000
300;288786841.60000002384185791015625000000000000000000000000000
301;289034240.00000000000000000000000000000000000000000000000000
302;289406156.80000001192092895507812500000000000000000000000000
303;289674854.39999997615814208984375000000000000000000000000000
304;289758412.80000001192092895507812500000000000000000000000000
305;290816000.00000000000000000000000000000000000000000000000000
306;290938880.00000000000000000000000000000000000000000000000000
307;291179724.80000001192092895507812500000000000000000000000000
308;291520512.00000000000000000000000000000000000000000000000000
309;291647488.00000000000000000000000000000000000000000000000000
310;291705651.19999998807907104492187500000000000000000000000000
311;291707289.60000002384185791015625000000000000000000000000000
312;291668787.19999998807907104492187500000000000000000000000000
313;291695001.60000002384185791015625000000000000000000000000000
314;291731865.60000002384185791015625000000000000000000000000000
315;291681894.39999997615814208984375000000000000000000000000000
316;291668787.19999998807907104492187500000000000000000000000000
317;291681894.39999997615814208984375000000000000000000000000000
318;291760537.60000002384185791015625000000000000000000000000000
319;291681894.39999997615814208984375000000000000000000000000000
320;291760537.60000002384185791015625000000000000000000000000000
321;291695001.60000002384185791015625000000000000000000000000000
322;291707289.60000002384185791015625000000000000000000000000000
323;291708108.80000001192092895507812500000000000000000000000000
324;291681894.39999997615814208984375000000000000000000000000000
325;291764633.60000002384185791015625000000000000000000000000000
326;291764633.60000002384185791015625000000000000000000000000000
327;291726131.19999998807907104492187500000000000000000000000000
328;291712204.80000001192092895507812500000000000000000000000000
329;291791667.19999998807907104492187500000000000000000000000000
330;291712204.80000001192092895507812500000000000000000000000000
331;291712204.80000001192092895507812500000000000000000000000000
332;291725312.00000000000000000000000000000000000000000000000000
333;291685990.39999997615814208984375000000000000000000000000000
334;291726131.19999998807907104492187500000000000000000000000000
335;291712204.80000001192092895507812500000000000000000000000000
336;291712204.80000001192092895507812500000000000000000000000000
337;291712204.80000001192092895507812500000000000000000000000000
338;291712204.80000001192092895507812500000000000000000000000000
339;291790848.00000000000000000000000000000000000000000000000000
340;291737600.00000000000000000000000000000000000000000000000000
341;291726131.19999998807907104492187500000000000000000000000000
342;291791667.19999998807907104492187500000000000000000000000000
343;291791667.19999998807907104492187500000000000000000000000000
344;291738419.19999998807907104492187500000000000000000000000000
345;291737600.00000000000000000000000000000000000000000000000000
346;291726131.19999998807907104492187500000000000000000000000000
347;291726131.19999998807907104492187500000000000000000000000000
348;291738419.19999998807907104492187500000000000000000000000000
349;291672883.19999998807907104492187500000000000000000000000000
350;291789209.60000002384185791015625000000000000000000000000000
351;291712204.80000001192092895507812500000000000000000000000000
352;291764633.60000002384185791015625000000000000000000000000000
353;291776102.39999997615814208984375000000000000000000000000000
354;291712204.80000001192092895507812500000000000000000000000000
355;291739238.39999997615814208984375000000000000000000000000000
356;291776102.39999997615814208984375000000000000000000000000000
357;291699097.60000002384185791015625000000000000000000000000000
358;270009958.39999997615814208984375000000000000000000000000000
359;270240153.60000002384185791015625000000000000000000000000000
360;270481817.60000002384185791015625000000000000000000000000000
361;270705459.19999998807907104492187500000000000000000000000000
362;271025766.39999997615814208984375000000000000000000000000000
363;271319859.19999998807907104492187500000000000000000000000000
364;271609036.80000001192092895507812500000000000000000000000000
365;271810560.00000000000000000000000000000000000000000000000000
366;272133324.80000001192092895507812500000000000000000000000000
367;272502784.00000000000000000000000000000000000000000000000000
368;272823091.19999998807907104492187500000000000000000000000000
369;272977920.00000000000000000000000000000000000000000000000000
370;273434214.39999997615814208984375000000000000000000000000000
371;273566924.80000001192092895507812500000000000000000000000000
372;274061721.60000002384185791015625000000000000000000000000000
373;274241945.60000002384185791015625000000000000000000000000000
374;274670387.19999998807907104492187500000000000000000000000000
375;274896486.39999997615814208984375000000000000000000000000000
376;275172556.80000001192092895507812500000000000000000000000000
377;275414220.80000001192092895507812500000000000000000000000000
378;275736985.60000002384185791015625000000000000000000000000000
379;275837747.19999998807907104492187500000000000000000000000000
380;276238336.00000000000000000000000000000000000000000000000000
381;276549632.00000000000000000000000000000000000000000000000000
382;276830617.60000002384185791015625000000000000000000000000000
383;277167308.80000001192092895507812500000000000000000000000000
384;277850521.60000002384185791015625000000000000000000000000000
385;278156083.19999998807907104492187500000000000000000000000000
386;278262579.19999998807907104492187500000000000000000000000000
387;278572236.80000001192092895507812500000000000000000000000000
388;279041638.39999997615814208984375000000000000000000000000000
389;279142400.00000000000000000000000000000000000000000000000000
390;279397171.19999998807907104492187500000000000000000000000000
391;279786291.19999998807907104492187500000000000000000000000000
392;280423628.80000001192092895507812500000000000000000000000000
393;280681676.80000001192092895507812500000000000000000000000000
394;280834867.19999998807907104492187500000000000000000000000000
395;281163366.39999997615814208984375000000000000000000000000000
396;281495961.60000002384185791015625000000000000000000000000000
397;282464256.00000000000000000000000000000000000000000000000000
398;282864844.80000001192092895507812500000000000000000000000000
399;283026227.19999998807907104492187500000000000000000000000000
400;283305574.39999997615814208984375000000000000000000000000000
401;283469414.39999997615814208984375000000000000000000000000000
402;284246835.19999998807907104492187500000000000000000000000000
403;284435251.19999998807907104492187500000000000000000000000000
404;284586803.19999998807907104492187500000000000000000000000000
405;284913664.00000000000000000000000000000000000000000000000000
406;285204480.00000000000000000000000000000000000000000000000000
407;285316710.39999997615814208984375000000000000000000000000000
408;286339072.00000000000000000000000000000000000000000000000000
409;286601216.00000000000000000000000000000000000000000000000000
410;286896128.00000000000000000000000000000000000000000000000000
411;287081267.19999998807907104492187500000000000000000000000000
412;287318835.19999998807907104492187500000000000000000000000000
413;287475302.39999997615814208984375000000000000000000000000000
414;288470630.39999997615814208984375000000000000000000000000000
415;288689356.80000001192092895507812500000000000000000000000000
416;288890880.00000000000000000000000000000000000000000000000000
417;289033420.80000001192092895507812500000000000000000000000000
418;289353728.00000000000000000000000000000000000000000000000000
419;289647001.60000002384185791015625000000000000000000000000000
420;289786265.60000002384185791015625000000000000000000000000000
421;290649702.39999997615814208984375000000000000000000000000000
422;290829926.39999997615814208984375000000000000000000000000000
423;291131392.00000000000000000000000000000000000000000000000000
424;291287040.00000000000000000000000000000000000000000000000000
425;291672883.19999998807907104492187500000000000000000000000000
426;291674521.60000002384185791015625000000000000000000000000000
427;291648307.19999998807907104492187500000000000000000000000000
428;291649126.39999997615814208984375000000000000000000000000000
429;291704832.00000000000000000000000000000000000000000000000000
430;291668787.19999998807907104492187500000000000000000000000000
431;291667968.00000000000000000000000000000000000000000000000000
432;291704832.00000000000000000000000000000000000000000000000000
433;291641753.60000002384185791015625000000000000000000000000000
434;291725312.00000000000000000000000000000000000000000000000000
435;291648307.19999998807907104492187500000000000000000000000000
436;291707289.60000002384185791015625000000000000000000000000000
437;291648307.19999998807907104492187500000000000000000000000000
438;291681075.19999998807907104492187500000000000000000000000000
439;291733504.00000000000000000000000000000000000000000000000000
440;291695001.60000002384185791015625000000000000000000000000000
441;291707289.60000002384185791015625000000000000000000000000000
442;291717939.19999998807907104492187500000000000000000000000000
443;291717939.19999998807907104492187500000000000000000000000000
444;291678617.60000002384185791015625000000000000000000000000000
445;291652403.19999998807907104492187500000000000000000000000000
446;291679436.80000001192092895507812500000000000000000000000000
447;291645849.60000002384185791015625000000000000000000000000000
448;291659776.00000000000000000000000000000000000000000000000000
449;291690905.60000002384185791015625000000000000000000000000000
450;291691724.80000001192092895507812500000000000000000000000000
451;291665510.39999997615814208984375000000000000000000000000000
452;291744972.80000001192092895507812500000000000000000000000000
453;291658956.80000001192092895507812500000000000000000000000000
454;291678617.60000002384185791015625000000000000000000000000000
455;291652403.19999998807907104492187500000000000000000000000000
456;291652403.19999998807907104492187500000000000000000000000000
457;291691724.80000001192092895507812500000000000000000000000000
458;291744153.60000002384185791015625000000000000000000000000000
459;291744153.60000002384185791015625000000000000000000000000000
460;291658956.80000001192092895507812500000000000000000000000000
461;291658956.80000001192092895507812500000000000000000000000000
462;291659776.00000000000000000000000000000000000000000000000000
463;291691724.80000001192092895507812500000000000000000000000000
464;291652403.19999998807907104492187500000000000000000000000000
465;291645849.60000002384185791015625000000000000000000000000000
466;291652403.19999998807907104492187500000000000000000000000000
467;291658956.80000001192092895507812500000000000000000000000000
468;291679436.80000001192092895507812500000000000000000000000000
469;291750707.19999998807907104492187500000000000000000000000000
470;291665510.39999997615814208984375000000000000000000000000000
471;291679436.80000001192092895507812500000000000000000000000000
472;291691724.80000001192092895507812500000000000000000000000000
473;291658956.80000001192092895507812500000000000000000000000000
474;291659776.00000000000000000000000000000000000000000000000000
475;270259814.39999997615814208984375000000000000000000000000000
476;270308966.39999997615814208984375000000000000000000000000000
477;270419558.39999997615814208984375000000000000000000000000000
478;270810316.80000001192092895507812500000000000000000000000000
479;271084748.80000001192092895507812500000000000000000000000000
480;271381299.19999998807907104492187500000000000000000000000000
481;271672115.19999998807907104492187500000000000000000000000000
482;272022732.80000001192092895507812500000000000000000000000000
483;272277504.00000000000000000000000000000000000000000000000000
484;272520806.39999997615814208984375000000000000000000000000000
485;272757555.19999998807907104492187500000000000000000000000000
486;272943513.60000002384185791015625000000000000000000000000000
487;273273651.19999998807907104492187500000000000000000000000000
488;273761075.19999998807907104492187500000000000000000000000000
489;273990451.19999998807907104492187500000000000000000000000000
490;274322227.19999998807907104492187500000000000000000000000000
491;274644172.80000001192092895507812500000000000000000000000000
492;275145523.19999998807907104492187500000000000000000000000000
493;275319193.60000002384185791015625000000000000000000000000000
494;275683737.60000002384185791015625000000000000000000000000000
495;276180172.80000001192092895507812500000000000000000000000000
496;276448870.39999997615814208984375000000000000000000000000000
497;276739686.39999997615814208984375000000000000000000000000000
498;277109964.80000001192092895507812500000000000000000000000000
499;277275443.19999998807907104492187500000000000000000000000000
500;277478604.80000001192092895507812500000000000000000000000000
501;277779251.19999998807907104492187500000000000000000000000000
502;278567321.60000002384185791015625000000000000000000000000000
503;278615654.39999997615814208984375000000000000000000000000000
504;278886809.60000002384185791015625000000000000000000000000000
505;279209574.39999997615814208984375000000000000000000000000000
506;279450419.19999998807907104492187500000000000000000000000000
507;279745331.19999998807907104492187500000000000000000000000000
508;279951769.60000002384185791015625000000000000000000000000000
509;280318771.19999998807907104492187500000000000000000000000000
510;280617779.19999998807907104492187500000000000000000000000000
511;281033932.80000001192092895507812500000000000000000000000000
512;281300992.00000000000000000000000000000000000000000000000000
513;281461555.19999998807907104492187500000000000000000000000000
514;282481459.19999998807907104492187500000000000000000000000000
515;282620723.19999998807907104492187500000000000000000000000000
516;282886144.00000000000000000000000000000000000000000000000000
517;283259699.19999998807907104492187500000000000000000000000000
518;283343257.60000002384185791015625000000000000000000000000000
519;284588441.60000002384185791015625000000000000000000000000000
520;284832563.19999998807907104492187500000000000000000000000000
521;285071769.60000002384185791015625000000000000000000000000000
522;285323264.00000000000000000000000000000000000000000000000000
523;285469900.80000001192092895507812500000000000000000000000000
524;285753344.00000000000000000000000000000000000000000000000000
525;286662656.00000000000000000000000000000000000000000000000000
526;287044403.19999998807907104492187500000000000000000000000000
527;287256576.00000000000000000000000000000000000000000000000000
528;287323750.39999997615814208984375000000000000000000000000000
529;287522816.00000000000000000000000000000000000000000000000000
530;287918489.60000002384185791015625000000000000000000000000000
531;288824524.80000001192092895507812500000000000000000000000000
532;288840908.80000001192092895507812500000000000000000000000000
533;289220198.39999997615814208984375000000000000000000000000000
534;289452851.19999998807907104492187500000000000000000000000000
535;289709260.80000001192092895507812500000000000000000000000000
536;289828044.80000001192092895507812500000000000000000000000000
537;290217164.80000001192092895507812500000000000000000000000000
538;290310553.60000002384185791015625000000000000000000000000000
539;291459072.00000000000000000000000000000000000000000000000000
540;291636838.39999997615814208984375000000000000000000000000000
541;291903897.60000002384185791015625000000000000000000000000000
542;292008755.19999998807907104492187500000000000000000000000000
543;292200448.00000000000000000000000000000000000000000000000000
544;292234854.39999997615814208984375000000000000000000000000000
545;292207820.80000001192092895507812500000000000000000000000000
546;292214374.39999997615814208984375000000000000000000000000000
547;292220928.00000000000000000000000000000000000000000000000000
548;292247142.39999997615814208984375000000000000000000000000000
549;292273356.80000001192092895507812500000000000000000000000000
550;292214374.39999997615814208984375000000000000000000000000000
551;292220928.00000000000000000000000000000000000000000000000000
552;292234035.19999998807907104492187500000000000000000000000000
553;292234854.39999997615814208984375000000000000000000000000000
554;292175052.80000001192092895507812500000000000000000000000000
555;292214374.39999997615814208984375000000000000000000000000000
556;292220928.00000000000000000000000000000000000000000000000000
557;292273356.80000001192092895507812500000000000000000000000000
558;292270899.19999998807907104492187500000000000000000000000000
559;292323328.00000000000000000000000000000000000000000000000000
560;292323328.00000000000000000000000000000000000000000000000000
561;292323328.00000000000000000000000000000000000000000000000000
562;292296294.39999997615814208984375000000000000000000000000000
563;292297113.60000002384185791015625000000000000000000000000000
564;292295475.19999998807907104492187500000000000000000000000000
565;292308582.39999997615814208984375000000000000000000000000000
566;292383948.80000001192092895507812500000000000000000000000000
567;292357734.39999997615814208984375000000000000000000000000000
568;292420812.80000001192092895507812500000000000000000000000000
569;292367564.80000001192092895507812500000000000000000000000000
570;292368384.00000000000000000000000000000000000000000000000000
571;292383948.80000001192092895507812500000000000000000000000000
572;292356096.00000000000000000000000000000000000000000000000000
573;292335616.00000000000000000000000000000000000000000000000000
574;292336435.19999998807907104492187500000000000000000000000000
575;292394598.39999997615814208984375000000000000000000000000000
576;292429824.00000000000000000000000000000000000000000000000000
577;292429824.00000000000000000000000000000000000000000000000000
578;292344627.19999998807907104492187500000000000000000000000000
579;292436377.60000002384185791015625000000000000000000000000000
580;292338073.60000002384185791015625000000000000000000000000000
581;292404428.80000001192092895507812500000000000000000000000000
582;292402790.39999997615814208984375000000000000000000000000000
583;292338892.80000001192092895507812500000000000000000000000000
584;292345446.39999997615814208984375000000000000000000000000000
585;292430643.19999998807907104492187500000000000000000000000000
586;292365107.19999998807907104492187500000000000000000000000000
587;292404428.80000001192092895507812500000000000000000000000000
588;292365926.39999997615814208984375000000000000000000000000000
589;292345446.39999997615814208984375000000000000000000000000000
590;292365107.19999998807907104492187500000000000000000000000000
591;292338892.80000001192092895507812500000000000000000000000000
592;270565376.00000000000000000000000000000000000000000000000000
593;270487552.00000000000000000000000000000000000000000000000000
594;270571929.60000002384185791015625000000000000000000000000000
595;270674329.60000002384185791015625000000000000000000000000000
596;271061811.19999998807907104492187500000000000000000000000000
597;271358361.60000002384185791015625000000000000000000000000000
598;271640166.39999997615814208984375000000000000000000000000000
599;272040755.19999998807907104492187500000000000000000000000000
600;272291430.39999997615814208984375000000000000000000000000000
601;272595353.60000002384185791015625000000000000000000000000000
602;272868966.39999997615814208984375000000000000000000000000000
603;273129472.00000000000000000000000000000000000000000000000000
604;273594777.60000002384185791015625000000000000000000000000000
605;273825792.00000000000000000000000000000000000000000000000000
606;274452480.00000000000000000000000000000000000000000000000000
607;274718720.00000000000000000000000000000000000000000000000000
608;275101286.39999997615814208984375000000000000000000000000000
609;275480576.00000000000000000000000000000000000000000000000000
610;275997491.19999998807907104492187500000000000000000000000000
611;276362854.39999997615814208984375000000000000000000000000000
612;276502937.60000002384185791015625000000000000000000000000000
613;276911718.39999997615814208984375000000000000000000000000000
614;277294284.80000001192092895507812500000000000000000000000000
615;277404876.80000001192092895507812500000000000000000000000000
616;277670297.60000002384185791015625000000000000000000000000000
617;278822092.80000001192092895507812500000000000000000000000000
618;279007232.00000000000000000000000000000000000000000000000000
619;279140761.60000002384185791015625000000000000000000000000000
620;279366041.60000002384185791015625000000000000000000000000000
621;279641292.80000001192092895507812500000000000000000000000000
622;279915724.80000001192092895507812500000000000000000000000000
623;280320409.60000002384185791015625000000000000000000000000000
624;280476057.60000002384185791015625000000000000000000000000000
625;280678400.00000000000000000000000000000000000000000000000000
626;280995430.39999997615814208984375000000000000000000000000000
627;281322291.19999998807907104492187500000000000000000000000000
628;282364313.60000002384185791015625000000000000000000000000000
629;282517504.00000000000000000000000000000000000000000000000000
630;282815692.80000001192092895507812500000000000000000000000000
631;283142553.60000002384185791015625000000000000000000000000000
632;283543961.60000002384185791015625000000000000000000000000000
633;284209152.00000000000000000000000000000000000000000000000000
634;284450816.00000000000000000000000000000000000000000000000000
635;284800614.39999997615814208984375000000000000000000000000000
636;285120921.60000002384185791015625000000000000000000000000000
637;285415014.39999997615814208984375000000000000000000000000000
638;285636198.39999997615814208984375000000000000000000000000000
639;286652006.39999997615814208984375000000000000000000000000000
640;286880563.19999998807907104492187500000000000000000000000000
641;287255756.80000001192092895507812500000000000000000000000000
642;287334400.00000000000000000000000000000000000000000000000000
643;287698944.00000000000000000000000000000000000000000000000000
644;287965184.00000000000000000000000000000000000000000000000000
645;288885964.80000001192092895507812500000000000000000000000000
646;288972800.00000000000000000000000000000000000000000000000000
647;289254604.80000001192092895507812500000000000000000000000000
648;289415168.00000000000000000000000000000000000000000000000000
649;289666662.39999997615814208984375000000000000000000000000000
650;289862451.19999998807907104492187500000000000000000000000000
651;290236006.39999997615814208984375000000000000000000000000000
652;290406400.00000000000000000000000000000000000000000000000000
653;291241164.80000001192092895507812500000000000000000000000000
654;291345203.19999998807907104492187500000000000000000000000000
655;291575398.39999997615814208984375000000000000000000000000000
656;291758080.00000000000000000000000000000000000000000000000000
657;291957964.80000001192092895507812500000000000000000000000000
658;292379033.60000002384185791015625000000000000000000000000000
659;292384768.00000000000000000000000000000000000000000000000000
660;292461772.80000001192092895507812500000000000000000000000000
661;292527308.80000001192092895507812500000000000000000000000000
662;292525670.39999997615814208984375000000000000000000000000000
663;292487987.19999998807907104492187500000000000000000000000000
664;292448665.60000002384185791015625000000000000000000000000000
665;292540416.00000000000000000000000000000000000000000000000000
666;292422451.19999998807907104492187500000000000000000000000000
667;292474880.00000000000000000000000000000000000000000000000000
668;292461772.80000001192092895507812500000000000000000000000000
669;292474880.00000000000000000000000000000000000000000000000000
670;292461772.80000001192092895507812500000000000000000000000000
671;292461772.80000001192092895507812500000000000000000000000000
672;292487987.19999998807907104492187500000000000000000000000000
673;292487987.19999998807907104492187500000000000000000000000000
674;292487987.19999998807907104492187500000000000000000000000000
675;292448665.60000002384185791015625000000000000000000000000000
676;292422451.19999998807907104492187500000000000000000000000000
677;292537139.19999998807907104492187500000000000000000000000000
678;292537139.19999998807907104492187500000000000000000000000000
679;292510924.80000001192092895507812500000000000000000000000000
680;292484710.39999997615814208984375000000000000000000000000000
681;292484710.39999997615814208984375000000000000000000000000000
682;292484710.39999997615814208984375000000000000000000000000000
683;292484710.39999997615814208984375000000000000000000000000000
684;292537139.19999998807907104492187500000000000000000000000000
685;292563353.60000002384185791015625000000000000000000000000000
686;292563353.60000002384185791015625000000000000000000000000000
687;292537139.19999998807907104492187500000000000000000000000000
688;292510924.80000001192092895507812500000000000000000000000000
689;292576460.80000001192092895507812500000000000000000000000000
690;292484710.39999997615814208984375000000000000000000000000000
691;292527308.80000001192092895507812500000000000000000000000000
692;292497817.60000002384185791015625000000000000000000000000000
693;292445388.80000001192092895507812500000000000000000000000000
694;292484710.39999997615814208984375000000000000000000000000000
695;292563353.60000002384185791015625000000000000000000000000000
696;292510924.80000001192092895507812500000000000000000000000000
697;292471603.19999998807907104492187500000000000000000000000000
698;292563353.60000002384185791015625000000000000000000000000000
699;292548608.00000000000000000000000000000000000000000000000000
700;292563353.60000002384185791015625000000000000000000000000000
701;292497817.60000002384185791015625000000000000000000000000000
702;292535500.80000001192092895507812500000000000000000000000000
703;292481433.60000002384185791015625000000000000000000000000000
704;292510105.60000002384185791015625000000000000000000000000000
705;292470784.00000000000000000000000000000000000000000000000000
706;292510105.60000002384185791015625000000000000000000000000000
707;292483891.19999998807907104492187500000000000000000000000000
708;292534681.60000002384185791015625000000000000000000000000000
709;292483891.19999998807907104492187500000000000000000000000000
710;292496998.39999997615814208984375000000000000000000000000000
711;271881011.19999998807907104492187500000000000000000000000000
712;272069427.19999998807907104492187500000000000000000000000000
713;272088268.80000001192092895507812500000000000000000000000000
714;272200499.19999998807907104492187500000000000000000000000000
715;272248012.80000001192092895507812500000000000000000000000000
716;272297984.00000000000000000000000000000000000000000000000000
717;272328294.39999997615814208984375000000000000000000000000000
718;272472473.60000002384185791015625000000000000000000000000000
719;272755097.60000002384185791015625000000000000000000000000000
720;272832102.39999997615814208984375000000000000000000000000000
721;273172889.60000002384185791015625000000000000000000000000000
722;273516953.60000002384185791015625000000000000000000000000000
723;273758617.60000002384185791015625000000000000000000000000000
724;274196070.39999997615814208984375000000000000000000000000000
725;274490982.39999997615814208984375000000000000000000000000000
726;274695782.39999997615814208984375000000000000000000000000000
727;275027558.39999997615814208984375000000000000000000000000000
728;275391283.19999998807907104492187500000000000000000000000000
729;275668992.00000000000000000000000000000000000000000000000000
730;276083507.19999998807907104492187500000000000000000000000000
731;276349747.19999998807907104492187500000000000000000000000000
732;276507033.60000002384185791015625000000000000000000000000000
733;276747878.39999997615814208984375000000000000000000000000000
734;277240217.60000002384185791015625000000000000000000000000000
735;277463040.00000000000000000000000000000000000000000000000000
736;277746483.19999998807907104492187500000000000000000000000000
737;278094643.19999998807907104492187500000000000000000000000000
738;278402662.39999997615814208984375000000000000000000000000000
739;278672998.39999997615814208984375000000000000000000000000000
740;279005593.60000002384185791015625000000000000000000000000000
741;279226777.60000002384185791015625000000000000000000000000000
742;279547904.00000000000000000000000000000000000000000000000000
743;280104960.00000000000000000000000000000000000000000000000000
744;280141004.80000001192092895507812500000000000000000000000000
745;280452300.80000001192092895507812500000000000000000000000000
746;280665292.80000001192092895507812500000000000000000000000000
747;281355059.19999998807907104492187500000000000000000000000000
748;281732710.39999997615814208984375000000000000000000000000000
749;281885900.80000001192092895507812500000000000000000000000000
750;282092339.19999998807907104492187500000000000000000000000000
751;282383155.19999998807907104492187500000000000000000000000000
752;283115520.00000000000000000000000000000000000000000000000000
753;283314585.60000002384185791015625000000000000000000000000000
754;283489894.39999997615814208984375000000000000000000000000000
755;283849523.19999998807907104492187500000000000000000000000000
756;284015820.80000001192092895507812500000000000000000000000000
757;284899737.60000002384185791015625000000000000000000000000000
758;285119283.19999998807907104492187500000000000000000000000000
759;285324902.39999997615814208984375000000000000000000000000000
760;285567385.60000002384185791015625000000000000000000000000000
761;285913088.00000000000000000000000000000000000000000000000000
762;286136729.60000002384185791015625000000000000000000000000000
763;287485132.80000001192092895507812500000000000000000000000000
764;288009420.80000001192092895507812500000000000000000000000000
765;288124928.00000000000000000000000000000000000000000000000000
766;288458342.39999997615814208984375000000000000000000000000000
767;288667238.39999997615814208984375000000000000000000000000000
768;289013760.00000000000000000000000000000000000000000000000000
769;289175961.60000002384185791015625000000000000000000000000000
770;290398208.00000000000000000000000000000000000000000000000000
771;290473574.39999997615814208984375000000000000000000000000000
772;290512896.00000000000000000000000000000000000000000000000000
773;290760294.39999997615814208984375000000000000000000000000000
774;291010969.60000002384185791015625000000000000000000000000000
775;291287859.19999998807907104492187500000000000000000000000000
776;291462348.80000001192092895507812500000000000000000000000000
777;292877926.39999997615814208984375000000000000000000000000000
778;293006540.80000001192092895507812500000000000000000000000000
779;293143347.19999998807907104492187500000000000000000000000000
780;293122867.19999998807907104492187500000000000000000000000000
781;293096652.80000001192092895507812500000000000000000000000000
782;293057331.19999998807907104492187500000000000000000000000000
783;293096652.80000001192092895507812500000000000000000000000000
784;293096652.80000001192092895507812500000000000000000000000000
785;293083545.60000002384185791015625000000000000000000000000000
786;293122867.19999998807907104492187500000000000000000000000000
787;293096652.80000001192092895507812500000000000000000000000000
788;293096652.80000001192092895507812500000000000000000000000000
789;293160550.39999997615814208984375000000000000000000000000000
790;293139251.19999998807907104492187500000000000000000000000000
791;293057331.19999998807907104492187500000000000000000000000000
792;293149081.60000002384185791015625000000000000000000000000000
793;293083545.60000002384185791015625000000000000000000000000000
794;293149081.60000002384185791015625000000000000000000000000000
795;293149081.60000002384185791015625000000000000000000000000000
796;293096652.80000001192092895507812500000000000000000000000000
797;293122867.19999998807907104492187500000000000000000000000000
798;293083545.60000002384185791015625000000000000000000000000000
799;293175296.00000000000000000000000000000000000000000000000000
800;293122867.19999998807907104492187500000000000000000000000000
801;293083545.60000002384185791015625000000000000000000000000000
802;293149081.60000002384185791015625000000000000000000000000000
803;293057331.19999998807907104492187500000000000000000000000000
804;293122867.19999998807907104492187500000000000000000000000000
805;293147443.19999998807907104492187500000000000000000000000000
806;293096652.80000001192092895507812500000000000000000000000000
807;293096652.80000001192092895507812500000000000000000000000000
808;293175296.00000000000000000000000000000000000000000000000000
809;293083545.60000002384185791015625000000000000000000000000000
810;293109760.00000000000000000000000000000000000000000000000000
811;293175296.00000000000000000000000000000000000000000000000000
812;293175296.00000000000000000000000000000000000000000000000000
813;293083545.60000002384185791015625000000000000000000000000000
814;293122867.19999998807907104492187500000000000000000000000000
815;293096652.80000001192092895507812500000000000000000000000000
816;293122867.19999998807907104492187500000000000000000000000000
817;293122867.19999998807907104492187500000000000000000000000000
818;293089280.00000000000000000000000000000000000000000000000000
819;293115494.39999997615814208984375000000000000000000000000000
820;293089280.00000000000000000000000000000000000000000000000000
821;293089280.00000000000000000000000000000000000000000000000000
822;293153177.60000002384185791015625000000000000000000000000000
823;293102387.19999998807907104492187500000000000000000000000000
824;293089280.00000000000000000000000000000000000000000000000000
825;293153177.60000002384185791015625000000000000000000000000000
826;293089280.00000000000000000000000000000000000000000000000000
827;293181030.39999997615814208984375000000000000000000000000000
828;272300441.60000002384185791015625000000000000000000000000000
829;272443801.60000002384185791015625000000000000000000000000000
830;272648601.60000002384185791015625000000000000000000000000000
831;272742809.60000002384185791015625000000000000000000000000000
832;272742809.60000002384185791015625000000000000000000000000000
833;272726425.60000002384185791015625000000000000000000000000000
834;273019699.19999998807907104492187500000000000000000000000000
835;273260544.00000000000000000000000000000000000000000000000000
836;273569382.39999997615814208984375000000000000000000000000000
837;273816780.80000001192092895507812500000000000000000000000000
838;274088755.19999998807907104492187500000000000000000000000000
839;274335334.39999997615814208984375000000000000000000000000000
840;274724454.39999997615814208984375000000000000000000000000000
841;275039846.39999997615814208984375000000000000000000000000000
842;275454361.60000002384185791015625000000000000000000000000000
843;275862323.19999998807907104492187500000000000000000000000000
844;276148224.00000000000000000000000000000000000000000000000000
845;276340736.00000000000000000000000000000000000000000000000000
846;276833075.19999998807907104492187500000000000000000000000000
847;277119795.19999998807907104492187500000000000000000000000000
848;277617868.80000001192092895507812500000000000000000000000000
849;277736652.80000001192092895507812500000000000000000000000000
850;278059417.60000002384185791015625000000000000000000000000000
851;278319923.19999998807907104492187500000000000000000000000000
852;279171891.19999998807907104492187500000000000000000000000000
853;279356211.19999998807907104492187500000000000000000000000000
854;279629004.80000001192092895507812500000000000000000000000000
855;279996825.60000002384185791015625000000000000000000000000000
856;280136908.80000001192092895507812500000000000000000000000000
857;280481792.00000000000000000000000000000000000000000000000000
858;280571084.80000001192092895507812500000000000000000000000000
859;281056051.19999998807907104492187500000000000000000000000000
860;281496780.80000001192092895507812500000000000000000000000000
861;281587712.00000000000000000000000000000000000000000000000000
862;281794150.39999997615814208984375000000000000000000000000000
863;282442956.80000001192092895507812500000000000000000000000000
864;282859110.39999997615814208984375000000000000000000000000000
865;283041792.00000000000000000000000000000000000000000000000000
866;283340800.00000000000000000000000000000000000000000000000000
867;284250931.19999998807907104492187500000000000000000000000000
868;284447539.19999998807907104492187500000000000000000000000000
869;284856320.00000000000000000000000000000000000000000000000000
870;285130752.00000000000000000000000000000000000000000000000000
871;285360128.00000000000000000000000000000000000000000000000000
872;285652582.39999997615814208984375000000000000000000000000000
873;287032934.39999997615814208984375000000000000000000000000000
874;287339315.19999998807907104492187500000000000000000000000000
875;287554764.80000001192092895507812500000000000000000000000000
876;287886540.80000001192092895507812500000000000000000000000000
877;288079052.80000001192092895507812500000000000000000000000000
878;289130905.60000002384185791015625000000000000000000000000000
879;289520844.80000001192092895507812500000000000000000000000000
880;289565900.80000001192092895507812500000000000000000000000000
881;289969766.39999997615814208984375000000000000000000000000000
882;290248294.39999997615814208984375000000000000000000000000000
883;290466201.60000002384185791015625000000000000000000000000000
884;290711961.60000002384185791015625000000000000000000000000000
885;292103782.39999997615814208984375000000000000000000000000000
886;292071833.60000002384185791015625000000000000000000000000000
887;292188979.19999998807907104492187500000000000000000000000000
888;292364288.00000000000000000000000000000000000000000000000000
889;292501094.39999997615814208984375000000000000000000000000000
890;292838604.80000001192092895507812500000000000000000000000000
891;293063884.80000001192092895507812500000000000000000000000000
892;293537382.39999997615814208984375000000000000000000000000000
893;293537382.39999997615814208984375000000000000000000000000000
894;293502976.00000000000000000000000000000000000000000000000000
895;293568512.00000000000000000000000000000000000000000000000000
896;293524275.19999998807907104492187500000000000000000000000000
897;293524275.19999998807907104492187500000000000000000000000000
898;293553766.39999997615814208984375000000000000000000000000000
899;293561958.39999997615814208984375000000000000000000000000000
900;293537382.39999997615814208984375000000000000000000000000000
901;293504614.39999997615814208984375000000000000000000000000000
902;293498060.80000001192092895507812500000000000000000000000000
903;293568512.00000000000000000000000000000000000000000000000000
904;293504614.39999997615814208984375000000000000000000000000000
905;293537382.39999997615814208984375000000000000000000000000000
906;293589811.19999998807907104492187500000000000000000000000000
907;293524275.19999998807907104492187500000000000000000000000000
908;293505433.60000002384185791015625000000000000000000000000000
909;293565235.19999998807907104492187500000000000000000000000000
910;293565235.19999998807907104492187500000000000000000000000000
911;293570150.39999997615814208984375000000000000000000000000000
912;293591449.60000002384185791015625000000000000000000000000000
913;293512806.39999997615814208984375000000000000000000000000000
914;293512806.39999997615814208984375000000000000000000000000000
915;293506252.80000001192092895507812500000000000000000000000000
916;293499699.19999998807907104492187500000000000000000000000000
917;293570150.39999997615814208984375000000000000000000000000000
918;293583257.60000002384185791015625000000000000000000000000000
919;293480038.39999997615814208984375000000000000000000000000000
920;293583257.60000002384185791015625000000000000000000000000000
921;293539020.80000001192092895507812500000000000000000000000000
922;293512806.39999997615814208984375000000000000000000000000000
923;293499699.19999998807907104492187500000000000000000000000000
924;293570150.39999997615814208984375000000000000000000000000000
925;293506252.80000001192092895507812500000000000000000000000000
926;293539020.80000001192092895507812500000000000000000000000000
927;293591449.60000002384185791015625000000000000000000000000000
928;293591449.60000002384185791015625000000000000000000000000000
929;293591449.60000002384185791015625000000000000000000000000000
930;293466931.19999998807907104492187500000000000000000000000000
931;293589811.19999998807907104492187500000000000000000000000000
932;293506252.80000001192092895507812500000000000000000000000000
933;293512806.39999997615814208984375000000000000000000000000000
934;293512806.39999997615814208984375000000000000000000000000000
935;293512806.39999997615814208984375000000000000000000000000000
936;293539020.80000001192092895507812500000000000000000000000000
937;293565235.19999998807907104492187500000000000000000000000000
938;293512806.39999997615814208984375000000000000000000000000000
939;293525913.60000002384185791015625000000000000000000000000000
940;293525913.60000002384185791015625000000000000000000000000000
941;293525913.60000002384185791015625000000000000000000000000000
942;293539020.80000001192092895507812500000000000000000000000000
943;293525913.60000002384185791015625000000000000000000000000000
944;272543744.00000000000000000000000000000000000000000000000000
945;272615014.39999997615814208984375000000000000000000000000000
946;272777216.00000000000000000000000000000000000000000000000000
947;272791142.39999997615814208984375000000000000000000000000000
948;272990208.00000000000000000000000000000000000000000000000000
949;273036083.19999998807907104492187500000000000000000000000000
950;273093427.19999998807907104492187500000000000000000000000000
951;273380147.19999998807907104492187500000000000000000000000000
952;273634099.19999998807907104492187500000000000000000000000000
953;273977344.00000000000000000000000000000000000000000000000000
954;274237030.39999997615814208984375000000000000000000000000000
955;274632704.00000000000000000000000000000000000000000000000000
956;275025100.80000001192092895507812500000000000000000000000000
957;275200409.60000002384185791015625000000000000000000000000000
958;275641958.39999997615814208984375000000000000000000000000000
959;275898368.00000000000000000000000000000000000000000000000000
960;276289945.60000002384185791015625000000000000000000000000000
961;276597145.60000002384185791015625000000000000000000000000000
962;276886323.19999998807907104492187500000000000000000000000000
963;277100953.60000002384185791015625000000000000000000000000000
964;277540044.80000001192092895507812500000000000000000000000000
965;277910323.19999998807907104492187500000000000000000000000000
966;278204416.00000000000000000000000000000000000000000000000000
967;278854860.80000001192092895507812500000000000000000000000000
968;279144857.60000002384185791015625000000000000000000000000000
969;279434035.19999998807907104492187500000000000000000000000000
970;280090214.39999997615814208984375000000000000000000000000000
971;280405606.39999997615814208984375000000000000000000000000000
972;280854528.00000000000000000000000000000000000000000000000000
973;281060147.19999998807907104492187500000000000000000000000000
974;281302630.39999997615814208984375000000000000000000000000000
975;281573785.60000002384185791015625000000000000000000000000000
976;281871974.39999997615814208984375000000000000000000000000000
977;282005504.00000000000000000000000000000000000000000000000000
978;282286489.60000002384185791015625000000000000000000000000000
979;282560921.60000002384185791015625000000000000000000000000000
980;282628096.00000000000000000000000000000000000000000000000000
981;282916454.39999997615814208984375000000000000000000000000000
982;283474329.60000002384185791015625000000000000000000000000000
983;283624243.19999998807907104492187500000000000000000000000000
984;284055142.39999997615814208984375000000000000000000000000000
985;284178022.39999997615814208984375000000000000000000000000000
986;285215129.60000002384185791015625000000000000000000000000000
987;285692723.19999998807907104492187500000000000000000000000000
988;285999923.19999998807907104492187500000000000000000000000000
989;286133452.80000001192092895507812500000000000000000000000000
990;286356275.19999998807907104492187500000000000000000000000000
991;286710988.80000001192092895507812500000000000000000000000000
992;287955353.60000002384185791015625000000000000000000000000000
993;288222412.80000001192092895507812500000000000000000000000000
994;288564838.39999997615814208984375000000000000000000000000000
995;288915456.00000000000000000000000000000000000000000000000000
996;289075200.00000000000000000000000000000000000000000000000000
997;289323417.60000002384185791015625000000000000000000000000000
998;290212249.60000002384185791015625000000000000000000000000000
999;290424422.39999997615814208984375000000000000000000000000000
1000;290664448.00000000000000000000000000000000000000000000000000
1001;290874163.19999998807907104492187500000000000000000000000000
1002;291252633.60000002384185791015625000000000000000000000000000
1003;291488563.19999998807907104492187500000000000000000000000000
1004;292678860.80000001192092895507812500000000000000000000000000
1005;292805017.60000002384185791015625000000000000000000000000000
1006;292824678.39999997615814208984375000000000000000000000000000
1007;292950016.00000000000000000000000000000000000000000000000000
1008;292917248.00000000000000000000000000000000000000000000000000
1009;292961484.80000001192092895507812500000000000000000000000000
1010;292937728.00000000000000000000000000000000000000000000000000
1011;292937728.00000000000000000000000000000000000000000000000000
1012;292931993.60000002384185791015625000000000000000000000000000
1013;292931993.60000002384185791015625000000000000000000000000000
1014;292931174.39999997615814208984375000000000000000000000000000
1015;292931174.39999997615814208984375000000000000000000000000000
1016;292950835.19999998807907104492187500000000000000000000000000
1017;292993433.60000002384185791015625000000000000000000000000000
1018;292937728.00000000000000000000000000000000000000000000000000
1019;292918067.19999998807907104492187500000000000000000000000000
1020;292931993.60000002384185791015625000000000000000000000000000
1021;292988518.39999997615814208984375000000000000000000000000000
1022;292963942.39999997615814208984375000000000000000000000000000
1023;292950835.19999998807907104492187500000000000000000000000000
1024;293032755.19999998807907104492187500000000000000000000000000
1025;293032755.19999998807907104492187500000000000000000000000000
1026;293050777.60000002384185791015625000000000000000000000000000
1027;292967219.19999998807907104492187500000000000000000000000000
1028;292980326.39999997615814208984375000000000000000000000000000
1029;292974592.00000000000000000000000000000000000000000000000000
1030;292993433.60000002384185791015625000000000000000000000000000
1031;293006540.80000001192092895507812500000000000000000000000000
1032;292973772.80000001192092895507812500000000000000000000000000
1033;293058969.60000002384185791015625000000000000000000000000000
1034;292973772.80000001192092895507812500000000000000000000000000
1035;292980326.39999997615814208984375000000000000000000000000000
1036;293006540.80000001192092895507812500000000000000000000000000
1037;292973772.80000001192092895507812500000000000000000000000000
1038;293058969.60000002384185791015625000000000000000000000000000
1039;292993433.60000002384185791015625000000000000000000000000000
1040;293058969.60000002384185791015625000000000000000000000000000
1041;293058969.60000002384185791015625000000000000000000000000000
1042;293006540.80000001192092895507812500000000000000000000000000
1043;292967219.19999998807907104492187500000000000000000000000000
1044;293032755.19999998807907104492187500000000000000000000000000
1045;292980326.39999997615814208984375000000000000000000000000000
1046;292973772.80000001192092895507812500000000000000000000000000
1047;292967219.19999998807907104492187500000000000000000000000000
1048;292967219.19999998807907104492187500000000000000000000000000
1049;292973772.80000001192092895507812500000000000000000000000000
1050;292981145.60000002384185791015625000000000000000000000000000
1051;292999987.19999998807907104492187500000000000000000000000000
1052;292983603.19999998807907104492187500000000000000000000000000
1053;292980326.39999997615814208984375000000000000000000000000000
1054;293065523.19999998807907104492187500000000000000000000000000
1055;293037670.39999997615814208984375000000000000000000000000000
1056;292954112.00000000000000000000000000000000000000000000000000
1057;272353689.60000002384185791015625000000000000000000000000000
1058;272267673.60000002384185791015625000000000000000000000000000
1059;272478208.00000000000000000000000000000000000000000000000000
1060;272635494.39999997615814208984375000000000000000000000000000
1061;272658432.00000000000000000000000000000000000000000000000000
1062;272839475.19999998807907104492187500000000000000000000000000
1063;272942694.39999997615814208984375000000000000000000000000000
1064;273131929.60000002384185791015625000000000000000000000000000
1065;273523507.19999998807907104492187500000000000000000000000000
1066;273648844.80000001192092895507812500000000000000000000000000
1067;274024038.39999997615814208984375000000000000000000000000000
1068;274336153.60000002384185791015625000000000000000000000000000
1069;274649088.00000000000000000000000000000000000000000000000000
1070;274887475.19999998807907104492187500000000000000000000000000
1071;275141427.19999998807907104492187500000000000000000000000000
1072;275433881.60000002384185791015625000000000000000000000000000
1073;275859865.60000002384185791015625000000000000000000000000000
1074;276155596.80000001192092895507812500000000000000000000000000
1075;276638105.60000002384185791015625000000000000000000000000000
1076;276933836.80000001192092895507812500000000000000000000000000
1077;277082931.19999998807907104492187500000000000000000000000000
1078;277548236.80000001192092895507812500000000000000000000000000
1079;277789081.60000002384185791015625000000000000000000000000000
1080;278034841.60000002384185791015625000000000000000000000000000
1081;278318284.80000001192092895507812500000000000000000000000000
1082;278618112.00000000000000000000000000000000000000000000000000
1083;278958899.19999998807907104492187500000000000000000000000000
1084;279856742.39999997615814208984375000000000000000000000000000
1085;279939481.60000002384185791015625000000000000000000000000000
1086;280263065.60000002384185791015625000000000000000000000000000
1087;280506368.00000000000000000000000000000000000000000000000000
1088;281033932.80000001192092895507812500000000000000000000000000
1089;281315737.60000002384185791015625000000000000000000000000000
1090;281453363.19999998807907104492187500000000000000000000000000
1091;281865420.80000001192092895507812500000000000000000000000000
1092;281853132.80000001192092895507812500000000000000000000000000
1093;282152140.80000001192092895507812500000000000000000000000000
1094;282339737.60000002384185791015625000000000000000000000000000
1095;282501939.19999998807907104492187500000000000000000000000000
1096;282748518.39999997615814208984375000000000000000000000000000
1097;282860748.80000001192092895507812500000000000000000000000000
1098;283483340.80000001192092895507812500000000000000000000000000
1099;283626700.80000001192092895507812500000000000000000000000000
1100;284029747.19999998807907104492187500000000000000000000000000
1101;284279603.19999998807907104492187500000000000000000000000000
1102;284536832.00000000000000000000000000000000000000000000000000
1103;285336371.19999998807907104492187500000000000000000000000000
1104;285432217.60000002384185791015625000000000000000000000000000
1105;285788569.60000002384185791015625000000000000000000000000000
1106;286008115.19999998807907104492187500000000000000000000000000
1107;286211276.80000001192092895507812500000000000000000000000000
1108;286573363.19999998807907104492187500000000000000000000000000
1109;287412224.00000000000000000000000000000000000000000000000000
1110;287521996.80000001192092895507812500000000000000000000000000
1111;287792332.80000001192092895507812500000000000000000000000000
1112;288115097.60000002384185791015625000000000000000000000000000
1113;288428851.19999998807907104492187500000000000000000000000000
1114;288678707.19999998807907104492187500000000000000000000000000
1115;288811417.60000002384185791015625000000000000000000000000000
1116;290316288.00000000000000000000000000000000000000000000000000
1117;290512896.00000000000000000000000000000000000000000000000000
1118;290775040.00000000000000000000000000000000000000000000000000
1119;291055206.39999997615814208984375000000000000000000000000000
1120;291216588.80000001192092895507812500000000000000000000000000
1121;291524608.00000000000000000000000000000000000000000000000000
1122;291787571.19999998807907104492187500000000000000000000000000
1123;292885299.19999998807907104492187500000000000000000000000000
1124;292937728.00000000000000000000000000000000000000000000000000
1125;292988518.39999997615814208984375000000000000000000000000000
1126;293381734.39999997615814208984375000000000000000000000000000
1127;293593907.19999998807907104492187500000000000000000000000000
1128;293783961.60000002384185791015625000000000000000000000000000
1129;293867520.00000000000000000000000000000000000000000000000000
1130;293858508.80000001192092895507812500000000000000000000000000
1131;293812633.60000002384185791015625000000000000000000000000000
1132;293835571.19999998807907104492187500000000000000000000000000
1133;293842124.80000001192092895507812500000000000000000000000000
1134;293874892.80000001192092895507812500000000000000000000000000
1135;293862604.80000001192092895507812500000000000000000000000000
1136;293848678.39999997615814208984375000000000000000000000000000
1137;293842124.80000001192092895507812500000000000000000000000000
1138;293842124.80000001192092895507812500000000000000000000000000
1139;293901107.19999998807907104492187500000000000000000000000000
1140;293861785.60000002384185791015625000000000000000000000000000
1141;293874073.60000002384185791015625000000000000000000000000000
1142;293874892.80000001192092895507812500000000000000000000000000
1143;293835571.19999998807907104492187500000000000000000000000000
1144;293927321.60000002384185791015625000000000000000000000000000
1145;293927321.60000002384185791015625000000000000000000000000000
1146;293848678.39999997615814208984375000000000000000000000000000
1147;293848678.39999997615814208984375000000000000000000000000000
1148;293906022.39999997615814208984375000000000000000000000000000
1149;293862604.80000001192092895507812500000000000000000000000000
1150;293874892.80000001192092895507812500000000000000000000000000
1151;293835571.19999998807907104492187500000000000000000000000000
1152;293874073.60000002384185791015625000000000000000000000000000
1153;293842944.00000000000000000000000000000000000000000000000000
1154;293912576.00000000000000000000000000000000000000000000000000
1155;293927321.60000002384185791015625000000000000000000000000000
1156;293874892.80000001192092895507812500000000000000000000000000
1157;293835571.19999998807907104492187500000000000000000000000000
1158;293848678.39999997615814208984375000000000000000000000000000
1159;293874892.80000001192092895507812500000000000000000000000000
1160;293861785.60000002384185791015625000000000000000000000000000
1161;293927321.60000002384185791015625000000000000000000000000000
1162;293927321.60000002384185791015625000000000000000000000000000
1163;293842124.80000001192092895507812500000000000000000000000000
1164;293874073.60000002384185791015625000000000000000000000000000
1165;293842124.80000001192092895507812500000000000000000000000000
1166;293848678.39999997615814208984375000000000000000000000000000
1167;293874073.60000002384185791015625000000000000000000000000000
1168;293842124.80000001192092895507812500000000000000000000000000
1169;293861785.60000002384185791015625000000000000000000000000000
1170;293927321.60000002384185791015625000000000000000000000000000
1171;293842124.80000001192092895507812500000000000000000000000000
1172;293861785.60000002384185791015625000000000000000000000000000
1173;293874073.60000002384185791015625000000000000000000000000000
1174;293919129.60000002384185791015625000000000000000000000000000
1175;293874073.60000002384185791015625000000000000000000000000000
1176;293835571.19999998807907104492187500000000000000000000000000
1177;288405913.60000002384185791015625000000000000000000000000000
1178;274496716.80000001192092895507812500000000000000000000000000
1179;274807193.60000002384185791015625000000000000000000000000000
1180;274828492.80000001192092895507812500000000000000000000000000
1181;274795724.80000001192092895507812500000000000000000000000000
1182;274889932.80000001192092895507812500000000000000000000000000
1183;274974310.39999997615814208984375000000000000000000000000000
1184;275076710.39999997615814208984375000000000000000000000000000
1185;275016089.60000002384185791015625000000000000000000000000000
1186;275394560.00000000000000000000000000000000000000000000000000
1187;275495321.60000002384185791015625000000000000000000000000000
1188;275816448.00000000000000000000000000000000000000000000000000
1189;276099072.00000000000000000000000000000000000000000000000000
1190;276515225.60000002384185791015625000000000000000000000000000
1191;276724121.60000002384185791015625000000000000000000000000000
1192;277104230.39999997615814208984375000000000000000000000000000
1193;277352448.00000000000000000000000000000000000000000000000000
1194;277635891.19999998807907104492187500000000000000000000000000
1195;277961113.60000002384185791015625000000000000000000000000000
1196;278358425.60000002384185791015625000000000000000000000000000
1197;278514892.80000001192092895507812500000000000000000000000000
1198;278843392.00000000000000000000000000000000000000000000000000
1199;279003136.00000000000000000000000000000000000000000000000000
1200;279412736.00000000000000000000000000000000000000000000000000
1201;279486464.00000000000000000000000000000000000000000000000000
1202;280071372.80000001192092895507812500000000000000000000000000
1203;280196710.39999997615814208984375000000000000000000000000000
1204;280412160.00000000000000000000000000000000000000000000000000
1205;280889753.60000002384185791015625000000000000000000000000000
1206;281275596.80000001192092895507812500000000000000000000000000
1207;281414860.80000001192092895507812500000000000000000000000000
1208;281677824.00000000000000000000000000000000000000000000000000
1209;282170163.19999998807907104492187500000000000000000000000000
1210;282478182.39999997615814208984375000000000000000000000000000
1211;282708377.60000002384185791015625000000000000000000000000000
1212;282968064.00000000000000000000000000000000000000000000000000
1213;283647180.80000001192092895507812500000000000000000000000000
1214;283897856.00000000000000000000000000000000000000000000000000
1215;284032204.80000001192092895507812500000000000000000000000000
1216;284377088.00000000000000000000000000000000000000000000000000
1217;284662988.80000001192092895507812500000000000000000000000000
1218;284890726.39999997615814208984375000000000000000000000000000
1219;285336371.19999998807907104492187500000000000000000000000000
1220;285392896.00000000000000000000000000000000000000000000000000
1221;285563289.60000002384185791015625000000000000000000000000000
1222;286057267.19999998807907104492187500000000000000000000000000
1223;286610227.19999998807907104492187500000000000000000000000000
1224;286801920.00000000000000000000000000000000000000000000000000
1225;287186124.80000001192092895507812500000000000000000000000000
1226;287361433.60000002384185791015625000000000000000000000000000
1227;287586713.60000002384185791015625000000000000000000000000000
1228;287725158.39999997615814208984375000000000000000000000000000
1229;289659289.60000002384185791015625000000000000000000000000000
1230;289814937.60000002384185791015625000000000000000000000000000
1231;290126233.60000002384185791015625000000000000000000000000000
1232;290236006.39999997615814208984375000000000000000000000000000
1233;290485043.19999998807907104492187500000000000000000000000000
1234;290862694.39999997615814208984375000000000000000000000000000
1235;291017523.19999998807907104492187500000000000000000000000000
1236;292127539.19999998807907104492187500000000000000000000000000
1237;292311859.19999998807907104492187500000000000000000000000000
1238;292507648.00000000000000000000000000000000000000000000000000
1239;292897587.19999998807907104492187500000000000000000000000000
1240;293144985.60000002384185791015625000000000000000000000000000
1241;293398937.60000002384185791015625000000000000000000000000000
1242;294375424.00000000000000000000000000000000000000000000000000
1243;294458163.19999998807907104492187500000000000000000000000000
1244;294543360.00000000000000000000000000000000000000000000000000
1245;294543360.00000000000000000000000000000000000000000000000000
1246;294493388.80000001192092895507812500000000000000000000000000
1247;294531072.00000000000000000000000000000000000000000000000000
1248;294487654.39999997615814208984375000000000000000000000000000
1249;294467174.39999997615814208984375000000000000000000000000000
1250;294499942.39999997615814208984375000000000000000000000000000
1251;294473728.00000000000000000000000000000000000000000000000000
1252;294523699.19999998807907104492187500000000000000000000000000
1253;294467993.60000002384185791015625000000000000000000000000000
1254;294467174.39999997615814208984375000000000000000000000000000
1255;294487654.39999997615814208984375000000000000000000000000000
1256;294544179.19999998807907104492187500000000000000000000000000
1257;294526156.80000001192092895507812500000000000000000000000000
1258;294499123.19999998807907104492187500000000000000000000000000
1259;294499942.39999997615814208984375000000000000000000000000000
1260;294487654.39999997615814208984375000000000000000000000000000
1261;294531072.00000000000000000000000000000000000000000000000000
1262;294531072.00000000000000000000000000000000000000000000000000
1263;294465536.00000000000000000000000000000000000000000000000000
1264;294465536.00000000000000000000000000000000000000000000000000
1265;294458982.39999997615814208984375000000000000000000000000000
1266;294465536.00000000000000000000000000000000000000000000000000
1267;294491750.39999997615814208984375000000000000000000000000000
1268;294478643.19999998807907104492187500000000000000000000000000
1269;294491750.39999997615814208984375000000000000000000000000000
1270;294478643.19999998807907104492187500000000000000000000000000
1271;294472089.60000002384185791015625000000000000000000000000000
1272;294504857.60000002384185791015625000000000000000000000000000
1273;294472089.60000002384185791015625000000000000000000000000000
1274;294478643.19999998807907104492187500000000000000000000000000
1275;294491750.39999997615814208984375000000000000000000000000000
1276;294557286.39999997615814208984375000000000000000000000000000
1277;294491750.39999997615814208984375000000000000000000000000000
1278;294557286.39999997615814208984375000000000000000000000000000
1279;294557286.39999997615814208984375000000000000000000000000000
1280;294472908.80000001192092895507812500000000000000000000000000
1281;294549094.39999997615814208984375000000000000000000000000000
1282;294472908.80000001192092895507812500000000000000000000000000
1283;294557286.39999997615814208984375000000000000000000000000000
1284;294458982.39999997615814208984375000000000000000000000000000
1285;294475366.39999997615814208984375000000000000000000000000000
1286;294504857.60000002384185791015625000000000000000000000000000
1287;294465536.00000000000000000000000000000000000000000000000000
1288;294531072.00000000000000000000000000000000000000000000000000
1289;294528614.39999997615814208984375000000000000000000000000000
1290;294472089.60000002384185791015625000000000000000000000000000
1291;294504857.60000002384185791015625000000000000000000000000000
1292;294496665.60000002384185791015625000000000000000000000000000
1293;294504857.60000002384185791015625000000000000000000000000000
1294;294432768.00000000000000000000000000000000000000000000000000
1295;274222284.80000001192092895507812500000000000000000000000000
1296;274400051.19999998807907104492187500000000000000000000000000
1297;274540953.60000002384185791015625000000000000000000000000000
1298;274608947.19999998807907104492187500000000000000000000000000
1299;274766233.60000002384185791015625000000000000000000000000000
1300;274889113.60000002384185791015625000000000000000000000000000
1301;275057049.60000002384185791015625000000000000000000000000000
1302;275076710.39999997615814208984375000000000000000000000000000
1303;275155353.60000002384185791015625000000000000000000000000000
1304;275415040.00000000000000000000000000000000000000000000000000
1305;275791052.80000001192092895507812500000000000000000000000000
1306;276124467.19999998807907104492187500000000000000000000000000
1307;276362854.39999997615814208984375000000000000000000000000000
1308;276818329.60000002384185791015625000000000000000000000000000
1309;277166489.60000002384185791015625000000000000000000000000000
1310;277395865.60000002384185791015625000000000000000000000000000
1311;277639168.00000000000000000000000000000000000000000000000000
1312;277875097.60000002384185791015625000000000000000000000000000
1313;278220800.00000000000000000000000000000000000000000000000000
1314;278482944.00000000000000000000000000000000000000000000000000
1315;278760652.80000001192092895507812500000000000000000000000000
1316;279032627.19999998807907104492187500000000000000000000000000
1317;279424204.80000001192092895507812500000000000000000000000000
1318;279674060.80000001192092895507812500000000000000000000000000
1319;279800217.60000002384185791015625000000000000000000000000000
1320;280623513.60000002384185791015625000000000000000000000000000
1321;280733286.39999997615814208984375000000000000000000000000000
1322;281146982.39999997615814208984375000000000000000000000000000
1323;281386188.80000001192092895507812500000000000000000000000000
1324;281852313.60000002384185791015625000000000000000000000000000
1325;282224230.39999997615814208984375000000000000000000000000000
1326;282476544.00000000000000000000000000000000000000000000000000
1327;282855014.39999997615814208984375000000000000000000000000000
1328;283009024.00000000000000000000000000000000000000000000000000
1329;283324416.00000000000000000000000000000000000000000000000000
1330;283799552.00000000000000000000000000000000000000000000000000
1331;283901952.00000000000000000000000000000000000000000000000000
1332;284539289.60000002384185791015625000000000000000000000000000
1333;284870246.39999997615814208984375000000000000000000000000000
1334;285079142.39999997615814208984375000000000000000000000000000
1335;285349478.39999997615814208984375000000000000000000000000000
1336;285751705.60000002384185791015625000000000000000000000000000
1337;285870489.60000002384185791015625000000000000000000000000000
1338;286304665.60000002384185791015625000000000000000000000000000
1339;286561894.39999997615814208984375000000000000000000000000000
1340;286744576.00000000000000000000000000000000000000000000000000
1341;286876467.19999998807907104492187500000000000000000000000000
1342;287631769.60000002384185791015625000000000000000000000000000
1343;287886540.80000001192092895507812500000000000000000000000000
1344;287998771.19999998807907104492187500000000000000000000000000
1345;288354304.00000000000000000000000000000000000000000000000000
1346;288627916.80000001192092895507812500000000000000000000000000
1347;288739328.00000000000000000000000000000000000000000000000000
1348;290902016.00000000000000000000000000000000000000000000000000
1349;291105177.60000002384185791015625000000000000000000000000000
1350;291377971.19999998807907104492187500000000000000000000000000
1351;291717939.19999998807907104492187500000000000000000000000000
1352;291928473.60000002384185791015625000000000000000000000000000
1353;292161945.60000002384185791015625000000000000000000000000000
1354;293336678.39999997615814208984375000000000000000000000000000
1355;293300633.60000002384185791015625000000000000000000000000000
1356;293500518.39999997615814208984375000000000000000000000000000
1357;293872435.19999998807907104492187500000000000000000000000000
1358;294064128.00000000000000000000000000000000000000000000000000
1359;294247628.80000001192092895507812500000000000000000000000000
1360;294505676.80000001192092895507812500000000000000000000000000
1361;294575308.80000001192092895507812500000000000000000000000000
1362;294461440.00000000000000000000000000000000000000000000000000
1363;294526976.00000000000000000000000000000000000000000000000000
1364;294488473.60000002384185791015625000000000000000000000000000
1365;294474547.19999998807907104492187500000000000000000000000000
1366;294487654.39999997615814208984375000000000000000000000000000
1367;294488473.60000002384185791015625000000000000000000000000000
1368;294461440.00000000000000000000000000000000000000000000000000
1369;294441779.19999998807907104492187500000000000000000000000000
1370;294526976.00000000000000000000000000000000000000000000000000
1371;294500761.60000002384185791015625000000000000000000000000000
1372;294474547.19999998807907104492187500000000000000000000000000
1373;294488473.60000002384185791015625000000000000000000000000000
1374;294441779.19999998807907104492187500000000000000000000000000
1375;294526976.00000000000000000000000000000000000000000000000000
1376;294536806.39999997615814208984375000000000000000000000000000
1377;294536806.39999997615814208984375000000000000000000000000000
1378;294509772.80000001192092895507812500000000000000000000000000
1379;294563020.80000001192092895507812500000000000000000000000000
1380;294477824.00000000000000000000000000000000000000000000000000
1381;294478643.19999998807907104492187500000000000000000000000000
1382;294536806.39999997615814208984375000000000000000000000000000
1383;294471270.39999997615814208984375000000000000000000000000000
1384;294438502.39999997615814208984375000000000000000000000000000
1385;294497484.80000001192092895507812500000000000000000000000000
1386;294563020.80000001192092895507812500000000000000000000000000
1387;294498304.00000000000000000000000000000000000000000000000000
1388;294477824.00000000000000000000000000000000000000000000000000
1389;294511411.19999998807907104492187500000000000000000000000000
1390;294464716.80000001192092895507812500000000000000000000000000
1391;294563020.80000001192092895507812500000000000000000000000000
1392;294563020.80000001192092895507812500000000000000000000000000
1393;294563020.80000001192092895507812500000000000000000000000000
1394;294477824.00000000000000000000000000000000000000000000000000
1395;294477824.00000000000000000000000000000000000000000000000000
1396;294509772.80000001192092895507812500000000000000000000000000
1397;294511411.19999998807907104492187500000000000000000000000000
1398;294484377.60000002384185791015625000000000000000000000000000
1399;294472089.60000002384185791015625000000000000000000000000000
1400;294563020.80000001192092895507812500000000000000000000000000
1401;294508953.60000002384185791015625000000000000000000000000000
1402;294509772.80000001192092895507812500000000000000000000000000
1403;294470451.19999998807907104492187500000000000000000000000000
1404;294508953.60000002384185791015625000000000000000000000000000
1405;294477004.80000001192092895507812500000000000000000000000000
1406;294509772.80000001192092895507812500000000000000000000000000
1407;294477824.00000000000000000000000000000000000000000000000000
1408;294497484.80000001192092895507812500000000000000000000000000
1409;274174771.19999998807907104492187500000000000000000000000000
1410;274327142.39999997615814208984375000000000000000000000000000
1411;274401689.60000002384185791015625000000000000000000000000000
1412;274677760.00000000000000000000000000000000000000000000000000
1413;274780160.00000000000000000000000000000000000000000000000000
1414;274806374.39999997615814208984375000000000000000000000000000
1415;274914508.80000001192092895507812500000000000000000000000000
1416;274924339.19999998807907104492187500000000000000000000000000
1417;275009536.00000000000000000000000000000000000000000000000000
1418;275354419.19999998807907104492187500000000000000000000000000
1419;275560857.60000002384185791015625000000000000000000000000000
1420;277824307.19999998807907104492187500000000000000000000000000
1421;278074163.19999998807907104492187500000000000000000000000000
1422;278453452.80000001192092895507812500000000000000000000000000
1423;278546841.60000002384185791015625000000000000000000000000000
1424;278786867.19999998807907104492187500000000000000000000000000
1425;279103078.39999997615814208984375000000000000000000000000000
1426;279290675.19999998807907104492187500000000000000000000000000
1427;279792844.80000001192092895507812500000000000000000000000000
1428;279836262.39999997615814208984375000000000000000000000000000
1429;280220467.19999998807907104492187500000000000000000000000000
1430;280671846.39999997615814208984375000000000000000000000000000
1431;280914329.60000002384185791015625000000000000000000000000000
1432;281127321.60000002384185791015625000000000000000000000000000
1433;281507430.39999997615814208984375000000000000000000000000000
1434;281739264.00000000000000000000000000000000000000000000000000
1435;282453606.39999997615814208984375000000000000000000000000000
1436;282745241.60000002384185791015625000000000000000000000000000
1437;283000832.00000000000000000000000000000000000000000000000000
1438;283550515.19999998807907104492187500000000000000000000000000
1439;283856076.80000001192092895507812500000000000000000000000000
1440;284108390.39999997615814208984375000000000000000000000000000
1441;284576153.60000002384185791015625000000000000000000000000000
1442;284964454.39999997615814208984375000000000000000000000000000
1443;285288038.39999997615814208984375000000000000000000000000000
1444;285754982.39999997615814208984375000000000000000000000000000
1445;285882777.60000002384185791015625000000000000000000000000000
1446;286696243.19999998807907104492187500000000000000000000000000
1447;287089459.19999998807907104492187500000000000000000000000000
1448;287384371.19999998807907104492187500000000000000000000000000
1449;287571148.80000001192092895507812500000000000000000000000000
1450;288380518.39999997615814208984375000000000000000000000000000
1451;288384614.39999997615814208984375000000000000000000000000000
1452;288556646.39999997615814208984375000000000000000000000000000
1453;289107148.80000001192092895507812500000000000000000000000000
1454;289348812.80000001192092895507812500000000000000000000000000
1455;289968128.00000000000000000000000000000000000000000000000000
1456;290347417.60000002384185791015625000000000000000000000000000
1457;290609561.60000002384185791015625000000000000000000000000000
1458;290831564.80000001192092895507812500000000000000000000000000
1459;291354214.39999997615814208984375000000000000000000000000000
1460;291553280.00000000000000000000000000000000000000000000000000
1461;293612748.80000001192092895507812500000000000000000000000000
1462;294044467.19999998807907104492187500000000000000000000000000
1463;294385254.39999997615814208984375000000000000000000000000000
1464;294642483.19999998807907104492187500000000000000000000000000
1465;295087308.80000001192092895507812500000000000000000000000000
1466;295428096.00000000000000000000000000000000000000000000000000
1467;295547699.19999998807907104492187500000000000000000000000000
1468;296525824.00000000000000000000000000000000000000000000000000
1469;296704409.60000002384185791015625000000000000000000000000000
1470;297018163.19999998807907104492187500000000000000000000000000
1471;297377792.00000000000000000000000000000000000000000000000000
1472;297775923.19999998807907104492187500000000000000000000000000
1473;297778380.80000001192092895507812500000000000000000000000000
1474;297813606.39999997615814208984375000000000000000000000000000
1475;297911091.19999998807907104492187500000000000000000000000000
1476;297847193.60000002384185791015625000000000000000000000000000
1477;297938944.00000000000000000000000000000000000000000000000000
1478;297840640.00000000000000000000000000000000000000000000000000
1479;297912729.60000002384185791015625000000000000000000000000000
1480;297873408.00000000000000000000000000000000000000000000000000
1481;297911091.19999998807907104492187500000000000000000000000000
1482;297847193.60000002384185791015625000000000000000000000000000
1483;297873408.00000000000000000000000000000000000000000000000000
1484;297853747.19999998807907104492187500000000000000000000000000
1485;297860300.80000001192092895507812500000000000000000000000000
1486;297853747.19999998807907104492187500000000000000000000000000
1487;297860300.80000001192092895507812500000000000000000000000000
1488;297912729.60000002384185791015625000000000000000000000000000
1489;297929113.60000002384185791015625000000000000000000000000000
1490;297929113.60000002384185791015625000000000000000000000000000
1491;297955328.00000000000000000000000000000000000000000000000000
1492;297934028.80000001192092895507812500000000000000000000000000
1493;297929113.60000002384185791015625000000000000000000000000000
1494;297961881.60000002384185791015625000000000000000000000000000
1495;297889792.00000000000000000000000000000000000000000000000000
1496;297876684.80000001192092895507812500000000000000000000000000
1497;297870131.19999998807907104492187500000000000000000000000000
1498;297870131.19999998807907104492187500000000000000000000000000
1499;297863577.60000002384185791015625000000000000000000000000000
1500;297902899.19999998807907104492187500000000000000000000000000
1501;297863577.60000002384185791015625000000000000000000000000000
1502;297857024.00000000000000000000000000000000000000000000000000
1503;297902899.19999998807907104492187500000000000000000000000000
1504;297870950.39999997615814208984375000000000000000000000000000
1505;297955328.00000000000000000000000000000000000000000000000000
1506;297955328.00000000000000000000000000000000000000000000000000
1507;297961881.60000002384185791015625000000000000000000000000000
1508;297902899.19999998807907104492187500000000000000000000000000
1509;297863577.60000002384185791015625000000000000000000000000000
1510;297843916.80000001192092895507812500000000000000000000000000
1511;297902899.19999998807907104492187500000000000000000000000000
1512;297863577.60000002384185791015625000000000000000000000000000
1513;297889792.00000000000000000000000000000000000000000000000000
1514;297889792.00000000000000000000000000000000000000000000000000
1515;297876684.80000001192092895507812500000000000000000000000000
1516;297961881.60000002384185791015625000000000000000000000000000
1517;297887334.39999997615814208984375000000000000000000000000000
1518;297877504.00000000000000000000000000000000000000000000000000
1519;297857843.19999998807907104492187500000000000000000000000000
1520;297903718.39999997615814208984375000000000000000000000000000
1521;297864396.80000001192092895507812500000000000000000000000000
1522;297929932.80000001192092895507812500000000000000000000000000
1523;278488678.39999997615814208984375000000000000000000000000000
1524;278657433.60000002384185791015625000000000000000000000000000
1525;278604185.60000002384185791015625000000000000000000000000000
1526;278904012.80000001192092895507812500000000000000000000000000
1527;278931046.39999997615814208984375000000000000000000000000000
1528;279048192.00000000000000000000000000000000000000000000000000
1529;279153049.60000002384185791015625000000000000000000000000000
1530;279224320.00000000000000000000000000000000000000000000000000
1531;279218585.60000002384185791015625000000000000000000000000000
1532;279207936.00000000000000000000000000000000000000000000000000
1533;279344742.39999997615814208984375000000000000000000000000000
1534;279495475.19999998807907104492187500000000000000000000000000
1535;279823155.19999998807907104492187500000000000000000000000000
1536;280082022.39999997615814208984375000000000000000000000000000
1537;280466227.19999998807907104492187500000000000000000000000000
1538;280548147.19999998807907104492187500000000000000000000000000
1539;280914329.60000002384185791015625000000000000000000000000000
1540;281245286.39999997615814208984375000000000000000000000000000
1541;281517260.80000001192092895507812500000000000000000000000000
1542;281927680.00000000000000000000000000000000000000000000000000
1543;282029260.80000001192092895507812500000000000000000000000000
1544;282263552.00000000000000000000000000000000000000000000000000
1545;282593689.60000002384185791015625000000000000000000000000000
1546;282747699.19999998807907104492187500000000000000000000000000
1547;282930380.80000001192092895507812500000000000000000000000000
1548;283166310.39999997615814208984375000000000000000000000000000
1549;283509555.19999998807907104492187500000000000000000000000000
1550;283693875.19999998807907104492187500000000000000000000000000
1551;284219801.60000002384185791015625000000000000000000000000000
1552;284300083.19999998807907104492187500000000000000000000000000
1553;284652339.19999998807907104492187500000000000000000000000000
1554;284857958.39999997615814208984375000000000000000000000000000
1555;285235609.60000002384185791015625000000000000000000000000000
1556;285425664.00000000000000000000000000000000000000000000000000
1557;285645209.60000002384185791015625000000000000000000000000000
1558;286257971.19999998807907104492187500000000000000000000000000
1559;286531584.00000000000000000000000000000000000000000000000000
1560;286824038.39999997615814208984375000000000000000000000000000
1561;287036211.19999998807907104492187500000000000000000000000000
1562;287746457.60000002384185791015625000000000000000000000000000
1563;287914393.60000002384185791015625000000000000000000000000000
1564;288191283.19999998807907104492187500000000000000000000000000
1565;288330547.19999998807907104492187500000000000000000000000000
1566;288715571.19999998807907104492187500000000000000000000000000
1567;289116979.19999998807907104492187500000000000000000000000000
1568;289368473.60000002384185791015625000000000000000000000000000
1569;289678131.19999998807907104492187500000000000000000000000000
1570;290009907.19999998807907104492187500000000000000000000000000
1571;290285977.60000002384185791015625000000000000000000000000000
1572;290806169.60000002384185791015625000000000000000000000000000
1573;291042099.19999998807907104492187500000000000000000000000000
1574;291332096.00000000000000000000000000000000000000000000000000
1575;291739238.39999997615814208984375000000000000000000000000000
1576;292082483.19999998807907104492187500000000000000000000000000
1577;294115737.60000002384185791015625000000000000000000000000000
1578;294270566.39999997615814208984375000000000000000000000000000
1579;294484377.60000002384185791015625000000000000000000000000000
1580;294827622.39999997615814208984375000000000000000000000000000
1581;295057817.60000002384185791015625000000000000000000000000000
1582;295418265.60000002384185791015625000000000000000000000000000
1583;295700889.60000002384185791015625000000000000000000000000000
1584;296648704.00000000000000000000000000000000000000000000000000
1585;296852684.80000001192092895507812500000000000000000000000000
1586;297076326.39999997615814208984375000000000000000000000000000
1587;297410560.00000000000000000000000000000000000000000000000000
1588;297854566.39999997615814208984375000000000000000000000000000
1589;298040524.80000001192092895507812500000000000000000000000000
1590;298334617.60000002384185791015625000000000000000000000000000
1591;299087462.39999997615814208984375000000000000000000000000000
1592;299275878.39999997615814208984375000000000000000000000000000
1593;299385651.19999998807907104492187500000000000000000000000000
1594;299388108.80000001192092895507812500000000000000000000000000
1595;299453644.80000001192092895507812500000000000000000000000000
1596;299538022.39999997615814208984375000000000000000000000000000
1597;299484774.39999997615814208984375000000000000000000000000000
1598;299452825.60000002384185791015625000000000000000000000000000
1599;299453644.80000001192092895507812500000000000000000000000000
1600;299459379.19999998807907104492187500000000000000000000000000
1601;299459379.19999998807907104492187500000000000000000000000000
1602;299515084.80000001192092895507812500000000000000000000000000
1603;299473305.60000002384185791015625000000000000000000000000000
1604;299453644.80000001192092895507812500000000000000000000000000
1605;299473305.60000002384185791015625000000000000000000000000000
1606;299446272.00000000000000000000000000000000000000000000000000
1607;299439718.39999997615814208984375000000000000000000000000000
1608;299452825.60000002384185791015625000000000000000000000000000
1609;299511808.00000000000000000000000000000000000000000000000000
1610;299511808.00000000000000000000000000000000000000000000000000
1611;299529830.39999997615814208984375000000000000000000000000000
1612;299446272.00000000000000000000000000000000000000000000000000
1613;299484774.39999997615814208984375000000000000000000000000000
1614;299459379.19999998807907104492187500000000000000000000000000
1615;299538022.39999997615814208984375000000000000000000000000000
1616;299473305.60000002384185791015625000000000000000000000000000
1617;299446272.00000000000000000000000000000000000000000000000000
1618;299473305.60000002384185791015625000000000000000000000000000
1619;299459379.19999998807907104492187500000000000000000000000000
1620;299544576.00000000000000000000000000000000000000000000000000
1621;299473305.60000002384185791015625000000000000000000000000000
1622;299446272.00000000000000000000000000000000000000000000000000
1623;299446272.00000000000000000000000000000000000000000000000000
1624;299446272.00000000000000000000000000000000000000000000000000
1625;299473305.60000002384185791015625000000000000000000000000000
1626;299538022.39999997615814208984375000000000000000000000000000
1627;299538022.39999997615814208984375000000000000000000000000000
1628;299473305.60000002384185791015625000000000000000000000000000
1629;299446272.00000000000000000000000000000000000000000000000000
1630;299473305.60000002384185791015625000000000000000000000000000
1631;299446272.00000000000000000000000000000000000000000000000000
1632;299538022.39999997615814208984375000000000000000000000000000
1633;299452825.60000002384185791015625000000000000000000000000000
1634;299454464.00000000000000000000000000000000000000000000000000
1635;299485593.60000002384185791015625000000000000000000000000000
1636;299485593.60000002384185791015625000000000000000000000000000
1637;299460198.39999997615814208984375000000000000000000000000000
1638;299474124.80000001192092895507812500000000000000000000000000
1639;299501977.60000002384185791015625000000000000000000000000000
1640;299474124.80000001192092895507812500000000000000000000000000
1641;299538841.60000002384185791015625000000000000000000000000000
1642;299453644.80000001192092895507812500000000000000000000000000
1643;278704128.00000000000000000000000000000000000000000000000000
1644;278546022.39999997615814208984375000000000000000000000000000
1645;278734438.39999997615814208984375000000000000000000000000000
1646;278779494.39999997615814208984375000000000000000000000000000
1647;278799974.39999997615814208984375000000000000000000000000000
1648;278987571.19999998807907104492187500000000000000000000000000
1649;279058022.39999997615814208984375000000000000000000000000000
1650;279067852.80000001192092895507812500000000000000000000000000
1651;279175987.19999998807907104492187500000000000000000000000000
1652;279309516.80000001192092895507812500000000000000000000000000
1653;279495475.19999998807907104492187500000000000000000000000000
1654;280145920.00000000000000000000000000000000000000000000000000
1655;280301568.00000000000000000000000000000000000000000000000000
1656;280784076.80000001192092895507812500000000000000000000000000
1657;281060147.19999998807907104492187500000000000000000000000000
1658;281584435.19999998807907104492187500000000000000000000000000
1659;281920307.19999998807907104492187500000000000000000000000000
1660;282244710.39999997615814208984375000000000000000000000000000
1661;282423296.00000000000000000000000000000000000000000000000000
1662;282692812.80000001192092895507812500000000000000000000000000
1663;283036876.80000001192092895507812500000000000000000000000000
1664;283351449.60000002384185791015625000000000000000000000000000
1665;283607040.00000000000000000000000000000000000000000000000000
1666;283965849.60000002384185791015625000000000000000000000000000
1667;284167372.80000001192092895507812500000000000000000000000000
1668;284424601.60000002384185791015625000000000000000000000000000
1669;284668723.19999998807907104492187500000000000000000000000000
1670;285062758.39999997615814208984375000000000000000000000000000
1671;285395353.60000002384185791015625000000000000000000000000000
1672;285617356.80000001192092895507812500000000000000000000000000
1673;285854105.60000002384185791015625000000000000000000000000000
1674;286325964.80000001192092895507812500000000000000000000000000
1675;286699520.00000000000000000000000000000000000000000000000000
1676;286845337.60000002384185791015625000000000000000000000000000
1677;287216435.19999998807907104492187500000000000000000000000000
1678;287460556.80000001192092895507812500000000000000000000000000
1679;288102809.60000002384185791015625000000000000000000000000000
1680;288406732.80000001192092895507812500000000000000000000000000
1681;288550912.00000000000000000000000000000000000000000000000000
1682;288933478.39999997615814208984375000000000000000000000000000
1683;289095680.00000000000000000000000000000000000000000000000000
1684;289428275.19999998807907104492187500000000000000000000000000
1685;290056601.60000002384185791015625000000000000000000000000000
1686;290245017.60000002384185791015625000000000000000000000000000
1687;290603008.00000000000000000000000000000000000000000000000000
1688;290862694.39999997615814208984375000000000000000000000000000
1689;291090432.00000000000000000000000000000000000000000000000000
1690;293057331.19999998807907104492187500000000000000000000000000
1691;293492326.39999997615814208984375000000000000000000000000000
1692;293620940.80000001192092895507812500000000000000000000000000
1693;293965004.80000001192092895507812500000000000000000000000000
1694;294401638.39999997615814208984375000000000000000000000000000
1695;294465536.00000000000000000000000000000000000000000000000000
1696;295537868.80000001192092895507812500000000000000000000000000
1697;295715635.19999998807907104492187500000000000000000000000000
1698;295865548.80000001192092895507812500000000000000000000000000
1699;296142438.39999997615814208984375000000000000000000000000000
1700;296452915.19999998807907104492187500000000000000000000000000
1701;296805171.19999998807907104492187500000000000000000000000000
1702;297134489.60000002384185791015625000000000000000000000000000
1703;298018406.39999997615814208984375000000000000000000000000000
1704;298191257.60000002384185791015625000000000000000000000000000
1705;298484531.19999998807907104492187500000000000000000000000000
1706;298906419.19999998807907104492187500000000000000000000000000
1707;298906419.19999998807907104492187500000000000000000000000000
1708;298985881.60000002384185791015625000000000000000000000000000
1709;299075993.60000002384185791015625000000000000000000000000000
1710;298998988.80000001192092895507812500000000000000000000000000
1711;298998988.80000001192092895507812500000000000000000000000000
1712;299012096.00000000000000000000000000000000000000000000000000
1713;299103846.39999997615814208984375000000000000000000000000000
1714;298998988.80000001192092895507812500000000000000000000000000
1715;299025203.19999998807907104492187500000000000000000000000000
1716;299037491.19999998807907104492187500000000000000000000000000
1717;299038310.39999997615814208984375000000000000000000000000000
1718;299037491.19999998807907104492187500000000000000000000000000
1719;299026022.39999997615814208984375000000000000000000000000000
1720;299012096.00000000000000000000000000000000000000000000000000
1721;299062067.19999998807907104492187500000000000000000000000000
1722;299012096.00000000000000000000000000000000000000000000000000
1723;299121868.80000001192092895507812500000000000000000000000000
1724;299121868.80000001192092895507812500000000000000000000000000
1725;299056332.80000001192092895507812500000000000000000000000000
1726;299121868.80000001192092895507812500000000000000000000000000
1727;299121868.80000001192092895507812500000000000000000000000000
1728;299121868.80000001192092895507812500000000000000000000000000
1729;299043225.60000002384185791015625000000000000000000000000000
1730;299043225.60000002384185791015625000000000000000000000000000
1731;299069440.00000000000000000000000000000000000000000000000000
1732;299043225.60000002384185791015625000000000000000000000000000
1733;299068620.80000001192092895507812500000000000000000000000000
1734;299030118.39999997615814208984375000000000000000000000000000
1735;299043225.60000002384185791015625000000000000000000000000000
1736;299030118.39999997615814208984375000000000000000000000000000
1737;299056332.80000001192092895507812500000000000000000000000000
1738;299121868.80000001192092895507812500000000000000000000000000
1739;299121868.80000001192092895507812500000000000000000000000000
1740;299121868.80000001192092895507812500000000000000000000000000
1741;299043225.60000002384185791015625000000000000000000000000000
1742;299121868.80000001192092895507812500000000000000000000000000
1743;299068620.80000001192092895507812500000000000000000000000000
1744;299043225.60000002384185791015625000000000000000000000000000
1745;299043225.60000002384185791015625000000000000000000000000000
1746;299043225.60000002384185791015625000000000000000000000000000
1747;299030118.39999997615814208984375000000000000000000000000000
1748;299121868.80000001192092895507812500000000000000000000000000
1749;299068620.80000001192092895507812500000000000000000000000000
1750;299030118.39999997615814208984375000000000000000000000000000
1751;299043225.60000002384185791015625000000000000000000000000000
1752;299057152.00000000000000000000000000000000000000000000000000
1753;299069440.00000000000000000000000000000000000000000000000000
1754;299030118.39999997615814208984375000000000000000000000000000
1755;299043225.60000002384185791015625000000000000000000000000000
1756;278732800.00000000000000000000000000000000000000000000000000
1757;278755737.60000002384185791015625000000000000000000000000000
1758;278957260.80000001192092895507812500000000000000000000000000
1759;278904012.80000001192092895507812500000000000000000000000000
1760;279022796.80000001192092895507812500000000000000000000000000
1761;279273472.00000000000000000000000000000000000000000000000000
1762;279259545.60000002384185791015625000000000000000000000000000
1763;279317708.80000001192092895507812500000000000000000000000000
1764;279425024.00000000000000000000000000000000000000000000000000
1765;279838720.00000000000000000000000000000000000000000000000000
1766;279984537.60000002384185791015625000000000000000000000000000
1767;280250777.60000002384185791015625000000000000000000000000000
1768;280625152.00000000000000000000000000000000000000000000000000
1769;281029017.60000002384185791015625000000000000000000000000000
1770;281307545.60000002384185791015625000000000000000000000000000
1771;281690112.00000000000000000000000000000000000000000000000000
1772;281876889.60000002384185791015625000000000000000000000000000
1773;282306969.60000002384185791015625000000000000000000000000000
1774;282476544.00000000000000000000000000000000000000000000000000
1775;282915635.19999998807907104492187500000000000000000000000000
1776;283228569.60000002384185791015625000000000000000000000000000
1777;283699609.60000002384185791015625000000000000000000000000000
1778;283846246.39999997615814208984375000000000000000000000000000
1779;284164915.19999998807907104492187500000000000000000000000000
1780;284536832.00000000000000000000000000000000000000000000000000
1781;284889088.00000000000000000000000000000000000000000000000000
1782;285072588.80000001192092895507812500000000000000000000000000
1783;285197926.39999997615814208984375000000000000000000000000000
1784;285543628.80000001192092895507812500000000000000000000000000
1785;285969612.80000001192092895507812500000000000000000000000000
1786;286144921.60000002384185791015625000000000000000000000000000
1787;286505369.60000002384185791015625000000000000000000000000000
1788;286878105.60000002384185791015625000000000000000000000000000
1789;287070617.60000002384185791015625000000000000000000000000000
1790;287190220.80000001192092895507812500000000000000000000000000
1791;287596544.00000000000000000000000000000000000000000000000000
1792;288368230.39999997615814208984375000000000000000000000000000
1793;288571392.00000000000000000000000000000000000000000000000000
1794;288684441.60000002384185791015625000000000000000000000000000
1795;289095680.00000000000000000000000000000000000000000000000000
1796;289312768.00000000000000000000000000000000000000000000000000
1797;289486438.39999997615814208984375000000000000000000000000000
1798;290266316.80000001192092895507812500000000000000000000000000
1799;290593996.80000001192092895507812500000000000000000000000000
1800;290903654.39999997615814208984375000000000000000000000000000
1801;291183001.60000002384185791015625000000000000000000000000000
1802;291625369.60000002384185791015625000000000000000000000000000
1803;292165222.39999997615814208984375000000000000000000000000000
1804;292559257.60000002384185791015625000000000000000000000000000
1805;292663296.00000000000000000000000000000000000000000000000000
1806;293027840.00000000000000000000000000000000000000000000000000
1807;293460377.60000002384185791015625000000000000000000000000000
1808;293550489.60000002384185791015625000000000000000000000000000
1809;295720550.39999997615814208984375000000000000000000000000000
1810;295802470.39999997615814208984375000000000000000000000000000
1811;296216166.39999997615814208984375000000000000000000000000000
1812;296489779.19999998807907104492187500000000000000000000000000
1813;296686387.19999998807907104492187500000000000000000000000000
1814;297145958.39999997615814208984375000000000000000000000000000
1815;297558016.00000000000000000000000000000000000000000000000000
1816;298405888.00000000000000000000000000000000000000000000000000
1817;298762240.00000000000000000000000000000000000000000000000000
1818;298998988.80000001192092895507812500000000000000000000000000
1819;299232460.80000001192092895507812500000000000000000000000000
1820;299556044.80000001192092895507812500000000000000000000000000
1821;300027084.80000001192092895507812500000000000000000000000000
1822;300027084.80000001192092895507812500000000000000000000000000
1823;300031180.80000001192092895507812500000000000000000000000000
1824;300044288.00000000000000000000000000000000000000000000000000
1825;300121292.80000001192092895507812500000000000000000000000000
1826;300044288.00000000000000000000000000000000000000000000000000
1827;300031180.80000001192092895507812500000000000000000000000000
1828;300031180.80000001192092895507812500000000000000000000000000
1829;300121292.80000001192092895507812500000000000000000000000000
1830;300096716.80000001192092895507812500000000000000000000000000
1831;300070502.39999997615814208984375000000000000000000000000000
1832;300058214.39999997615814208984375000000000000000000000000000
1833;300044288.00000000000000000000000000000000000000000000000000
1834;300069683.19999998807907104492187500000000000000000000000000
1835;300044288.00000000000000000000000000000000000000000000000000
1836;300070502.39999997615814208984375000000000000000000000000000
1837;300058214.39999997615814208984375000000000000000000000000000
1838;300057395.19999998807907104492187500000000000000000000000000
1839;300123750.39999997615814208984375000000000000000000000000000
1840;300085248.00000000000000000000000000000000000000000000000000
1841;300122112.00000000000000000000000000000000000000000000000000
1842;300149964.80000001192092895507812500000000000000000000000000
1843;300085248.00000000000000000000000000000000000000000000000000
1844;300097536.00000000000000000000000000000000000000000000000000
1845;300071321.60000002384185791015625000000000000000000000000000
1846;300071321.60000002384185791015625000000000000000000000000000
1847;300163072.00000000000000000000000000000000000000000000000000
1848;300058214.39999997615814208984375000000000000000000000000000
1849;300096716.80000001192092895507812500000000000000000000000000
1850;300123750.39999997615814208984375000000000000000000000000000
1851;300149964.80000001192092895507812500000000000000000000000000
1852;300097536.00000000000000000000000000000000000000000000000000
1853;300096716.80000001192092895507812500000000000000000000000000
1854;300084428.80000001192092895507812500000000000000000000000000
1855;300096716.80000001192092895507812500000000000000000000000000
1856;300149964.80000001192092895507812500000000000000000000000000
1857;300149964.80000001192092895507812500000000000000000000000000
1858;300096716.80000001192092895507812500000000000000000000000000
1859;300071321.60000002384185791015625000000000000000000000000000
1860;300084428.80000001192092895507812500000000000000000000000000
1861;300058214.39999997615814208984375000000000000000000000000000
1862;300058214.39999997615814208984375000000000000000000000000000
1863;300096716.80000001192092895507812500000000000000000000000000
1864;300071321.60000002384185791015625000000000000000000000000000
1865;300163072.00000000000000000000000000000000000000000000000000
1866;300071321.60000002384185791015625000000000000000000000000000
1867;300097536.00000000000000000000000000000000000000000000000000
1868;300121292.80000001192092895507812500000000000000000000000000
1869;300071321.60000002384185791015625000000000000000000000000000
1870;300084428.80000001192092895507812500000000000000000000000000
1871;300135219.19999998807907104492187500000000000000000000000000
1872;300071321.60000002384185791015625000000000000000000000000000
1873;278742630.39999997615814208984375000000000000000000000000000
1874;278700851.19999998807907104492187500000000000000000000000000
1875;278775398.39999997615814208984375000000000000000000000000000
1876;278984294.39999997615814208984375000000000000000000000000000
1877;279104716.80000001192092895507812500000000000000000000000000
1878;279207936.00000000000000000000000000000000000000000000000000
1879;279270195.19999998807907104492187500000000000000000000000000
1880;279249715.19999998807907104492187500000000000000000000000000
1881;279271014.39999997615814208984375000000000000000000000000000
1882;279452876.80000001192092895507812500000000000000000000000000
1883;279805132.80000001192092895507812500000000000000000000000000
1884;280222924.80000001192092895507812500000000000000000000000000
1885;280403148.80000001192092895507812500000000000000000000000000
1886;280793907.19999998807907104492187500000000000000000000000000
1887;281229721.60000002384185791015625000000000000000000000000000
1888;281548390.39999997615814208984375000000000000000000000000000
1889;281802342.39999997615814208984375000000000000000000000000000
1890;282197196.80000001192092895507812500000000000000000000000000
1891;282556006.39999997615814208984375000000000000000000000000000
1892;282691174.39999997615814208984375000000000000000000000000000
1893;283053260.80000001192092895507812500000000000000000000000000
1894;283377664.00000000000000000000000000000000000000000000000000
1895;283546419.19999998807907104492187500000000000000000000000000
1896;283976499.19999998807907104492187500000000000000000000000000
1897;284134604.80000001192092895507812500000000000000000000000000
1898;284435251.19999998807907104492187500000000000000000000000000
1899;284617932.80000001192092895507812500000000000000000000000000
1900;284753100.80000001192092895507812500000000000000000000000000
1901;285281484.80000001192092895507812500000000000000000000000000
1902;285576396.80000001192092895507812500000000000000000000000000
1903;285826252.80000001192092895507812500000000000000000000000000
1904;286105600.00000000000000000000000000000000000000000000000000
1905;286493900.80000001192092895507812500000000000000000000000000
1906;286760140.80000001192092895507812500000000000000000000000000
1907;287061606.39999997615814208984375000000000000000000000000000
1908;287577702.39999997615814208984375000000000000000000000000000
1909;287737446.39999997615814208984375000000000000000000000000000
1910;287974195.19999998807907104492187500000000000000000000000000
1911;288260096.00000000000000000000000000000000000000000000000000
1912;289189888.00000000000000000000000000000000000000000000000000
1913;289479884.80000001192092895507812500000000000000000000000000
1914;289655193.60000002384185791015625000000000000000000000000000
1915;289959936.00000000000000000000000000000000000000000000000000
1916;290220441.60000002384185791015625000000000000000000000000000
1917;290567782.39999997615814208984375000000000000000000000000000
1918;291178905.60000002384185791015625000000000000000000000000000
1919;291456614.39999997615814208984375000000000000000000000000000
1920;291698278.39999997615814208984375000000000000000000000000000
1921;292063641.60000002384185791015625000000000000000000000000000
1922;292352000.00000000000000000000000000000000000000000000000000
1923;294478643.19999998807907104492187500000000000000000000000000
1924;294757990.39999997615814208984375000000000000000000000000000
1925;295040614.39999997615814208984375000000000000000000000000000
1926;295381401.60000002384185791015625000000000000000000000000000
1927;295585382.39999997615814208984375000000000000000000000000000
1928;295857356.80000001192092895507812500000000000000000000000000
1929;296959180.80000001192092895507812500000000000000000000000000
1930;297132032.00000000000000000000000000000000000000000000000000
1931;297390080.00000000000000000000000000000000000000000000000000
1932;297718579.19999998807907104492187500000000000000000000000000
1933;298023321.60000002384185791015625000000000000000000000000000
1934;298366566.39999997615814208984375000000000000000000000000000
1935;298667212.80000001192092895507812500000000000000000000000000
1936;299014553.60000002384185791015625000000000000000000000000000
1937;299982028.80000001192092895507812500000000000000000000000000
1938;299982028.80000001192092895507812500000000000000000000000000
1939;300042649.60000002384185791015625000000000000000000000000000
1940;300068864.00000000000000000000000000000000000000000000000000
1941;300016435.19999998807907104492187500000000000000000000000000
1942;300095078.39999997615814208984375000000000000000000000000000
1943;300067225.60000002384185791015625000000000000000000000000000
1944;300042649.60000002384185791015625000000000000000000000000000
1945;300010700.80000001192092895507812500000000000000000000000000
1946;300003328.00000000000000000000000000000000000000000000000000
1947;299970560.00000000000000000000000000000000000000000000000000
1948;299983667.19999998807907104492187500000000000000000000000000
1949;300029542.39999997615814208984375000000000000000000000000000
1950;300009881.60000002384185791015625000000000000000000000000000
1951;300016435.19999998807907104492187500000000000000000000000000
1952;300029542.39999997615814208984375000000000000000000000000000
1953;300003328.00000000000000000000000000000000000000000000000000
1954;300100812.80000001192092895507812500000000000000000000000000
1955;300100812.80000001192092895507812500000000000000000000000000
1956;300048384.00000000000000000000000000000000000000000000000000
1957;300061491.19999998807907104492187500000000000000000000000000
1958;300048384.00000000000000000000000000000000000000000000000000
1959;300074598.39999997615814208984375000000000000000000000000000
1960;300061491.19999998807907104492187500000000000000000000000000
1961;300035276.80000001192092895507812500000000000000000000000000
1962;300041830.39999997615814208984375000000000000000000000000000
1963;300112281.60000002384185791015625000000000000000000000000000
1964;300035276.80000001192092895507812500000000000000000000000000
1965;300074598.39999997615814208984375000000000000000000000000000
1966;300042649.60000002384185791015625000000000000000000000000000
1967;300061491.19999998807907104492187500000000000000000000000000
1968;300061491.19999998807907104492187500000000000000000000000000
1969;300041830.39999997615814208984375000000000000000000000000000
1970;300118835.19999998807907104492187500000000000000000000000000
1971;300100812.80000001192092895507812500000000000000000000000000
1972;300048384.00000000000000000000000000000000000000000000000000
1973;300103270.39999997615814208984375000000000000000000000000000
1974;300103270.39999997615814208984375000000000000000000000000000
1975;300031180.80000001192092895507812500000000000000000000000000
1976;300077056.00000000000000000000000000000000000000000000000000
1977;300037734.39999997615814208984375000000000000000000000000000
1978;300037734.39999997615814208984375000000000000000000000000000
1979;300037734.39999997615814208984375000000000000000000000000000
1980;300060672.00000000000000000000000000000000000000000000000000
1981;300031180.80000001192092895507812500000000000000000000000000
1982;300018073.60000002384185791015625000000000000000000000000000
1983;300044288.00000000000000000000000000000000000000000000000000
1984;300031180.80000001192092895507812500000000000000000000000000
1985;300093440.00000000000000000000000000000000000000000000000000
1986;300077056.00000000000000000000000000000000000000000000000000
1987;300077056.00000000000000000000000000000000000000000000000000
1988;300129484.80000001192092895507812500000000000000000000000000
1989;300050841.60000002384185791015625000000000000000000000000000
1990;300044288.00000000000000000000000000000000000000000000000000
1991;296038400.00000000000000000000000000000000000000000000000000
1992;296075264.00000000000000000000000000000000000000000000000000
1993;296078540.80000001192092895507812500000000000000000000000000
1994;296205516.80000001192092895507812500000000000000000000000000
1995;296103116.80000001192092895507812500000000000000000000000000
1996;296108851.19999998807907104492187500000000000000000000000000
1997;296109670.39999997615814208984375000000000000000000000000000
1998;296136704.00000000000000000000000000000000000000000000000000
1999;296136704.00000000000000000000000000000000000000000000000000
2000;296136704.00000000000000000000000000000000000000000000000000
2001;296098201.60000002384185791015625000000000000000000000000000
2002;296154726.39999997615814208984375000000000000000000000000000
2003;296157184.00000000000000000000000000000000000000000000000000
2004;296130969.60000002384185791015625000000000000000000000000000
2005;296103116.80000001192092895507812500000000000000000000000000
2006;296110489.60000002384185791015625000000000000000000000000000
2007;296183398.39999997615814208984375000000000000000000000000000
2008;296115404.80000001192092895507812500000000000000000000000000
2009;296150630.39999997615814208984375000000000000000000000000000
2010;296213708.80000001192092895507812500000000000000000000000000
2011;296245657.60000002384185791015625000000000000000000000000000
2012;296232550.39999997615814208984375000000000000000000000000000
2013;296243200.00000000000000000000000000000000000000000000000000
2014;296294809.60000002384185791015625000000000000000000000000000
2015;296284160.00000000000000000000000000000000000000000000000000
2016;296289894.39999997615814208984375000000000000000000000000000
2017;296368537.60000002384185791015625000000000000000000000000000
2018;296310374.39999997615814208984375000000000000000000000000000
2019;296313651.19999998807907104492187500000000000000000000000000
2020;296330035.19999998807907104492187500000000000000000000000000
2021;296328396.80000001192092895507812500000000000000000000000000
2022;296330854.39999997615814208984375000000000000000000000000000
2023;296250572.80000001192092895507812500000000000000000000000000
2024;296420966.39999997615814208984375000000000000000000000000000
2025;296358707.19999998807907104492187500000000000000000000000000
2026;296365260.80000001192092895507812500000000000000000000000000
2027;296373452.80000001192092895507812500000000000000000000000000
2028;296377548.80000001192092895507812500000000000000000000000000
2029;296432435.19999998807907104492187500000000000000000000000000
2030;296358707.19999998807907104492187500000000000000000000000000
2031;296435712.00000000000000000000000000000000000000000000000000
2032;296468480.00000000000000000000000000000000000000000000000000
2033;296445542.39999997615814208984375000000000000000000000000000
2034;296545484.80000001192092895507812500000000000000000000000000
2035;296583987.19999998807907104492187500000000000000000000000000
2036;296607744.00000000000000000000000000000000000000000000000000
2037;296633139.19999998807907104492187500000000000000000000000000
2038;296630681.60000002384185791015625000000000000000000000000000
2039;296774041.60000002384185791015625000000000000000000000000000
2040;296769945.60000002384185791015625000000000000000000000000000
2041;296810905.60000002384185791015625000000000000000000000000000
2042;296864153.60000002384185791015625000000000000000000000000000
2043;296907571.19999998807907104492187500000000000000000000000000
2044;296937062.39999997615814208984375000000000000000000000000000
2045;296987852.80000001192092895507812500000000000000000000000000
2046;297010790.39999997615814208984375000000000000000000000000000
2047;297048473.60000002384185791015625000000000000000000000000000
2048;297025536.00000000000000000000000000000000000000000000000000
2049;297079603.19999998807907104492187500000000000000000000000000
2050;297126297.60000002384185791015625000000000000000000000000000
2051;297496576.00000000000000000000000000000000000000000000000000
2052;298534502.39999997615814208984375000000000000000000000000000
2053;298511564.80000001192092895507812500000000000000000000000000
2054;298713088.00000000000000000000000000000000000000000000000000
2055;299096473.60000002384185791015625000000000000000000000000000
2056;299270144.00000000000000000000000000000000000000000000000000
2057;299723980.80000001192092895507812500000000000000000000000000
2058;300136857.60000002384185791015625000000000000000000000000000
2059;300466995.19999998807907104492187500000000000000000000000000
2060;300566118.39999997615814208984375000000000000000000000000000
2061;300551372.80000001192092895507812500000000000000000000000000
2062;300584140.80000001192092895507812500000000000000000000000000
2063;300571033.60000002384185791015625000000000000000000000000000
2064;300564480.00000000000000000000000000000000000000000000000000
2065;300557926.39999997615814208984375000000000000000000000000000
2066;300584140.80000001192092895507812500000000000000000000000000
2067;300626739.19999998807907104492187500000000000000000000000000
2068;300564480.00000000000000000000000000000000000000000000000000
2069;300571033.60000002384185791015625000000000000000000000000000
2070;300564480.00000000000000000000000000000000000000000000000000
2071;300557926.39999997615814208984375000000000000000000000000000
2072;300584960.00000000000000000000000000000000000000000000000000
2073;300525158.39999997615814208984375000000000000000000000000000
2074;300571033.60000002384185791015625000000000000000000000000000
2075;300623462.39999997615814208984375000000000000000000000000000
2076;300623462.39999997615814208984375000000000000000000000000000
2077;300584960.00000000000000000000000000000000000000000000000000
2078;300557926.39999997615814208984375000000000000000000000000000
2079;300597248.00000000000000000000000000000000000000000000000000
2080;300565299.19999998807907104492187500000000000000000000000000
2081;300564480.00000000000000000000000000000000000000000000000000
2082;300597248.00000000000000000000000000000000000000000000000000
2083;300557926.39999997615814208984375000000000000000000000000000
2084;300571033.60000002384185791015625000000000000000000000000000
2085;300598067.19999998807907104492187500000000000000000000000000
2086;300558745.60000002384185791015625000000000000000000000000000
2087;300558745.60000002384185791015625000000000000000000000000000
2088;300622643.19999998807907104492187500000000000000000000000000
2089;300597248.00000000000000000000000000000000000000000000000000
2090;300565299.19999998807907104492187500000000000000000000000000
2091;300571852.80000001192092895507812500000000000000000000000000
2092;300650496.00000000000000000000000000000000000000000000000000
2093;300621824.00000000000000000000000000000000000000000000000000
2094;300565299.19999998807907104492187500000000000000000000000000
2095;300558745.60000002384185791015625000000000000000000000000000
2096;300559564.80000001192092895507812500000000000000000000000000
2097;300566118.39999997615814208984375000000000000000000000000000
2098;300585779.19999998807907104492187500000000000000000000000000
2099;300566118.39999997615814208984375000000000000000000000000000
2100;300566118.39999997615814208984375000000000000000000000000000
2101;300623462.39999997615814208984375000000000000000000000000000
2102;300625100.80000001192092895507812500000000000000000000000000
2103;300598067.19999998807907104492187500000000000000000000000000
2104;300526796.80000001192092895507812500000000000000000000000000
2105;300598886.39999997615814208984375000000000000000000000000000
2106;300559564.80000001192092895507812500000000000000000000000000
2107;300566118.39999997615814208984375000000000000000000000000000
2108;297825894.39999997615814208984375000000000000000000000000000
2109;297812787.19999998807907104492187500000000000000000000000000
2110;297774284.80000001192092895507812500000000000000000000000000
2111;297908633.60000002384185791015625000000000000000000000000000
2112;297856204.80000001192092895507812500000000000000000000000000
2113;297895526.39999997615814208984375000000000000000000000000000
2114;297871769.60000002384185791015625000000000000000000000000000
2115;297872588.80000001192092895507812500000000000000000000000000
2116;297916825.60000002384185791015625000000000000000000000000000
2117;297899622.39999997615814208984375000000000000000000000000000
2118;297876684.80000001192092895507812500000000000000000000000000
2119;297867673.60000002384185791015625000000000000000000000000000
2120;297868492.80000001192092895507812500000000000000000000000000
2121;297884057.60000002384185791015625000000000000000000000000000
2122;297876684.80000001192092895507812500000000000000000000000000
2123;297863577.60000002384185791015625000000000000000000000000000
2124;297821798.39999997615814208984375000000000000000000000000000
2125;297865216.00000000000000000000000000000000000000000000000000
2126;297878323.19999998807907104492187500000000000000000000000000
2127;297887334.39999997615814208984375000000000000000000000000000
2128;297891430.39999997615814208984375000000000000000000000000000
2129;297923379.19999998807907104492187500000000000000000000000000
2130;297926656.00000000000000000000000000000000000000000000000000
2131;297929113.60000002384185791015625000000000000000000000000000
2132;297943859.19999998807907104492187500000000000000000000000000
2133;297955328.00000000000000000000000000000000000000000000000000
2134;297956966.39999997615814208984375000000000000000000000000000
2135;297959424.00000000000000000000000000000000000000000000000000
2136;297991372.80000001192092895507812500000000000000000000000000
2137;297949593.60000002384185791015625000000000000000000000000000
2138;297909452.80000001192092895507812500000000000000000000000000
2139;297957785.60000002384185791015625000000000000000000000000000
2140;297946316.80000001192092895507812500000000000000000000000000
2141;297930752.00000000000000000000000000000000000000000000000000
2142;297988096.00000000000000000000000000000000000000000000000000
2143;297973350.39999997615814208984375000000000000000000000000000
2144;297950412.80000001192092895507812500000000000000000000000000
2145;297976627.19999998807907104492187500000000000000000000000000
2146;297965158.39999997615814208984375000000000000000000000000000
2147;297993830.39999997615814208984375000000000000000000000000000
2148;297979084.80000001192092895507812500000000000000000000000000
2149;297998745.60000002384185791015625000000000000000000000000000
2150;298071654.39999997615814208984375000000000000000000000000000
2151;298021683.19999998807907104492187500000000000000000000000000
2152;298077388.80000001192092895507812500000000000000000000000000
2153;298078208.00000000000000000000000000000000000000000000000000
2154;298085580.80000001192092895507812500000000000000000000000000
2155;298088857.60000002384185791015625000000000000000000000000000
2156;298103603.19999998807907104492187500000000000000000000000000
2157;298108518.39999997615814208984375000000000000000000000000000
2158;298123264.00000000000000000000000000000000000000000000000000
2159;298111795.19999998807907104492187500000000000000000000000000
2160;298166681.60000002384185791015625000000000000000000000000000
2161;298196172.80000001192092895507812500000000000000000000000000
2162;298137190.39999997615814208984375000000000000000000000000000
2163;298230579.19999998807907104492187500000000000000000000000000
2164;298230579.19999998807907104492187500000000000000000000000000
2165;298232217.60000002384185791015625000000000000000000000000000
2166;298260889.60000002384185791015625000000000000000000000000000
2167;298260889.60000002384185791015625000000000000000000000000000
2168;298266624.00000000000000000000000000000000000000000000000000
2169;299420876.80000001192092895507812500000000000000000000000000
2170;299419238.39999997615814208984375000000000000000000000000000
2171;299782963.19999998807907104492187500000000000000000000000000
2172;299985305.60000002384185791015625000000000000000000000000000
2173;300258099.19999998807907104492187500000000000000000000000000
2174;300545638.39999997615814208984375000000000000000000000000000
2175;300817612.80000001192092895507812500000000000000000000000000
2176;300817612.80000001192092895507812500000000000000000000000000
2177;300964249.60000002384185791015625000000000000000000000000000
2178;300911820.80000001192092895507812500000000000000000000000000
2179;300911820.80000001192092895507812500000000000000000000000000
2180;300898713.60000002384185791015625000000000000000000000000000
2181;300899532.80000001192092895507812500000000000000000000000000
2182;300989644.80000001192092895507812500000000000000000000000000
2183;300964249.60000002384185791015625000000000000000000000000000
2184;300911820.80000001192092895507812500000000000000000000000000
2185;300924928.00000000000000000000000000000000000000000000000000
2186;300925747.19999998807907104492187500000000000000000000000000
2187;300898713.60000002384185791015625000000000000000000000000000
2188;300911820.80000001192092895507812500000000000000000000000000
2189;300990464.00000000000000000000000000000000000000000000000000
2190;300938035.19999998807907104492187500000000000000000000000000
2191;300996198.39999997615814208984375000000000000000000000000000
2192;300996198.39999997615814208984375000000000000000000000000000
2193;300917555.19999998807907104492187500000000000000000000000000
2194;300943769.60000002384185791015625000000000000000000000000000
2195;300944588.80000001192092895507812500000000000000000000000000
2196;300943769.60000002384185791015625000000000000000000000000000
2197;300969164.80000001192092895507812500000000000000000000000000
2198;300943769.60000002384185791015625000000000000000000000000000
2199;300996198.39999997615814208984375000000000000000000000000000
2200;300969164.80000001192092895507812500000000000000000000000000
2201;300957696.00000000000000000000000000000000000000000000000000
2202;300957696.00000000000000000000000000000000000000000000000000
2203;300944588.80000001192092895507812500000000000000000000000000
2204;300957696.00000000000000000000000000000000000000000000000000
2205;300943769.60000002384185791015625000000000000000000000000000
2206;300943769.60000002384185791015625000000000000000000000000000
2207;301020774.39999997615814208984375000000000000000000000000000
2208;301022412.80000001192092895507812500000000000000000000000000
2209;301022412.80000001192092895507812500000000000000000000000000
2210;300930662.39999997615814208984375000000000000000000000000000
2211;301021593.60000002384185791015625000000000000000000000000000
2212;301019955.19999998807907104492187500000000000000000000000000
2213;300969164.80000001192092895507812500000000000000000000000000
2214;300996198.39999997615814208984375000000000000000000000000000
2215;300943769.60000002384185791015625000000000000000000000000000
2216;300957696.00000000000000000000000000000000000000000000000000
2217;300943769.60000002384185791015625000000000000000000000000000
2218;300943769.60000002384185791015625000000000000000000000000000
2219;301022412.80000001192092895507812500000000000000000000000000
2220;300943769.60000002384185791015625000000000000000000000000000
2221;300943769.60000002384185791015625000000000000000000000000000
2222;300986368.00000000000000000000000000000000000000000000000000
2223;300943769.60000002384185791015625000000000000000000000000000
2224;278274867.19999998807907104492187500000000000000000000000000
2225;278355148.80000001192092895507812500000000000000000000000000
2226;278410035.19999998807907104492187500000000000000000000000000
2227;278496051.19999998807907104492187500000000000000000000000000
2228;278606643.19999998807907104492187500000000000000000000000000
2229;278606643.19999998807907104492187500000000000000000000000000
2230;278814720.00000000000000000000000000000000000000000000000000
2231;278854041.60000002384185791015625000000000000000000000000000
2232;278913843.19999998807907104492187500000000000000000000000000
2233;279212851.19999998807907104492187500000000000000000000000000
2234;279625728.00000000000000000000000000000000000000000000000000
2235;279964876.80000001192092895507812500000000000000000000000000
2236;280294195.19999998807907104492187500000000000000000000000000
2237;280564531.19999998807907104492187500000000000000000000000000
2238;281026560.00000000000000000000000000000000000000000000000000
2239;281284608.00000000000000000000000000000000000000000000000000
2240;281763840.00000000000000000000000000000000000000000000000000
2241;282080870.39999997615814208984375000000000000000000000000000
2242;282354483.19999998807907104492187500000000000000000000000000
2243;282701004.80000001192092895507812500000000000000000000000000
2244;282954137.60000002384185791015625000000000000000000000000000
2245;283376025.60000002384185791015625000000000000000000000000000
2246;283683225.60000002384185791015625000000000000000000000000000
2247;284030566.39999997615814208984375000000000000000000000000000
2248;284320563.19999998807907104492187500000000000000000000000000
2249;284493414.39999997615814208984375000000000000000000000000000
2250;284848947.19999998807907104492187500000000000000000000000000
2251;285179904.00000000000000000000000000000000000000000000000000
2252;285473996.80000001192092895507812500000000000000000000000000
2253;285769728.00000000000000000000000000000000000000000000000000
2254;286048256.00000000000000000000000000000000000000000000000000
2255;286367744.00000000000000000000000000000000000000000000000000
2256;286697881.60000002384185791015625000000000000000000000000000
2257;286984601.60000002384185791015625000000000000000000000000000
2258;287331942.39999997615814208984375000000000000000000000000000
2259;287521996.80000001192092895507812500000000000000000000000000
2260;287810355.19999998807907104492187500000000000000000000000000
2261;288168345.60000002384185791015625000000000000000000000000000
2262;288904806.39999997615814208984375000000000000000000000000000
2263;289091584.00000000000000000000000000000000000000000000000000
2264;289574092.80000001192092895507812500000000000000000000000000
2265;289933721.60000002384185791015625000000000000000000000000000
2266;290146713.60000002384185791015625000000000000000000000000000
2267;290776678.39999997615814208984375000000000000000000000000000
2268;291133030.39999997615814208984375000000000000000000000000000
2269;291384524.80000001192092895507812500000000000000000000000000
2270;291783475.19999998807907104492187500000000000000000000000000
2271;292004659.19999998807907104492187500000000000000000000000000
2272;292238950.39999997615814208984375000000000000000000000000000
2273;294578585.60000002384185791015625000000000000000000000000000
2274;294721126.39999997615814208984375000000000000000000000000000
2275;294991462.39999997615814208984375000000000000000000000000000
2276;295377305.60000002384185791015625000000000000000000000000000
2277;295696793.60000002384185791015625000000000000000000000000000
2278;295880294.39999997615814208984375000000000000000000000000000
2279;297194291.19999998807907104492187500000000000000000000000000
2280;297274572.80000001192092895507812500000000000000000000000000
2281;297494937.60000002384185791015625000000000000000000000000000
2282;297956966.39999997615814208984375000000000000000000000000000
2283;298148659.19999998807907104492187500000000000000000000000000
2284;298426368.00000000000000000000000000000000000000000000000000
2285;298788454.39999997615814208984375000000000000000000000000000
2286;299857510.39999997615814208984375000000000000000000000000000
2287;299857510.39999997615814208984375000000000000000000000000000
2288;299943526.39999997615814208984375000000000000000000000000000
2289;299969740.80000001192092895507812500000000000000000000000000
2290;299943526.39999997615814208984375000000000000000000000000000
2291;300022169.60000002384185791015625000000000000000000000000000
2292;299943526.39999997615814208984375000000000000000000000000000
2293;299917312.00000000000000000000000000000000000000000000000000
2294;299917312.00000000000000000000000000000000000000000000000000
2295;299956633.60000002384185791015625000000000000000000000000000
2296;299956633.60000002384185791015625000000000000000000000000000
2297;299969740.80000001192092895507812500000000000000000000000000
2298;299917312.00000000000000000000000000000000000000000000000000
2299;299969740.80000001192092895507812500000000000000000000000000
2300;299969740.80000001192092895507812500000000000000000000000000
2301;299969740.80000001192092895507812500000000000000000000000000
2302;300022169.60000002384185791015625000000000000000000000000000
2303;300022169.60000002384185791015625000000000000000000000000000
2304;299943526.39999997615814208984375000000000000000000000000000
2305;299956633.60000002384185791015625000000000000000000000000000
2306;299981209.60000002384185791015625000000000000000000000000000
2307;299956633.60000002384185791015625000000000000000000000000000
2308;299943526.39999997615814208984375000000000000000000000000000
2309;300007424.00000000000000000000000000000000000000000000000000
2310;300022169.60000002384185791015625000000000000000000000000000
2311;299943526.39999997615814208984375000000000000000000000000000
2312;299956633.60000002384185791015625000000000000000000000000000
2313;299969740.80000001192092895507812500000000000000000000000000
2314;299956633.60000002384185791015625000000000000000000000000000
2315;299943526.39999997615814208984375000000000000000000000000000
2316;299969740.80000001192092895507812500000000000000000000000000
2317;299969740.80000001192092895507812500000000000000000000000000
2318;299956633.60000002384185791015625000000000000000000000000000
2319;300022169.60000002384185791015625000000000000000000000000000
2320;300022169.60000002384185791015625000000000000000000000000000
2321;299986124.80000001192092895507812500000000000000000000000000
2322;299904204.80000001192092895507812500000000000000000000000000
2323;299969740.80000001192092895507812500000000000000000000000000
2324;299943526.39999997615814208984375000000000000000000000000000
2325;299969740.80000001192092895507812500000000000000000000000000
2326;299956633.60000002384185791015625000000000000000000000000000
2327;299943526.39999997615814208984375000000000000000000000000000
2328;300022169.60000002384185791015625000000000000000000000000000
2329;300021350.39999997615814208984375000000000000000000000000000
2330;299929600.00000000000000000000000000000000000000000000000000
2331;299903385.60000002384185791015625000000000000000000000000000
2332;300021350.39999997615814208984375000000000000000000000000000
2333;299968921.60000002384185791015625000000000000000000000000000
2334;300021350.39999997615814208984375000000000000000000000000000
2335;296575795.19999998807907104492187500000000000000000000000000
2336;296597094.39999997615814208984375000000000000000000000000000
2337;296697036.80000001192092895507812500000000000000000000000000
2338;296672460.80000001192092895507812500000000000000000000000000
2339;296674918.39999997615814208984375000000000000000000000000000
2340;296691302.39999997615814208984375000000000000000000000000000
2341;296751923.19999998807907104492187500000000000000000000000000
2342;296691302.39999997615814208984375000000000000000000000000000
2343;296724889.60000002384185791015625000000000000000000000000000
2344;296733081.60000002384185791015625000000000000000000000000000
2345;296719974.39999997615814208984375000000000000000000000000000
2346;296796160.00000000000000000000000000000000000000000000000000
2347;296757657.60000002384185791015625000000000000000000000000000
2348;296873164.80000001192092895507812500000000000000000000000000
2349;296810905.60000002384185791015625000000000000000000000000000
2350;296836300.80000001192092895507812500000000000000000000000000
2351;296788787.19999998807907104492187500000000000000000000000000
2352;296888729.60000002384185791015625000000000000000000000000000
2353;296846131.19999998807907104492187500000000000000000000000000
2354;296842035.19999998807907104492187500000000000000000000000000
2355;296952627.19999998807907104492187500000000000000000000000000
2356;296886272.00000000000000000000000000000000000000000000000000
2357;296890368.00000000000000000000000000000000000000000000000000
2358;296895283.19999998807907104492187500000000000000000000000000
2359;297011609.60000002384185791015625000000000000000000000000000
2360;296898560.00000000000000000000000000000000000000000000000000
2361;296929689.60000002384185791015625000000000000000000000000000
2362;296923136.00000000000000000000000000000000000000000000000000
2363;296971468.80000001192092895507812500000000000000000000000000
2364;296918220.80000001192092895507812500000000000000000000000000
2365;296975564.80000001192092895507812500000000000000000000000000
2366;297099264.00000000000000000000000000000000000000000000000000
2367;297107456.00000000000000000000000000000000000000000000000000
2368;297153331.19999998807907104492187500000000000000000000000000
2369;297105817.60000002384185791015625000000000000000000000000000
2370;297058304.00000000000000000000000000000000000000000000000000
2371;297057484.80000001192092895507812500000000000000000000000000
2372;297123020.80000001192092895507812500000000000000000000000000
2373;297131212.80000001192092895507812500000000000000000000000000
2374;297351577.60000002384185791015625000000000000000000000000000
2375;297268838.39999997615814208984375000000000000000000000000000
2376;297387622.39999997615814208984375000000000000000000000000000
2377;297354854.39999997615814208984375000000000000000000000000000
2378;297310617.60000002384185791015625000000000000000000000000000
2379;297465446.39999997615814208984375000000000000000000000000000
2380;297421209.60000002384185791015625000000000000000000000000000
2381;297647308.80000001192092895507812500000000000000000000000000
2382;297656320.00000000000000000000000000000000000000000000000000
2383;297683353.60000002384185791015625000000000000000000000000000
2384;297768550.39999997615814208984375000000000000000000000000000
2385;297846374.39999997615814208984375000000000000000000000000000
2386;297769369.60000002384185791015625000000000000000000000000000
2387;297901260.80000001192092895507812500000000000000000000000000
2388;297812787.19999998807907104492187500000000000000000000000000
2389;297885696.00000000000000000000000000000000000000000000000000
2390;297876684.80000001192092895507812500000000000000000000000000
2391;297931571.19999998807907104492187500000000000000000000000000
2392;297933209.60000002384185791015625000000000000000000000000000
2393;298179788.80000001192092895507812500000000000000000000000000
2394;299325030.39999997615814208984375000000000000000000000000000
2395;299339776.00000000000000000000000000000000000000000000000000
2396;299333222.39999997615814208984375000000000000000000000000000
2397;299661721.60000002384185791015625000000000000000000000000000
2398;299813273.60000002384185791015625000000000000000000000000000
2399;300388352.00000000000000000000000000000000000000000000000000
2400;300499763.19999998807907104492187500000000000000000000000000
2401;300547276.80000001192092895507812500000000000000000000000000
2402;300629196.80000001192092895507812500000000000000000000000000
2403;300580044.80000001192092895507812500000000000000000000000000
2404;300643942.39999997615814208984375000000000000000000000000000
2405;300593152.00000000000000000000000000000000000000000000000000
2406;300586598.39999997615814208984375000000000000000000000000000
2407;300619366.39999997615814208984375000000000000000000000000000
2408;300606259.19999998807907104492187500000000000000000000000000
2409;300586598.39999997615814208984375000000000000000000000000000
2410;300645580.80000001192092895507812500000000000000000000000000
2411;300587417.60000002384185791015625000000000000000000000000000
2412;300587417.60000002384185791015625000000000000000000000000000
2413;300606259.19999998807907104492187500000000000000000000000000
2414;300619366.39999997615814208984375000000000000000000000000000
2415;300645580.80000001192092895507812500000000000000000000000000
2416;300586598.39999997615814208984375000000000000000000000000000
2417;300619366.39999997615814208984375000000000000000000000000000
2418;300593152.00000000000000000000000000000000000000000000000000
2419;300678348.80000001192092895507812500000000000000000000000000
2420;300678348.80000001192092895507812500000000000000000000000000
2421;300678348.80000001192092895507812500000000000000000000000000
2422;300619366.39999997615814208984375000000000000000000000000000
2423;300619366.39999997615814208984375000000000000000000000000000
2424;300696371.19999998807907104492187500000000000000000000000000
2425;300652134.39999997615814208984375000000000000000000000000000
2426;300612812.80000001192092895507812500000000000000000000000000
2427;300619366.39999997615814208984375000000000000000000000000000
2428;300639027.19999998807907104492187500000000000000000000000000
2429;300639027.19999998807907104492187500000000000000000000000000
2430;300639027.19999998807907104492187500000000000000000000000000
2431;300639027.19999998807907104492187500000000000000000000000000
2432;300619366.39999997615814208984375000000000000000000000000000
2433;300606259.19999998807907104492187500000000000000000000000000
2434;300619366.39999997615814208984375000000000000000000000000000
2435;300696371.19999998807907104492187500000000000000000000000000
2436;300652134.39999997615814208984375000000000000000000000000000
2437;300704563.19999998807907104492187500000000000000000000000000
2438;300639027.19999998807907104492187500000000000000000000000000
2439;300580044.80000001192092895507812500000000000000000000000000
2440;300704563.19999998807907104492187500000000000000000000000000
2441;300680806.39999997615814208984375000000000000000000000000000
2442;300593152.00000000000000000000000000000000000000000000000000
2443;300639027.19999998807907104492187500000000000000000000000000
2444;300612812.80000001192092895507812500000000000000000000000000
2445;300648857.60000002384185791015625000000000000000000000000000
2446;300612812.80000001192092895507812500000000000000000000000000
2447;300652134.39999997615814208984375000000000000000000000000000
2448;300593152.00000000000000000000000000000000000000000000000000
2449;300639027.19999998807907104492187500000000000000000000000000
2450;300620185.60000002384185791015625000000000000000000000000000
2451;300625920.00000000000000000000000000000000000000000000000000
2452;300652134.39999997615814208984375000000000000000000000000000
2453;279917363.19999998807907104492187500000000000000000000000000
2454;279996006.39999997615814208984375000000000000000000000000000
2455;279958323.19999998807907104492187500000000000000000000000000
2456;279968972.80000001192092895507812500000000000000000000000000
2457;280142643.19999998807907104492187500000000000000000000000000
2458;280316313.60000002384185791015625000000000000000000000000000
2459;280417075.19999998807907104492187500000000000000000000000000
2460;280594022.39999997615814208984375000000000000000000000000000
2461;280726732.80000001192092895507812500000000000000000000000000
2462;280715264.00000000000000000000000000000000000000000000000000
2463;280748851.19999998807907104492187500000000000000000000000000
2464;280815206.39999997615814208984375000000000000000000000000000
2465;280959385.60000002384185791015625000000000000000000000000000
2466;281307545.60000002384185791015625000000000000000000000000000
2467;281490227.19999998807907104492187500000000000000000000000000
2468;282019430.39999997615814208984375000000000000000000000000000
2469;282243891.19999998807907104492187500000000000000000000000000
2470;282626457.60000002384185791015625000000000000000000000000000
2471;282855833.60000002384185791015625000000000000000000000000000
2472;283039334.39999997615814208984375000000000000000000000000000
2473;283489075.19999998807907104492187500000000000000000000000000
2474;283699609.60000002384185791015625000000000000000000000000000
2475;284037939.19999998807907104492187500000000000000000000000000
2476;284218163.19999998807907104492187500000000000000000000000000
2477;284339404.80000001192092895507812500000000000000000000000000
2478;284889907.19999998807907104492187500000000000000000000000000
2479;285145497.60000002384185791015625000000000000000000000000000
2480;285469900.80000001192092895507812500000000000000000000000000
2481;285757440.00000000000000000000000000000000000000000000000000
2482;285974528.00000000000000000000000000000000000000000000000000
2483;286186700.80000001192092895507812500000000000000000000000000
2484;286586470.39999997615814208984375000000000000000000000000000
2485;286754406.39999997615814208984375000000000000000000000000000
2486;286975590.39999997615814208984375000000000000000000000000000
2487;287293440.00000000000000000000000000000000000000000000000000
2488;287573606.39999997615814208984375000000000000000000000000000
2489;287787417.60000002384185791015625000000000000000000000000000
2490;288237158.39999997615814208984375000000000000000000000000000
2491;288461619.19999998807907104492187500000000000000000000000000
2492;288718848.00000000000000000000000000000000000000000000000000
2493;289046528.00000000000000000000000000000000000000000000000000
2494;289198080.00000000000000000000000000000000000000000000000000
2495;289943552.00000000000000000000000000000000000000000000000000
2496;290209792.00000000000000000000000000000000000000000000000000
2497;290480128.00000000000000000000000000000000000000000000000000
2498;290727526.39999997615814208984375000000000000000000000000000
2499;290942976.00000000000000000000000000000000000000000000000000
2500;291344384.00000000000000000000000000000000000000000000000000
2501;291713024.00000000000000000000000000000000000000000000000000
2502;291892428.80000001192092895507812500000000000000000000000000
2503;292240588.80000001192092895507812500000000000000000000000000
2504;292444569.60000002384185791015625000000000000000000000000000
2505;292738662.39999997615814208984375000000000000000000000000000
2506;292841062.39999997615814208984375000000000000000000000000000
2507;295036518.39999997615814208984375000000000000000000000000000
2508;295269171.19999998807907104492187500000000000000000000000000
2509;295352729.60000002384185791015625000000000000000000000000000
2510;295713177.60000002384185791015625000000000000000000000000000
2511;295962214.39999997615814208984375000000000000000000000000000
2512;296342323.19999998807907104492187500000000000000000000000000
2513;297336832.00000000000000000000000000000000000000000000000000
2514;297499852.80000001192092895507812500000000000000000000000000
2515;297502310.39999997615814208984375000000000000000000000000000
2516;297698099.19999998807907104492187500000000000000000000000000
2517;298080665.60000002384185791015625000000000000000000000000000
2518;298370662.39999997615814208984375000000000000000000000000000
2519;298648371.19999998807907104492187500000000000000000000000000
2520;299060428.80000001192092895507812500000000000000000000000000
2521;300015616.00000000000000000000000000000000000000000000000000
2522;300118016.00000000000000000000000000000000000000000000000000
2523;300207308.80000001192092895507812500000000000000000000000000
2524;300115558.39999997615814208984375000000000000000000000000000
2525;300174540.80000001192092895507812500000000000000000000000000
2526;300148326.39999997615814208984375000000000000000000000000000
2527;300148326.39999997615814208984375000000000000000000000000000
2528;300076236.80000001192092895507812500000000000000000000000000
2529;300135219.19999998807907104492187500000000000000000000000000
2530;300148326.39999997615814208984375000000000000000000000000000
2531;300115558.39999997615814208984375000000000000000000000000000
2532;300135219.19999998807907104492187500000000000000000000000000
2533;300116377.60000002384185791015625000000000000000000000000000
2534;300135219.19999998807907104492187500000000000000000000000000
2535;300148326.39999997615814208984375000000000000000000000000000
2536;300135219.19999998807907104492187500000000000000000000000000
2537;300208128.00000000000000000000000000000000000000000000000000
2538;300208128.00000000000000000000000000000000000000000000000000
2539;300168806.39999997615814208984375000000000000000000000000000
2540;300211404.80000001192092895507812500000000000000000000000000
2541;300142592.00000000000000000000000000000000000000000000000000
2542;300168806.39999997615814208984375000000000000000000000000000
2543;300149964.80000001192092895507812500000000000000000000000000
2544;300142592.00000000000000000000000000000000000000000000000000
2545;300181913.60000002384185791015625000000000000000000000000000
2546;300149145.60000002384185791015625000000000000000000000000000
2547;300168806.39999997615814208984375000000000000000000000000000
2548;300208128.00000000000000000000000000000000000000000000000000
2549;300136038.39999997615814208984375000000000000000000000000000
2550;300234342.39999997615814208984375000000000000000000000000000
2551;300149145.60000002384185791015625000000000000000000000000000
2552;300181913.60000002384185791015625000000000000000000000000000
2553;300168806.39999997615814208984375000000000000000000000000000
2554;300234342.39999997615814208984375000000000000000000000000000
2555;300234342.39999997615814208984375000000000000000000000000000
2556;300181913.60000002384185791015625000000000000000000000000000
2557;300168806.39999997615814208984375000000000000000000000000000
2558;300142592.00000000000000000000000000000000000000000000000000
2559;300155699.19999998807907104492187500000000000000000000000000
2560;300149145.60000002384185791015625000000000000000000000000000
2561;300168806.39999997615814208984375000000000000000000000000000
2562;300198297.60000002384185791015625000000000000000000000000000
2563;300142592.00000000000000000000000000000000000000000000000000
2564;300149145.60000002384185791015625000000000000000000000000000
2565;300181913.60000002384185791015625000000000000000000000000000
2566;300149145.60000002384185791015625000000000000000000000000000
2567;300142592.00000000000000000000000000000000000000000000000000
2568;300142592.00000000000000000000000000000000000000000000000000
2569;300168806.39999997615814208984375000000000000000000000000000
2570;300206489.60000002384185791015625000000000000000000000000000
2571;297835724.80000001192092895507812500000000000000000000000000
2572;297839820.80000001192092895507812500000000000000000000000000
2573;297825075.19999998807907104492187500000000000000000000000000
2574;297838182.39999997615814208984375000000000000000000000000000
2575;297850470.39999997615814208984375000000000000000000000000000
2576;297858662.39999997615814208984375000000000000000000000000000
2577;297866035.19999998807907104492187500000000000000000000000000
2578;297789849.60000002384185791015625000000000000000000000000000
2579;297668608.00000000000000000000000000000000000000000000000000
2580;297671884.80000001192092895507812500000000000000000000000000
2581;297678438.39999997615814208984375000000000000000000000000000
2582;297684992.00000000000000000000000000000000000000000000000000
2583;297685811.19999998807907104492187500000000000000000000000000
2584;297689907.19999998807907104492187500000000000000000000000000
2585;297732505.60000002384185791015625000000000000000000000000000
2586;297703014.39999997615814208984375000000000000000000000000000
2587;297694003.19999998807907104492187500000000000000000000000000
2588;297695641.60000002384185791015625000000000000000000000000000
2589;297646489.60000002384185791015625000000000000000000000000000
2590;297626009.60000002384185791015625000000000000000000000000000
2591;297710387.19999998807907104492187500000000000000000000000000
2592;297711206.39999997615814208984375000000000000000000000000000
2593;297809510.39999997615814208984375000000000000000000000000000
2594;297757081.60000002384185791015625000000000000000000000000000
2595;297810329.60000002384185791015625000000000000000000000000000
2596;297814425.60000002384185791015625000000000000000000000000000
2597;297832448.00000000000000000000000000000000000000000000000000
2598;297696460.80000001192092895507812500000000000000000000000000
2599;297829990.39999997615814208984375000000000000000000000000000
2600;297793945.60000002384185791015625000000000000000000000000000
2601;297832448.00000000000000000000000000000000000000000000000000
2602;297875865.60000002384185791015625000000000000000000000000000
2603;297929113.60000002384185791015625000000000000000000000000000
2604;297968435.19999998807907104492187500000000000000000000000000
2605;297971712.00000000000000000000000000000000000000000000000000
2606;297990553.60000002384185791015625000000000000000000000000000
2607;298054451.19999998807907104492187500000000000000000000000000
2608;298034790.39999997615814208984375000000000000000000000000000
2609;298034790.39999997615814208984375000000000000000000000000000
2610;298049536.00000000000000000000000000000000000000000000000000
2611;298014310.39999997615814208984375000000000000000000000000000
2612;298026598.39999997615814208984375000000000000000000000000000
2613;298137190.39999997615814208984375000000000000000000000000000
2614;298180608.00000000000000000000000000000000000000000000000000
2615;298152755.19999998807907104492187500000000000000000000000000
2616;298156032.00000000000000000000000000000000000000000000000000
2617;298290380.80000001192092895507812500000000000000000000000000
2618;298296115.19999998807907104492187500000000000000000000000000
2619;298299392.00000000000000000000000000000000000000000000000000
2620;298303488.00000000000000000000000000000000000000000000000000
2621;298301849.60000002384185791015625000000000000000000000000000
2622;298368204.80000001192092895507812500000000000000000000000000
2623;298422272.00000000000000000000000000000000000000000000000000
2624;298304307.19999998807907104492187500000000000000000000000000
2625;298391142.39999997615814208984375000000000000000000000000000
2626;298479616.00000000000000000000000000000000000000000000000000
2627;298527948.80000001192092895507812500000000000000000000000000
2628;298550067.19999998807907104492187500000000000000000000000000
2629;298556620.80000001192092895507812500000000000000000000000000
2630;298787635.19999998807907104492187500000000000000000000000000
2631;298821222.39999997615814208984375000000000000000000000000000
2632;298823680.00000000000000000000000000000000000000000000000000
2633;298873651.19999998807907104492187500000000000000000000000000
2634;299005542.39999997615814208984375000000000000000000000000000
2635;299411865.60000002384185791015625000000000000000000000000000
2636;299569152.00000000000000000000000000000000000000000000000000
2637;299947622.39999997615814208984375000000000000000000000000000
2638;300748800.00000000000000000000000000000000000000000000000000
2639;300748800.00000000000000000000000000000000000000000000000000
2640;300645580.80000001192092895507812500000000000000000000000000
2641;300670976.00000000000000000000000000000000000000000000000000
2642;300639846.39999997615814208984375000000000000000000000000000
2643;300639027.19999998807907104492187500000000000000000000000000
2644;300645580.80000001192092895507812500000000000000000000000000
2645;300671795.19999998807907104492187500000000000000000000000000
2646;300612812.80000001192092895507812500000000000000000000000000
2647;300698009.60000002384185791015625000000000000000000000000000
2648;300632473.60000002384185791015625000000000000000000000000000
2649;300639027.19999998807907104492187500000000000000000000000000
2650;300632473.60000002384185791015625000000000000000000000000000
2651;300670976.00000000000000000000000000000000000000000000000000
2652;300658688.00000000000000000000000000000000000000000000000000
2653;300639027.19999998807907104492187500000000000000000000000000
2654;300611174.39999997615814208984375000000000000000000000000000
2655;300701286.39999997615814208984375000000000000000000000000000
2656;300661964.80000001192092895507812500000000000000000000000000
2657;300629196.80000001192092895507812500000000000000000000000000
2658;300648857.60000002384185791015625000000000000000000000000000
2659;300635750.39999997615814208984375000000000000000000000000000
2660;300662784.00000000000000000000000000000000000000000000000000
2661;300642304.00000000000000000000000000000000000000000000000000
2662;300661964.80000001192092895507812500000000000000000000000000
2663;300662784.00000000000000000000000000000000000000000000000000
2664;300635750.39999997615814208984375000000000000000000000000000
2665;300675072.00000000000000000000000000000000000000000000000000
2666;300642304.00000000000000000000000000000000000000000000000000
2667;300642304.00000000000000000000000000000000000000000000000000
2668;300648857.60000002384185791015625000000000000000000000000000
2669;300635750.39999997615814208984375000000000000000000000000000
2670;300731596.80000001192092895507812500000000000000000000000000
2671;300642304.00000000000000000000000000000000000000000000000000
2672;300727500.80000001192092895507812500000000000000000000000000
2673;300701286.39999997615814208984375000000000000000000000000000
2674;300648857.60000002384185791015625000000000000000000000000000
2675;300674252.80000001192092895507812500000000000000000000000000
2676;300727500.80000001192092895507812500000000000000000000000000
2677;300629196.80000001192092895507812500000000000000000000000000
2678;300702105.60000002384185791015625000000000000000000000000000
2679;300707020.80000001192092895507812500000000000000000000000000
2680;300663603.19999998807907104492187500000000000000000000000000
2681;300630016.00000000000000000000000000000000000000000000000000
2682;300662784.00000000000000000000000000000000000000000000000000
2683;300675072.00000000000000000000000000000000000000000000000000
2684;300702105.60000002384185791015625000000000000000000000000000
2685;300603801.60000002384185791015625000000000000000000000000000
2686;300699648.00000000000000000000000000000000000000000000000000
2687;300636569.60000002384185791015625000000000000000000000000000
2688;298202726.39999997615814208984375000000000000000000000000000
2689;298255974.39999997615814208984375000000000000000000000000000
2690;298259251.19999998807907104492187500000000000000000000000000
2691;298260889.60000002384185791015625000000000000000000000000000
2692;298264166.39999997615814208984375000000000000000000000000000
2693;298264985.60000002384185791015625000000000000000000000000000
2694;298260070.39999997615814208984375000000000000000000000000000
2695;298273177.60000002384185791015625000000000000000000000000000
2696;298262528.00000000000000000000000000000000000000000000000000
2697;298224844.80000001192092895507812500000000000000000000000000
2698;298289561.60000002384185791015625000000000000000000000000000
2699;298289561.60000002384185791015625000000000000000000000000000
2700;298289561.60000002384185791015625000000000000000000000000000
2701;298287104.00000000000000000000000000000000000000000000000000
2702;298288742.39999997615814208984375000000000000000000000000000
2703;298292838.39999997615814208984375000000000000000000000000000
2704;298345267.19999998807907104492187500000000000000000000000000
2705;298349363.19999998807907104492187500000000000000000000000000
2706;298266624.00000000000000000000000000000000000000000000000000
2707;298269081.60000002384185791015625000000000000000000000000000
2708;298271539.19999998807907104492187500000000000000000000000000
2709;298285465.60000002384185791015625000000000000000000000000000
2710;298287104.00000000000000000000000000000000000000000000000000
2711;298285465.60000002384185791015625000000000000000000000000000
2712;298283827.19999998807907104492187500000000000000000000000000
2713;298274816.00000000000000000000000000000000000000000000000000
2714;298287923.19999998807907104492187500000000000000000000000000
2715;298280550.39999997615814208984375000000000000000000000000000
2716;298281369.60000002384185791015625000000000000000000000000000
2717;298355916.80000001192092895507812500000000000000000000000000
2718;298296934.39999997615814208984375000000000000000000000000000
2719;298298572.80000001192092895507812500000000000000000000000000
2720;298406707.19999998807907104492187500000000000000000000000000
2721;298337075.19999998807907104492187500000000000000000000000000
2722;298342809.60000002384185791015625000000000000000000000000000
2723;298455859.19999998807907104492187500000000000000000000000000
2724;298393600.00000000000000000000000000000000000000000000000000
2725;298393600.00000000000000000000000000000000000000000000000000
2726;298420633.60000002384185791015625000000000000000000000000000
2727;298439475.19999998807907104492187500000000000000000000000000
2728;298423910.39999997615814208984375000000000000000000000000000
2729;298472243.19999998807907104492187500000000000000000000000000
2730;298453401.60000002384185791015625000000000000000000000000000
2731;298429644.80000001192092895507812500000000000000000000000000
2732;298437017.60000002384185791015625000000000000000000000000000
2733;298490265.60000002384185791015625000000000000000000000000000
2734;298568908.80000001192092895507812500000000000000000000000000
2735;298556620.80000001192092895507812500000000000000000000000000
2736;298591027.19999998807907104492187500000000000000000000000000
2737;298618060.80000001192092895507812500000000000000000000000000
2738;298633625.60000002384185791015625000000000000000000000000000
2739;298663936.00000000000000000000000000000000000000000000000000
2740;298667212.80000001192092895507812500000000000000000000000000
2741;298713907.19999998807907104492187500000000000000000000000000
2742;298754867.19999998807907104492187500000000000000000000000000
2743;298785177.60000002384185791015625000000000000000000000000000
2744;298822860.80000001192092895507812500000000000000000000000000
2745;298835968.00000000000000000000000000000000000000000000000000
2746;298922803.19999998807907104492187500000000000000000000000000
2747;298930995.19999998807907104492187500000000000000000000000000
2748;298958848.00000000000000000000000000000000000000000000000000
2749;298892492.80000001192092895507812500000000000000000000000000
2750;298957209.60000002384185791015625000000000000000000000000000
2751;298965401.60000002384185791015625000000000000000000000000000
2752;299332403.19999998807907104492187500000000000000000000000000
2753;300030361.60000002384185791015625000000000000000000000000000
2754;300029542.39999997615814208984375000000000000000000000000000
2755;300453068.80000001192092895507812500000000000000000000000000
2756;300453068.80000001192092895507812500000000000000000000000000
2757;300607897.60000002384185791015625000000000000000000000000000
2758;300568576.00000000000000000000000000000000000000000000000000
2759;300549734.39999997615814208984375000000000000000000000000000
2760;300555468.80000001192092895507812500000000000000000000000000
2761;300606259.19999998807907104492187500000000000000000000000000
2762;300548915.19999998807907104492187500000000000000000000000000
2763;300598067.19999998807907104492187500000000000000000000000000
2764;300568576.00000000000000000000000000000000000000000000000000
2765;300569395.19999998807907104492187500000000000000000000000000
2766;300568576.00000000000000000000000000000000000000000000000000
2767;300607897.60000002384185791015625000000000000000000000000000
2768;300548915.19999998807907104492187500000000000000000000000000
2769;300548915.19999998807907104492187500000000000000000000000000
2770;300581683.19999998807907104492187500000000000000000000000000
2771;300618547.19999998807907104492187500000000000000000000000000
2772;300618547.19999998807907104492187500000000000000000000000000
2773;300566118.39999997615814208984375000000000000000000000000000
2774;300618547.19999998807907104492187500000000000000000000000000
2775;300566118.39999997615814208984375000000000000000000000000000
2776;300580044.80000001192092895507812500000000000000000000000000
2777;300553011.19999998807907104492187500000000000000000000000000
2778;300559564.80000001192092895507812500000000000000000000000000
2779;300560384.00000000000000000000000000000000000000000000000000
2780;300546457.60000002384185791015625000000000000000000000000000
2781;300618547.19999998807907104492187500000000000000000000000000
2782;300553011.19999998807907104492187500000000000000000000000000
2783;300559564.80000001192092895507812500000000000000000000000000
2784;300553011.19999998807907104492187500000000000000000000000000
2785;300651315.19999998807907104492187500000000000000000000000000
2786;300592332.80000001192092895507812500000000000000000000000000
2787;300644761.60000002384185791015625000000000000000000000000000
2788;300644761.60000002384185791015625000000000000000000000000000
2789;300559564.80000001192092895507812500000000000000000000000000
2790;300533350.39999997615814208984375000000000000000000000000000
2791;300560384.00000000000000000000000000000000000000000000000000
2792;300592332.80000001192092895507812500000000000000000000000000
2793;300592332.80000001192092895507812500000000000000000000000000
2794;300549734.39999997615814208984375000000000000000000000000000
2795;300580044.80000001192092895507812500000000000000000000000000
2796;300553011.19999998807907104492187500000000000000000000000000
2797;300623462.39999997615814208984375000000000000000000000000000
2798;300618547.19999998807907104492187500000000000000000000000000
2799;300623462.39999997615814208984375000000000000000000000000000
2800;300580044.80000001192092895507812500000000000000000000000000
2801;300533350.39999997615814208984375000000000000000000000000000
2802;300579225.60000002384185791015625000000000000000000000000000
2803;279434854.39999997615814208984375000000000000000000000000000
2804;279616716.80000001192092895507812500000000000000000000000000
2805;279711744.00000000000000000000000000000000000000000000000000
2806;279891968.00000000000000000000000000000000000000000000000000
2807;279949312.00000000000000000000000000000000000000000000000000
2808;279951769.60000002384185791015625000000000000000000000000000
2809;280145100.80000001192092895507812500000000000000000000000000
2810;280111513.60000002384185791015625000000000000000000000000000
2811;280231116.80000001192092895507812500000000000000000000000000
2812;280372838.39999997615814208984375000000000000000000000000000
2813;280456396.80000001192092895507812500000000000000000000000000
2814;280450662.39999997615814208984375000000000000000000000000000
2815;280626790.39999997615814208984375000000000000000000000000000
2816;281052774.39999997615814208984375000000000000000000000000000
2817;281378816.00000000000000000000000000000000000000000000000000
2818;281711411.19999998807907104492187500000000000000000000000000
2819;282029260.80000001192092895507812500000000000000000000000000
2820;282157056.00000000000000000000000000000000000000000000000000
2821;282457702.39999997615814208984375000000000000000000000000000
2822;282817331.19999998807907104492187500000000000000000000000000
2823;282985267.19999998807907104492187500000000000000000000000000
2824;283212185.60000002384185791015625000000000000000000000000000
2825;283487436.80000001192092895507812500000000000000000000000000
2826;283548876.80000001192092895507812500000000000000000000000000
2827;169172992.00000000000000000000000000000000000000000000000000
