Second;RAM_KB
0;13412.00000000000000000000000000000000000000000000000000
1;312912.00000000000000000000000000000000000000000000000000
2;371444.00000000000000000000000000000000000000000000000000
3;632252.00000000000000000000000000000000000000000000000000
4;727056.00000000000000000000000000000000000000000000000000
5;804592.00000000000000000000000000000000000000000000000000
6;884832.00000000000000000000000000000000000000000000000000
7;930652.00000000000000000000000000000000000000000000000000
8;935252.00000000000000000000000000000000000000000000000000
9;977416.00000000000000000000000000000000000000000000000000
10;980156.00000000000000000000000000000000000000000000000000
11;984184.00000000000000000000000000000000000000000000000000
12;989240.00000000000000000000000000000000000000000000000000
13;991564.00000000000000000000000000000000000000000000000000
14;995544.00000000000000000000000000000000000000000000000000
15;999476.00000000000000000000000000000000000000000000000000
16;1005832.00000000000000000000000000000000000000000000000000
17;1009060.00000000000000000000000000000000000000000000000000
18;1015252.00000000000000000000000000000000000000000000000000
19;1023484.00000000000000000000000000000000000000000000000000
20;1027400.00000000000000000000000000000000000000000000000000
21;1032588.00000000000000000000000000000000000000000000000000
22;1037416.00000000000000000000000000000000000000000000000000
23;1041236.00000000000000000000000000000000000000000000000000
24;1045604.00000000000000000000000000000000000000000000000000
25;1049292.00000000000000000000000000000000000000000000000000
26;1055732.00000000000000000000000000000000000000000000000000
27;1059572.00000000000000000000000000000000000000000000000000
28;1066156.00000000000000000000000000000000000000000000000000
29;1069188.00000000000000000000000000000000000000000000000000
30;1073528.00000000000000000000000000000000000000000000000000
31;1078432.00000000000000000000000000000000000000000000000000
32;1083240.00000000000000000000000000000000000000000000000000
33;1089276.00000000000000000000000000000000000000000000000000
34;1094124.00000000000000000000000000000000000000000000000000
35;1097940.00000000000000000000000000000000000000000000000000
36;1104088.00000000000000000000000000000000000000000000000000
37;1109280.00000000000000000000000000000000000000000000000000
38;1113564.00000000000000000000000000000000000000000000000000
39;1120996.00000000000000000000000000000000000000000000000000
40;1125664.00000000000000000000000000000000000000000000000000
41;1130252.00000000000000000000000000000000000000000000000000
42;1134240.00000000000000000000000000000000000000000000000000
43;1141212.00000000000000000000000000000000000000000000000000
44;1145780.00000000000000000000000000000000000000000000000000
45;1150476.00000000000000000000000000000000000000000000000000
46;1155932.00000000000000000000000000000000000000000000000000
47;1162524.00000000000000000000000000000000000000000000000000
48;1166760.00000000000000000000000000000000000000000000000000
49;1171096.00000000000000000000000000000000000000000000000000
50;1175260.00000000000000000000000000000000000000000000000000
51;1179832.00000000000000000000000000000000000000000000000000
52;1380904.00000000000000000000000000000000000000000000000000
53;1437064.00000000000000000000000000000000000000000000000000
54;1436908.00000000000000000000000000000000000000000000000000
55;1436908.00000000000000000000000000000000000000000000000000
56;1436820.00000000000000000000000000000000000000000000000000
57;1436820.00000000000000000000000000000000000000000000000000
58;1436876.00000000000000000000000000000000000000000000000000
59;1436876.00000000000000000000000000000000000000000000000000
60;1437124.00000000000000000000000000000000000000000000000000
61;1436680.00000000000000000000000000000000000000000000000000
62;1436756.00000000000000000000000000000000000000000000000000
63;1436556.00000000000000000000000000000000000000000000000000
64;1436556.00000000000000000000000000000000000000000000000000
65;1437748.00000000000000000000000000000000000000000000000000
66;1437936.00000000000000000000000000000000000000000000000000
67;1437492.00000000000000000000000000000000000000000000000000
68;1437936.00000000000000000000000000000000000000000000000000
69;1437684.00000000000000000000000000000000000000000000000000
70;1437748.00000000000000000000000000000000000000000000000000
71;1437620.00000000000000000000000000000000000000000000000000
72;1437936.00000000000000000000000000000000000000000000000000
73;1437492.00000000000000000000000000000000000000000000000000
74;1437620.00000000000000000000000000000000000000000000000000
75;1437492.00000000000000000000000000000000000000000000000000
76;1436596.00000000000000000000000000000000000000000000000000
77;1436596.00000000000000000000000000000000000000000000000000
78;1437936.00000000000000000000000000000000000000000000000000
79;1437780.00000000000000000000000000000000000000000000000000
80;1437684.00000000000000000000000000000000000000000000000000
81;1437492.00000000000000000000000000000000000000000000000000
82;1437748.00000000000000000000000000000000000000000000000000
83;1437620.00000000000000000000000000000000000000000000000000
84;1437740.00000000000000000000000000000000000000000000000000
85;1437492.00000000000000000000000000000000000000000000000000
86;1437936.00000000000000000000000000000000000000000000000000
87;1437492.00000000000000000000000000000000000000000000000000
88;1437936.00000000000000000000000000000000000000000000000000
89;1336420.00000000000000000000000000000000000000000000000000
90;1338276.00000000000000000000000000000000000000000000000000
91;1340652.00000000000000000000000000000000000000000000000000
92;1343368.00000000000000000000000000000000000000000000000000
93;1345748.00000000000000000000000000000000000000000000000000
94;1347332.00000000000000000000000000000000000000000000000000
95;1349304.00000000000000000000000000000000000000000000000000
96;1350296.00000000000000000000000000000000000000000000000000
97;1354468.00000000000000000000000000000000000000000000000000
98;1356436.00000000000000000000000000000000000000000000000000
99;1359784.00000000000000000000000000000000000000000000000000
100;1361568.00000000000000000000000000000000000000000000000000
101;1364664.00000000000000000000000000000000000000000000000000
102;1366824.00000000000000000000000000000000000000000000000000
103;1369900.00000000000000000000000000000000000000000000000000
104;1371736.00000000000000000000000000000000000000000000000000
105;1376036.00000000000000000000000000000000000000000000000000
106;1378336.00000000000000000000000000000000000000000000000000
107;1381404.00000000000000000000000000000000000000000000000000
108;1382872.00000000000000000000000000000000000000000000000000
109;1385788.00000000000000000000000000000000000000000000000000
110;1389224.00000000000000000000000000000000000000000000000000
111;1392308.00000000000000000000000000000000000000000000000000
112;1398244.00000000000000000000000000000000000000000000000000
113;1401068.00000000000000000000000000000000000000000000000000
114;1403228.00000000000000000000000000000000000000000000000000
115;1407936.00000000000000000000000000000000000000000000000000
116;1411056.00000000000000000000000000000000000000000000000000
117;1412264.00000000000000000000000000000000000000000000000000
118;1414416.00000000000000000000000000000000000000000000000000
119;1419724.00000000000000000000000000000000000000000000000000
120;1421616.00000000000000000000000000000000000000000000000000
121;1423716.00000000000000000000000000000000000000000000000000
122;1426544.00000000000000000000000000000000000000000000000000
123;1431492.00000000000000000000000000000000000000000000000000
124;1433288.00000000000000000000000000000000000000000000000000
125;1435780.00000000000000000000000000000000000000000000000000
126;1438792.00000000000000000000000000000000000000000000000000
127;1444524.00000000000000000000000000000000000000000000000000
128;1445532.00000000000000000000000000000000000000000000000000
129;1446972.00000000000000000000000000000000000000000000000000
130;1447416.00000000000000000000000000000000000000000000000000
131;1447788.00000000000000000000000000000000000000000000000000
132;1448100.00000000000000000000000000000000000000000000000000
133;1448072.00000000000000000000000000000000000000000000000000
134;1447644.00000000000000000000000000000000000000000000000000
135;1447940.00000000000000000000000000000000000000000000000000
136;1447760.00000000000000000000000000000000000000000000000000
137;1448072.00000000000000000000000000000000000000000000000000
138;1447476.00000000000000000000000000000000000000000000000000
139;1447760.00000000000000000000000000000000000000000000000000
140;1448072.00000000000000000000000000000000000000000000000000
141;1447916.00000000000000000000000000000000000000000000000000
142;1446736.00000000000000000000000000000000000000000000000000
143;1448072.00000000000000000000000000000000000000000000000000
144;1448072.00000000000000000000000000000000000000000000000000
145;1447644.00000000000000000000000000000000000000000000000000
146;1447760.00000000000000000000000000000000000000000000000000
147;1448072.00000000000000000000000000000000000000000000000000
148;1447940.00000000000000000000000000000000000000000000000000
149;1448072.00000000000000000000000000000000000000000000000000
150;1447940.00000000000000000000000000000000000000000000000000
151;1447760.00000000000000000000000000000000000000000000000000
152;1447668.00000000000000000000000000000000000000000000000000
153;1447760.00000000000000000000000000000000000000000000000000
154;1448072.00000000000000000000000000000000000000000000000000
155;1446736.00000000000000000000000000000000000000000000000000
156;1448072.00000000000000000000000000000000000000000000000000
157;1447668.00000000000000000000000000000000000000000000000000
158;1447760.00000000000000000000000000000000000000000000000000
159;1448072.00000000000000000000000000000000000000000000000000
160;1447916.00000000000000000000000000000000000000000000000000
161;1447940.00000000000000000000000000000000000000000000000000
162;1447760.00000000000000000000000000000000000000000000000000
163;1447876.00000000000000000000000000000000000000000000000000
164;1447940.00000000000000000000000000000000000000000000000000
165;1448072.00000000000000000000000000000000000000000000000000
166;1447476.00000000000000000000000000000000000000000000000000
167;1356364.00000000000000000000000000000000000000000000000000
168;1341944.00000000000000000000000000000000000000000000000000
169;1341968.00000000000000000000000000000000000000000000000000
170;1344848.00000000000000000000000000000000000000000000000000
171;1345596.00000000000000000000000000000000000000000000000000
172;1347656.00000000000000000000000000000000000000000000000000
173;1349356.00000000000000000000000000000000000000000000000000
174;1350904.00000000000000000000000000000000000000000000000000
175;1355684.00000000000000000000000000000000000000000000000000
176;1357620.00000000000000000000000000000000000000000000000000
177;1360284.00000000000000000000000000000000000000000000000000
178;1362752.00000000000000000000000000000000000000000000000000
179;1365008.00000000000000000000000000000000000000000000000000
180;1366896.00000000000000000000000000000000000000000000000000
181;1368844.00000000000000000000000000000000000000000000000000
182;1371136.00000000000000000000000000000000000000000000000000
183;1373232.00000000000000000000000000000000000000000000000000
184;1376924.00000000000000000000000000000000000000000000000000
185;1379804.00000000000000000000000000000000000000000000000000
186;1382688.00000000000000000000000000000000000000000000000000
187;1384220.00000000000000000000000000000000000000000000000000
188;1387540.00000000000000000000000000000000000000000000000000
189;1389872.00000000000000000000000000000000000000000000000000
190;1391728.00000000000000000000000000000000000000000000000000
191;1396944.00000000000000000000000000000000000000000000000000
192;1399048.00000000000000000000000000000000000000000000000000
193;1401956.00000000000000000000000000000000000000000000000000
194;1405880.00000000000000000000000000000000000000000000000000
195;1409876.00000000000000000000000000000000000000000000000000
196;1411960.00000000000000000000000000000000000000000000000000
197;1416316.00000000000000000000000000000000000000000000000000
198;1418388.00000000000000000000000000000000000000000000000000
199;1420736.00000000000000000000000000000000000000000000000000
200;1422712.00000000000000000000000000000000000000000000000000
201;1429268.00000000000000000000000000000000000000000000000000
202;1431244.00000000000000000000000000000000000000000000000000
203;1433044.00000000000000000000000000000000000000000000000000
204;1436012.00000000000000000000000000000000000000000000000000
205;1437320.00000000000000000000000000000000000000000000000000
206;1442040.00000000000000000000000000000000000000000000000000
207;1445228.00000000000000000000000000000000000000000000000000
208;1447516.00000000000000000000000000000000000000000000000000
209;1449448.00000000000000000000000000000000000000000000000000
210;1448996.00000000000000000000000000000000000000000000000000
211;1448712.00000000000000000000000000000000000000000000000000
212;1448840.00000000000000000000000000000000000000000000000000
213;1448840.00000000000000000000000000000000000000000000000000
214;1449152.00000000000000000000000000000000000000000000000000
215;1449152.00000000000000000000000000000000000000000000000000
216;1449152.00000000000000000000000000000000000000000000000000
217;1448840.00000000000000000000000000000000000000000000000000
218;1448968.00000000000000000000000000000000000000000000000000
219;1448840.00000000000000000000000000000000000000000000000000
220;1447836.00000000000000000000000000000000000000000000000000
221;1447836.00000000000000000000000000000000000000000000000000
222;1449172.00000000000000000000000000000000000000000000000000
223;1449016.00000000000000000000000000000000000000000000000000
224;1448988.00000000000000000000000000000000000000000000000000
225;1448860.00000000000000000000000000000000000000000000000000
226;1448860.00000000000000000000000000000000000000000000000000
227;1449172.00000000000000000000000000000000000000000000000000
228;1449172.00000000000000000000000000000000000000000000000000
229;1448860.00000000000000000000000000000000000000000000000000
230;1448988.00000000000000000000000000000000000000000000000000
231;1449172.00000000000000000000000000000000000000000000000000
232;1448860.00000000000000000000000000000000000000000000000000
233;1447836.00000000000000000000000000000000000000000000000000
234;1448732.00000000000000000000000000000000000000000000000000
235;1448860.00000000000000000000000000000000000000000000000000
236;1449172.00000000000000000000000000000000000000000000000000
237;1448860.00000000000000000000000000000000000000000000000000
238;1448860.00000000000000000000000000000000000000000000000000
239;1449172.00000000000000000000000000000000000000000000000000
240;1448732.00000000000000000000000000000000000000000000000000
241;1448860.00000000000000000000000000000000000000000000000000
242;1449016.00000000000000000000000000000000000000000000000000
243;1448988.00000000000000000000000000000000000000000000000000
244;1448860.00000000000000000000000000000000000000000000000000
245;1449172.00000000000000000000000000000000000000000000000000
246;1347508.00000000000000000000000000000000000000000000000000
247;1347640.00000000000000000000000000000000000000000000000000
248;1348444.00000000000000000000000000000000000000000000000000
249;1349008.00000000000000000000000000000000000000000000000000
250;1350224.00000000000000000000000000000000000000000000000000
251;1351892.00000000000000000000000000000000000000000000000000
252;1353476.00000000000000000000000000000000000000000000000000
253;1355524.00000000000000000000000000000000000000000000000000
254;1357464.00000000000000000000000000000000000000000000000000
255;1359748.00000000000000000000000000000000000000000000000000
256;1363068.00000000000000000000000000000000000000000000000000
257;1365744.00000000000000000000000000000000000000000000000000
258;1366912.00000000000000000000000000000000000000000000000000
259;1370276.00000000000000000000000000000000000000000000000000
260;1372996.00000000000000000000000000000000000000000000000000
261;1375336.00000000000000000000000000000000000000000000000000
262;1378416.00000000000000000000000000000000000000000000000000
263;1380788.00000000000000000000000000000000000000000000000000
264;1385176.00000000000000000000000000000000000000000000000000
265;1386672.00000000000000000000000000000000000000000000000000
266;1387832.00000000000000000000000000000000000000000000000000
267;1392044.00000000000000000000000000000000000000000000000000
268;1394096.00000000000000000000000000000000000000000000000000
269;1397920.00000000000000000000000000000000000000000000000000
270;1400040.00000000000000000000000000000000000000000000000000
271;1403176.00000000000000000000000000000000000000000000000000
272;1407608.00000000000000000000000000000000000000000000000000
273;1410220.00000000000000000000000000000000000000000000000000
274;1412992.00000000000000000000000000000000000000000000000000
275;1419432.00000000000000000000000000000000000000000000000000
276;1419452.00000000000000000000000000000000000000000000000000
277;1421632.00000000000000000000000000000000000000000000000000
278;1423932.00000000000000000000000000000000000000000000000000
279;1426568.00000000000000000000000000000000000000000000000000
280;1432188.00000000000000000000000000000000000000000000000000
281;1434700.00000000000000000000000000000000000000000000000000
282;1436364.00000000000000000000000000000000000000000000000000
283;1443080.00000000000000000000000000000000000000000000000000
284;1443572.00000000000000000000000000000000000000000000000000
285;1444564.00000000000000000000000000000000000000000000000000
286;1447172.00000000000000000000000000000000000000000000000000
287;1449040.00000000000000000000000000000000000000000000000000
288;1450528.00000000000000000000000000000000000000000000000000
289;1450624.00000000000000000000000000000000000000000000000000
290;1451884.00000000000000000000000000000000000000000000000000
291;1451884.00000000000000000000000000000000000000000000000000
292;1451884.00000000000000000000000000000000000000000000000000
293;1452196.00000000000000000000000000000000000000000000000000
294;1452196.00000000000000000000000000000000000000000000000000
295;1451832.00000000000000000000000000000000000000000000000000
296;1451600.00000000000000000000000000000000000000000000000000
297;1451884.00000000000000000000000000000000000000000000000000
298;1452196.00000000000000000000000000000000000000000000000000
299;1451600.00000000000000000000000000000000000000000000000000
300;1450860.00000000000000000000000000000000000000000000000000
301;1450860.00000000000000000000000000000000000000000000000000
302;1452196.00000000000000000000000000000000000000000000000000
303;1451884.00000000000000000000000000000000000000000000000000
304;1452196.00000000000000000000000000000000000000000000000000
305;1451600.00000000000000000000000000000000000000000000000000
306;1452196.00000000000000000000000000000000000000000000000000
307;1451832.00000000000000000000000000000000000000000000000000
308;1451884.00000000000000000000000000000000000000000000000000
309;1452196.00000000000000000000000000000000000000000000000000
310;1452196.00000000000000000000000000000000000000000000000000
311;1452064.00000000000000000000000000000000000000000000000000
312;1452196.00000000000000000000000000000000000000000000000000
313;1450860.00000000000000000000000000000000000000000000000000
314;1451600.00000000000000000000000000000000000000000000000000
315;1451884.00000000000000000000000000000000000000000000000000
316;1452196.00000000000000000000000000000000000000000000000000
317;1451600.00000000000000000000000000000000000000000000000000
318;1451884.00000000000000000000000000000000000000000000000000
319;1452196.00000000000000000000000000000000000000000000000000
320;1452064.00000000000000000000000000000000000000000000000000
321;1451884.00000000000000000000000000000000000000000000000000
322;1452040.00000000000000000000000000000000000000000000000000
323;1451740.00000000000000000000000000000000000000000000000000
324;1452196.00000000000000000000000000000000000000000000000000
325;1451832.00000000000000000000000000000000000000000000000000
326;1348648.00000000000000000000000000000000000000000000000000
327;1349640.00000000000000000000000000000000000000000000000000
328;1350100.00000000000000000000000000000000000000000000000000
329;1350244.00000000000000000000000000000000000000000000000000
330;1351124.00000000000000000000000000000000000000000000000000
331;1354012.00000000000000000000000000000000000000000000000000
332;1354992.00000000000000000000000000000000000000000000000000
333;1356852.00000000000000000000000000000000000000000000000000
334;1359104.00000000000000000000000000000000000000000000000000
335;1361304.00000000000000000000000000000000000000000000000000
336;1363784.00000000000000000000000000000000000000000000000000
337;1365868.00000000000000000000000000000000000000000000000000
338;1367224.00000000000000000000000000000000000000000000000000
339;1369900.00000000000000000000000000000000000000000000000000
340;1373412.00000000000000000000000000000000000000000000000000
341;1374956.00000000000000000000000000000000000000000000000000
342;1378176.00000000000000000000000000000000000000000000000000
343;1380368.00000000000000000000000000000000000000000000000000
344;1383420.00000000000000000000000000000000000000000000000000
345;1386088.00000000000000000000000000000000000000000000000000
346;1388016.00000000000000000000000000000000000000000000000000
347;1389824.00000000000000000000000000000000000000000000000000
348;1392640.00000000000000000000000000000000000000000000000000
349;1396236.00000000000000000000000000000000000000000000000000
350;1398316.00000000000000000000000000000000000000000000000000
351;1400128.00000000000000000000000000000000000000000000000000
352;1407328.00000000000000000000000000000000000000000000000000
353;1409064.00000000000000000000000000000000000000000000000000
354;1411564.00000000000000000000000000000000000000000000000000
355;1415296.00000000000000000000000000000000000000000000000000
356;1417516.00000000000000000000000000000000000000000000000000
357;1420168.00000000000000000000000000000000000000000000000000
358;1427796.00000000000000000000000000000000000000000000000000
359;1428892.00000000000000000000000000000000000000000000000000
360;1432304.00000000000000000000000000000000000000000000000000
361;1433884.00000000000000000000000000000000000000000000000000
362;1438164.00000000000000000000000000000000000000000000000000
363;1439752.00000000000000000000000000000000000000000000000000
364;1442816.00000000000000000000000000000000000000000000000000
365;1444624.00000000000000000000000000000000000000000000000000
366;1448788.00000000000000000000000000000000000000000000000000
367;1452636.00000000000000000000000000000000000000000000000000
368;1453244.00000000000000000000000000000000000000000000000000
369;1453244.00000000000000000000000000000000000000000000000000
370;1454284.00000000000000000000000000000000000000000000000000
371;1454412.00000000000000000000000000000000000000000000000000
372;1454284.00000000000000000000000000000000000000000000000000
373;1454724.00000000000000000000000000000000000000000000000000
374;1454332.00000000000000000000000000000000000000000000000000
375;1454412.00000000000000000000000000000000000000000000000000
376;1454724.00000000000000000000000000000000000000000000000000
377;1454332.00000000000000000000000000000000000000000000000000
378;1454412.00000000000000000000000000000000000000000000000000
379;1454724.00000000000000000000000000000000000000000000000000
380;1454284.00000000000000000000000000000000000000000000000000
381;1453388.00000000000000000000000000000000000000000000000000
382;1453388.00000000000000000000000000000000000000000000000000
383;1454664.00000000000000000000000000000000000000000000000000
384;1454224.00000000000000000000000000000000000000000000000000
385;1454316.00000000000000000000000000000000000000000000000000
386;1454628.00000000000000000000000000000000000000000000000000
387;1454288.00000000000000000000000000000000000000000000000000
388;1454288.00000000000000000000000000000000000000000000000000
389;1454600.00000000000000000000000000000000000000000000000000
390;1454160.00000000000000000000000000000000000000000000000000
391;1454288.00000000000000000000000000000000000000000000000000
392;1454600.00000000000000000000000000000000000000000000000000
393;1454340.00000000000000000000000000000000000000000000000000
394;1453264.00000000000000000000000000000000000000000000000000
395;1454160.00000000000000000000000000000000000000000000000000
396;1454600.00000000000000000000000000000000000000000000000000
397;1454288.00000000000000000000000000000000000000000000000000
398;1454288.00000000000000000000000000000000000000000000000000
399;1454600.00000000000000000000000000000000000000000000000000
400;1454288.00000000000000000000000000000000000000000000000000
401;1453264.00000000000000000000000000000000000000000000000000
402;1454288.00000000000000000000000000000000000000000000000000
403;1454600.00000000000000000000000000000000000000000000000000
404;1454288.00000000000000000000000000000000000000000000000000
405;1454600.00000000000000000000000000000000000000000000000000
406;1454600.00000000000000000000000000000000000000000000000000
407;1349884.00000000000000000000000000000000000000000000000000
408;1350012.00000000000000000000000000000000000000000000000000
409;1349432.00000000000000000000000000000000000000000000000000
410;1350628.00000000000000000000000000000000000000000000000000
411;1350660.00000000000000000000000000000000000000000000000000
412;1352096.00000000000000000000000000000000000000000000000000
413;1354836.00000000000000000000000000000000000000000000000000
414;1356232.00000000000000000000000000000000000000000000000000
415;1359384.00000000000000000000000000000000000000000000000000
416;1360912.00000000000000000000000000000000000000000000000000
417;1364264.00000000000000000000000000000000000000000000000000
418;1366368.00000000000000000000000000000000000000000000000000
419;1369156.00000000000000000000000000000000000000000000000000
420;1371004.00000000000000000000000000000000000000000000000000
421;1374204.00000000000000000000000000000000000000000000000000
422;1375824.00000000000000000000000000000000000000000000000000
423;1379392.00000000000000000000000000000000000000000000000000
424;1381612.00000000000000000000000000000000000000000000000000
425;1384508.00000000000000000000000000000000000000000000000000
426;1387024.00000000000000000000000000000000000000000000000000
427;1389832.00000000000000000000000000000000000000000000000000
428;1392420.00000000000000000000000000000000000000000000000000
429;1393848.00000000000000000000000000000000000000000000000000
430;1398068.00000000000000000000000000000000000000000000000000
431;1400308.00000000000000000000000000000000000000000000000000
432;1402232.00000000000000000000000000000000000000000000000000
433;1408520.00000000000000000000000000000000000000000000000000
434;1410432.00000000000000000000000000000000000000000000000000
435;1412636.00000000000000000000000000000000000000000000000000
436;1417040.00000000000000000000000000000000000000000000000000
437;1419212.00000000000000000000000000000000000000000000000000
438;1422608.00000000000000000000000000000000000000000000000000
439;1424344.00000000000000000000000000000000000000000000000000
440;1429576.00000000000000000000000000000000000000000000000000
441;1431560.00000000000000000000000000000000000000000000000000
442;1433296.00000000000000000000000000000000000000000000000000
443;1436176.00000000000000000000000000000000000000000000000000
444;1441652.00000000000000000000000000000000000000000000000000
445;1443680.00000000000000000000000000000000000000000000000000
446;1445552.00000000000000000000000000000000000000000000000000
447;1447800.00000000000000000000000000000000000000000000000000
448;1449908.00000000000000000000000000000000000000000000000000
449;1457044.00000000000000000000000000000000000000000000000000
450;1457044.00000000000000000000000000000000000000000000000000
451;1458296.00000000000000000000000000000000000000000000000000
452;1458608.00000000000000000000000000000000000000000000000000
453;1458012.00000000000000000000000000000000000000000000000000
454;1458296.00000000000000000000000000000000000000000000000000
455;1458608.00000000000000000000000000000000000000000000000000
456;1458608.00000000000000000000000000000000000000000000000000
457;1458412.00000000000000000000000000000000000000000000000000
458;1458140.00000000000000000000000000000000000000000000000000
459;1457908.00000000000000000000000000000000000000000000000000
460;1458608.00000000000000000000000000000000000000000000000000
461;1458012.00000000000000000000000000000000000000000000000000
462;1457272.00000000000000000000000000000000000000000000000000
463;1458424.00000000000000000000000000000000000000000000000000
464;1458608.00000000000000000000000000000000000000000000000000
465;1458452.00000000000000000000000000000000000000000000000000
466;1458296.00000000000000000000000000000000000000000000000000
467;1458012.00000000000000000000000000000000000000000000000000
468;1458296.00000000000000000000000000000000000000000000000000
469;1458608.00000000000000000000000000000000000000000000000000
470;1457856.00000000000000000000000000000000000000000000000000
471;1458608.00000000000000000000000000000000000000000000000000
472;1458412.00000000000000000000000000000000000000000000000000
473;1457956.00000000000000000000000000000000000000000000000000
474;1458296.00000000000000000000000000000000000000000000000000
475;1457272.00000000000000000000000000000000000000000000000000
476;1458608.00000000000000000000000000000000000000000000000000
477;1458568.00000000000000000000000000000000000000000000000000
478;1458016.00000000000000000000000000000000000000000000000000
479;1458300.00000000000000000000000000000000000000000000000000
480;1458612.00000000000000000000000000000000000000000000000000
481;1458300.00000000000000000000000000000000000000000000000000
482;1458208.00000000000000000000000000000000000000000000000000
483;1458300.00000000000000000000000000000000000000000000000000
484;1458612.00000000000000000000000000000000000000000000000000
485;1458248.00000000000000000000000000000000000000000000000000
486;1458612.00000000000000000000000000000000000000000000000000
487;1453204.00000000000000000000000000000000000000000000000000
488;1352072.00000000000000000000000000000000000000000000000000
489;1353552.00000000000000000000000000000000000000000000000000
490;1353936.00000000000000000000000000000000000000000000000000
491;1355240.00000000000000000000000000000000000000000000000000
492;1355720.00000000000000000000000000000000000000000000000000
493;1355564.00000000000000000000000000000000000000000000000000
494;1356668.00000000000000000000000000000000000000000000000000
495;1358820.00000000000000000000000000000000000000000000000000
496;1361340.00000000000000000000000000000000000000000000000000
497;1364604.00000000000000000000000000000000000000000000000000
498;1366960.00000000000000000000000000000000000000000000000000
499;1369988.00000000000000000000000000000000000000000000000000
500;1371940.00000000000000000000000000000000000000000000000000
501;1376572.00000000000000000000000000000000000000000000000000
502;1377768.00000000000000000000000000000000000000000000000000
503;1380360.00000000000000000000000000000000000000000000000000
504;1382756.00000000000000000000000000000000000000000000000000
505;1385816.00000000000000000000000000000000000000000000000000
506;1388840.00000000000000000000000000000000000000000000000000
507;1390180.00000000000000000000000000000000000000000000000000
508;1393456.00000000000000000000000000000000000000000000000000
509;1395060.00000000000000000000000000000000000000000000000000
510;1396308.00000000000000000000000000000000000000000000000000
511;1401804.00000000000000000000000000000000000000000000000000
512;1404828.00000000000000000000000000000000000000000000000000
513;1410228.00000000000000000000000000000000000000000000000000
514;1412968.00000000000000000000000000000000000000000000000000
515;1415164.00000000000000000000000000000000000000000000000000
516;1417004.00000000000000000000000000000000000000000000000000
517;1423908.00000000000000000000000000000000000000000000000000
518;1425216.00000000000000000000000000000000000000000000000000
519;1427416.00000000000000000000000000000000000000000000000000
520;1429452.00000000000000000000000000000000000000000000000000
521;1435096.00000000000000000000000000000000000000000000000000
522;1437160.00000000000000000000000000000000000000000000000000
523;1440472.00000000000000000000000000000000000000000000000000
524;1442436.00000000000000000000000000000000000000000000000000
525;1447816.00000000000000000000000000000000000000000000000000
526;1447808.00000000000000000000000000000000000000000000000000
527;1449744.00000000000000000000000000000000000000000000000000
528;1451352.00000000000000000000000000000000000000000000000000
529;1454048.00000000000000000000000000000000000000000000000000
530;1454852.00000000000000000000000000000000000000000000000000
531;1455568.00000000000000000000000000000000000000000000000000
532;1455272.00000000000000000000000000000000000000000000000000
533;1455272.00000000000000000000000000000000000000000000000000
534;1455684.00000000000000000000000000000000000000000000000000
535;1455556.00000000000000000000000000000000000000000000000000
536;1455868.00000000000000000000000000000000000000000000000000
537;1455272.00000000000000000000000000000000000000000000000000
538;1455556.00000000000000000000000000000000000000000000000000
539;1455556.00000000000000000000000000000000000000000000000000
540;1455868.00000000000000000000000000000000000000000000000000
541;1455672.00000000000000000000000000000000000000000000000000
542;1454532.00000000000000000000000000000000000000000000000000
543;1455736.00000000000000000000000000000000000000000000000000
544;1455556.00000000000000000000000000000000000000000000000000
545;1455868.00000000000000000000000000000000000000000000000000
546;1455272.00000000000000000000000000000000000000000000000000
547;1455556.00000000000000000000000000000000000000000000000000
548;1455868.00000000000000000000000000000000000000000000000000
549;1455464.00000000000000000000000000000000000000000000000000
550;1455684.00000000000000000000000000000000000000000000000000
551;1455868.00000000000000000000000000000000000000000000000000
552;1455672.00000000000000000000000000000000000000000000000000
553;1455684.00000000000000000000000000000000000000000000000000
554;1455868.00000000000000000000000000000000000000000000000000
555;1454532.00000000000000000000000000000000000000000000000000
556;1455464.00000000000000000000000000000000000000000000000000
557;1455556.00000000000000000000000000000000000000000000000000
558;1455868.00000000000000000000000000000000000000000000000000
559;1455376.00000000000000000000000000000000000000000000000000
560;1455556.00000000000000000000000000000000000000000000000000
561;1455868.00000000000000000000000000000000000000000000000000
562;1455376.00000000000000000000000000000000000000000000000000
563;1455556.00000000000000000000000000000000000000000000000000
564;1455868.00000000000000000000000000000000000000000000000000
565;1455272.00000000000000000000000000000000000000000000000000
566;1455868.00000000000000000000000000000000000000000000000000
567;1455672.00000000000000000000000000000000000000000000000000
568;1359020.00000000000000000000000000000000000000000000000000
569;1359672.00000000000000000000000000000000000000000000000000
570;1360376.00000000000000000000000000000000000000000000000000
571;1360964.00000000000000000000000000000000000000000000000000
572;1361224.00000000000000000000000000000000000000000000000000
573;1361564.00000000000000000000000000000000000000000000000000
574;1361832.00000000000000000000000000000000000000000000000000
575;1363308.00000000000000000000000000000000000000000000000000
576;1365384.00000000000000000000000000000000000000000000000000
577;1368148.00000000000000000000000000000000000000000000000000
578;1370032.00000000000000000000000000000000000000000000000000
579;1371704.00000000000000000000000000000000000000000000000000
580;1375240.00000000000000000000000000000000000000000000000000
581;1376616.00000000000000000000000000000000000000000000000000
582;1380020.00000000000000000000000000000000000000000000000000
583;1381608.00000000000000000000000000000000000000000000000000
584;1383288.00000000000000000000000000000000000000000000000000
585;1385768.00000000000000000000000000000000000000000000000000
586;1388836.00000000000000000000000000000000000000000000000000
587;1391232.00000000000000000000000000000000000000000000000000
588;1393556.00000000000000000000000000000000000000000000000000
589;1396668.00000000000000000000000000000000000000000000000000
590;1399212.00000000000000000000000000000000000000000000000000
591;1400652.00000000000000000000000000000000000000000000000000
592;1406964.00000000000000000000000000000000000000000000000000
593;1409560.00000000000000000000000000000000000000000000000000
594;1410388.00000000000000000000000000000000000000000000000000
595;1416448.00000000000000000000000000000000000000000000000000
596;1418284.00000000000000000000000000000000000000000000000000
597;1420732.00000000000000000000000000000000000000000000000000
598;1423644.00000000000000000000000000000000000000000000000000
599;1429640.00000000000000000000000000000000000000000000000000
600;1431000.00000000000000000000000000000000000000000000000000
601;1432764.00000000000000000000000000000000000000000000000000
602;1434920.00000000000000000000000000000000000000000000000000
603;1438344.00000000000000000000000000000000000000000000000000
604;1440320.00000000000000000000000000000000000000000000000000
605;1442240.00000000000000000000000000000000000000000000000000
606;1443856.00000000000000000000000000000000000000000000000000
607;1452072.00000000000000000000000000000000000000000000000000
608;1452116.00000000000000000000000000000000000000000000000000
609;1452736.00000000000000000000000000000000000000000000000000
610;1453052.00000000000000000000000000000000000000000000000000
611;1454576.00000000000000000000000000000000000000000000000000
612;1454072.00000000000000000000000000000000000000000000000000
613;1454464.00000000000000000000000000000000000000000000000000
614;1454776.00000000000000000000000000000000000000000000000000
615;1454776.00000000000000000000000000000000000000000000000000
616;1454348.00000000000000000000000000000000000000000000000000
617;1454464.00000000000000000000000000000000000000000000000000
618;1454776.00000000000000000000000000000000000000000000000000
619;1454180.00000000000000000000000000000000000000000000000000
620;1454464.00000000000000000000000000000000000000000000000000
621;1454776.00000000000000000000000000000000000000000000000000
622;1453440.00000000000000000000000000000000000000000000000000
623;1453440.00000000000000000000000000000000000000000000000000
624;1454464.00000000000000000000000000000000000000000000000000
625;1454464.00000000000000000000000000000000000000000000000000
626;1454516.00000000000000000000000000000000000000000000000000
627;1453920.00000000000000000000000000000000000000000000000000
628;1454776.00000000000000000000000000000000000000000000000000
629;1454476.00000000000000000000000000000000000000000000000000
630;1454464.00000000000000000000000000000000000000000000000000
631;1454776.00000000000000000000000000000000000000000000000000
632;1454644.00000000000000000000000000000000000000000000000000
633;1454776.00000000000000000000000000000000000000000000000000
634;1454476.00000000000000000000000000000000000000000000000000
635;1453440.00000000000000000000000000000000000000000000000000
636;1454620.00000000000000000000000000000000000000000000000000
637;1454644.00000000000000000000000000000000000000000000000000
638;1454728.00000000000000000000000000000000000000000000000000
639;1454324.00000000000000000000000000000000000000000000000000
640;1454512.00000000000000000000000000000000000000000000000000
641;1454696.00000000000000000000000000000000000000000000000000
642;1454492.00000000000000000000000000000000000000000000000000
643;1454516.00000000000000000000000000000000000000000000000000
644;1454336.00000000000000000000000000000000000000000000000000
645;1454452.00000000000000000000000000000000000000000000000000
646;1454336.00000000000000000000000000000000000000000000000000
647;1454492.00000000000000000000000000000000000000000000000000
648;1350384.00000000000000000000000000000000000000000000000000
649;1351644.00000000000000000000000000000000000000000000000000
650;1351032.00000000000000000000000000000000000000000000000000
651;1351052.00000000000000000000000000000000000000000000000000
652;1352156.00000000000000000000000000000000000000000000000000
653;1352428.00000000000000000000000000000000000000000000000000
654;1353260.00000000000000000000000000000000000000000000000000
655;1354276.00000000000000000000000000000000000000000000000000
656;1357172.00000000000000000000000000000000000000000000000000
657;1360000.00000000000000000000000000000000000000000000000000
658;1362252.00000000000000000000000000000000000000000000000000
659;1364484.00000000000000000000000000000000000000000000000000
660;1367236.00000000000000000000000000000000000000000000000000
661;1370008.00000000000000000000000000000000000000000000000000
662;1372312.00000000000000000000000000000000000000000000000000
663;1374600.00000000000000000000000000000000000000000000000000
664;1376464.00000000000000000000000000000000000000000000000000
665;1381436.00000000000000000000000000000000000000000000000000
666;1383572.00000000000000000000000000000000000000000000000000
667;1387248.00000000000000000000000000000000000000000000000000
668;1389832.00000000000000000000000000000000000000000000000000
669;1392464.00000000000000000000000000000000000000000000000000
670;1395708.00000000000000000000000000000000000000000000000000
671;1398332.00000000000000000000000000000000000000000000000000
672;1404824.00000000000000000000000000000000000000000000000000
673;1407588.00000000000000000000000000000000000000000000000000
674;1408220.00000000000000000000000000000000000000000000000000
675;1413724.00000000000000000000000000000000000000000000000000
676;1415940.00000000000000000000000000000000000000000000000000
677;1420064.00000000000000000000000000000000000000000000000000
678;1421100.00000000000000000000000000000000000000000000000000
679;1428376.00000000000000000000000000000000000000000000000000
680;1429684.00000000000000000000000000000000000000000000000000
681;1432472.00000000000000000000000000000000000000000000000000
682;1434364.00000000000000000000000000000000000000000000000000
683;1438532.00000000000000000000000000000000000000000000000000
684;1440236.00000000000000000000000000000000000000000000000000
685;1443448.00000000000000000000000000000000000000000000000000
686;1444500.00000000000000000000000000000000000000000000000000
687;1451660.00000000000000000000000000000000000000000000000000
688;1451732.00000000000000000000000000000000000000000000000000
689;1454260.00000000000000000000000000000000000000000000000000
690;1454260.00000000000000000000000000000000000000000000000000
691;1455624.00000000000000000000000000000000000000000000000000
692;1455180.00000000000000000000000000000000000000000000000000
693;1455440.00000000000000000000000000000000000000000000000000
694;1455312.00000000000000000000000000000000000000000000000000
695;1455364.00000000000000000000000000000000000000000000000000
696;1455312.00000000000000000000000000000000000000000000000000
697;1455624.00000000000000000000000000000000000000000000000000
698;1455028.00000000000000000000000000000000000000000000000000
699;1455440.00000000000000000000000000000000000000000000000000
700;1455312.00000000000000000000000000000000000000000000000000
701;1455624.00000000000000000000000000000000000000000000000000
702;1454288.00000000000000000000000000000000000000000000000000
703;1455624.00000000000000000000000000000000000000000000000000
704;1455028.00000000000000000000000000000000000000000000000000
705;1455492.00000000000000000000000000000000000000000000000000
706;1455312.00000000000000000000000000000000000000000000000000
707;1455624.00000000000000000000000000000000000000000000000000
708;1455624.00000000000000000000000000000000000000000000000000
709;1455028.00000000000000000000000000000000000000000000000000
710;1455312.00000000000000000000000000000000000000000000000000
711;1455624.00000000000000000000000000000000000000000000000000
712;1455260.00000000000000000000000000000000000000000000000000
713;1455492.00000000000000000000000000000000000000000000000000
714;1454284.00000000000000000000000000000000000000000000000000
715;1454284.00000000000000000000000000000000000000000000000000
716;1455620.00000000000000000000000000000000000000000000000000
717;1455024.00000000000000000000000000000000000000000000000000
718;1455308.00000000000000000000000000000000000000000000000000
719;1455620.00000000000000000000000000000000000000000000000000
720;1455256.00000000000000000000000000000000000000000000000000
721;1455308.00000000000000000000000000000000000000000000000000
722;1455464.00000000000000000000000000000000000000000000000000
723;1455308.00000000000000000000000000000000000000000000000000
724;1455620.00000000000000000000000000000000000000000000000000
725;1455256.00000000000000000000000000000000000000000000000000
726;1455308.00000000000000000000000000000000000000000000000000
727;1350844.00000000000000000000000000000000000000000000000000
728;1351436.00000000000000000000000000000000000000000000000000
729;1352636.00000000000000000000000000000000000000000000000000
730;1353512.00000000000000000000000000000000000000000000000000
731;1354512.00000000000000000000000000000000000000000000000000
732;1355836.00000000000000000000000000000000000000000000000000
733;1355768.00000000000000000000000000000000000000000000000000
734;1357080.00000000000000000000000000000000000000000000000000
735;1360080.00000000000000000000000000000000000000000000000000
736;1363012.00000000000000000000000000000000000000000000000000
737;1365800.00000000000000000000000000000000000000000000000000
738;1368052.00000000000000000000000000000000000000000000000000
739;1371588.00000000000000000000000000000000000000000000000000
740;1374800.00000000000000000000000000000000000000000000000000
741;1376424.00000000000000000000000000000000000000000000000000
742;1379244.00000000000000000000000000000000000000000000000000
743;1380320.00000000000000000000000000000000000000000000000000
744;1383848.00000000000000000000000000000000000000000000000000
745;1385700.00000000000000000000000000000000000000000000000000
746;1389428.00000000000000000000000000000000000000000000000000
747;1392388.00000000000000000000000000000000000000000000000000
748;1396112.00000000000000000000000000000000000000000000000000
749;1397980.00000000000000000000000000000000000000000000000000
750;1399548.00000000000000000000000000000000000000000000000000
751;1404400.00000000000000000000000000000000000000000000000000
752;1406948.00000000000000000000000000000000000000000000000000
753;1409148.00000000000000000000000000000000000000000000000000
754;1416176.00000000000000000000000000000000000000000000000000
755;1417744.00000000000000000000000000000000000000000000000000
756;1418844.00000000000000000000000000000000000000000000000000
757;1421416.00000000000000000000000000000000000000000000000000
758;1426816.00000000000000000000000000000000000000000000000000
759;1429780.00000000000000000000000000000000000000000000000000
760;1431304.00000000000000000000000000000000000000000000000000
761;1436456.00000000000000000000000000000000000000000000000000
762;1438196.00000000000000000000000000000000000000000000000000
763;1440132.00000000000000000000000000000000000000000000000000
764;1442840.00000000000000000000000000000000000000000000000000
765;1445308.00000000000000000000000000000000000000000000000000
766;1452244.00000000000000000000000000000000000000000000000000
767;1452388.00000000000000000000000000000000000000000000000000
768;1452368.00000000000000000000000000000000000000000000000000
769;1452856.00000000000000000000000000000000000000000000000000
770;1454156.00000000000000000000000000000000000000000000000000
771;1454472.00000000000000000000000000000000000000000000000000
772;1454484.00000000000000000000000000000000000000000000000000
773;1454488.00000000000000000000000000000000000000000000000000
774;1454124.00000000000000000000000000000000000000000000000000
775;1454304.00000000000000000000000000000000000000000000000000
776;1454488.00000000000000000000000000000000000000000000000000
777;1454292.00000000000000000000000000000000000000000000000000
778;1453892.00000000000000000000000000000000000000000000000000
779;1454176.00000000000000000000000000000000000000000000000000
780;1454332.00000000000000000000000000000000000000000000000000
781;1453480.00000000000000000000000000000000000000000000000000
782;1453480.00000000000000000000000000000000000000000000000000
783;1454816.00000000000000000000000000000000000000000000000000
784;1454816.00000000000000000000000000000000000000000000000000
785;1454684.00000000000000000000000000000000000000000000000000
786;1454816.00000000000000000000000000000000000000000000000000
787;1454776.00000000000000000000000000000000000000000000000000
788;1454220.00000000000000000000000000000000000000000000000000
789;1454504.00000000000000000000000000000000000000000000000000
790;1454816.00000000000000000000000000000000000000000000000000
791;1454220.00000000000000000000000000000000000000000000000000
792;1454504.00000000000000000000000000000000000000000000000000
793;1454816.00000000000000000000000000000000000000000000000000
794;1453480.00000000000000000000000000000000000000000000000000
795;1453480.00000000000000000000000000000000000000000000000000
796;1454504.00000000000000000000000000000000000000000000000000
797;1454816.00000000000000000000000000000000000000000000000000
798;1454844.00000000000000000000000000000000000000000000000000
799;1454352.00000000000000000000000000000000000000000000000000
800;1454712.00000000000000000000000000000000000000000000000000
801;1454844.00000000000000000000000000000000000000000000000000
802;1454636.00000000000000000000000000000000000000000000000000
803;1454532.00000000000000000000000000000000000000000000000000
804;1454844.00000000000000000000000000000000000000000000000000
805;1454248.00000000000000000000000000000000000000000000000000
806;1454532.00000000000000000000000000000000000000000000000000
807;1359872.00000000000000000000000000000000000000000000000000
808;1359652.00000000000000000000000000000000000000000000000000
809;1360392.00000000000000000000000000000000000000000000000000
810;1361148.00000000000000000000000000000000000000000000000000
811;1361244.00000000000000000000000000000000000000000000000000
812;1361896.00000000000000000000000000000000000000000000000000
813;1362320.00000000000000000000000000000000000000000000000000
814;1364160.00000000000000000000000000000000000000000000000000
815;1366852.00000000000000000000000000000000000000000000000000
816;1368968.00000000000000000000000000000000000000000000000000
817;1371088.00000000000000000000000000000000000000000000000000
818;1374416.00000000000000000000000000000000000000000000000000
819;1377320.00000000000000000000000000000000000000000000000000
820;1379084.00000000000000000000000000000000000000000000000000
821;1381456.00000000000000000000000000000000000000000000000000
822;1384488.00000000000000000000000000000000000000000000000000
823;1386996.00000000000000000000000000000000000000000000000000
824;1389548.00000000000000000000000000000000000000000000000000
825;1391600.00000000000000000000000000000000000000000000000000
826;1394584.00000000000000000000000000000000000000000000000000
827;1397816.00000000000000000000000000000000000000000000000000
828;1399612.00000000000000000000000000000000000000000000000000
829;1403816.00000000000000000000000000000000000000000000000000
830;1405272.00000000000000000000000000000000000000000000000000
831;1411376.00000000000000000000000000000000000000000000000000
832;1413688.00000000000000000000000000000000000000000000000000
833;1415996.00000000000000000000000000000000000000000000000000
834;1418692.00000000000000000000000000000000000000000000000000
835;1424780.00000000000000000000000000000000000000000000000000
836;1426156.00000000000000000000000000000000000000000000000000
837;1428316.00000000000000000000000000000000000000000000000000
838;1430616.00000000000000000000000000000000000000000000000000
839;1436476.00000000000000000000000000000000000000000000000000
840;1438312.00000000000000000000000000000000000000000000000000
841;1440460.00000000000000000000000000000000000000000000000000
842;1442232.00000000000000000000000000000000000000000000000000
843;1447696.00000000000000000000000000000000000000000000000000
844;1448180.00000000000000000000000000000000000000000000000000
845;1449556.00000000000000000000000000000000000000000000000000
846;1451668.00000000000000000000000000000000000000000000000000
847;1456468.00000000000000000000000000000000000000000000000000
848;1456480.00000000000000000000000000000000000000000000000000
849;1457852.00000000000000000000000000000000000000000000000000
850;1458168.00000000000000000000000000000000000000000000000000
851;1458168.00000000000000000000000000000000000000000000000000
852;1457572.00000000000000000000000000000000000000000000000000
853;1457856.00000000000000000000000000000000000000000000000000
854;1458168.00000000000000000000000000000000000000000000000000
855;1457572.00000000000000000000000000000000000000000000000000
856;1457856.00000000000000000000000000000000000000000000000000
857;1458168.00000000000000000000000000000000000000000000000000
858;1457804.00000000000000000000000000000000000000000000000000
859;1457856.00000000000000000000000000000000000000000000000000
860;1456852.00000000000000000000000000000000000000000000000000
861;1456852.00000000000000000000000000000000000000000000000000
862;1458188.00000000000000000000000000000000000000000000000000
863;1458188.00000000000000000000000000000000000000000000000000
864;1457824.00000000000000000000000000000000000000000000000000
865;1458056.00000000000000000000000000000000000000000000000000
866;1457876.00000000000000000000000000000000000000000000000000
867;1458188.00000000000000000000000000000000000000000000000000
868;1457824.00000000000000000000000000000000000000000000000000
869;1457876.00000000000000000000000000000000000000000000000000
870;1458188.00000000000000000000000000000000000000000000000000
871;1458188.00000000000000000000000000000000000000000000000000
872;1458084.00000000000000000000000000000000000000000000000000
873;1456852.00000000000000000000000000000000000000000000000000
874;1458056.00000000000000000000000000000000000000000000000000
875;1458188.00000000000000000000000000000000000000000000000000
876;1457876.00000000000000000000000000000000000000000000000000
877;1458188.00000000000000000000000000000000000000000000000000
878;1457824.00000000000000000000000000000000000000000000000000
879;1457592.00000000000000000000000000000000000000000000000000
880;1458056.00000000000000000000000000000000000000000000000000
881;1458004.00000000000000000000000000000000000000000000000000
882;1458188.00000000000000000000000000000000000000000000000000
883;1458032.00000000000000000000000000000000000000000000000000
884;1457592.00000000000000000000000000000000000000000000000000
885;1454248.00000000000000000000000000000000000000000000000000
886;1359964.00000000000000000000000000000000000000000000000000
887;1360784.00000000000000000000000000000000000000000000000000
888;1361696.00000000000000000000000000000000000000000000000000
889;1362224.00000000000000000000000000000000000000000000000000
890;1362844.00000000000000000000000000000000000000000000000000
891;1364260.00000000000000000000000000000000000000000000000000
892;1364684.00000000000000000000000000000000000000000000000000
893;1366616.00000000000000000000000000000000000000000000000000
894;1368820.00000000000000000000000000000000000000000000000000
895;1370972.00000000000000000000000000000000000000000000000000
896;1374336.00000000000000000000000000000000000000000000000000
897;1375752.00000000000000000000000000000000000000000000000000
898;1377836.00000000000000000000000000000000000000000000000000
899;1379056.00000000000000000000000000000000000000000000000000
900;1381844.00000000000000000000000000000000000000000000000000
901;1383800.00000000000000000000000000000000000000000000000000
902;1387288.00000000000000000000000000000000000000000000000000
903;1388712.00000000000000000000000000000000000000000000000000
904;1391828.00000000000000000000000000000000000000000000000000
905;1393760.00000000000000000000000000000000000000000000000000
906;1397672.00000000000000000000000000000000000000000000000000
907;1398800.00000000000000000000000000000000000000000000000000
908;1399972.00000000000000000000000000000000000000000000000000
909;1404920.00000000000000000000000000000000000000000000000000
910;1407548.00000000000000000000000000000000000000000000000000
911;1409968.00000000000000000000000000000000000000000000000000
912;1415232.00000000000000000000000000000000000000000000000000
913;1416904.00000000000000000000000000000000000000000000000000
914;1419200.00000000000000000000000000000000000000000000000000
915;1424308.00000000000000000000000000000000000000000000000000
916;1427308.00000000000000000000000000000000000000000000000000
917;1428340.00000000000000000000000000000000000000000000000000
918;1431016.00000000000000000000000000000000000000000000000000
919;1435816.00000000000000000000000000000000000000000000000000
920;1437616.00000000000000000000000000000000000000000000000000
921;1440320.00000000000000000000000000000000000000000000000000
922;1443168.00000000000000000000000000000000000000000000000000
923;1447924.00000000000000000000000000000000000000000000000000
924;1448956.00000000000000000000000000000000000000000000000000
925;1450652.00000000000000000000000000000000000000000000000000
926;1453372.00000000000000000000000000000000000000000000000000
927;1455176.00000000000000000000000000000000000000000000000000
928;1456268.00000000000000000000000000000000000000000000000000
929;1456396.00000000000000000000000000000000000000000000000000
930;1456396.00000000000000000000000000000000000000000000000000
931;1456396.00000000000000000000000000000000000000000000000000
932;1456708.00000000000000000000000000000000000000000000000000
933;1456268.00000000000000000000000000000000000000000000000000
934;1456396.00000000000000000000000000000000000000000000000000
935;1456708.00000000000000000000000000000000000000000000000000
936;1456512.00000000000000000000000000000000000000000000000000
937;1456268.00000000000000000000000000000000000000000000000000
938;1456396.00000000000000000000000000000000000000000000000000
939;1455372.00000000000000000000000000000000000000000000000000
940;1455372.00000000000000000000000000000000000000000000000000
941;1456708.00000000000000000000000000000000000000000000000000
942;1456512.00000000000000000000000000000000000000000000000000
943;1456268.00000000000000000000000000000000000000000000000000
944;1456524.00000000000000000000000000000000000000000000000000
945;1456396.00000000000000000000000000000000000000000000000000
946;1456708.00000000000000000000000000000000000000000000000000
947;1456268.00000000000000000000000000000000000000000000000000
948;1456396.00000000000000000000000000000000000000000000000000
949;1456408.00000000000000000000000000000000000000000000000000
950;1456396.00000000000000000000000000000000000000000000000000
951;1456708.00000000000000000000000000000000000000000000000000
952;1455372.00000000000000000000000000000000000000000000000000
953;1456512.00000000000000000000000000000000000000000000000000
954;1456268.00000000000000000000000000000000000000000000000000
955;1456396.00000000000000000000000000000000000000000000000000
956;1456512.00000000000000000000000000000000000000000000000000
957;1456524.00000000000000000000000000000000000000000000000000
958;1456708.00000000000000000000000000000000000000000000000000
959;1456512.00000000000000000000000000000000000000000000000000
960;1455664.00000000000000000000000000000000000000000000000000
961;1456396.00000000000000000000000000000000000000000000000000
962;1456708.00000000000000000000000000000000000000000000000000
963;1456408.00000000000000000000000000000000000000000000000000
964;1455372.00000000000000000000000000000000000000000000000000
965;1360636.00000000000000000000000000000000000000000000000000
966;1361572.00000000000000000000000000000000000000000000000000
967;1362484.00000000000000000000000000000000000000000000000000
968;1363380.00000000000000000000000000000000000000000000000000
969;1363688.00000000000000000000000000000000000000000000000000
970;1364244.00000000000000000000000000000000000000000000000000
971;1374556.00000000000000000000000000000000000000000000000000
972;1377072.00000000000000000000000000000000000000000000000000
973;1379240.00000000000000000000000000000000000000000000000000
974;1381940.00000000000000000000000000000000000000000000000000
975;1384232.00000000000000000000000000000000000000000000000000
976;1387552.00000000000000000000000000000000000000000000000000
977;1389556.00000000000000000000000000000000000000000000000000
978;1392772.00000000000000000000000000000000000000000000000000
979;1395024.00000000000000000000000000000000000000000000000000
980;1398060.00000000000000000000000000000000000000000000000000
981;1400492.00000000000000000000000000000000000000000000000000
982;1404044.00000000000000000000000000000000000000000000000000
983;1407028.00000000000000000000000000000000000000000000000000
984;1412024.00000000000000000000000000000000000000000000000000
985;1414016.00000000000000000000000000000000000000000000000000
986;1416760.00000000000000000000000000000000000000000000000000
987;1421324.00000000000000000000000000000000000000000000000000
988;1424116.00000000000000000000000000000000000000000000000000
989;1426144.00000000000000000000000000000000000000000000000000
990;1432032.00000000000000000000000000000000000000000000000000
991;1435152.00000000000000000000000000000000000000000000000000
992;1437708.00000000000000000000000000000000000000000000000000
993;1441440.00000000000000000000000000000000000000000000000000
994;1443796.00000000000000000000000000000000000000000000000000
995;1447060.00000000000000000000000000000000000000000000000000
996;1451080.00000000000000000000000000000000000000000000000000
997;1454376.00000000000000000000000000000000000000000000000000
998;1455908.00000000000000000000000000000000000000000000000000
999;1457988.00000000000000000000000000000000000000000000000000
1000;1462836.00000000000000000000000000000000000000000000000000
1001;1464676.00000000000000000000000000000000000000000000000000
1002;1466892.00000000000000000000000000000000000000000000000000
1003;1469252.00000000000000000000000000000000000000000000000000
1004;1472296.00000000000000000000000000000000000000000000000000
1005;1476204.00000000000000000000000000000000000000000000000000
1006;1476900.00000000000000000000000000000000000000000000000000
1007;1477468.00000000000000000000000000000000000000000000000000
1008;1477932.00000000000000000000000000000000000000000000000000
1009;1477752.00000000000000000000000000000000000000000000000000
1010;1478064.00000000000000000000000000000000000000000000000000
1011;1477908.00000000000000000000000000000000000000000000000000
1012;1477572.00000000000000000000000000000000000000000000000000
1013;1477752.00000000000000000000000000000000000000000000000000
1014;1478064.00000000000000000000000000000000000000000000000000
1015;1478064.00000000000000000000000000000000000000000000000000
1016;1477468.00000000000000000000000000000000000000000000000000
1017;1477752.00000000000000000000000000000000000000000000000000
1018;1476728.00000000000000000000000000000000000000000000000000
1019;1476728.00000000000000000000000000000000000000000000000000
1020;1477868.00000000000000000000000000000000000000000000000000
1021;1477468.00000000000000000000000000000000000000000000000000
1022;1477932.00000000000000000000000000000000000000000000000000
1023;1477752.00000000000000000000000000000000000000000000000000
1024;1478064.00000000000000000000000000000000000000000000000000
1025;1477804.00000000000000000000000000000000000000000000000000
1026;1477468.00000000000000000000000000000000000000000000000000
1027;1477752.00000000000000000000000000000000000000000000000000
1028;1478064.00000000000000000000000000000000000000000000000000
1029;1477636.00000000000000000000000000000000000000000000000000
1030;1477752.00000000000000000000000000000000000000000000000000
1031;1476728.00000000000000000000000000000000000000000000000000
1032;1477752.00000000000000000000000000000000000000000000000000
1033;1478064.00000000000000000000000000000000000000000000000000
1034;1477468.00000000000000000000000000000000000000000000000000
1035;1478064.00000000000000000000000000000000000000000000000000
1036;1477468.00000000000000000000000000000000000000000000000000
1037;1478064.00000000000000000000000000000000000000000000000000
1038;1477764.00000000000000000000000000000000000000000000000000
1039;1477932.00000000000000000000000000000000000000000000000000
1040;1477752.00000000000000000000000000000000000000000000000000
1041;1478064.00000000000000000000000000000000000000000000000000
1042;1477468.00000000000000000000000000000000000000000000000000
1043;1477752.00000000000000000000000000000000000000000000000000
1044;1373104.00000000000000000000000000000000000000000000000000
1045;1373604.00000000000000000000000000000000000000000000000000
1046;1374768.00000000000000000000000000000000000000000000000000
1047;1375696.00000000000000000000000000000000000000000000000000
1048;1376376.00000000000000000000000000000000000000000000000000
1049;1376628.00000000000000000000000000000000000000000000000000
1050;1377540.00000000000000000000000000000000000000000000000000
1051;1379128.00000000000000000000000000000000000000000000000000
1052;1381972.00000000000000000000000000000000000000000000000000
1053;1385264.00000000000000000000000000000000000000000000000000
1054;1387540.00000000000000000000000000000000000000000000000000
1055;1390564.00000000000000000000000000000000000000000000000000
1056;1392984.00000000000000000000000000000000000000000000000000
1057;1394880.00000000000000000000000000000000000000000000000000
1058;1398308.00000000000000000000000000000000000000000000000000
1059;1400104.00000000000000000000000000000000000000000000000000
1060;1403676.00000000000000000000000000000000000000000000000000
1061;1405572.00000000000000000000000000000000000000000000000000
1062;1409840.00000000000000000000000000000000000000000000000000
1063;1411172.00000000000000000000000000000000000000000000000000
1064;1415184.00000000000000000000000000000000000000000000000000
1065;1416464.00000000000000000000000000000000000000000000000000
1066;1418136.00000000000000000000000000000000000000000000000000
1067;1422264.00000000000000000000000000000000000000000000000000
1068;1424404.00000000000000000000000000000000000000000000000000
1069;1425824.00000000000000000000000000000000000000000000000000
1070;1429472.00000000000000000000000000000000000000000000000000
1071;1432116.00000000000000000000000000000000000000000000000000
1072;1434740.00000000000000000000000000000000000000000000000000
1073;1437020.00000000000000000000000000000000000000000000000000
1074;1448192.00000000000000000000000000000000000000000000000000
1075;1450824.00000000000000000000000000000000000000000000000000
1076;1453452.00000000000000000000000000000000000000000000000000
1077;1456608.00000000000000000000000000000000000000000000000000
1078;1462100.00000000000000000000000000000000000000000000000000
1079;1464784.00000000000000000000000000000000000000000000000000
1080;1467908.00000000000000000000000000000000000000000000000000
1081;1470092.00000000000000000000000000000000000000000000000000
1082;1474872.00000000000000000000000000000000000000000000000000
1083;1475864.00000000000000000000000000000000000000000000000000
1084;1478252.00000000000000000000000000000000000000000000000000
1085;1480796.00000000000000000000000000000000000000000000000000
1086;1480796.00000000000000000000000000000000000000000000000000
1087;1481668.00000000000000000000000000000000000000000000000000
1088;1481552.00000000000000000000000000000000000000000000000000
1089;1481864.00000000000000000000000000000000000000000000000000
1090;1481708.00000000000000000000000000000000000000000000000000
1091;1481732.00000000000000000000000000000000000000000000000000
1092;1481864.00000000000000000000000000000000000000000000000000
1093;1481564.00000000000000000000000000000000000000000000000000
1094;1481552.00000000000000000000000000000000000000000000000000
1095;1481864.00000000000000000000000000000000000000000000000000
1096;1481268.00000000000000000000000000000000000000000000000000
1097;1481552.00000000000000000000000000000000000000000000000000
1098;1480544.00000000000000000000000000000000000000000000000000
1099;1481568.00000000000000000000000000000000000000000000000000
1100;1481568.00000000000000000000000000000000000000000000000000
1101;1481568.00000000000000000000000000000000000000000000000000
1102;1481880.00000000000000000000000000000000000000000000000000
1103;1481516.00000000000000000000000000000000000000000000000000
1104;1481748.00000000000000000000000000000000000000000000000000
1105;1481568.00000000000000000000000000000000000000000000000000
1106;1481880.00000000000000000000000000000000000000000000000000
1107;1481284.00000000000000000000000000000000000000000000000000
1108;1481568.00000000000000000000000000000000000000000000000000
1109;1481620.00000000000000000000000000000000000000000000000000
1110;1481696.00000000000000000000000000000000000000000000000000
1111;1480544.00000000000000000000000000000000000000000000000000
1112;1481568.00000000000000000000000000000000000000000000000000
1113;1481388.00000000000000000000000000000000000000000000000000
1114;1481568.00000000000000000000000000000000000000000000000000
1115;1481880.00000000000000000000000000000000000000000000000000
1116;1481284.00000000000000000000000000000000000000000000000000
1117;1481748.00000000000000000000000000000000000000000000000000
1118;1481568.00000000000000000000000000000000000000000000000000
1119;1481880.00000000000000000000000000000000000000000000000000
1120;1481284.00000000000000000000000000000000000000000000000000
1121;1481568.00000000000000000000000000000000000000000000000000
1122;1481880.00000000000000000000000000000000000000000000000000
1123;1373076.00000000000000000000000000000000000000000000000000
1124;1373792.00000000000000000000000000000000000000000000000000
1125;1374596.00000000000000000000000000000000000000000000000000
1126;1375492.00000000000000000000000000000000000000000000000000
1127;1376544.00000000000000000000000000000000000000000000000000
1128;1378132.00000000000000000000000000000000000000000000000000
1129;1378112.00000000000000000000000000000000000000000000000000
1130;1379664.00000000000000000000000000000000000000000000000000
1131;1382056.00000000000000000000000000000000000000000000000000
1132;1384220.00000000000000000000000000000000000000000000000000
1133;1386956.00000000000000000000000000000000000000000000000000
1134;1389432.00000000000000000000000000000000000000000000000000
1135;1393068.00000000000000000000000000000000000000000000000000
1136;1395556.00000000000000000000000000000000000000000000000000
1137;1397620.00000000000000000000000000000000000000000000000000
1138;1399256.00000000000000000000000000000000000000000000000000
1139;1402560.00000000000000000000000000000000000000000000000000
1140;1404152.00000000000000000000000000000000000000000000000000
1141;1407756.00000000000000000000000000000000000000000000000000
1142;1409488.00000000000000000000000000000000000000000000000000
1143;1411604.00000000000000000000000000000000000000000000000000
1144;1414284.00000000000000000000000000000000000000000000000000
1145;1415828.00000000000000000000000000000000000000000000000000
1146;1420148.00000000000000000000000000000000000000000000000000
1147;1422588.00000000000000000000000000000000000000000000000000
1148;1424980.00000000000000000000000000000000000000000000000000
1149;1428232.00000000000000000000000000000000000000000000000000
1150;1430680.00000000000000000000000000000000000000000000000000
1151;1433884.00000000000000000000000000000000000000000000000000
1152;1439848.00000000000000000000000000000000000000000000000000
1153;1443088.00000000000000000000000000000000000000000000000000
1154;1444756.00000000000000000000000000000000000000000000000000
1155;1447556.00000000000000000000000000000000000000000000000000
1156;1459864.00000000000000000000000000000000000000000000000000
1157;1462956.00000000000000000000000000000000000000000000000000
1158;1465704.00000000000000000000000000000000000000000000000000
1159;1468496.00000000000000000000000000000000000000000000000000
1160;1474760.00000000000000000000000000000000000000000000000000
1161;1477080.00000000000000000000000000000000000000000000000000
1162;1479740.00000000000000000000000000000000000000000000000000
1163;1482612.00000000000000000000000000000000000000000000000000
1164;1483516.00000000000000000000000000000000000000000000000000
1165;1484440.00000000000000000000000000000000000000000000000000
1166;1484492.00000000000000000000000000000000000000000000000000
1167;1484804.00000000000000000000000000000000000000000000000000
1168;1484648.00000000000000000000000000000000000000000000000000
1169;1484672.00000000000000000000000000000000000000000000000000
1170;1484804.00000000000000000000000000000000000000000000000000
1171;1484312.00000000000000000000000000000000000000000000000000
1172;1484620.00000000000000000000000000000000000000000000000000
1173;1484804.00000000000000000000000000000000000000000000000000
1174;1484648.00000000000000000000000000000000000000000000000000
1175;1484208.00000000000000000000000000000000000000000000000000
1176;1483476.00000000000000000000000000000000000000000000000000
1177;1483476.00000000000000000000000000000000000000000000000000
1178;1484500.00000000000000000000000000000000000000000000000000
1179;1484552.00000000000000000000000000000000000000000000000000
1180;1484216.00000000000000000000000000000000000000000000000000
1181;1484500.00000000000000000000000000000000000000000000000000
1182;1484812.00000000000000000000000000000000000000000000000000
1183;1484656.00000000000000000000000000000000000000000000000000
1184;1484680.00000000000000000000000000000000000000000000000000
1185;1484500.00000000000000000000000000000000000000000000000000
1186;1484656.00000000000000000000000000000000000000000000000000
1187;1484628.00000000000000000000000000000000000000000000000000
1188;1484812.00000000000000000000000000000000000000000000000000
1189;1483476.00000000000000000000000000000000000000000000000000
1190;1483476.00000000000000000000000000000000000000000000000000
1191;1484060.00000000000000000000000000000000000000000000000000
1192;1484500.00000000000000000000000000000000000000000000000000
1193;1484500.00000000000000000000000000000000000000000000000000
1194;1484812.00000000000000000000000000000000000000000000000000
1195;1484320.00000000000000000000000000000000000000000000000000
1196;1484628.00000000000000000000000000000000000000000000000000
1197;1484500.00000000000000000000000000000000000000000000000000
1198;1484552.00000000000000000000000000000000000000000000000000
1199;1484500.00000000000000000000000000000000000000000000000000
1200;1484812.00000000000000000000000000000000000000000000000000
1201;1484216.00000000000000000000000000000000000000000000000000
1202;1382844.00000000000000000000000000000000000000000000000000
1203;1382980.00000000000000000000000000000000000000000000000000
1204;1383532.00000000000000000000000000000000000000000000000000
1205;1384580.00000000000000000000000000000000000000000000000000
1206;1384280.00000000000000000000000000000000000000000000000000
1207;1384340.00000000000000000000000000000000000000000000000000
1208;1384680.00000000000000000000000000000000000000000000000000
1209;1385400.00000000000000000000000000000000000000000000000000
1210;1388480.00000000000000000000000000000000000000000000000000
1211;1389896.00000000000000000000000000000000000000000000000000
1212;1392252.00000000000000000000000000000000000000000000000000
1213;1395260.00000000000000000000000000000000000000000000000000
1214;1397680.00000000000000000000000000000000000000000000000000
1215;1399364.00000000000000000000000000000000000000000000000000
1216;1401260.00000000000000000000000000000000000000000000000000
1217;1403956.00000000000000000000000000000000000000000000000000
1218;1406172.00000000000000000000000000000000000000000000000000
1219;1407584.00000000000000000000000000000000000000000000000000
1220;1409888.00000000000000000000000000000000000000000000000000
1221;1411564.00000000000000000000000000000000000000000000000000
1222;1414876.00000000000000000000000000000000000000000000000000
1223;1416792.00000000000000000000000000000000000000000000000000
1224;1418680.00000000000000000000000000000000000000000000000000
1225;1423280.00000000000000000000000000000000000000000000000000
1226;1423572.00000000000000000000000000000000000000000000000000
1227;1425664.00000000000000000000000000000000000000000000000000
1228;1429264.00000000000000000000000000000000000000000000000000
1229;1431476.00000000000000000000000000000000000000000000000000
1230;1433532.00000000000000000000000000000000000000000000000000
1231;1439124.00000000000000000000000000000000000000000000000000
1232;1441264.00000000000000000000000000000000000000000000000000
1233;1443980.00000000000000000000000000000000000000000000000000
1234;1446632.00000000000000000000000000000000000000000000000000
1235;1458220.00000000000000000000000000000000000000000000000000
1236;1460408.00000000000000000000000000000000000000000000000000
1237;1463152.00000000000000000000000000000000000000000000000000
1238;1465076.00000000000000000000000000000000000000000000000000
1239;1471300.00000000000000000000000000000000000000000000000000
1240;1473484.00000000000000000000000000000000000000000000000000
1241;1475740.00000000000000000000000000000000000000000000000000
1242;1478456.00000000000000000000000000000000000000000000000000
1243;1481364.00000000000000000000000000000000000000000000000000
1244;1481348.00000000000000000000000000000000000000000000000000
1245;1482652.00000000000000000000000000000000000000000000000000
1246;1482652.00000000000000000000000000000000000000000000000000
1247;1482056.00000000000000000000000000000000000000000000000000
1248;1482520.00000000000000000000000000000000000000000000000000
1249;1482340.00000000000000000000000000000000000000000000000000
1250;1482652.00000000000000000000000000000000000000000000000000
1251;1482520.00000000000000000000000000000000000000000000000000
1252;1482652.00000000000000000000000000000000000000000000000000
1253;1482456.00000000000000000000000000000000000000000000000000
1254;1482520.00000000000000000000000000000000000000000000000000
1255;1482340.00000000000000000000000000000000000000000000000000
1256;1481520.00000000000000000000000000000000000000000000000000
1257;1482856.00000000000000000000000000000000000000000000000000
1258;1482452.00000000000000000000000000000000000000000000000000
1259;1482672.00000000000000000000000000000000000000000000000000
1260;1482856.00000000000000000000000000000000000000000000000000
1261;1482492.00000000000000000000000000000000000000000000000000
1262;1482724.00000000000000000000000000000000000000000000000000
1263;1482544.00000000000000000000000000000000000000000000000000
1264;1482856.00000000000000000000000000000000000000000000000000
1265;1482260.00000000000000000000000000000000000000000000000000
1266;1482544.00000000000000000000000000000000000000000000000000
1267;1482856.00000000000000000000000000000000000000000000000000
1268;1482492.00000000000000000000000000000000000000000000000000
1269;1481520.00000000000000000000000000000000000000000000000000
1270;1482364.00000000000000000000000000000000000000000000000000
1271;1482544.00000000000000000000000000000000000000000000000000
1272;1482856.00000000000000000000000000000000000000000000000000
1273;1482596.00000000000000000000000000000000000000000000000000
1274;1482672.00000000000000000000000000000000000000000000000000
1275;1482856.00000000000000000000000000000000000000000000000000
1276;1482452.00000000000000000000000000000000000000000000000000
1277;1481520.00000000000000000000000000000000000000000000000000
1278;1482544.00000000000000000000000000000000000000000000000000
1279;1482856.00000000000000000000000000000000000000000000000000
1280;1482260.00000000000000000000000000000000000000000000000000
1281;1381780.00000000000000000000000000000000000000000000000000
1282;1382268.00000000000000000000000000000000000000000000000000
1283;1383744.00000000000000000000000000000000000000000000000000
1284;1383752.00000000000000000000000000000000000000000000000000
1285;1384284.00000000000000000000000000000000000000000000000000
1286;1385024.00000000000000000000000000000000000000000000000000
1287;1385364.00000000000000000000000000000000000000000000000000
1288;1385016.00000000000000000000000000000000000000000000000000
1289;1387444.00000000000000000000000000000000000000000000000000
1290;1388536.00000000000000000000000000000000000000000000000000
1291;1392252.00000000000000000000000000000000000000000000000000
1292;1392860.00000000000000000000000000000000000000000000000000
1293;1395472.00000000000000000000000000000000000000000000000000
1294;1398088.00000000000000000000000000000000000000000000000000
1295;1400768.00000000000000000000000000000000000000000000000000
1296;1402896.00000000000000000000000000000000000000000000000000
1297;1404564.00000000000000000000000000000000000000000000000000
1298;1407476.00000000000000000000000000000000000000000000000000
1299;1409544.00000000000000000000000000000000000000000000000000
1300;1412132.00000000000000000000000000000000000000000000000000
1301;1415616.00000000000000000000000000000000000000000000000000
1302;1416516.00000000000000000000000000000000000000000000000000
1303;1418760.00000000000000000000000000000000000000000000000000
1304;1420472.00000000000000000000000000000000000000000000000000
1305;1425184.00000000000000000000000000000000000000000000000000
1306;1427432.00000000000000000000000000000000000000000000000000
1307;1430316.00000000000000000000000000000000000000000000000000
1308;1436172.00000000000000000000000000000000000000000000000000
1309;1438220.00000000000000000000000000000000000000000000000000
1310;1440248.00000000000000000000000000000000000000000000000000
1311;1441560.00000000000000000000000000000000000000000000000000
1312;1453408.00000000000000000000000000000000000000000000000000
1313;1455792.00000000000000000000000000000000000000000000000000
1314;1458196.00000000000000000000000000000000000000000000000000
1315;1460896.00000000000000000000000000000000000000000000000000
1316;1464640.00000000000000000000000000000000000000000000000000
1317;1466844.00000000000000000000000000000000000000000000000000
1318;1468996.00000000000000000000000000000000000000000000000000
1319;1471400.00000000000000000000000000000000000000000000000000
1320;1477804.00000000000000000000000000000000000000000000000000
1321;1478412.00000000000000000000000000000000000000000000000000
1322;1480620.00000000000000000000000000000000000000000000000000
1323;1480624.00000000000000000000000000000000000000000000000000
1324;1482472.00000000000000000000000000000000000000000000000000
1325;1482096.00000000000000000000000000000000000000000000000000
1326;1481136.00000000000000000000000000000000000000000000000000
1327;1482160.00000000000000000000000000000000000000000000000000
1328;1482472.00000000000000000000000000000000000000000000000000
1329;1482472.00000000000000000000000000000000000000000000000000
1330;1482472.00000000000000000000000000000000000000000000000000
1331;1482464.00000000000000000000000000000000000000000000000000
1332;1482316.00000000000000000000000000000000000000000000000000
1333;1482160.00000000000000000000000000000000000000000000000000
1334;1482472.00000000000000000000000000000000000000000000000000
1335;1481580.00000000000000000000000000000000000000000000000000
1336;1482916.00000000000000000000000000000000000000000000000000
1337;1482916.00000000000000000000000000000000000000000000000000
1338;1482604.00000000000000000000000000000000000000000000000000
1339;1482604.00000000000000000000000000000000000000000000000000
1340;1482604.00000000000000000000000000000000000000000000000000
1341;1482604.00000000000000000000000000000000000000000000000000
1342;1482916.00000000000000000000000000000000000000000000000000
1343;1482604.00000000000000000000000000000000000000000000000000
1344;1482476.00000000000000000000000000000000000000000000000000
1345;1482476.00000000000000000000000000000000000000000000000000
1346;1482732.00000000000000000000000000000000000000000000000000
1347;1481580.00000000000000000000000000000000000000000000000000
1348;1481580.00000000000000000000000000000000000000000000000000
1349;1482604.00000000000000000000000000000000000000000000000000
1350;1482604.00000000000000000000000000000000000000000000000000
1351;1482916.00000000000000000000000000000000000000000000000000
1352;1482656.00000000000000000000000000000000000000000000000000
1353;1482604.00000000000000000000000000000000000000000000000000
1354;1482916.00000000000000000000000000000000000000000000000000
1355;1482616.00000000000000000000000000000000000000000000000000
1356;1482732.00000000000000000000000000000000000000000000000000
1357;1482608.00000000000000000000000000000000000000000000000000
1358;1482920.00000000000000000000000000000000000000000000000000
1359;1482764.00000000000000000000000000000000000000000000000000
1360;1468112.00000000000000000000000000000000000000000000000000
1361;1468156.00000000000000000000000000000000000000000000000000
1362;1468284.00000000000000000000000000000000000000000000000000
1363;1468280.00000000000000000000000000000000000000000000000000
1364;1468452.00000000000000000000000000000000000000000000000000
1365;1468444.00000000000000000000000000000000000000000000000000
1366;1468452.00000000000000000000000000000000000000000000000000
1367;1468884.00000000000000000000000000000000000000000000000000
1368;1468520.00000000000000000000000000000000000000000000000000
1369;1468540.00000000000000000000000000000000000000000000000000
1370;1468948.00000000000000000000000000000000000000000000000000
1371;1468996.00000000000000000000000000000000000000000000000000
1372;1468600.00000000000000000000000000000000000000000000000000
1373;1469188.00000000000000000000000000000000000000000000000000
1374;1468916.00000000000000000000000000000000000000000000000000
1375;1469216.00000000000000000000000000000000000000000000000000
1376;1469004.00000000000000000000000000000000000000000000000000
1377;1469144.00000000000000000000000000000000000000000000000000
1378;1469556.00000000000000000000000000000000000000000000000000
1379;1469324.00000000000000000000000000000000000000000000000000
1380;1470512.00000000000000000000000000000000000000000000000000
1381;1469692.00000000000000000000000000000000000000000000000000
1382;1469476.00000000000000000000000000000000000000000000000000
1383;1469812.00000000000000000000000000000000000000000000000000
1384;1469960.00000000000000000000000000000000000000000000000000
1385;1470192.00000000000000000000000000000000000000000000000000
1386;1469816.00000000000000000000000000000000000000000000000000
1387;1470032.00000000000000000000000000000000000000000000000000
1388;1469980.00000000000000000000000000000000000000000000000000
1389;1470280.00000000000000000000000000000000000000000000000000
1390;1470440.00000000000000000000000000000000000000000000000000
1391;1471816.00000000000000000000000000000000000000000000000000
1392;1470868.00000000000000000000000000000000000000000000000000
1393;1471240.00000000000000000000000000000000000000000000000000
1394;1471844.00000000000000000000000000000000000000000000000000
1395;1472172.00000000000000000000000000000000000000000000000000
1396;1471456.00000000000000000000000000000000000000000000000000
1397;1471868.00000000000000000000000000000000000000000000000000
1398;1473996.00000000000000000000000000000000000000000000000000
1399;1478972.00000000000000000000000000000000000000000000000000
1400;1480888.00000000000000000000000000000000000000000000000000
1401;1483560.00000000000000000000000000000000000000000000000000
1402;1487152.00000000000000000000000000000000000000000000000000
1403;1487152.00000000000000000000000000000000000000000000000000
1404;1488224.00000000000000000000000000000000000000000000000000
1405;1487992.00000000000000000000000000000000000000000000000000
1406;1488588.00000000000000000000000000000000000000000000000000
1407;1488328.00000000000000000000000000000000000000000000000000
1408;1487992.00000000000000000000000000000000000000000000000000
1409;1488276.00000000000000000000000000000000000000000000000000
1410;1488588.00000000000000000000000000000000000000000000000000
1411;1488328.00000000000000000000000000000000000000000000000000
1412;1488456.00000000000000000000000000000000000000000000000000
1413;1488276.00000000000000000000000000000000000000000000000000
1414;1488276.00000000000000000000000000000000000000000000000000
1415;1487252.00000000000000000000000000000000000000000000000000
1416;1487252.00000000000000000000000000000000000000000000000000
1417;1488588.00000000000000000000000000000000000000000000000000
1418;1488328.00000000000000000000000000000000000000000000000000
1419;1487888.00000000000000000000000000000000000000000000000000
1420;1488276.00000000000000000000000000000000000000000000000000
1421;1488588.00000000000000000000000000000000000000000000000000
1422;1487888.00000000000000000000000000000000000000000000000000
1423;1488276.00000000000000000000000000000000000000000000000000
1424;1488588.00000000000000000000000000000000000000000000000000
1425;1488588.00000000000000000000000000000000000000000000000000
1426;1488432.00000000000000000000000000000000000000000000000000
1427;1488456.00000000000000000000000000000000000000000000000000
1428;1487252.00000000000000000000000000000000000000000000000000
1429;1488276.00000000000000000000000000000000000000000000000000
1430;1488588.00000000000000000000000000000000000000000000000000
1431;1487992.00000000000000000000000000000000000000000000000000
1432;1488404.00000000000000000000000000000000000000000000000000
1433;1488276.00000000000000000000000000000000000000000000000000
1434;1488276.00000000000000000000000000000000000000000000000000
1435;1488432.00000000000000000000000000000000000000000000000000
1436;1488456.00000000000000000000000000000000000000000000000000
1437;1488588.00000000000000000000000000000000000000000000000000
1438;1488328.00000000000000000000000000000000000000000000000000
1439;1488276.00000000000000000000000000000000000000000000000000
1440;1486276.00000000000000000000000000000000000000000000000000
1441;1382852.00000000000000000000000000000000000000000000000000
1442;1383520.00000000000000000000000000000000000000000000000000
1443;1384616.00000000000000000000000000000000000000000000000000
1444;1384972.00000000000000000000000000000000000000000000000000
1445;1384884.00000000000000000000000000000000000000000000000000
1446;1384956.00000000000000000000000000000000000000000000000000
1447;1385396.00000000000000000000000000000000000000000000000000
1448;1385904.00000000000000000000000000000000000000000000000000
1449;1387532.00000000000000000000000000000000000000000000000000
1450;1391192.00000000000000000000000000000000000000000000000000
1451;1392504.00000000000000000000000000000000000000000000000000
1452;1394404.00000000000000000000000000000000000000000000000000
1453;1397648.00000000000000000000000000000000000000000000000000
1454;1399636.00000000000000000000000000000000000000000000000000
1455;1401824.00000000000000000000000000000000000000000000000000
1456;1404188.00000000000000000000000000000000000000000000000000
1457;1405800.00000000000000000000000000000000000000000000000000
1458;1407532.00000000000000000000000000000000000000000000000000
1459;1411608.00000000000000000000000000000000000000000000000000
1460;1412872.00000000000000000000000000000000000000000000000000
1461;1414884.00000000000000000000000000000000000000000000000000
1462;1417052.00000000000000000000000000000000000000000000000000
1463;1419268.00000000000000000000000000000000000000000000000000
1464;1424316.00000000000000000000000000000000000000000000000000
1465;1425972.00000000000000000000000000000000000000000000000000
1466;1428572.00000000000000000000000000000000000000000000000000
1467;1435256.00000000000000000000000000000000000000000000000000
1468;1436892.00000000000000000000000000000000000000000000000000
1469;1439452.00000000000000000000000000000000000000000000000000
1470;1445560.00000000000000000000000000000000000000000000000000
1471;1447984.00000000000000000000000000000000000000000000000000
1472;1450392.00000000000000000000000000000000000000000000000000
1473;1452560.00000000000000000000000000000000000000000000000000
1474;1455084.00000000000000000000000000000000000000000000000000
1475;1464764.00000000000000000000000000000000000000000000000000
1476;1466688.00000000000000000000000000000000000000000000000000
1477;1469052.00000000000000000000000000000000000000000000000000
1478;1471884.00000000000000000000000000000000000000000000000000
1479;1477180.00000000000000000000000000000000000000000000000000
1480;1479444.00000000000000000000000000000000000000000000000000
1481;1483364.00000000000000000000000000000000000000000000000000
1482;1484004.00000000000000000000000000000000000000000000000000
1483;1485108.00000000000000000000000000000000000000000000000000
1484;1485240.00000000000000000000000000000000000000000000000000
1485;1484980.00000000000000000000000000000000000000000000000000
1486;1485108.00000000000000000000000000000000000000000000000000
1487;1484928.00000000000000000000000000000000000000000000000000
1488;1485240.00000000000000000000000000000000000000000000000000
1489;1485044.00000000000000000000000000000000000000000000000000
1490;1484644.00000000000000000000000000000000000000000000000000
1491;1484928.00000000000000000000000000000000000000000000000000
1492;1485240.00000000000000000000000000000000000000000000000000
1493;1484644.00000000000000000000000000000000000000000000000000
1494;1483916.00000000000000000000000000000000000000000000000000
1495;1483916.00000000000000000000000000000000000000000000000000
1496;1485068.00000000000000000000000000000000000000000000000000
1497;1484940.00000000000000000000000000000000000000000000000000
1498;1485252.00000000000000000000000000000000000000000000000000
1499;1484848.00000000000000000000000000000000000000000000000000
1500;1485068.00000000000000000000000000000000000000000000000000
1501;1485252.00000000000000000000000000000000000000000000000000
1502;1485096.00000000000000000000000000000000000000000000000000
1503;1485120.00000000000000000000000000000000000000000000000000
1504;1484940.00000000000000000000000000000000000000000000000000
1505;1485252.00000000000000000000000000000000000000000000000000
1506;1484656.00000000000000000000000000000000000000000000000000
1507;1483916.00000000000000000000000000000000000000000000000000
1508;1483916.00000000000000000000000000000000000000000000000000
1509;1484940.00000000000000000000000000000000000000000000000000
1510;1485252.00000000000000000000000000000000000000000000000000
1511;1484848.00000000000000000000000000000000000000000000000000
1512;1484940.00000000000000000000000000000000000000000000000000
1513;1485252.00000000000000000000000000000000000000000000000000
1514;1484656.00000000000000000000000000000000000000000000000000
1515;1484940.00000000000000000000000000000000000000000000000000
1516;1485212.00000000000000000000000000000000000000000000000000
1517;1484656.00000000000000000000000000000000000000000000000000
1518;1484308.00000000000000000000000000000000000000000000000000
1519;1484940.00000000000000000000000000000000000000000000000000
1520;1472452.00000000000000000000000000000000000000000000000000
1521;1472896.00000000000000000000000000000000000000000000000000
1522;1472964.00000000000000000000000000000000000000000000000000
1523;1472592.00000000000000000000000000000000000000000000000000
1524;1473128.00000000000000000000000000000000000000000000000000
1525;1473144.00000000000000000000000000000000000000000000000000
1526;1472864.00000000000000000000000000000000000000000000000000
1527;1473192.00000000000000000000000000000000000000000000000000
1528;1473268.00000000000000000000000000000000000000000000000000
1529;1473060.00000000000000000000000000000000000000000000000000
1530;1473056.00000000000000000000000000000000000000000000000000
1531;1473896.00000000000000000000000000000000000000000000000000
1532;1473640.00000000000000000000000000000000000000000000000000
1533;1473688.00000000000000000000000000000000000000000000000000
1534;1473704.00000000000000000000000000000000000000000000000000
1535;1473836.00000000000000000000000000000000000000000000000000
1536;1473924.00000000000000000000000000000000000000000000000000
1537;1473852.00000000000000000000000000000000000000000000000000
1538;1474280.00000000000000000000000000000000000000000000000000
1539;1474328.00000000000000000000000000000000000000000000000000
1540;1474384.00000000000000000000000000000000000000000000000000
1541;1474764.00000000000000000000000000000000000000000000000000
1542;1474124.00000000000000000000000000000000000000000000000000
1543;1475560.00000000000000000000000000000000000000000000000000
1544;1474344.00000000000000000000000000000000000000000000000000
1545;1474984.00000000000000000000000000000000000000000000000000
1546;1474464.00000000000000000000000000000000000000000000000000
1547;1474868.00000000000000000000000000000000000000000000000000
1548;1474824.00000000000000000000000000000000000000000000000000
1549;1474744.00000000000000000000000000000000000000000000000000
1550;1475276.00000000000000000000000000000000000000000000000000
1551;1474908.00000000000000000000000000000000000000000000000000
1552;1475388.00000000000000000000000000000000000000000000000000
1553;1475076.00000000000000000000000000000000000000000000000000
1554;1475692.00000000000000000000000000000000000000000000000000
1555;1475884.00000000000000000000000000000000000000000000000000
1556;1476184.00000000000000000000000000000000000000000000000000
1557;1475852.00000000000000000000000000000000000000000000000000
1558;1480616.00000000000000000000000000000000000000000000000000
1559;1481596.00000000000000000000000000000000000000000000000000
1560;1483212.00000000000000000000000000000000000000000000000000
1561;1487172.00000000000000000000000000000000000000000000000000
1562;1487304.00000000000000000000000000000000000000000000000000
1563;1487708.00000000000000000000000000000000000000000000000000
1564;1488120.00000000000000000000000000000000000000000000000000
1565;1487996.00000000000000000000000000000000000000000000000000
1566;1488308.00000000000000000000000000000000000000000000000000
1567;1488152.00000000000000000000000000000000000000000000000000
1568;1487880.00000000000000000000000000000000000000000000000000
1569;1487712.00000000000000000000000000000000000000000000000000
1570;1488308.00000000000000000000000000000000000000000000000000
1571;1488284.00000000000000000000000000000000000000000000000000
1572;1487904.00000000000000000000000000000000000000000000000000
1573;1488176.00000000000000000000000000000000000000000000000000
1574;1487004.00000000000000000000000000000000000000000000000000
1575;1487004.00000000000000000000000000000000000000000000000000
1576;1487744.00000000000000000000000000000000000000000000000000
1577;1488028.00000000000000000000000000000000000000000000000000
1578;1488340.00000000000000000000000000000000000000000000000000
1579;1488340.00000000000000000000000000000000000000000000000000
1580;1487976.00000000000000000000000000000000000000000000000000
1581;1487484.00000000000000000000000000000000000000000000000000
1582;1488028.00000000000000000000000000000000000000000000000000
1583;1488028.00000000000000000000000000000000000000000000000000
1584;1488340.00000000000000000000000000000000000000000000000000
1585;1488144.00000000000000000000000000000000000000000000000000
1586;1487744.00000000000000000000000000000000000000000000000000
1587;1487004.00000000000000000000000000000000000000000000000000
1588;1488028.00000000000000000000000000000000000000000000000000
1589;1488340.00000000000000000000000000000000000000000000000000
1590;1488040.00000000000000000000000000000000000000000000000000
1591;1488156.00000000000000000000000000000000000000000000000000
1592;1488340.00000000000000000000000000000000000000000000000000
1593;1488340.00000000000000000000000000000000000000000000000000
1594;1487976.00000000000000000000000000000000000000000000000000
1595;1487744.00000000000000000000000000000000000000000000000000
1596;1488156.00000000000000000000000000000000000000000000000000
1597;1488028.00000000000000000000000000000000000000000000000000
1598;1488324.00000000000000000000000000000000000000000000000000
1599;1487004.00000000000000000000000000000000000000000000000000
1600;1480128.00000000000000000000000000000000000000000000000000
1601;1480152.00000000000000000000000000000000000000000000000000
1602;1480584.00000000000000000000000000000000000000000000000000
1603;1481464.00000000000000000000000000000000000000000000000000
1604;1480692.00000000000000000000000000000000000000000000000000
1605;1480352.00000000000000000000000000000000000000000000000000
1606;1480648.00000000000000000000000000000000000000000000000000
1607;1481460.00000000000000000000000000000000000000000000000000
1608;1480512.00000000000000000000000000000000000000000000000000
1609;1480672.00000000000000000000000000000000000000000000000000
1610;1480712.00000000000000000000000000000000000000000000000000
1611;1480796.00000000000000000000000000000000000000000000000000
1612;1480832.00000000000000000000000000000000000000000000000000
1613;1480588.00000000000000000000000000000000000000000000000000
1614;1481212.00000000000000000000000000000000000000000000000000
1615;1480828.00000000000000000000000000000000000000000000000000
1616;1480752.00000000000000000000000000000000000000000000000000
1617;1480424.00000000000000000000000000000000000000000000000000
1618;1480840.00000000000000000000000000000000000000000000000000
1619;1480472.00000000000000000000000000000000000000000000000000
1620;1480756.00000000000000000000000000000000000000000000000000
1621;1480528.00000000000000000000000000000000000000000000000000
1622;1480864.00000000000000000000000000000000000000000000000000
1623;1480876.00000000000000000000000000000000000000000000000000
1624;1481020.00000000000000000000000000000000000000000000000000
1625;1480696.00000000000000000000000000000000000000000000000000
1626;1480720.00000000000000000000000000000000000000000000000000
1627;1481032.00000000000000000000000000000000000000000000000000
1628;1481064.00000000000000000000000000000000000000000000000000
1629;1481908.00000000000000000000000000000000000000000000000000
1630;1481628.00000000000000000000000000000000000000000000000000
1631;1482000.00000000000000000000000000000000000000000000000000
1632;1481156.00000000000000000000000000000000000000000000000000
1633;1481132.00000000000000000000000000000000000000000000000000
1634;1481540.00000000000000000000000000000000000000000000000000
1635;1481248.00000000000000000000000000000000000000000000000000
1636;1481256.00000000000000000000000000000000000000000000000000
1637;1482404.00000000000000000000000000000000000000000000000000
1638;1482076.00000000000000000000000000000000000000000000000000
1639;1485388.00000000000000000000000000000000000000000000000000
1640;1486488.00000000000000000000000000000000000000000000000000
1641;1488984.00000000000000000000000000000000000000000000000000
1642;1490060.00000000000000000000000000000000000000000000000000
1643;1490032.00000000000000000000000000000000000000000000000000
1644;1489904.00000000000000000000000000000000000000000000000000
1645;1490216.00000000000000000000000000000000000000000000000000
1646;1489904.00000000000000000000000000000000000000000000000000
1647;1489904.00000000000000000000000000000000000000000000000000
1648;1490216.00000000000000000000000000000000000000000000000000
1649;1489792.00000000000000000000000000000000000000000000000000
1650;1489904.00000000000000000000000000000000000000000000000000
1651;1490216.00000000000000000000000000000000000000000000000000
1652;1489776.00000000000000000000000000000000000000000000000000
1653;1489904.00000000000000000000000000000000000000000000000000
1654;1488892.00000000000000000000000000000000000000000000000000
1655;1489916.00000000000000000000000000000000000000000000000000
1656;1490228.00000000000000000000000000000000000000000000000000
1657;1490056.00000000000000000000000000000000000000000000000000
1658;1489784.00000000000000000000000000000000000000000000000000
1659;1489912.00000000000000000000000000000000000000000000000000
1660;1490224.00000000000000000000000000000000000000000000000000
1661;1490068.00000000000000000000000000000000000000000000000000
1662;1490040.00000000000000000000000000000000000000000000000000
1663;1489912.00000000000000000000000000000000000000000000000000
1664;1490224.00000000000000000000000000000000000000000000000000
1665;1490224.00000000000000000000000000000000000000000000000000
1666;1488888.00000000000000000000000000000000000000000000000000
1667;1488888.00000000000000000000000000000000000000000000000000
1668;1489784.00000000000000000000000000000000000000000000000000
1669;1489912.00000000000000000000000000000000000000000000000000
1670;1490224.00000000000000000000000000000000000000000000000000
1671;1489912.00000000000000000000000000000000000000000000000000
1672;1490040.00000000000000000000000000000000000000000000000000
1673;1489912.00000000000000000000000000000000000000000000000000
1674;1490224.00000000000000000000000000000000000000000000000000
1675;1489848.00000000000000000000000000000000000000000000000000
1676;1489784.00000000000000000000000000000000000000000000000000
1677;1490224.00000000000000000000000000000000000000000000000000
1678;1490068.00000000000000000000000000000000000000000000000000
1679;1385824.00000000000000000000000000000000000000000000000000
1680;1386204.00000000000000000000000000000000000000000000000000
1681;1387296.00000000000000000000000000000000000000000000000000
1682;1387932.00000000000000000000000000000000000000000000000000
1683;1388904.00000000000000000000000000000000000000000000000000
1684;1389160.00000000000000000000000000000000000000000000000000
1685;1391172.00000000000000000000000000000000000000000000000000
1686;1391188.00000000000000000000000000000000000000000000000000
1687;1392316.00000000000000000000000000000000000000000000000000
1688;1392436.00000000000000000000000000000000000000000000000000
1689;1392700.00000000000000000000000000000000000000000000000000
1690;1394040.00000000000000000000000000000000000000000000000000
1691;1395664.00000000000000000000000000000000000000000000000000
1692;1396964.00000000000000000000000000000000000000000000000000
1693;1399716.00000000000000000000000000000000000000000000000000
1694;1401108.00000000000000000000000000000000000000000000000000
1695;1402872.00000000000000000000000000000000000000000000000000
1696;1405932.00000000000000000000000000000000000000000000000000
1697;1407732.00000000000000000000000000000000000000000000000000
1698;1410432.00000000000000000000000000000000000000000000000000
1699;1413696.00000000000000000000000000000000000000000000000000
1700;1414600.00000000000000000000000000000000000000000000000000
1701;1417964.00000000000000000000000000000000000000000000000000
1702;1419060.00000000000000000000000000000000000000000000000000
1703;1423188.00000000000000000000000000000000000000000000000000
1704;1425224.00000000000000000000000000000000000000000000000000
1705;1427636.00000000000000000000000000000000000000000000000000
1706;1435480.00000000000000000000000000000000000000000000000000
1707;1437884.00000000000000000000000000000000000000000000000000
1708;1438912.00000000000000000000000000000000000000000000000000
1709;1440896.00000000000000000000000000000000000000000000000000
1710;1451344.00000000000000000000000000000000000000000000000000
1711;1454380.00000000000000000000000000000000000000000000000000
1712;1456668.00000000000000000000000000000000000000000000000000
1713;1459256.00000000000000000000000000000000000000000000000000
1714;1466860.00000000000000000000000000000000000000000000000000
1715;1466824.00000000000000000000000000000000000000000000000000
1716;1469828.00000000000000000000000000000000000000000000000000
1717;1472880.00000000000000000000000000000000000000000000000000
1718;1479900.00000000000000000000000000000000000000000000000000
1719;1479988.00000000000000000000000000000000000000000000000000
1720;1481168.00000000000000000000000000000000000000000000000000
1721;1481188.00000000000000000000000000000000000000000000000000
1722;1482280.00000000000000000000000000000000000000000000000000
1723;1482084.00000000000000000000000000000000000000000000000000
1724;1481876.00000000000000000000000000000000000000000000000000
1725;1481968.00000000000000000000000000000000000000000000000000
1726;1482280.00000000000000000000000000000000000000000000000000
1727;1482280.00000000000000000000000000000000000000000000000000
1728;1481916.00000000000000000000000000000000000000000000000000
1729;1481684.00000000000000000000000000000000000000000000000000
1730;1481528.00000000000000000000000000000000000000000000000000
1731;1481968.00000000000000000000000000000000000000000000000000
1732;1481968.00000000000000000000000000000000000000000000000000
1733;1480960.00000000000000000000000000000000000000000000000000
1734;1482036.00000000000000000000000000000000000000000000000000
1735;1481984.00000000000000000000000000000000000000000000000000
1736;1482296.00000000000000000000000000000000000000000000000000
1737;1482100.00000000000000000000000000000000000000000000000000
1738;1481544.00000000000000000000000000000000000000000000000000
1739;1482112.00000000000000000000000000000000000000000000000000
1740;1482296.00000000000000000000000000000000000000000000000000
1741;1482140.00000000000000000000000000000000000000000000000000
1742;1482164.00000000000000000000000000000000000000000000000000
1743;1481984.00000000000000000000000000000000000000000000000000
1744;1482296.00000000000000000000000000000000000000000000000000
1745;1480960.00000000000000000000000000000000000000000000000000
1746;1480968.00000000000000000000000000000000000000000000000000
1747;1482148.00000000000000000000000000000000000000000000000000
1748;1481708.00000000000000000000000000000000000000000000000000
1749;1481992.00000000000000000000000000000000000000000000000000
1750;1481992.00000000000000000000000000000000000000000000000000
1751;1482304.00000000000000000000000000000000000000000000000000
1752;1482160.00000000000000000000000000000000000000000000000000
1753;1481708.00000000000000000000000000000000000000000000000000
1754;1481992.00000000000000000000000000000000000000000000000000
1755;1482304.00000000000000000000000000000000000000000000000000
1756;1481940.00000000000000000000000000000000000000000000000000
1757;1481708.00000000000000000000000000000000000000000000000000
1758;1468720.00000000000000000000000000000000000000000000000000
1759;1469072.00000000000000000000000000000000000000000000000000
1760;1468808.00000000000000000000000000000000000000000000000000
1761;1468844.00000000000000000000000000000000000000000000000000
1762;1469308.00000000000000000000000000000000000000000000000000
1763;1469012.00000000000000000000000000000000000000000000000000
1764;1469480.00000000000000000000000000000000000000000000000000
1765;1469536.00000000000000000000000000000000000000000000000000
1766;1469664.00000000000000000000000000000000000000000000000000
1767;1469620.00000000000000000000000000000000000000000000000000
1768;1469888.00000000000000000000000000000000000000000000000000
1769;1469916.00000000000000000000000000000000000000000000000000
1770;1470148.00000000000000000000000000000000000000000000000000
1771;1469960.00000000000000000000000000000000000000000000000000
1772;1470212.00000000000000000000000000000000000000000000000000
1773;1470160.00000000000000000000000000000000000000000000000000
1774;1470364.00000000000000000000000000000000000000000000000000
1775;1470368.00000000000000000000000000000000000000000000000000
1776;1470484.00000000000000000000000000000000000000000000000000
1777;1470488.00000000000000000000000000000000000000000000000000
1778;1470468.00000000000000000000000000000000000000000000000000
1779;1470092.00000000000000000000000000000000000000000000000000
1780;1470544.00000000000000000000000000000000000000000000000000
1781;1470288.00000000000000000000000000000000000000000000000000
1782;1470900.00000000000000000000000000000000000000000000000000
1783;1471536.00000000000000000000000000000000000000000000000000
1784;1471468.00000000000000000000000000000000000000000000000000
1785;1471600.00000000000000000000000000000000000000000000000000
1786;1471396.00000000000000000000000000000000000000000000000000
1787;1471400.00000000000000000000000000000000000000000000000000
1788;1472164.00000000000000000000000000000000000000000000000000
1789;1473736.00000000000000000000000000000000000000000000000000
1790;1473564.00000000000000000000000000000000000000000000000000
1791;1474324.00000000000000000000000000000000000000000000000000
1792;1474344.00000000000000000000000000000000000000000000000000
1793;1474824.00000000000000000000000000000000000000000000000000
1794;1475328.00000000000000000000000000000000000000000000000000
1795;1475316.00000000000000000000000000000000000000000000000000
1796;1475892.00000000000000000000000000000000000000000000000000
1797;1482772.00000000000000000000000000000000000000000000000000
1798;1483748.00000000000000000000000000000000000000000000000000
1799;1485560.00000000000000000000000000000000000000000000000000
1800;1487864.00000000000000000000000000000000000000000000000000
1801;1490220.00000000000000000000000000000000000000000000000000
1802;1491360.00000000000000000000000000000000000000000000000000
1803;1490080.00000000000000000000000000000000000000000000000000
1804;1491232.00000000000000000000000000000000000000000000000000
1805;1490976.00000000000000000000000000000000000000000000000000
1806;1490976.00000000000000000000000000000000000000000000000000
1807;1490976.00000000000000000000000000000000000000000000000000
1808;1491104.00000000000000000000000000000000000000000000000000
1809;1491104.00000000000000000000000000000000000000000000000000
1810;1491104.00000000000000000000000000000000000000000000000000
1811;1490976.00000000000000000000000000000000000000000000000000
1812;1491232.00000000000000000000000000000000000000000000000000
1813;1490080.00000000000000000000000000000000000000000000000000
1814;1490080.00000000000000000000000000000000000000000000000000
1815;1491104.00000000000000000000000000000000000000000000000000
1816;1491416.00000000000000000000000000000000000000000000000000
1817;1491260.00000000000000000000000000000000000000000000000000
1818;1490976.00000000000000000000000000000000000000000000000000
1819;1491312.00000000000000000000000000000000000000000000000000
1820;1491416.00000000000000000000000000000000000000000000000000
1821;1491416.00000000000000000000000000000000000000000000000000
1822;1491024.00000000000000000000000000000000000000000000000000
1823;1491104.00000000000000000000000000000000000000000000000000
1824;1490976.00000000000000000000000000000000000000000000000000
1825;1490080.00000000000000000000000000000000000000000000000000
1826;1490080.00000000000000000000000000000000000000000000000000
1827;1491104.00000000000000000000000000000000000000000000000000
1828;1491416.00000000000000000000000000000000000000000000000000
1829;1491416.00000000000000000000000000000000000000000000000000
1830;1491416.00000000000000000000000000000000000000000000000000
1831;1491104.00000000000000000000000000000000000000000000000000
1832;1490976.00000000000000000000000000000000000000000000000000
1833;1491104.00000000000000000000000000000000000000000000000000
1834;1491420.00000000000000000000000000000000000000000000000000
1835;1491420.00000000000000000000000000000000000000000000000000
1836;1490996.00000000000000000000000000000000000000000000000000
1837;1491108.00000000000000000000000000000000000000000000000000
1838;1395708.00000000000000000000000000000000000000000000000000
1839;1395764.00000000000000000000000000000000000000000000000000
1840;1397284.00000000000000000000000000000000000000000000000000
1841;1397588.00000000000000000000000000000000000000000000000000
1842;1398744.00000000000000000000000000000000000000000000000000
1843;1398876.00000000000000000000000000000000000000000000000000
1844;1398560.00000000000000000000000000000000000000000000000000
1845;1398656.00000000000000000000000000000000000000000000000000
1846;1399508.00000000000000000000000000000000000000000000000000
1847;1399472.00000000000000000000000000000000000000000000000000
1848;1400100.00000000000000000000000000000000000000000000000000
1849;1401056.00000000000000000000000000000000000000000000000000
1850;1402276.00000000000000000000000000000000000000000000000000
1851;1403492.00000000000000000000000000000000000000000000000000
1852;1405844.00000000000000000000000000000000000000000000000000
1853;1408172.00000000000000000000000000000000000000000000000000
1854;1409676.00000000000000000000000000000000000000000000000000
1855;1412112.00000000000000000000000000000000000000000000000000
1856;1413968.00000000000000000000000000000000000000000000000000
1857;1416476.00000000000000000000000000000000000000000000000000
1858;1417780.00000000000000000000000000000000000000000000000000
1859;1420068.00000000000000000000000000000000000000000000000000
1860;1422576.00000000000000000000000000000000000000000000000000
1861;1425768.00000000000000000000000000000000000000000000000000
1862;1428328.00000000000000000000000000000000000000000000000000
1863;1430032.00000000000000000000000000000000000000000000000000
1864;1431868.00000000000000000000000000000000000000000000000000
1865;1438192.00000000000000000000000000000000000000000000000000
1866;1440564.00000000000000000000000000000000000000000000000000
1867;1442136.00000000000000000000000000000000000000000000000000
1868;1445212.00000000000000000000000000000000000000000000000000
1869;1450880.00000000000000000000000000000000000000000000000000
1870;1453128.00000000000000000000000000000000000000000000000000
1871;1455344.00000000000000000000000000000000000000000000000000
1872;1466092.00000000000000000000000000000000000000000000000000
1873;1468856.00000000000000000000000000000000000000000000000000
1874;1470792.00000000000000000000000000000000000000000000000000
1875;1473052.00000000000000000000000000000000000000000000000000
1876;1474452.00000000000000000000000000000000000000000000000000
1877;1482740.00000000000000000000000000000000000000000000000000
1878;1482140.00000000000000000000000000000000000000000000000000
1879;1485256.00000000000000000000000000000000000000000000000000
1880;1485264.00000000000000000000000000000000000000000000000000
1881;1486316.00000000000000000000000000000000000000000000000000
1882;1486572.00000000000000000000000000000000000000000000000000
1883;1486444.00000000000000000000000000000000000000000000000000
1884;1486756.00000000000000000000000000000000000000000000000000
1885;1486756.00000000000000000000000000000000000000000000000000
1886;1486756.00000000000000000000000000000000000000000000000000
1887;1486756.00000000000000000000000000000000000000000000000000
1888;1486600.00000000000000000000000000000000000000000000000000
1889;1486600.00000000000000000000000000000000000000000000000000
1890;1486572.00000000000000000000000000000000000000000000000000
1891;1486756.00000000000000000000000000000000000000000000000000
1892;1485420.00000000000000000000000000000000000000000000000000
1893;1486428.00000000000000000000000000000000000000000000000000
1894;1486572.00000000000000000000000000000000000000000000000000
1895;1486444.00000000000000000000000000000000000000000000000000
1896;1486756.00000000000000000000000000000000000000000000000000
1897;1486756.00000000000000000000000000000000000000000000000000
1898;1486756.00000000000000000000000000000000000000000000000000
1899;1486560.00000000000000000000000000000000000000000000000000
1900;1486316.00000000000000000000000000000000000000000000000000
1901;1486444.00000000000000000000000000000000000000000000000000
1902;1486756.00000000000000000000000000000000000000000000000000
1903;1486756.00000000000000000000000000000000000000000000000000
1904;1485420.00000000000000000000000000000000000000000000000000
1905;1485420.00000000000000000000000000000000000000000000000000
1906;1486572.00000000000000000000000000000000000000000000000000
1907;1486444.00000000000000000000000000000000000000000000000000
1908;1486756.00000000000000000000000000000000000000000000000000
1909;1486756.00000000000000000000000000000000000000000000000000
1910;1486496.00000000000000000000000000000000000000000000000000
1911;1486444.00000000000000000000000000000000000000000000000000
1912;1486316.00000000000000000000000000000000000000000000000000
1913;1486444.00000000000000000000000000000000000000000000000000
1914;1486756.00000000000000000000000000000000000000000000000000
1915;1486756.00000000000000000000000000000000000000000000000000
1916;1486444.00000000000000000000000000000000000000000000000000
1917;1384728.00000000000000000000000000000000000000000000000000
1918;1384884.00000000000000000000000000000000000000000000000000
1919;1386088.00000000000000000000000000000000000000000000000000
1920;1387124.00000000000000000000000000000000000000000000000000
1921;1387808.00000000000000000000000000000000000000000000000000
1922;1388408.00000000000000000000000000000000000000000000000000
1923;1388948.00000000000000000000000000000000000000000000000000
1924;1389068.00000000000000000000000000000000000000000000000000
1925;1392524.00000000000000000000000000000000000000000000000000
1926;1391656.00000000000000000000000000000000000000000000000000
1927;1392372.00000000000000000000000000000000000000000000000000
1928;1393276.00000000000000000000000000000000000000000000000000
1929;1394252.00000000000000000000000000000000000000000000000000
1930;1396168.00000000000000000000000000000000000000000000000000
1931;1399868.00000000000000000000000000000000000000000000000000
