Second;RAM_KB
0;13052.00000000000000000000000000000000000000000000000000
1;324524.00000000000000000000000000000000000000000000000000
2;376364.00000000000000000000000000000000000000000000000000
3;695880.00000000000000000000000000000000000000000000000000
4;748904.00000000000000000000000000000000000000000000000000
5;804596.00000000000000000000000000000000000000000000000000
6;898072.00000000000000000000000000000000000000000000000000
7;929196.00000000000000000000000000000000000000000000000000
8;959260.00000000000000000000000000000000000000000000000000
9;977444.00000000000000000000000000000000000000000000000000
10;983988.00000000000000000000000000000000000000000000000000
11;988328.00000000000000000000000000000000000000000000000000
12;995036.00000000000000000000000000000000000000000000000000
13;1000556.00000000000000000000000000000000000000000000000000
14;1004840.00000000000000000000000000000000000000000000000000
15;1009668.00000000000000000000000000000000000000000000000000
16;1013352.00000000000000000000000000000000000000000000000000
17;1019312.00000000000000000000000000000000000000000000000000
18;1022864.00000000000000000000000000000000000000000000000000
19;1028152.00000000000000000000000000000000000000000000000000
20;1032040.00000000000000000000000000000000000000000000000000
21;1037984.00000000000000000000000000000000000000000000000000
22;1041272.00000000000000000000000000000000000000000000000000
23;1046576.00000000000000000000000000000000000000000000000000
24;1050644.00000000000000000000000000000000000000000000000000
25;1056972.00000000000000000000000000000000000000000000000000
26;1060340.00000000000000000000000000000000000000000000000000
27;1063608.00000000000000000000000000000000000000000000000000
28;1069388.00000000000000000000000000000000000000000000000000
29;1072512.00000000000000000000000000000000000000000000000000
30;1077932.00000000000000000000000000000000000000000000000000
31;1081320.00000000000000000000000000000000000000000000000000
32;1086116.00000000000000000000000000000000000000000000000000
33;1090652.00000000000000000000000000000000000000000000000000
34;1095232.00000000000000000000000000000000000000000000000000
35;1098768.00000000000000000000000000000000000000000000000000
36;1101992.00000000000000000000000000000000000000000000000000
37;1108144.00000000000000000000000000000000000000000000000000
38;1110776.00000000000000000000000000000000000000000000000000
39;1115792.00000000000000000000000000000000000000000000000000
40;1119372.00000000000000000000000000000000000000000000000000
41;1125548.00000000000000000000000000000000000000000000000000
42;1127716.00000000000000000000000000000000000000000000000000
43;1364144.00000000000000000000000000000000000000000000000000
44;1364180.00000000000000000000000000000000000000000000000000
45;1364176.00000000000000000000000000000000000000000000000000
46;1364108.00000000000000000000000000000000000000000000000000
47;1364144.00000000000000000000000000000000000000000000000000
48;1364112.00000000000000000000000000000000000000000000000000
49;1364108.00000000000000000000000000000000000000000000000000
50;1364148.00000000000000000000000000000000000000000000000000
51;1364448.00000000000000000000000000000000000000000000000000
52;1364448.00000000000000000000000000000000000000000000000000
53;1364240.00000000000000000000000000000000000000000000000000
54;1364276.00000000000000000000000000000000000000000000000000
55;1364236.00000000000000000000000000000000000000000000000000
56;1364280.00000000000000000000000000000000000000000000000000
57;1364500.00000000000000000000000000000000000000000000000000
58;1364252.00000000000000000000000000000000000000000000000000
59;1364184.00000000000000000000000000000000000000000000000000
60;1364160.00000000000000000000000000000000000000000000000000
61;1364472.00000000000000000000000000000000000000000000000000
62;1364228.00000000000000000000000000000000000000000000000000
63;1364324.00000000000000000000000000000000000000000000000000
64;1364388.00000000000000000000000000000000000000000000000000
65;1364228.00000000000000000000000000000000000000000000000000
66;1364196.00000000000000000000000000000000000000000000000000
67;1364260.00000000000000000000000000000000000000000000000000
68;1364420.00000000000000000000000000000000000000000000000000
69;1364196.00000000000000000000000000000000000000000000000000
70;1289328.00000000000000000000000000000000000000000000000000
71;1290784.00000000000000000000000000000000000000000000000000
72;1292384.00000000000000000000000000000000000000000000000000
73;1294052.00000000000000000000000000000000000000000000000000
74;1295896.00000000000000000000000000000000000000000000000000
75;1298192.00000000000000000000000000000000000000000000000000
76;1300372.00000000000000000000000000000000000000000000000000
77;1303100.00000000000000000000000000000000000000000000000000
78;1304304.00000000000000000000000000000000000000000000000000
79;1306548.00000000000000000000000000000000000000000000000000
80;1308660.00000000000000000000000000000000000000000000000000
81;1309548.00000000000000000000000000000000000000000000000000
82;1312044.00000000000000000000000000000000000000000000000000
83;1314176.00000000000000000000000000000000000000000000000000
84;1316516.00000000000000000000000000000000000000000000000000
85;1318716.00000000000000000000000000000000000000000000000000
86;1320720.00000000000000000000000000000000000000000000000000
87;1323496.00000000000000000000000000000000000000000000000000
88;1325088.00000000000000000000000000000000000000000000000000
89;1328672.00000000000000000000000000000000000000000000000000
90;1329852.00000000000000000000000000000000000000000000000000
91;1333872.00000000000000000000000000000000000000000000000000
92;1335312.00000000000000000000000000000000000000000000000000
93;1337408.00000000000000000000000000000000000000000000000000
94;1339168.00000000000000000000000000000000000000000000000000
95;1342792.00000000000000000000000000000000000000000000000000
96;1344708.00000000000000000000000000000000000000000000000000
97;1346584.00000000000000000000000000000000000000000000000000
98;1351028.00000000000000000000000000000000000000000000000000
99;1352348.00000000000000000000000000000000000000000000000000
100;1354540.00000000000000000000000000000000000000000000000000
101;1356504.00000000000000000000000000000000000000000000000000
102;1360692.00000000000000000000000000000000000000000000000000
103;1362076.00000000000000000000000000000000000000000000000000
104;1365664.00000000000000000000000000000000000000000000000000
105;1369684.00000000000000000000000000000000000000000000000000
106;1369848.00000000000000000000000000000000000000000000000000
107;1369784.00000000000000000000000000000000000000000000000000
108;1369852.00000000000000000000000000000000000000000000000000
109;1369968.00000000000000000000000000000000000000000000000000
110;1369784.00000000000000000000000000000000000000000000000000
111;1369852.00000000000000000000000000000000000000000000000000
112;1369852.00000000000000000000000000000000000000000000000000
113;1369780.00000000000000000000000000000000000000000000000000
114;1370040.00000000000000000000000000000000000000000000000000
115;1370528.00000000000000000000000000000000000000000000000000
116;1370272.00000000000000000000000000000000000000000000000000
117;1370396.00000000000000000000000000000000000000000000000000
118;1370336.00000000000000000000000000000000000000000000000000
119;1370272.00000000000000000000000000000000000000000000000000
120;1370396.00000000000000000000000000000000000000000000000000
121;1370268.00000000000000000000000000000000000000000000000000
122;1370336.00000000000000000000000000000000000000000000000000
123;1370272.00000000000000000000000000000000000000000000000000
124;1370572.00000000000000000000000000000000000000000000000000
125;1370572.00000000000000000000000000000000000000000000000000
126;1370316.00000000000000000000000000000000000000000000000000
127;1370440.00000000000000000000000000000000000000000000000000
128;1370380.00000000000000000000000000000000000000000000000000
129;1370316.00000000000000000000000000000000000000000000000000
130;1370384.00000000000000000000000000000000000000000000000000
131;1370544.00000000000000000000000000000000000000000000000000
132;1370352.00000000000000000000000000000000000000000000000000
133;1285788.00000000000000000000000000000000000000000000000000
134;1287436.00000000000000000000000000000000000000000000000000
135;1289068.00000000000000000000000000000000000000000000000000
136;1291452.00000000000000000000000000000000000000000000000000
137;1293656.00000000000000000000000000000000000000000000000000
138;1296128.00000000000000000000000000000000000000000000000000
139;1298364.00000000000000000000000000000000000000000000000000
140;1300372.00000000000000000000000000000000000000000000000000
141;1302576.00000000000000000000000000000000000000000000000000
142;1304168.00000000000000000000000000000000000000000000000000
143;1305908.00000000000000000000000000000000000000000000000000
144;1308760.00000000000000000000000000000000000000000000000000
145;1311296.00000000000000000000000000000000000000000000000000
146;1313584.00000000000000000000000000000000000000000000000000
147;1315220.00000000000000000000000000000000000000000000000000
148;1317200.00000000000000000000000000000000000000000000000000
149;1319148.00000000000000000000000000000000000000000000000000
150;1322548.00000000000000000000000000000000000000000000000000
151;1325324.00000000000000000000000000000000000000000000000000
152;1329400.00000000000000000000000000000000000000000000000000
153;1329992.00000000000000000000000000000000000000000000000000
154;1331412.00000000000000000000000000000000000000000000000000
155;1334068.00000000000000000000000000000000000000000000000000
156;1335556.00000000000000000000000000000000000000000000000000
157;1338520.00000000000000000000000000000000000000000000000000
158;1341628.00000000000000000000000000000000000000000000000000
159;1343972.00000000000000000000000000000000000000000000000000
160;1345692.00000000000000000000000000000000000000000000000000
161;1349660.00000000000000000000000000000000000000000000000000
162;1350376.00000000000000000000000000000000000000000000000000
163;1352380.00000000000000000000000000000000000000000000000000
164;1354592.00000000000000000000000000000000000000000000000000
165;1358092.00000000000000000000000000000000000000000000000000
166;1359904.00000000000000000000000000000000000000000000000000
167;1361680.00000000000000000000000000000000000000000000000000
168;1363460.00000000000000000000000000000000000000000000000000
169;1368232.00000000000000000000000000000000000000000000000000
170;1369136.00000000000000000000000000000000000000000000000000
171;1371524.00000000000000000000000000000000000000000000000000
172;1371868.00000000000000000000000000000000000000000000000000
173;1371752.00000000000000000000000000000000000000000000000000
174;1371748.00000000000000000000000000000000000000000000000000
175;1371752.00000000000000000000000000000000000000000000000000
176;1371868.00000000000000000000000000000000000000000000000000
177;1371768.00000000000000000000000000000000000000000000000000
178;1371972.00000000000000000000000000000000000000000000000000
179;1371716.00000000000000000000000000000000000000000000000000
180;1371716.00000000000000000000000000000000000000000000000000
181;1372212.00000000000000000000000000000000000000000000000000
182;1372180.00000000000000000000000000000000000000000000000000
183;1372168.00000000000000000000000000000000000000000000000000
184;1371996.00000000000000000000000000000000000000000000000000
185;1371960.00000000000000000000000000000000000000000000000000
186;1372216.00000000000000000000000000000000000000000000000000
187;1372232.00000000000000000000000000000000000000000000000000
188;1372232.00000000000000000000000000000000000000000000000000
189;1372232.00000000000000000000000000000000000000000000000000
190;1372232.00000000000000000000000000000000000000000000000000
191;1372232.00000000000000000000000000000000000000000000000000
192;1371976.00000000000000000000000000000000000000000000000000
193;1372008.00000000000000000000000000000000000000000000000000
194;1372008.00000000000000000000000000000000000000000000000000
195;1371976.00000000000000000000000000000000000000000000000000
196;1371976.00000000000000000000000000000000000000000000000000
197;1372232.00000000000000000000000000000000000000000000000000
198;1372012.00000000000000000000000000000000000000000000000000
199;1371976.00000000000000000000000000000000000000000000000000
200;1297624.00000000000000000000000000000000000000000000000000
201;1299092.00000000000000000000000000000000000000000000000000
202;1300608.00000000000000000000000000000000000000000000000000
203;1302640.00000000000000000000000000000000000000000000000000
204;1304696.00000000000000000000000000000000000000000000000000
205;1306708.00000000000000000000000000000000000000000000000000
206;1308776.00000000000000000000000000000000000000000000000000
207;1311060.00000000000000000000000000000000000000000000000000
208;1312960.00000000000000000000000000000000000000000000000000
209;1315184.00000000000000000000000000000000000000000000000000
210;1317496.00000000000000000000000000000000000000000000000000
211;1319108.00000000000000000000000000000000000000000000000000
212;1320916.00000000000000000000000000000000000000000000000000
213;1322404.00000000000000000000000000000000000000000000000000
214;1323724.00000000000000000000000000000000000000000000000000
215;1326108.00000000000000000000000000000000000000000000000000
216;1328624.00000000000000000000000000000000000000000000000000
217;1330552.00000000000000000000000000000000000000000000000000
218;1332280.00000000000000000000000000000000000000000000000000
219;1337560.00000000000000000000000000000000000000000000000000
220;1339856.00000000000000000000000000000000000000000000000000
221;1343296.00000000000000000000000000000000000000000000000000
222;1345284.00000000000000000000000000000000000000000000000000
223;1346872.00000000000000000000000000000000000000000000000000
224;1349624.00000000000000000000000000000000000000000000000000
225;1351832.00000000000000000000000000000000000000000000000000
226;1352876.00000000000000000000000000000000000000000000000000
227;1356096.00000000000000000000000000000000000000000000000000
228;1356456.00000000000000000000000000000000000000000000000000
229;1358040.00000000000000000000000000000000000000000000000000
230;1359576.00000000000000000000000000000000000000000000000000
231;1360904.00000000000000000000000000000000000000000000000000
232;1361504.00000000000000000000000000000000000000000000000000
233;1362748.00000000000000000000000000000000000000000000000000
234;1365832.00000000000000000000000000000000000000000000000000
235;1367100.00000000000000000000000000000000000000000000000000
236;1368932.00000000000000000000000000000000000000000000000000
237;1370480.00000000000000000000000000000000000000000000000000
238;1370756.00000000000000000000000000000000000000000000000000
239;1370756.00000000000000000000000000000000000000000000000000
240;1371012.00000000000000000000000000000000000000000000000000
241;1371012.00000000000000000000000000000000000000000000000000
242;1371012.00000000000000000000000000000000000000000000000000
243;1371012.00000000000000000000000000000000000000000000000000
244;1370940.00000000000000000000000000000000000000000000000000
245;1370756.00000000000000000000000000000000000000000000000000
246;1371252.00000000000000000000000000000000000000000000000000
247;1371116.00000000000000000000000000000000000000000000000000
248;1371120.00000000000000000000000000000000000000000000000000
249;1371176.00000000000000000000000000000000000000000000000000
250;1370992.00000000000000000000000000000000000000000000000000
251;1370992.00000000000000000000000000000000000000000000000000
252;1370992.00000000000000000000000000000000000000000000000000
253;1370992.00000000000000000000000000000000000000000000000000
254;1371056.00000000000000000000000000000000000000000000000000
255;1371272.00000000000000000000000000000000000000000000000000
256;1371080.00000000000000000000000000000000000000000000000000
257;1371080.00000000000000000000000000000000000000000000000000
258;1371016.00000000000000000000000000000000000000000000000000
259;1371080.00000000000000000000000000000000000000000000000000
260;1371272.00000000000000000000000000000000000000000000000000
261;1371016.00000000000000000000000000000000000000000000000000
262;1371144.00000000000000000000000000000000000000000000000000
263;1371080.00000000000000000000000000000000000000000000000000
264;1371272.00000000000000000000000000000000000000000000000000
265;1304728.00000000000000000000000000000000000000000000000000
266;1306928.00000000000000000000000000000000000000000000000000
267;1308408.00000000000000000000000000000000000000000000000000
268;1310476.00000000000000000000000000000000000000000000000000
269;1311572.00000000000000000000000000000000000000000000000000
270;1313360.00000000000000000000000000000000000000000000000000
271;1314852.00000000000000000000000000000000000000000000000000
272;1316804.00000000000000000000000000000000000000000000000000
273;1318992.00000000000000000000000000000000000000000000000000
274;1320464.00000000000000000000000000000000000000000000000000
275;1321600.00000000000000000000000000000000000000000000000000
276;1324056.00000000000000000000000000000000000000000000000000
277;1326224.00000000000000000000000000000000000000000000000000
278;1327744.00000000000000000000000000000000000000000000000000
279;1329160.00000000000000000000000000000000000000000000000000
280;1331488.00000000000000000000000000000000000000000000000000
281;1333976.00000000000000000000000000000000000000000000000000
282;1335096.00000000000000000000000000000000000000000000000000
283;1339904.00000000000000000000000000000000000000000000000000
284;1341532.00000000000000000000000000000000000000000000000000
285;1343264.00000000000000000000000000000000000000000000000000
286;1345532.00000000000000000000000000000000000000000000000000
287;1347748.00000000000000000000000000000000000000000000000000
288;1350796.00000000000000000000000000000000000000000000000000
289;1352392.00000000000000000000000000000000000000000000000000
290;1354468.00000000000000000000000000000000000000000000000000
291;1357232.00000000000000000000000000000000000000000000000000
292;1358416.00000000000000000000000000000000000000000000000000
293;1359492.00000000000000000000000000000000000000000000000000
294;1361784.00000000000000000000000000000000000000000000000000
295;1362544.00000000000000000000000000000000000000000000000000
296;1363552.00000000000000000000000000000000000000000000000000
297;1364668.00000000000000000000000000000000000000000000000000
298;1366824.00000000000000000000000000000000000000000000000000
299;1368500.00000000000000000000000000000000000000000000000000
300;1370104.00000000000000000000000000000000000000000000000000
301;1371124.00000000000000000000000000000000000000000000000000
302;1372052.00000000000000000000000000000000000000000000000000
303;1372364.00000000000000000000000000000000000000000000000000
304;1372104.00000000000000000000000000000000000000000000000000
305;1372140.00000000000000000000000000000000000000000000000000
306;1372108.00000000000000000000000000000000000000000000000000
307;1372176.00000000000000000000000000000000000000000000000000
308;1372332.00000000000000000000000000000000000000000000000000
309;1372364.00000000000000000000000000000000000000000000000000
310;1372332.00000000000000000000000000000000000000000000000000
311;1372616.00000000000000000000000000000000000000000000000000
312;1372356.00000000000000000000000000000000000000000000000000
313;1372360.00000000000000000000000000000000000000000000000000
314;1372584.00000000000000000000000000000000000000000000000000
315;1372396.00000000000000000000000000000000000000000000000000
316;1372616.00000000000000000000000000000000000000000000000000
317;1372504.00000000000000000000000000000000000000000000000000
318;1372360.00000000000000000000000000000000000000000000000000
319;1372616.00000000000000000000000000000000000000000000000000
320;1372360.00000000000000000000000000000000000000000000000000
321;1372616.00000000000000000000000000000000000000000000000000
322;1372488.00000000000000000000000000000000000000000000000000
323;1372360.00000000000000000000000000000000000000000000000000
324;1372396.00000000000000000000000000000000000000000000000000
325;1372428.00000000000000000000000000000000000000000000000000
326;1372392.00000000000000000000000000000000000000000000000000
327;1372616.00000000000000000000000000000000000000000000000000
328;1372356.00000000000000000000000000000000000000000000000000
329;1372396.00000000000000000000000000000000000000000000000000
330;1297432.00000000000000000000000000000000000000000000000000
331;1298740.00000000000000000000000000000000000000000000000000
332;1300656.00000000000000000000000000000000000000000000000000
333;1303536.00000000000000000000000000000000000000000000000000
334;1305532.00000000000000000000000000000000000000000000000000
335;1307668.00000000000000000000000000000000000000000000000000
336;1309232.00000000000000000000000000000000000000000000000000
337;1311264.00000000000000000000000000000000000000000000000000
338;1313572.00000000000000000000000000000000000000000000000000
339;1315280.00000000000000000000000000000000000000000000000000
340;1317828.00000000000000000000000000000000000000000000000000
341;1319912.00000000000000000000000000000000000000000000000000
342;1321856.00000000000000000000000000000000000000000000000000
343;1324556.00000000000000000000000000000000000000000000000000
344;1326464.00000000000000000000000000000000000000000000000000
345;1329296.00000000000000000000000000000000000000000000000000
346;1330384.00000000000000000000000000000000000000000000000000
347;1332572.00000000000000000000000000000000000000000000000000
348;1334680.00000000000000000000000000000000000000000000000000
349;1340256.00000000000000000000000000000000000000000000000000
350;1342612.00000000000000000000000000000000000000000000000000
351;1346172.00000000000000000000000000000000000000000000000000
352;1348452.00000000000000000000000000000000000000000000000000
353;1350684.00000000000000000000000000000000000000000000000000
354;1353524.00000000000000000000000000000000000000000000000000
355;1355352.00000000000000000000000000000000000000000000000000
356;1355740.00000000000000000000000000000000000000000000000000
357;1356232.00000000000000000000000000000000000000000000000000
358;1360060.00000000000000000000000000000000000000000000000000
359;1360900.00000000000000000000000000000000000000000000000000
360;1361360.00000000000000000000000000000000000000000000000000
361;1362524.00000000000000000000000000000000000000000000000000
362;1363952.00000000000000000000000000000000000000000000000000
363;1365808.00000000000000000000000000000000000000000000000000
364;1367816.00000000000000000000000000000000000000000000000000
365;1378644.00000000000000000000000000000000000000000000000000
366;1379300.00000000000000000000000000000000000000000000000000
367;1379244.00000000000000000000000000000000000000000000000000
368;1379212.00000000000000000000000000000000000000000000000000
369;1379304.00000000000000000000000000000000000000000000000000
370;1379328.00000000000000000000000000000000000000000000000000
371;1379176.00000000000000000000000000000000000000000000000000
372;1379240.00000000000000000000000000000000000000000000000000
373;1379172.00000000000000000000000000000000000000000000000000
374;1379212.00000000000000000000000000000000000000000000000000
375;1379484.00000000000000000000000000000000000000000000000000
376;1379296.00000000000000000000000000000000000000000000000000
377;1379228.00000000000000000000000000000000000000000000000000
378;1379484.00000000000000000000000000000000000000000000000000
379;1379452.00000000000000000000000000000000000000000000000000
380;1379296.00000000000000000000000000000000000000000000000000
381;1379380.00000000000000000000000000000000000000000000000000
382;1379228.00000000000000000000000000000000000000000000000000
383;1379224.00000000000000000000000000000000000000000000000000
384;1379484.00000000000000000000000000000000000000000000000000
385;1379208.00000000000000000000000000000000000000000000000000
386;1379300.00000000000000000000000000000000000000000000000000
387;1379140.00000000000000000000000000000000000000000000000000
388;1379268.00000000000000000000000000000000000000000000000000
389;1379112.00000000000000000000000000000000000000000000000000
390;1379336.00000000000000000000000000000000000000000000000000
391;1379304.00000000000000000000000000000000000000000000000000
392;1379080.00000000000000000000000000000000000000000000000000
393;1305244.00000000000000000000000000000000000000000000000000
394;1307076.00000000000000000000000000000000000000000000000000
395;1309388.00000000000000000000000000000000000000000000000000
396;1311012.00000000000000000000000000000000000000000000000000
397;1312244.00000000000000000000000000000000000000000000000000
398;1314040.00000000000000000000000000000000000000000000000000
399;1315564.00000000000000000000000000000000000000000000000000
400;1317288.00000000000000000000000000000000000000000000000000
401;1318696.00000000000000000000000000000000000000000000000000
402;1320460.00000000000000000000000000000000000000000000000000
403;1322352.00000000000000000000000000000000000000000000000000
404;1324064.00000000000000000000000000000000000000000000000000
405;1326332.00000000000000000000000000000000000000000000000000
406;1329080.00000000000000000000000000000000000000000000000000
407;1330180.00000000000000000000000000000000000000000000000000
408;1332376.00000000000000000000000000000000000000000000000000
409;1334136.00000000000000000000000000000000000000000000000000
410;1336092.00000000000000000000000000000000000000000000000000
411;1337528.00000000000000000000000000000000000000000000000000
412;1342336.00000000000000000000000000000000000000000000000000
413;1344140.00000000000000000000000000000000000000000000000000
414;1345740.00000000000000000000000000000000000000000000000000
415;1348044.00000000000000000000000000000000000000000000000000
416;1350084.00000000000000000000000000000000000000000000000000
417;1351132.00000000000000000000000000000000000000000000000000
418;1352824.00000000000000000000000000000000000000000000000000
419;1354584.00000000000000000000000000000000000000000000000000
420;1356500.00000000000000000000000000000000000000000000000000
421;1357552.00000000000000000000000000000000000000000000000000
422;1361148.00000000000000000000000000000000000000000000000000
423;1363588.00000000000000000000000000000000000000000000000000
424;1365332.00000000000000000000000000000000000000000000000000
425;1370408.00000000000000000000000000000000000000000000000000
426;1371308.00000000000000000000000000000000000000000000000000
427;1372832.00000000000000000000000000000000000000000000000000
428;1374828.00000000000000000000000000000000000000000000000000
429;1383056.00000000000000000000000000000000000000000000000000
430;1386036.00000000000000000000000000000000000000000000000000
431;1386012.00000000000000000000000000000000000000000000000000
432;1385920.00000000000000000000000000000000000000000000000000
433;1385960.00000000000000000000000000000000000000000000000000
434;1385992.00000000000000000000000000000000000000000000000000
435;1385956.00000000000000000000000000000000000000000000000000
436;1386052.00000000000000000000000000000000000000000000000000
437;1385992.00000000000000000000000000000000000000000000000000
438;1386148.00000000000000000000000000000000000000000000000000
439;1385924.00000000000000000000000000000000000000000000000000
440;1386180.00000000000000000000000000000000000000000000000000
441;1385960.00000000000000000000000000000000000000000000000000
442;1385992.00000000000000000000000000000000000000000000000000
443;1385956.00000000000000000000000000000000000000000000000000
444;1386180.00000000000000000000000000000000000000000000000000
445;1385920.00000000000000000000000000000000000000000000000000
446;1386148.00000000000000000000000000000000000000000000000000
447;1385924.00000000000000000000000000000000000000000000000000
448;1386048.00000000000000000000000000000000000000000000000000
449;1386180.00000000000000000000000000000000000000000000000000
450;1386180.00000000000000000000000000000000000000000000000000
451;1386148.00000000000000000000000000000000000000000000000000
452;1385920.00000000000000000000000000000000000000000000000000
453;1385920.00000000000000000000000000000000000000000000000000
454;1385956.00000000000000000000000000000000000000000000000000
455;1385992.00000000000000000000000000000000000000000000000000
456;1385920.00000000000000000000000000000000000000000000000000
457;1385924.00000000000000000000000000000000000000000000000000
458;1385180.00000000000000000000000000000000000000000000000000
459;1298880.00000000000000000000000000000000000000000000000000
460;1301100.00000000000000000000000000000000000000000000000000
461;1302784.00000000000000000000000000000000000000000000000000
462;1305084.00000000000000000000000000000000000000000000000000
463;1306660.00000000000000000000000000000000000000000000000000
464;1308756.00000000000000000000000000000000000000000000000000
465;1310400.00000000000000000000000000000000000000000000000000
466;1312336.00000000000000000000000000000000000000000000000000
467;1314788.00000000000000000000000000000000000000000000000000
468;1316092.00000000000000000000000000000000000000000000000000
469;1319468.00000000000000000000000000000000000000000000000000
470;1320968.00000000000000000000000000000000000000000000000000
471;1322780.00000000000000000000000000000000000000000000000000
472;1324796.00000000000000000000000000000000000000000000000000
473;1326332.00000000000000000000000000000000000000000000000000
474;1328240.00000000000000000000000000000000000000000000000000
475;1329372.00000000000000000000000000000000000000000000000000
476;1332072.00000000000000000000000000000000000000000000000000
477;1334212.00000000000000000000000000000000000000000000000000
478;1339120.00000000000000000000000000000000000000000000000000
479;1340228.00000000000000000000000000000000000000000000000000
480;1342320.00000000000000000000000000000000000000000000000000
481;1345636.00000000000000000000000000000000000000000000000000
482;1346788.00000000000000000000000000000000000000000000000000
483;1349072.00000000000000000000000000000000000000000000000000
484;1350584.00000000000000000000000000000000000000000000000000
485;1352248.00000000000000000000000000000000000000000000000000
486;1357244.00000000000000000000000000000000000000000000000000
487;1358672.00000000000000000000000000000000000000000000000000
488;1361100.00000000000000000000000000000000000000000000000000
489;1362360.00000000000000000000000000000000000000000000000000
490;1367004.00000000000000000000000000000000000000000000000000
491;1368700.00000000000000000000000000000000000000000000000000
492;1370312.00000000000000000000000000000000000000000000000000
493;1371844.00000000000000000000000000000000000000000000000000
494;1375484.00000000000000000000000000000000000000000000000000
495;1378280.00000000000000000000000000000000000000000000000000
496;1378628.00000000000000000000000000000000000000000000000000
497;1378532.00000000000000000000000000000000000000000000000000
498;1378560.00000000000000000000000000000000000000000000000000
499;1378648.00000000000000000000000000000000000000000000000000
500;1378528.00000000000000000000000000000000000000000000000000
501;1378532.00000000000000000000000000000000000000000000000000
502;1378752.00000000000000000000000000000000000000000000000000
503;1378624.00000000000000000000000000000000000000000000000000
504;1378720.00000000000000000000000000000000000000000000000000
505;1378764.00000000000000000000000000000000000000000000000000
506;1378732.00000000000000000000000000000000000000000000000000
507;1378540.00000000000000000000000000000000000000000000000000
508;1378544.00000000000000000000000000000000000000000000000000
509;1378544.00000000000000000000000000000000000000000000000000
510;1378508.00000000000000000000000000000000000000000000000000
511;1378508.00000000000000000000000000000000000000000000000000
512;1378764.00000000000000000000000000000000000000000000000000
513;1378764.00000000000000000000000000000000000000000000000000
514;1378764.00000000000000000000000000000000000000000000000000
515;1378764.00000000000000000000000000000000000000000000000000
516;1378572.00000000000000000000000000000000000000000000000000
517;1378504.00000000000000000000000000000000000000000000000000
518;1378508.00000000000000000000000000000000000000000000000000
519;1378632.00000000000000000000000000000000000000000000000000
520;1378508.00000000000000000000000000000000000000000000000000
521;1378540.00000000000000000000000000000000000000000000000000
522;1378540.00000000000000000000000000000000000000000000000000
523;1378544.00000000000000000000000000000000000000000000000000
524;1305752.00000000000000000000000000000000000000000000000000
525;1307748.00000000000000000000000000000000000000000000000000
526;1309332.00000000000000000000000000000000000000000000000000
527;1311900.00000000000000000000000000000000000000000000000000
528;1313428.00000000000000000000000000000000000000000000000000
529;1315364.00000000000000000000000000000000000000000000000000
530;1317400.00000000000000000000000000000000000000000000000000
531;1318752.00000000000000000000000000000000000000000000000000
532;1320968.00000000000000000000000000000000000000000000000000
533;1322884.00000000000000000000000000000000000000000000000000
534;1325600.00000000000000000000000000000000000000000000000000
535;1327900.00000000000000000000000000000000000000000000000000
536;1329432.00000000000000000000000000000000000000000000000000
537;1331724.00000000000000000000000000000000000000000000000000
538;1333936.00000000000000000000000000000000000000000000000000
539;1335688.00000000000000000000000000000000000000000000000000
540;1337864.00000000000000000000000000000000000000000000000000
541;1339396.00000000000000000000000000000000000000000000000000
542;1343276.00000000000000000000000000000000000000000000000000
543;1345524.00000000000000000000000000000000000000000000000000
544;1346696.00000000000000000000000000000000000000000000000000
545;1348124.00000000000000000000000000000000000000000000000000
546;1349956.00000000000000000000000000000000000000000000000000
547;1351276.00000000000000000000000000000000000000000000000000
548;1353304.00000000000000000000000000000000000000000000000000
549;1355436.00000000000000000000000000000000000000000000000000
550;1356876.00000000000000000000000000000000000000000000000000
551;1360904.00000000000000000000000000000000000000000000000000
552;1362204.00000000000000000000000000000000000000000000000000
553;1364028.00000000000000000000000000000000000000000000000000
554;1365244.00000000000000000000000000000000000000000000000000
555;1368956.00000000000000000000000000000000000000000000000000
556;1370508.00000000000000000000000000000000000000000000000000
557;1372500.00000000000000000000000000000000000000000000000000
558;1373420.00000000000000000000000000000000000000000000000000
559;1375224.00000000000000000000000000000000000000000000000000
560;1379204.00000000000000000000000000000000000000000000000000
561;1381516.00000000000000000000000000000000000000000000000000
562;1383416.00000000000000000000000000000000000000000000000000
563;1384228.00000000000000000000000000000000000000000000000000
564;1384144.00000000000000000000000000000000000000000000000000
565;1384212.00000000000000000000000000000000000000000000000000
566;1384272.00000000000000000000000000000000000000000000000000
567;1384208.00000000000000000000000000000000000000000000000000
568;1384144.00000000000000000000000000000000000000000000000000
569;1384208.00000000000000000000000000000000000000000000000000
570;1384140.00000000000000000000000000000000000000000000000000
571;1384208.00000000000000000000000000000000000000000000000000
572;1384436.00000000000000000000000000000000000000000000000000
573;1384176.00000000000000000000000000000000000000000000000000
574;1384336.00000000000000000000000000000000000000000000000000
575;1384528.00000000000000000000000000000000000000000000000000
576;1384372.00000000000000000000000000000000000000000000000000
577;1384560.00000000000000000000000000000000000000000000000000
578;1384440.00000000000000000000000000000000000000000000000000
579;1384376.00000000000000000000000000000000000000000000000000
580;1384632.00000000000000000000000000000000000000000000000000
581;1384632.00000000000000000000000000000000000000000000000000
582;1384632.00000000000000000000000000000000000000000000000000
583;1384372.00000000000000000000000000000000000000000000000000
584;1384440.00000000000000000000000000000000000000000000000000
585;1384376.00000000000000000000000000000000000000000000000000
586;1384444.00000000000000000000000000000000000000000000000000
587;1384376.00000000000000000000000000000000000000000000000000
588;1384440.00000000000000000000000000000000000000000000000000
589;1384376.00000000000000000000000000000000000000000000000000
590;1384632.00000000000000000000000000000000000000000000000000
591;1306820.00000000000000000000000000000000000000000000000000
592;1308924.00000000000000000000000000000000000000000000000000
593;1311112.00000000000000000000000000000000000000000000000000
594;1312864.00000000000000000000000000000000000000000000000000
595;1314068.00000000000000000000000000000000000000000000000000
596;1315752.00000000000000000000000000000000000000000000000000
597;1317884.00000000000000000000000000000000000000000000000000
598;1318816.00000000000000000000000000000000000000000000000000
599;1320720.00000000000000000000000000000000000000000000000000
600;1322416.00000000000000000000000000000000000000000000000000
601;1323548.00000000000000000000000000000000000000000000000000
602;1325884.00000000000000000000000000000000000000000000000000
603;1328008.00000000000000000000000000000000000000000000000000
604;1329940.00000000000000000000000000000000000000000000000000
605;1332260.00000000000000000000000000000000000000000000000000
606;1334228.00000000000000000000000000000000000000000000000000
607;1336012.00000000000000000000000000000000000000000000000000
608;1338532.00000000000000000000000000000000000000000000000000
609;1340760.00000000000000000000000000000000000000000000000000
610;1342948.00000000000000000000000000000000000000000000000000
611;1345296.00000000000000000000000000000000000000000000000000
612;1347448.00000000000000000000000000000000000000000000000000
613;1348672.00000000000000000000000000000000000000000000000000
614;1350860.00000000000000000000000000000000000000000000000000
615;1351872.00000000000000000000000000000000000000000000000000
616;1354044.00000000000000000000000000000000000000000000000000
617;1359252.00000000000000000000000000000000000000000000000000
618;1360492.00000000000000000000000000000000000000000000000000
619;1361980.00000000000000000000000000000000000000000000000000
620;1363312.00000000000000000000000000000000000000000000000000
621;1369844.00000000000000000000000000000000000000000000000000
622;1371636.00000000000000000000000000000000000000000000000000
623;1373320.00000000000000000000000000000000000000000000000000
624;1375000.00000000000000000000000000000000000000000000000000
625;1376280.00000000000000000000000000000000000000000000000000
626;1383940.00000000000000000000000000000000000000000000000000
627;1385236.00000000000000000000000000000000000000000000000000
628;1385844.00000000000000000000000000000000000000000000000000
629;1385812.00000000000000000000000000000000000000000000000000
630;1385780.00000000000000000000000000000000000000000000000000
631;1385908.00000000000000000000000000000000000000000000000000
632;1385812.00000000000000000000000000000000000000000000000000
633;1385780.00000000000000000000000000000000000000000000000000
634;1385844.00000000000000000000000000000000000000000000000000
635;1386004.00000000000000000000000000000000000000000000000000
636;1386088.00000000000000000000000000000000000000000000000000
637;1386088.00000000000000000000000000000000000000000000000000
638;1385960.00000000000000000000000000000000000000000000000000
639;1385832.00000000000000000000000000000000000000000000000000
640;1385820.00000000000000000000000000000000000000000000000000
641;1385788.00000000000000000000000000000000000000000000000000
642;1385820.00000000000000000000000000000000000000000000000000
643;1385752.00000000000000000000000000000000000000000000000000
644;1385788.00000000000000000000000000000000000000000000000000
645;1385744.00000000000000000000000000000000000000000000000000
646;1385964.00000000000000000000000000000000000000000000000000
647;1385740.00000000000000000000000000000000000000000000000000
648;1385744.00000000000000000000000000000000000000000000000000
649;1385772.00000000000000000000000000000000000000000000000000
650;1385964.00000000000000000000000000000000000000000000000000
651;1385708.00000000000000000000000000000000000000000000000000
652;1385860.00000000000000000000000000000000000000000000000000
653;1385740.00000000000000000000000000000000000000000000000000
654;1385744.00000000000000000000000000000000000000000000000000
655;1305116.00000000000000000000000000000000000000000000000000
656;1306492.00000000000000000000000000000000000000000000000000
657;1308204.00000000000000000000000000000000000000000000000000
658;1310152.00000000000000000000000000000000000000000000000000
659;1311580.00000000000000000000000000000000000000000000000000
660;1312988.00000000000000000000000000000000000000000000000000
661;1314888.00000000000000000000000000000000000000000000000000
662;1316588.00000000000000000000000000000000000000000000000000
663;1318860.00000000000000000000000000000000000000000000000000
664;1320464.00000000000000000000000000000000000000000000000000
665;1322152.00000000000000000000000000000000000000000000000000
666;1324128.00000000000000000000000000000000000000000000000000
667;1326204.00000000000000000000000000000000000000000000000000
668;1327948.00000000000000000000000000000000000000000000000000
669;1329972.00000000000000000000000000000000000000000000000000
670;1332504.00000000000000000000000000000000000000000000000000
671;1334044.00000000000000000000000000000000000000000000000000
672;1336100.00000000000000000000000000000000000000000000000000
673;1337712.00000000000000000000000000000000000000000000000000
674;1342272.00000000000000000000000000000000000000000000000000
675;1344180.00000000000000000000000000000000000000000000000000
676;1345936.00000000000000000000000000000000000000000000000000
677;1348392.00000000000000000000000000000000000000000000000000
678;1349600.00000000000000000000000000000000000000000000000000
679;1351532.00000000000000000000000000000000000000000000000000
680;1352592.00000000000000000000000000000000000000000000000000
681;1354232.00000000000000000000000000000000000000000000000000
682;1359508.00000000000000000000000000000000000000000000000000
683;1360904.00000000000000000000000000000000000000000000000000
684;1363144.00000000000000000000000000000000000000000000000000
685;1364528.00000000000000000000000000000000000000000000000000
686;1368140.00000000000000000000000000000000000000000000000000
687;1370672.00000000000000000000000000000000000000000000000000
688;1372292.00000000000000000000000000000000000000000000000000
689;1373664.00000000000000000000000000000000000000000000000000
690;1382528.00000000000000000000000000000000000000000000000000
691;1385120.00000000000000000000000000000000000000000000000000
692;1386352.00000000000000000000000000000000000000000000000000
693;1386956.00000000000000000000000000000000000000000000000000
694;1386820.00000000000000000000000000000000000000000000000000
695;1386956.00000000000000000000000000000000000000000000000000
696;1386956.00000000000000000000000000000000000000000000000000
697;1386764.00000000000000000000000000000000000000000000000000
698;1386700.00000000000000000000000000000000000000000000000000
699;1386700.00000000000000000000000000000000000000000000000000
700;1386700.00000000000000000000000000000000000000000000000000
701;1386956.00000000000000000000000000000000000000000000000000
702;1386828.00000000000000000000000000000000000000000000000000
703;1386764.00000000000000000000000000000000000000000000000000
704;1386956.00000000000000000000000000000000000000000000000000
705;1386764.00000000000000000000000000000000000000000000000000
706;1386956.00000000000000000000000000000000000000000000000000
707;1386956.00000000000000000000000000000000000000000000000000
708;1386700.00000000000000000000000000000000000000000000000000
709;1386816.00000000000000000000000000000000000000000000000000
710;1386944.00000000000000000000000000000000000000000000000000
711;1386944.00000000000000000000000000000000000000000000000000
712;1386752.00000000000000000000000000000000000000000000000000
713;1386944.00000000000000000000000000000000000000000000000000
714;1386688.00000000000000000000000000000000000000000000000000
715;1386752.00000000000000000000000000000000000000000000000000
716;1386752.00000000000000000000000000000000000000000000000000
717;1386944.00000000000000000000000000000000000000000000000000
718;1386688.00000000000000000000000000000000000000000000000000
719;1386872.00000000000000000000000000000000000000000000000000
720;1305460.00000000000000000000000000000000000000000000000000
721;1306812.00000000000000000000000000000000000000000000000000
722;1308768.00000000000000000000000000000000000000000000000000
723;1310156.00000000000000000000000000000000000000000000000000
724;1311228.00000000000000000000000000000000000000000000000000
725;1312872.00000000000000000000000000000000000000000000000000
726;1315268.00000000000000000000000000000000000000000000000000
727;1317908.00000000000000000000000000000000000000000000000000
728;1318852.00000000000000000000000000000000000000000000000000
729;1320840.00000000000000000000000000000000000000000000000000
730;1322268.00000000000000000000000000000000000000000000000000
731;1325384.00000000000000000000000000000000000000000000000000
732;1327040.00000000000000000000000000000000000000000000000000
733;1328664.00000000000000000000000000000000000000000000000000
734;1331340.00000000000000000000000000000000000000000000000000
735;1332404.00000000000000000000000000000000000000000000000000
736;1335028.00000000000000000000000000000000000000000000000000
737;1336764.00000000000000000000000000000000000000000000000000
738;1338196.00000000000000000000000000000000000000000000000000
739;1341436.00000000000000000000000000000000000000000000000000
740;1342888.00000000000000000000000000000000000000000000000000
741;1345040.00000000000000000000000000000000000000000000000000
742;1346700.00000000000000000000000000000000000000000000000000
743;1349140.00000000000000000000000000000000000000000000000000
744;1350856.00000000000000000000000000000000000000000000000000
745;1352484.00000000000000000000000000000000000000000000000000
746;1354196.00000000000000000000000000000000000000000000000000
747;1355716.00000000000000000000000000000000000000000000000000
748;1362148.00000000000000000000000000000000000000000000000000
749;1363984.00000000000000000000000000000000000000000000000000
750;1366504.00000000000000000000000000000000000000000000000000
751;1367524.00000000000000000000000000000000000000000000000000
752;1376468.00000000000000000000000000000000000000000000000000
753;1378024.00000000000000000000000000000000000000000000000000
754;1380116.00000000000000000000000000000000000000000000000000
755;1381992.00000000000000000000000000000000000000000000000000
756;1389716.00000000000000000000000000000000000000000000000000
757;1389840.00000000000000000000000000000000000000000000000000
758;1390264.00000000000000000000000000000000000000000000000000
759;1390328.00000000000000000000000000000000000000000000000000
760;1390200.00000000000000000000000000000000000000000000000000
761;1390200.00000000000000000000000000000000000000000000000000
762;1390200.00000000000000000000000000000000000000000000000000
763;1390200.00000000000000000000000000000000000000000000000000
764;1390264.00000000000000000000000000000000000000000000000000
765;1390200.00000000000000000000000000000000000000000000000000
766;1390468.00000000000000000000000000000000000000000000000000
767;1390276.00000000000000000000000000000000000000000000000000
768;1390436.00000000000000000000000000000000000000000000000000
769;1390212.00000000000000000000000000000000000000000000000000
770;1390276.00000000000000000000000000000000000000000000000000
771;1390212.00000000000000000000000000000000000000000000000000
772;1390212.00000000000000000000000000000000000000000000000000
773;1390292.00000000000000000000000000000000000000000000000000
774;1390244.00000000000000000000000000000000000000000000000000
775;1390468.00000000000000000000000000000000000000000000000000
776;1390276.00000000000000000000000000000000000000000000000000
777;1390212.00000000000000000000000000000000000000000000000000
778;1390244.00000000000000000000000000000000000000000000000000
779;1390212.00000000000000000000000000000000000000000000000000
780;1390276.00000000000000000000000000000000000000000000000000
781;1390212.00000000000000000000000000000000000000000000000000
782;1390244.00000000000000000000000000000000000000000000000000
783;1390212.00000000000000000000000000000000000000000000000000
784;1390340.00000000000000000000000000000000000000000000000000
785;1308376.00000000000000000000000000000000000000000000000000
786;1308972.00000000000000000000000000000000000000000000000000
787;1310968.00000000000000000000000000000000000000000000000000
788;1312828.00000000000000000000000000000000000000000000000000
789;1314636.00000000000000000000000000000000000000000000000000
790;1316248.00000000000000000000000000000000000000000000000000
791;1318016.00000000000000000000000000000000000000000000000000
792;1320516.00000000000000000000000000000000000000000000000000
793;1322192.00000000000000000000000000000000000000000000000000
794;1324644.00000000000000000000000000000000000000000000000000
795;1325752.00000000000000000000000000000000000000000000000000
796;1327980.00000000000000000000000000000000000000000000000000
797;1330256.00000000000000000000000000000000000000000000000000
798;1332576.00000000000000000000000000000000000000000000000000
799;1334660.00000000000000000000000000000000000000000000000000
800;1336600.00000000000000000000000000000000000000000000000000
801;1338836.00000000000000000000000000000000000000000000000000
802;1339772.00000000000000000000000000000000000000000000000000
803;1343544.00000000000000000000000000000000000000000000000000
804;1345384.00000000000000000000000000000000000000000000000000
805;1347800.00000000000000000000000000000000000000000000000000
806;1349204.00000000000000000000000000000000000000000000000000
807;1351664.00000000000000000000000000000000000000000000000000
808;1353056.00000000000000000000000000000000000000000000000000
809;1354740.00000000000000000000000000000000000000000000000000
810;1355800.00000000000000000000000000000000000000000000000000
811;1358084.00000000000000000000000000000000000000000000000000
812;1362524.00000000000000000000000000000000000000000000000000
813;1364304.00000000000000000000000000000000000000000000000000
814;1366556.00000000000000000000000000000000000000000000000000
815;1374312.00000000000000000000000000000000000000000000000000
816;1375480.00000000000000000000000000000000000000000000000000
817;1377196.00000000000000000000000000000000000000000000000000
818;1379000.00000000000000000000000000000000000000000000000000
819;1384176.00000000000000000000000000000000000000000000000000
820;1385096.00000000000000000000000000000000000000000000000000
821;1385288.00000000000000000000000000000000000000000000000000
822;1385368.00000000000000000000000000000000000000000000000000
823;1385544.00000000000000000000000000000000000000000000000000
824;1385544.00000000000000000000000000000000000000000000000000
825;1385512.00000000000000000000000000000000000000000000000000
826;1385416.00000000000000000000000000000000000000000000000000
827;1385284.00000000000000000000000000000000000000000000000000
828;1385320.00000000000000000000000000000000000000000000000000
829;1385548.00000000000000000000000000000000000000000000000000
830;1385292.00000000000000000000000000000000000000000000000000
831;1385356.00000000000000000000000000000000000000000000000000
832;1385288.00000000000000000000000000000000000000000000000000
833;1385548.00000000000000000000000000000000000000000000000000
834;1385516.00000000000000000000000000000000000000000000000000
835;1385340.00000000000000000000000000000000000000000000000000
836;1385320.00000000000000000000000000000000000000000000000000
837;1385356.00000000000000000000000000000000000000000000000000
838;1385544.00000000000000000000000000000000000000000000000000
839;1385544.00000000000000000000000000000000000000000000000000
840;1385356.00000000000000000000000000000000000000000000000000
841;1385288.00000000000000000000000000000000000000000000000000
842;1385416.00000000000000000000000000000000000000000000000000
843;1385324.00000000000000000000000000000000000000000000000000
844;1385356.00000000000000000000000000000000000000000000000000
845;1385320.00000000000000000000000000000000000000000000000000
846;1385544.00000000000000000000000000000000000000000000000000
847;1385356.00000000000000000000000000000000000000000000000000
848;1303228.00000000000000000000000000000000000000000000000000
849;1302564.00000000000000000000000000000000000000000000000000
850;1303968.00000000000000000000000000000000000000000000000000
851;1306524.00000000000000000000000000000000000000000000000000
852;1308336.00000000000000000000000000000000000000000000000000
853;1310892.00000000000000000000000000000000000000000000000000
854;1313032.00000000000000000000000000000000000000000000000000
855;1315260.00000000000000000000000000000000000000000000000000
856;1317036.00000000000000000000000000000000000000000000000000
857;1320728.00000000000000000000000000000000000000000000000000
858;1321652.00000000000000000000000000000000000000000000000000
859;1323924.00000000000000000000000000000000000000000000000000
860;1326804.00000000000000000000000000000000000000000000000000
861;1328148.00000000000000000000000000000000000000000000000000
862;1331456.00000000000000000000000000000000000000000000000000
863;1332556.00000000000000000000000000000000000000000000000000
864;1334948.00000000000000000000000000000000000000000000000000
865;1336644.00000000000000000000000000000000000000000000000000
866;1338180.00000000000000000000000000000000000000000000000000
867;1341560.00000000000000000000000000000000000000000000000000
868;1342300.00000000000000000000000000000000000000000000000000
869;1344556.00000000000000000000000000000000000000000000000000
870;1346980.00000000000000000000000000000000000000000000000000
871;1349076.00000000000000000000000000000000000000000000000000
872;1350796.00000000000000000000000000000000000000000000000000
873;1351456.00000000000000000000000000000000000000000000000000
874;1353332.00000000000000000000000000000000000000000000000000
875;1355076.00000000000000000000000000000000000000000000000000
876;1357376.00000000000000000000000000000000000000000000000000
877;1358056.00000000000000000000000000000000000000000000000000
878;1360008.00000000000000000000000000000000000000000000000000
879;1368768.00000000000000000000000000000000000000000000000000
880;1369996.00000000000000000000000000000000000000000000000000
881;1372888.00000000000000000000000000000000000000000000000000
882;1381152.00000000000000000000000000000000000000000000000000
883;1382784.00000000000000000000000000000000000000000000000000
884;1385124.00000000000000000000000000000000000000000000000000
885;1386288.00000000000000000000000000000000000000000000000000
886;1386840.00000000000000000000000000000000000000000000000000
887;1386872.00000000000000000000000000000000000000000000000000
888;1386976.00000000000000000000000000000000000000000000000000
889;1386864.00000000000000000000000000000000000000000000000000
890;1386720.00000000000000000000000000000000000000000000000000
891;1386720.00000000000000000000000000000000000000000000000000
892;1386756.00000000000000000000000000000000000000000000000000
893;1386848.00000000000000000000000000000000000000000000000000
894;1387028.00000000000000000000000000000000000000000000000000
895;1386852.00000000000000000000000000000000000000000000000000
896;1386932.00000000000000000000000000000000000000000000000000
897;1387044.00000000000000000000000000000000000000000000000000
898;1386788.00000000000000000000000000000000000000000000000000
899;1386824.00000000000000000000000000000000000000000000000000
900;1386916.00000000000000000000000000000000000000000000000000
901;1386940.00000000000000000000000000000000000000000000000000
902;1386820.00000000000000000000000000000000000000000000000000
903;1387044.00000000000000000000000000000000000000000000000000
904;1386824.00000000000000000000000000000000000000000000000000
905;1386916.00000000000000000000000000000000000000000000000000
906;1386820.00000000000000000000000000000000000000000000000000
907;1386788.00000000000000000000000000000000000000000000000000
908;1386916.00000000000000000000000000000000000000000000000000
909;1386916.00000000000000000000000000000000000000000000000000
910;1386788.00000000000000000000000000000000000000000000000000
911;1386824.00000000000000000000000000000000000000000000000000
912;1386852.00000000000000000000000000000000000000000000000000
913;1303952.00000000000000000000000000000000000000000000000000
914;1304708.00000000000000000000000000000000000000000000000000
915;1306004.00000000000000000000000000000000000000000000000000
916;1308252.00000000000000000000000000000000000000000000000000
917;1310448.00000000000000000000000000000000000000000000000000
918;1312156.00000000000000000000000000000000000000000000000000
919;1314544.00000000000000000000000000000000000000000000000000
920;1316080.00000000000000000000000000000000000000000000000000
921;1317800.00000000000000000000000000000000000000000000000000
922;1319628.00000000000000000000000000000000000000000000000000
923;1321312.00000000000000000000000000000000000000000000000000
924;1324444.00000000000000000000000000000000000000000000000000
925;1325776.00000000000000000000000000000000000000000000000000
926;1327584.00000000000000000000000000000000000000000000000000
927;1330028.00000000000000000000000000000000000000000000000000
928;1332344.00000000000000000000000000000000000000000000000000
929;1334256.00000000000000000000000000000000000000000000000000
930;1335700.00000000000000000000000000000000000000000000000000
931;1337728.00000000000000000000000000000000000000000000000000
932;1339044.00000000000000000000000000000000000000000000000000
933;1343108.00000000000000000000000000000000000000000000000000
934;1344468.00000000000000000000000000000000000000000000000000
935;1346712.00000000000000000000000000000000000000000000000000
936;1349148.00000000000000000000000000000000000000000000000000
937;1350692.00000000000000000000000000000000000000000000000000
938;1352692.00000000000000000000000000000000000000000000000000
939;1354196.00000000000000000000000000000000000000000000000000
940;1355676.00000000000000000000000000000000000000000000000000
941;1357212.00000000000000000000000000000000000000000000000000
942;1361844.00000000000000000000000000000000000000000000000000
943;1363688.00000000000000000000000000000000000000000000000000
944;1365780.00000000000000000000000000000000000000000000000000
945;1373876.00000000000000000000000000000000000000000000000000
946;1375628.00000000000000000000000000000000000000000000000000
947;1377436.00000000000000000000000000000000000000000000000000
948;1379576.00000000000000000000000000000000000000000000000000
949;1386016.00000000000000000000000000000000000000000000000000
950;1387228.00000000000000000000000000000000000000000000000000
951;1387728.00000000000000000000000000000000000000000000000000
952;1387996.00000000000000000000000000000000000000000000000000
953;1387736.00000000000000000000000000000000000000000000000000
954;1387736.00000000000000000000000000000000000000000000000000
955;1387800.00000000000000000000000000000000000000000000000000
956;1387800.00000000000000000000000000000000000000000000000000
957;1387800.00000000000000000000000000000000000000000000000000
958;1387736.00000000000000000000000000000000000000000000000000
959;1387992.00000000000000000000000000000000000000000000000000
960;1387732.00000000000000000000000000000000000000000000000000
961;1387800.00000000000000000000000000000000000000000000000000
962;1387800.00000000000000000000000000000000000000000000000000
963;1387992.00000000000000000000000000000000000000000000000000
964;1387920.00000000000000000000000000000000000000000000000000
965;1387736.00000000000000000000000000000000000000000000000000
966;1387804.00000000000000000000000000000000000000000000000000
967;1387864.00000000000000000000000000000000000000000000000000
968;1387800.00000000000000000000000000000000000000000000000000
969;1387992.00000000000000000000000000000000000000000000000000
970;1387800.00000000000000000000000000000000000000000000000000
971;1387992.00000000000000000000000000000000000000000000000000
972;1387736.00000000000000000000000000000000000000000000000000
973;1387800.00000000000000000000000000000000000000000000000000
974;1387992.00000000000000000000000000000000000000000000000000
975;1387800.00000000000000000000000000000000000000000000000000
976;1387800.00000000000000000000000000000000000000000000000000
977;1387920.00000000000000000000000000000000000000000000000000
978;1307456.00000000000000000000000000000000000000000000000000
979;1307380.00000000000000000000000000000000000000000000000000
980;1307632.00000000000000000000000000000000000000000000000000
981;1308376.00000000000000000000000000000000000000000000000000
982;1308612.00000000000000000000000000000000000000000000000000
983;1310176.00000000000000000000000000000000000000000000000000
984;1312436.00000000000000000000000000000000000000000000000000
985;1314660.00000000000000000000000000000000000000000000000000
986;1316384.00000000000000000000000000000000000000000000000000
987;1318628.00000000000000000000000000000000000000000000000000
988;1320908.00000000000000000000000000000000000000000000000000
989;1323204.00000000000000000000000000000000000000000000000000
990;1325008.00000000000000000000000000000000000000000000000000
991;1327664.00000000000000000000000000000000000000000000000000
992;1330644.00000000000000000000000000000000000000000000000000
993;1331856.00000000000000000000000000000000000000000000000000
994;1334932.00000000000000000000000000000000000000000000000000
995;1336712.00000000000000000000000000000000000000000000000000
996;1338744.00000000000000000000000000000000000000000000000000
997;1340192.00000000000000000000000000000000000000000000000000
998;1342228.00000000000000000000000000000000000000000000000000
999;1343740.00000000000000000000000000000000000000000000000000
1000;1345128.00000000000000000000000000000000000000000000000000
1001;1347104.00000000000000000000000000000000000000000000000000
1002;1348956.00000000000000000000000000000000000000000000000000
1003;1350968.00000000000000000000000000000000000000000000000000
1004;1352480.00000000000000000000000000000000000000000000000000
1005;1355184.00000000000000000000000000000000000000000000000000
1006;1356948.00000000000000000000000000000000000000000000000000
1007;1359068.00000000000000000000000000000000000000000000000000
1008;1361324.00000000000000000000000000000000000000000000000000
1009;1368204.00000000000000000000000000000000000000000000000000
1010;1370000.00000000000000000000000000000000000000000000000000
1011;1371440.00000000000000000000000000000000000000000000000000
1012;1373032.00000000000000000000000000000000000000000000000000
1013;1380756.00000000000000000000000000000000000000000000000000
1014;1383660.00000000000000000000000000000000000000000000000000
1015;1383676.00000000000000000000000000000000000000000000000000
1016;1383932.00000000000000000000000000000000000000000000000000
1017;1383808.00000000000000000000000000000000000000000000000000
1018;1383932.00000000000000000000000000000000000000000000000000
1019;1383808.00000000000000000000000000000000000000000000000000
1020;1383844.00000000000000000000000000000000000000000000000000
1021;1383876.00000000000000000000000000000000000000000000000000
1022;1383928.00000000000000000000000000000000000000000000000000
1023;1383808.00000000000000000000000000000000000000000000000000
1024;1384064.00000000000000000000000000000000000000000000000000
1025;1383824.00000000000000000000000000000000000000000000000000
1026;1383940.00000000000000000000000000000000000000000000000000
1027;1383824.00000000000000000000000000000000000000000000000000
1028;1383824.00000000000000000000000000000000000000000000000000
1029;1384048.00000000000000000000000000000000000000000000000000
1030;1383824.00000000000000000000000000000000000000000000000000
1031;1383888.00000000000000000000000000000000000000000000000000
1032;1383856.00000000000000000000000000000000000000000000000000
1033;1384100.00000000000000000000000000000000000000000000000000
1034;1383972.00000000000000000000000000000000000000000000000000
1035;1383964.00000000000000000000000000000000000000000000000000
1036;1383844.00000000000000000000000000000000000000000000000000
1037;1383908.00000000000000000000000000000000000000000000000000
1038;1383912.00000000000000000000000000000000000000000000000000
1039;1383968.00000000000000000000000000000000000000000000000000
1040;1383880.00000000000000000000000000000000000000000000000000
1041;1384100.00000000000000000000000000000000000000000000000000
1042;1380996.00000000000000000000000000000000000000000000000000
1043;1380908.00000000000000000000000000000000000000000000000000
1044;1381048.00000000000000000000000000000000000000000000000000
1045;1381068.00000000000000000000000000000000000000000000000000
1046;1381116.00000000000000000000000000000000000000000000000000
1047;1380920.00000000000000000000000000000000000000000000000000
1048;1381144.00000000000000000000000000000000000000000000000000
1049;1381168.00000000000000000000000000000000000000000000000000
1050;1380940.00000000000000000000000000000000000000000000000000
1051;1386120.00000000000000000000000000000000000000000000000000
1052;1386176.00000000000000000000000000000000000000000000000000
1053;1386300.00000000000000000000000000000000000000000000000000
1054;1386072.00000000000000000000000000000000000000000000000000
1055;1386080.00000000000000000000000000000000000000000000000000
1056;1386180.00000000000000000000000000000000000000000000000000
1057;1386256.00000000000000000000000000000000000000000000000000
1058;1386076.00000000000000000000000000000000000000000000000000
1059;1386268.00000000000000000000000000000000000000000000000000
1060;1386288.00000000000000000000000000000000000000000000000000
1061;1386392.00000000000000000000000000000000000000000000000000
1062;1386432.00000000000000000000000000000000000000000000000000
1063;1386472.00000000000000000000000000000000000000000000000000
1064;1386508.00000000000000000000000000000000000000000000000000
1065;1386744.00000000000000000000000000000000000000000000000000
1066;1386640.00000000000000000000000000000000000000000000000000
1067;1386564.00000000000000000000000000000000000000000000000000
1068;1386712.00000000000000000000000000000000000000000000000000
1069;1386448.00000000000000000000000000000000000000000000000000
1070;1386420.00000000000000000000000000000000000000000000000000
1071;1386568.00000000000000000000000000000000000000000000000000
1072;1386584.00000000000000000000000000000000000000000000000000
1073;1386692.00000000000000000000000000000000000000000000000000
1074;1386860.00000000000000000000000000000000000000000000000000
1075;1386748.00000000000000000000000000000000000000000000000000
1076;1390176.00000000000000000000000000000000000000000000000000
1077;1392548.00000000000000000000000000000000000000000000000000
1078;1394508.00000000000000000000000000000000000000000000000000
1079;1396196.00000000000000000000000000000000000000000000000000
1080;1398092.00000000000000000000000000000000000000000000000000
1081;1398768.00000000000000000000000000000000000000000000000000
1082;1398576.00000000000000000000000000000000000000000000000000
1083;1398544.00000000000000000000000000000000000000000000000000
1084;1398576.00000000000000000000000000000000000000000000000000
1085;1398544.00000000000000000000000000000000000000000000000000
1086;1398512.00000000000000000000000000000000000000000000000000
1087;1398512.00000000000000000000000000000000000000000000000000
1088;1398640.00000000000000000000000000000000000000000000000000
1089;1398784.00000000000000000000000000000000000000000000000000
1090;1398560.00000000000000000000000000000000000000000000000000
1091;1398528.00000000000000000000000000000000000000000000000000
1092;1398564.00000000000000000000000000000000000000000000000000
1093;1398784.00000000000000000000000000000000000000000000000000
1094;1398656.00000000000000000000000000000000000000000000000000
1095;1398752.00000000000000000000000000000000000000000000000000
1096;1398560.00000000000000000000000000000000000000000000000000
1097;1398564.00000000000000000000000000000000000000000000000000
1098;1398784.00000000000000000000000000000000000000000000000000
1099;1398784.00000000000000000000000000000000000000000000000000
1100;1398656.00000000000000000000000000000000000000000000000000
1101;1398560.00000000000000000000000000000000000000000000000000
1102;1398528.00000000000000000000000000000000000000000000000000
1103;1398592.00000000000000000000000000000000000000000000000000
1104;1398608.00000000000000000000000000000000000000000000000000
1105;1398564.00000000000000000000000000000000000000000000000000
1106;1398784.00000000000000000000000000000000000000000000000000
1107;1398528.00000000000000000000000000000000000000000000000000
1108;1395764.00000000000000000000000000000000000000000000000000
1109;1396020.00000000000000000000000000000000000000000000000000
1110;1395600.00000000000000000000000000000000000000000000000000
1111;1395868.00000000000000000000000000000000000000000000000000
1112;1395984.00000000000000000000000000000000000000000000000000
1113;1395956.00000000000000000000000000000000000000000000000000
1114;1395912.00000000000000000000000000000000000000000000000000
1115;1395972.00000000000000000000000000000000000000000000000000
1116;1395968.00000000000000000000000000000000000000000000000000
1117;1395652.00000000000000000000000000000000000000000000000000
1118;1396032.00000000000000000000000000000000000000000000000000
1119;1395988.00000000000000000000000000000000000000000000000000
1120;1395984.00000000000000000000000000000000000000000000000000
1121;1396116.00000000000000000000000000000000000000000000000000
1122;1396240.00000000000000000000000000000000000000000000000000
1123;1396092.00000000000000000000000000000000000000000000000000
1124;1396104.00000000000000000000000000000000000000000000000000
1125;1396208.00000000000000000000000000000000000000000000000000
1126;1396240.00000000000000000000000000000000000000000000000000
1127;1396236.00000000000000000000000000000000000000000000000000
1128;1396288.00000000000000000000000000000000000000000000000000
1129;1396260.00000000000000000000000000000000000000000000000000
1130;1396392.00000000000000000000000000000000000000000000000000
1131;1396532.00000000000000000000000000000000000000000000000000
1132;1396544.00000000000000000000000000000000000000000000000000
1133;1396600.00000000000000000000000000000000000000000000000000
1134;1396736.00000000000000000000000000000000000000000000000000
1135;1396544.00000000000000000000000000000000000000000000000000
1136;1396564.00000000000000000000000000000000000000000000000000
1137;1396596.00000000000000000000000000000000000000000000000000
1138;1396616.00000000000000000000000000000000000000000000000000
1139;1396700.00000000000000000000000000000000000000000000000000
1140;1396712.00000000000000000000000000000000000000000000000000
1141;1396728.00000000000000000000000000000000000000000000000000
1142;1396760.00000000000000000000000000000000000000000000000000
1143;1397864.00000000000000000000000000000000000000000000000000
1144;1399688.00000000000000000000000000000000000000000000000000
1145;1409436.00000000000000000000000000000000000000000000000000
1146;1409440.00000000000000000000000000000000000000000000000000
1147;1409364.00000000000000000000000000000000000000000000000000
1148;1409428.00000000000000000000000000000000000000000000000000
1149;1409480.00000000000000000000000000000000000000000000000000
1150;1409400.00000000000000000000000000000000000000000000000000
1151;1409620.00000000000000000000000000000000000000000000000000
1152;1409360.00000000000000000000000000000000000000000000000000
1153;1409588.00000000000000000000000000000000000000000000000000
1154;1409620.00000000000000000000000000000000000000000000000000
1155;1409620.00000000000000000000000000000000000000000000000000
1156;1409400.00000000000000000000000000000000000000000000000000
1157;1409492.00000000000000000000000000000000000000000000000000
1158;1409588.00000000000000000000000000000000000000000000000000
1159;1409364.00000000000000000000000000000000000000000000000000
1160;1409428.00000000000000000000000000000000000000000000000000
1161;1409360.00000000000000000000000000000000000000000000000000
1162;1409492.00000000000000000000000000000000000000000000000000
1163;1409588.00000000000000000000000000000000000000000000000000
1164;1409620.00000000000000000000000000000000000000000000000000
1165;1409492.00000000000000000000000000000000000000000000000000
1166;1409396.00000000000000000000000000000000000000000000000000
1167;1409620.00000000000000000000000000000000000000000000000000
1168;1409432.00000000000000000000000000000000000000000000000000
1169;1409516.00000000000000000000000000000000000000000000000000
1170;1409400.00000000000000000000000000000000000000000000000000
1171;1409432.00000000000000000000000000000000000000000000000000
1172;1409396.00000000000000000000000000000000000000000000000000
1173;1323692.00000000000000000000000000000000000000000000000000
1174;1323996.00000000000000000000000000000000000000000000000000
1175;1325552.00000000000000000000000000000000000000000000000000
1176;1326168.00000000000000000000000000000000000000000000000000
1177;1328136.00000000000000000000000000000000000000000000000000
1178;1328524.00000000000000000000000000000000000000000000000000
1179;1330320.00000000000000000000000000000000000000000000000000
1180;1331960.00000000000000000000000000000000000000000000000000
1181;1333772.00000000000000000000000000000000000000000000000000
1182;1334644.00000000000000000000000000000000000000000000000000
1183;1339756.00000000000000000000000000000000000000000000000000
1184;1340240.00000000000000000000000000000000000000000000000000
1185;1342132.00000000000000000000000000000000000000000000000000
1186;1344104.00000000000000000000000000000000000000000000000000
1187;1345548.00000000000000000000000000000000000000000000000000
1188;1347484.00000000000000000000000000000000000000000000000000
1189;1348976.00000000000000000000000000000000000000000000000000
1190;1350912.00000000000000000000000000000000000000000000000000
1191;1352404.00000000000000000000000000000000000000000000000000
1192;1354504.00000000000000000000000000000000000000000000000000
1193;1356176.00000000000000000000000000000000000000000000000000
1194;1359144.00000000000000000000000000000000000000000000000000
1195;1361292.00000000000000000000000000000000000000000000000000
1196;1362460.00000000000000000000000000000000000000000000000000
1197;1365764.00000000000000000000000000000000000000000000000000
1198;1367660.00000000000000000000000000000000000000000000000000
1199;1369028.00000000000000000000000000000000000000000000000000
1200;1372212.00000000000000000000000000000000000000000000000000
1201;1373904.00000000000000000000000000000000000000000000000000
1202;1375544.00000000000000000000000000000000000000000000000000
1203;1377040.00000000000000000000000000000000000000000000000000
1204;1382148.00000000000000000000000000000000000000000000000000
1205;1383880.00000000000000000000000000000000000000000000000000
1206;1385756.00000000000000000000000000000000000000000000000000
1207;1390812.00000000000000000000000000000000000000000000000000
1208;1393044.00000000000000000000000000000000000000000000000000
1209;1394264.00000000000000000000000000000000000000000000000000
1210;1396436.00000000000000000000000000000000000000000000000000
1211;1398336.00000000000000000000000000000000000000000000000000
1212;1398892.00000000000000000000000000000000000000000000000000
1213;1398676.00000000000000000000000000000000000000000000000000
1214;1398744.00000000000000000000000000000000000000000000000000
1215;1398672.00000000000000000000000000000000000000000000000000
1216;1398712.00000000000000000000000000000000000000000000000000
1217;1398744.00000000000000000000000000000000000000000000000000
1218;1398708.00000000000000000000000000000000000000000000000000
1219;1398932.00000000000000000000000000000000000000000000000000
1220;1398932.00000000000000000000000000000000000000000000000000
1221;1398900.00000000000000000000000000000000000000000000000000
1222;1398676.00000000000000000000000000000000000000000000000000
1223;1398800.00000000000000000000000000000000000000000000000000
1224;1398708.00000000000000000000000000000000000000000000000000
1225;1398744.00000000000000000000000000000000000000000000000000
1226;1398900.00000000000000000000000000000000000000000000000000
1227;1398676.00000000000000000000000000000000000000000000000000
1228;1398800.00000000000000000000000000000000000000000000000000
1229;1398900.00000000000000000000000000000000000000000000000000
1230;1398932.00000000000000000000000000000000000000000000000000
1231;1398804.00000000000000000000000000000000000000000000000000
1232;1398672.00000000000000000000000000000000000000000000000000
1233;1398708.00000000000000000000000000000000000000000000000000
1234;1398932.00000000000000000000000000000000000000000000000000
1235;1398900.00000000000000000000000000000000000000000000000000
1236;1398676.00000000000000000000000000000000000000000000000000
1237;1398672.00000000000000000000000000000000000000000000000000
1238;1398672.00000000000000000000000000000000000000000000000000
1239;1396860.00000000000000000000000000000000000000000000000000
1240;1396772.00000000000000000000000000000000000000000000000000
1241;1396856.00000000000000000000000000000000000000000000000000
1242;1396928.00000000000000000000000000000000000000000000000000
1243;1396948.00000000000000000000000000000000000000000000000000
1244;1397176.00000000000000000000000000000000000000000000000000
1245;1397168.00000000000000000000000000000000000000000000000000
1246;1397188.00000000000000000000000000000000000000000000000000
1247;1397200.00000000000000000000000000000000000000000000000000
1248;1397196.00000000000000000000000000000000000000000000000000
1249;1397252.00000000000000000000000000000000000000000000000000
1250;1397288.00000000000000000000000000000000000000000000000000
1251;1397216.00000000000000000000000000000000000000000000000000
1252;1397324.00000000000000000000000000000000000000000000000000
1253;1397304.00000000000000000000000000000000000000000000000000
1254;1397204.00000000000000000000000000000000000000000000000000
1255;1397452.00000000000000000000000000000000000000000000000000
1256;1397280.00000000000000000000000000000000000000000000000000
1257;1397384.00000000000000000000000000000000000000000000000000
1258;1397640.00000000000000000000000000000000000000000000000000
1259;1397544.00000000000000000000000000000000000000000000000000
1260;1397688.00000000000000000000000000000000000000000000000000
1261;1397600.00000000000000000000000000000000000000000000000000
1262;1397896.00000000000000000000000000000000000000000000000000
1263;1398120.00000000000000000000000000000000000000000000000000
1264;1398148.00000000000000000000000000000000000000000000000000
1265;1398468.00000000000000000000000000000000000000000000000000
1266;1398380.00000000000000000000000000000000000000000000000000
1267;1398196.00000000000000000000000000000000000000000000000000
1268;1398596.00000000000000000000000000000000000000000000000000
1269;1398692.00000000000000000000000000000000000000000000000000
1270;1398780.00000000000000000000000000000000000000000000000000
1271;1398420.00000000000000000000000000000000000000000000000000
1272;1399212.00000000000000000000000000000000000000000000000000
1273;1399528.00000000000000000000000000000000000000000000000000
1274;1399488.00000000000000000000000000000000000000000000000000
1275;1402636.00000000000000000000000000000000000000000000000000
1276;1408916.00000000000000000000000000000000000000000000000000
1277;1408848.00000000000000000000000000000000000000000000000000
1278;1408816.00000000000000000000000000000000000000000000000000
1279;1408848.00000000000000000000000000000000000000000000000000
1280;1408816.00000000000000000000000000000000000000000000000000
1281;1408912.00000000000000000000000000000000000000000000000000
1282;1408784.00000000000000000000000000000000000000000000000000
1283;1408816.00000000000000000000000000000000000000000000000000
1284;1408784.00000000000000000000000000000000000000000000000000
1285;1409040.00000000000000000000000000000000000000000000000000
1286;1409008.00000000000000000000000000000000000000000000000000
1287;1408820.00000000000000000000000000000000000000000000000000
1288;1409040.00000000000000000000000000000000000000000000000000
1289;1409008.00000000000000000000000000000000000000000000000000
1290;1408784.00000000000000000000000000000000000000000000000000
1291;1408912.00000000000000000000000000000000000000000000000000
1292;1408816.00000000000000000000000000000000000000000000000000
1293;1408848.00000000000000000000000000000000000000000000000000
1294;1409040.00000000000000000000000000000000000000000000000000
1295;1408784.00000000000000000000000000000000000000000000000000
1296;1408912.00000000000000000000000000000000000000000000000000
1297;1408820.00000000000000000000000000000000000000000000000000
1298;1408912.00000000000000000000000000000000000000000000000000
1299;1408820.00000000000000000000000000000000000000000000000000
1300;1408912.00000000000000000000000000000000000000000000000000
1301;1409008.00000000000000000000000000000000000000000000000000
1302;1408816.00000000000000000000000000000000000000000000000000
1303;1399408.00000000000000000000000000000000000000000000000000
1304;1399684.00000000000000000000000000000000000000000000000000
1305;1399804.00000000000000000000000000000000000000000000000000
1306;1399804.00000000000000000000000000000000000000000000000000
1307;1399816.00000000000000000000000000000000000000000000000000
1308;1399552.00000000000000000000000000000000000000000000000000
1309;1399712.00000000000000000000000000000000000000000000000000
1310;1399724.00000000000000000000000000000000000000000000000000
1311;1399776.00000000000000000000000000000000000000000000000000
1312;1400184.00000000000000000000000000000000000000000000000000
1313;1400088.00000000000000000000000000000000000000000000000000
1314;1400060.00000000000000000000000000000000000000000000000000
1315;1400048.00000000000000000000000000000000000000000000000000
1316;1400268.00000000000000000000000000000000000000000000000000
1317;1400352.00000000000000000000000000000000000000000000000000
1318;1400388.00000000000000000000000000000000000000000000000000
1319;1400468.00000000000000000000000000000000000000000000000000
1320;1400488.00000000000000000000000000000000000000000000000000
1321;1400516.00000000000000000000000000000000000000000000000000
1322;1400548.00000000000000000000000000000000000000000000000000
1323;1400524.00000000000000000000000000000000000000000000000000
1324;1400320.00000000000000000000000000000000000000000000000000
1325;1400356.00000000000000000000000000000000000000000000000000
1326;1400632.00000000000000000000000000000000000000000000000000
1327;1400652.00000000000000000000000000000000000000000000000000
1328;1400604.00000000000000000000000000000000000000000000000000
1329;1400848.00000000000000000000000000000000000000000000000000
1330;1400796.00000000000000000000000000000000000000000000000000
1331;1400812.00000000000000000000000000000000000000000000000000
1332;1400924.00000000000000000000000000000000000000000000000000
1333;1400912.00000000000000000000000000000000000000000000000000
1334;1400856.00000000000000000000000000000000000000000000000000
1335;1400796.00000000000000000000000000000000000000000000000000
1336;1400796.00000000000000000000000000000000000000000000000000
1337;1401184.00000000000000000000000000000000000000000000000000
1338;1401108.00000000000000000000000000000000000000000000000000
1339;1401600.00000000000000000000000000000000000000000000000000
1340;1410116.00000000000000000000000000000000000000000000000000
1341;1410404.00000000000000000000000000000000000000000000000000
1342;1410596.00000000000000000000000000000000000000000000000000
1343;1410340.00000000000000000000000000000000000000000000000000
1344;1410404.00000000000000000000000000000000000000000000000000
1345;1410408.00000000000000000000000000000000000000000000000000
1346;1410596.00000000000000000000000000000000000000000000000000
1347;1410596.00000000000000000000000000000000000000000000000000
1348;1410404.00000000000000000000000000000000000000000000000000
1349;1410612.00000000000000000000000000000000000000000000000000
1350;1410424.00000000000000000000000000000000000000000000000000
1351;1410356.00000000000000000000000000000000000000000000000000
1352;1410420.00000000000000000000000000000000000000000000000000
1353;1410448.00000000000000000000000000000000000000000000000000
1354;1410420.00000000000000000000000000000000000000000000000000
1355;1410420.00000000000000000000000000000000000000000000000000
1356;1410420.00000000000000000000000000000000000000000000000000
1357;1410424.00000000000000000000000000000000000000000000000000
1358;1410612.00000000000000000000000000000000000000000000000000
1359;1410612.00000000000000000000000000000000000000000000000000
1360;1410424.00000000000000000000000000000000000000000000000000
1361;1410420.00000000000000000000000000000000000000000000000000
1362;1410420.00000000000000000000000000000000000000000000000000
1363;1410352.00000000000000000000000000000000000000000000000000
1364;1410420.00000000000000000000000000000000000000000000000000
1365;1410612.00000000000000000000000000000000000000000000000000
1366;1410424.00000000000000000000000000000000000000000000000000
1367;1410420.00000000000000000000000000000000000000000000000000
1368;1398288.00000000000000000000000000000000000000000000000000
1369;1398312.00000000000000000000000000000000000000000000000000
1370;1398332.00000000000000000000000000000000000000000000000000
1371;1398260.00000000000000000000000000000000000000000000000000
1372;1398464.00000000000000000000000000000000000000000000000000
1373;1398480.00000000000000000000000000000000000000000000000000
1374;1398528.00000000000000000000000000000000000000000000000000
1375;1398544.00000000000000000000000000000000000000000000000000
1376;1398488.00000000000000000000000000000000000000000000000000
1377;1398696.00000000000000000000000000000000000000000000000000
1378;1398560.00000000000000000000000000000000000000000000000000
1379;1398532.00000000000000000000000000000000000000000000000000
1380;1398556.00000000000000000000000000000000000000000000000000
1381;1398632.00000000000000000000000000000000000000000000000000
1382;1398700.00000000000000000000000000000000000000000000000000
1383;1398752.00000000000000000000000000000000000000000000000000
1384;1398788.00000000000000000000000000000000000000000000000000
1385;1398856.00000000000000000000000000000000000000000000000000
1386;1398928.00000000000000000000000000000000000000000000000000
1387;1399132.00000000000000000000000000000000000000000000000000
1388;1398892.00000000000000000000000000000000000000000000000000
1389;1399040.00000000000000000000000000000000000000000000000000
1390;1399032.00000000000000000000000000000000000000000000000000
1391;1399248.00000000000000000000000000000000000000000000000000
1392;1399272.00000000000000000000000000000000000000000000000000
1393;1399152.00000000000000000000000000000000000000000000000000
1394;1399332.00000000000000000000000000000000000000000000000000
1395;1399372.00000000000000000000000000000000000000000000000000
1396;1399400.00000000000000000000000000000000000000000000000000
1397;1399428.00000000000000000000000000000000000000000000000000
1398;1399452.00000000000000000000000000000000000000000000000000
1399;1399312.00000000000000000000000000000000000000000000000000
1400;1399380.00000000000000000000000000000000000000000000000000
1401;1399168.00000000000000000000000000000000000000000000000000
1402;1399500.00000000000000000000000000000000000000000000000000
1403;1401780.00000000000000000000000000000000000000000000000000
1404;1402652.00000000000000000000000000000000000000000000000000
1405;1403468.00000000000000000000000000000000000000000000000000
1406;1403332.00000000000000000000000000000000000000000000000000
1407;1403332.00000000000000000000000000000000000000000000000000
1408;1403400.00000000000000000000000000000000000000000000000000
1409;1403364.00000000000000000000000000000000000000000000000000
1410;1403588.00000000000000000000000000000000000000000000000000
1411;1403400.00000000000000000000000000000000000000000000000000
1412;1403460.00000000000000000000000000000000000000000000000000
1413;1403448.00000000000000000000000000000000000000000000000000
1414;1403588.00000000000000000000000000000000000000000000000000
1415;1403460.00000000000000000000000000000000000000000000000000
1416;1403328.00000000000000000000000000000000000000000000000000
1417;1403364.00000000000000000000000000000000000000000000000000
1418;1403332.00000000000000000000000000000000000000000000000000
1419;1403328.00000000000000000000000000000000000000000000000000
1420;1403368.00000000000000000000000000000000000000000000000000
1421;1403396.00000000000000000000000000000000000000000000000000
1422;1403408.00000000000000000000000000000000000000000000000000
1423;1403588.00000000000000000000000000000000000000000000000000
1424;1403588.00000000000000000000000000000000000000000000000000
1425;1403400.00000000000000000000000000000000000000000000000000
1426;1403364.00000000000000000000000000000000000000000000000000
1427;1403316.00000000000000000000000000000000000000000000000000
1428;1403396.00000000000000000000000000000000000000000000000000
1429;1403360.00000000000000000000000000000000000000000000000000
1430;1403584.00000000000000000000000000000000000000000000000000
1431;1403452.00000000000000000000000000000000000000000000000000
1432;1400468.00000000000000000000000000000000000000000000000000
1433;1400484.00000000000000000000000000000000000000000000000000
1434;1400656.00000000000000000000000000000000000000000000000000
1435;1400616.00000000000000000000000000000000000000000000000000
1436;1400480.00000000000000000000000000000000000000000000000000
1437;1400560.00000000000000000000000000000000000000000000000000
1438;1400568.00000000000000000000000000000000000000000000000000
1439;1400584.00000000000000000000000000000000000000000000000000
1440;1400604.00000000000000000000000000000000000000000000000000
1441;1400624.00000000000000000000000000000000000000000000000000
1442;1400732.00000000000000000000000000000000000000000000000000
1443;1400752.00000000000000000000000000000000000000000000000000
1444;1400884.00000000000000000000000000000000000000000000000000
1445;1400920.00000000000000000000000000000000000000000000000000
1446;1401060.00000000000000000000000000000000000000000000000000
1447;1401028.00000000000000000000000000000000000000000000000000
1448;1401048.00000000000000000000000000000000000000000000000000
1449;1401040.00000000000000000000000000000000000000000000000000
1450;1401052.00000000000000000000000000000000000000000000000000
1451;1401080.00000000000000000000000000000000000000000000000000
1452;1401100.00000000000000000000000000000000000000000000000000
1453;1401052.00000000000000000000000000000000000000000000000000
1454;1401100.00000000000000000000000000000000000000000000000000
1455;1401124.00000000000000000000000000000000000000000000000000
1456;1401256.00000000000000000000000000000000000000000000000000
1457;1401272.00000000000000000000000000000000000000000000000000
1458;1401568.00000000000000000000000000000000000000000000000000
1459;1401420.00000000000000000000000000000000000000000000000000
1460;1401416.00000000000000000000000000000000000000000000000000
1461;1401484.00000000000000000000000000000000000000000000000000
1462;1401440.00000000000000000000000000000000000000000000000000
1463;1401416.00000000000000000000000000000000000000000000000000
1464;1401120.00000000000000000000000000000000000000000000000000
1465;1401328.00000000000000000000000000000000000000000000000000
1466;1401452.00000000000000000000000000000000000000000000000000
1467;1401532.00000000000000000000000000000000000000000000000000
1468;1402528.00000000000000000000000000000000000000000000000000
1469;1403400.00000000000000000000000000000000000000000000000000
1470;1404416.00000000000000000000000000000000000000000000000000
1471;1404140.00000000000000000000000000000000000000000000000000
1472;1404064.00000000000000000000000000000000000000000000000000
1473;1404132.00000000000000000000000000000000000000000000000000
1474;1404128.00000000000000000000000000000000000000000000000000
1475;1404320.00000000000000000000000000000000000000000000000000
1476;1404320.00000000000000000000000000000000000000000000000000
1477;1404320.00000000000000000000000000000000000000000000000000
1478;1404320.00000000000000000000000000000000000000000000000000
1479;1404320.00000000000000000000000000000000000000000000000000
1480;1404180.00000000000000000000000000000000000000000000000000
1481;1404128.00000000000000000000000000000000000000000000000000
1482;1404320.00000000000000000000000000000000000000000000000000
1483;1404188.00000000000000000000000000000000000000000000000000
1484;1404128.00000000000000000000000000000000000000000000000000
1485;1404132.00000000000000000000000000000000000000000000000000
1486;1404116.00000000000000000000000000000000000000000000000000
1487;1404324.00000000000000000000000000000000000000000000000000
1488;1404324.00000000000000000000000000000000000000000000000000
1489;1404192.00000000000000000000000000000000000000000000000000
1490;1404132.00000000000000000000000000000000000000000000000000
1491;1404136.00000000000000000000000000000000000000000000000000
1492;1404132.00000000000000000000000000000000000000000000000000
1493;1404136.00000000000000000000000000000000000000000000000000
1494;1404132.00000000000000000000000000000000000000000000000000
1495;1404324.00000000000000000000000000000000000000000000000000
1496;1404252.00000000000000000000000000000000000000000000000000
1497;1402124.00000000000000000000000000000000000000000000000000
1498;1402108.00000000000000000000000000000000000000000000000000
1499;1402032.00000000000000000000000000000000000000000000000000
1500;1402272.00000000000000000000000000000000000000000000000000
1501;1402240.00000000000000000000000000000000000000000000000000
1502;1402096.00000000000000000000000000000000000000000000000000
1503;1402112.00000000000000000000000000000000000000000000000000
1504;1401888.00000000000000000000000000000000000000000000000000
1505;1401416.00000000000000000000000000000000000000000000000000
1506;1402208.00000000000000000000000000000000000000000000000000
1507;1402224.00000000000000000000000000000000000000000000000000
1508;1402352.00000000000000000000000000000000000000000000000000
1509;1402316.00000000000000000000000000000000000000000000000000
1510;1402324.00000000000000000000000000000000000000000000000000
1511;1402392.00000000000000000000000000000000000000000000000000
1512;1402416.00000000000000000000000000000000000000000000000000
1513;1402424.00000000000000000000000000000000000000000000000000
1514;1401784.00000000000000000000000000000000000000000000000000
1515;1402432.00000000000000000000000000000000000000000000000000
1516;1402276.00000000000000000000000000000000000000000000000000
1517;1402024.00000000000000000000000000000000000000000000000000
1518;1402528.00000000000000000000000000000000000000000000000000
1519;1402312.00000000000000000000000000000000000000000000000000
1520;1402524.00000000000000000000000000000000000000000000000000
1521;1402524.00000000000000000000000000000000000000000000000000
1522;1402600.00000000000000000000000000000000000000000000000000
1523;1402596.00000000000000000000000000000000000000000000000000
1524;1402284.00000000000000000000000000000000000000000000000000
1525;1402640.00000000000000000000000000000000000000000000000000
1526;1402348.00000000000000000000000000000000000000000000000000
1527;1402756.00000000000000000000000000000000000000000000000000
1528;1402744.00000000000000000000000000000000000000000000000000
1529;1402128.00000000000000000000000000000000000000000000000000
1530;1402716.00000000000000000000000000000000000000000000000000
1531;1402796.00000000000000000000000000000000000000000000000000
1532;1410632.00000000000000000000000000000000000000000000000000
1533;1412324.00000000000000000000000000000000000000000000000000
1534;1413056.00000000000000000000000000000000000000000000000000
1535;1413276.00000000000000000000000000000000000000000000000000
1536;1413276.00000000000000000000000000000000000000000000000000
1537;1413088.00000000000000000000000000000000000000000000000000
1538;1413024.00000000000000000000000000000000000000000000000000
1539;1413208.00000000000000000000000000000000000000000000000000
1540;1413280.00000000000000000000000000000000000000000000000000
1541;1413088.00000000000000000000000000000000000000000000000000
1542;1413280.00000000000000000000000000000000000000000000000000
1543;1413280.00000000000000000000000000000000000000000000000000
1544;1413088.00000000000000000000000000000000000000000000000000
1545;1413088.00000000000000000000000000000000000000000000000000
1546;1413280.00000000000000000000000000000000000000000000000000
1547;1413088.00000000000000000000000000000000000000000000000000
1548;1413208.00000000000000000000000000000000000000000000000000
1549;1413088.00000000000000000000000000000000000000000000000000
1550;1413280.00000000000000000000000000000000000000000000000000
1551;1413024.00000000000000000000000000000000000000000000000000
1552;1413280.00000000000000000000000000000000000000000000000000
1553;1413280.00000000000000000000000000000000000000000000000000
1554;1413088.00000000000000000000000000000000000000000000000000
1555;1413088.00000000000000000000000000000000000000000000000000
1556;1413280.00000000000000000000000000000000000000000000000000
1557;1413152.00000000000000000000000000000000000000000000000000
1558;1413024.00000000000000000000000000000000000000000000000000
1559;1413088.00000000000000000000000000000000000000000000000000
1560;1413280.00000000000000000000000000000000000000000000000000
1561;1413088.00000000000000000000000000000000000000000000000000
1562;1403004.00000000000000000000000000000000000000000000000000
1563;1402852.00000000000000000000000000000000000000000000000000
1564;1403136.00000000000000000000000000000000000000000000000000
1565;1402984.00000000000000000000000000000000000000000000000000
1566;1402868.00000000000000000000000000000000000000000000000000
1567;1402908.00000000000000000000000000000000000000000000000000
1568;1402768.00000000000000000000000000000000000000000000000000
1569;1402768.00000000000000000000000000000000000000000000000000
1570;1402768.00000000000000000000000000000000000000000000000000
1571;1402920.00000000000000000000000000000000000000000000000000
1572;1402792.00000000000000000000000000000000000000000000000000
1573;1402904.00000000000000000000000000000000000000000000000000
1574;1402932.00000000000000000000000000000000000000000000000000
1575;1402956.00000000000000000000000000000000000000000000000000
1576;1402976.00000000000000000000000000000000000000000000000000
1577;1403060.00000000000000000000000000000000000000000000000000
1578;1403076.00000000000000000000000000000000000000000000000000
1579;1403172.00000000000000000000000000000000000000000000000000
1580;1403060.00000000000000000000000000000000000000000000000000
1581;1403076.00000000000000000000000000000000000000000000000000
1582;1403092.00000000000000000000000000000000000000000000000000
1583;1403164.00000000000000000000000000000000000000000000000000
1584;1403224.00000000000000000000000000000000000000000000000000
1585;1403172.00000000000000000000000000000000000000000000000000
1586;1402988.00000000000000000000000000000000000000000000000000
1587;1403252.00000000000000000000000000000000000000000000000000
1588;1403272.00000000000000000000000000000000000000000000000000
1589;1403292.00000000000000000000000000000000000000000000000000
1590;1403320.00000000000000000000000000000000000000000000000000
1591;1403444.00000000000000000000000000000000000000000000000000
1592;1403332.00000000000000000000000000000000000000000000000000
1593;1403328.00000000000000000000000000000000000000000000000000
1594;1403344.00000000000000000000000000000000000000000000000000
1595;1403472.00000000000000000000000000000000000000000000000000
1596;1403644.00000000000000000000000000000000000000000000000000
1597;1403960.00000000000000000000000000000000000000000000000000
1598;1406144.00000000000000000000000000000000000000000000000000
1599;1414320.00000000000000000000000000000000000000000000000000
1600;1415032.00000000000000000000000000000000000000000000000000
1601;1414912.00000000000000000000000000000000000000000000000000
1602;1414916.00000000000000000000000000000000000000000000000000
1603;1414912.00000000000000000000000000000000000000000000000000
1604;1414844.00000000000000000000000000000000000000000000000000
1605;1414848.00000000000000000000000000000000000000000000000000
1606;1415104.00000000000000000000000000000000000000000000000000
1607;1414976.00000000000000000000000000000000000000000000000000
1608;1415104.00000000000000000000000000000000000000000000000000
1609;1414912.00000000000000000000000000000000000000000000000000
1610;1414848.00000000000000000000000000000000000000000000000000
1611;1414916.00000000000000000000000000000000000000000000000000
1612;1414916.00000000000000000000000000000000000000000000000000
1613;1414912.00000000000000000000000000000000000000000000000000
1614;1414964.00000000000000000000000000000000000000000000000000
1615;1415104.00000000000000000000000000000000000000000000000000
1616;1414912.00000000000000000000000000000000000000000000000000
1617;1415104.00000000000000000000000000000000000000000000000000
1618;1414916.00000000000000000000000000000000000000000000000000
1619;1414912.00000000000000000000000000000000000000000000000000
1620;1415104.00000000000000000000000000000000000000000000000000
1621;1415032.00000000000000000000000000000000000000000000000000
1622;1414848.00000000000000000000000000000000000000000000000000
1623;1414964.00000000000000000000000000000000000000000000000000
1624;1415104.00000000000000000000000000000000000000000000000000
1625;1414912.00000000000000000000000000000000000000000000000000
1626;1339120.00000000000000000000000000000000000000000000000000
1627;1339176.00000000000000000000000000000000000000000000000000
1628;1339756.00000000000000000000000000000000000000000000000000
1629;1340884.00000000000000000000000000000000000000000000000000
1630;1341556.00000000000000000000000000000000000000000000000000
1631;1341968.00000000000000000000000000000000000000000000000000
1632;1342292.00000000000000000000000000000000000000000000000000
1633;1342456.00000000000000000000000000000000000000000000000000
1634;1343516.00000000000000000000000000000000000000000000000000
1635;1345116.00000000000000000000000000000000000000000000000000
1636;1348776.00000000000000000000000000000000000000000000000000
1637;1350664.00000000000000000000000000000000000000000000000000
1638;1352280.00000000000000000000000000000000000000000000000000
1639;1353656.00000000000000000000000000000000000000000000000000
1640;1355492.00000000000000000000000000000000000000000000000000
1641;1356972.00000000000000000000000000000000000000000000000000
1642;1358580.00000000000000000000000000000000000000000000000000
1643;1360920.00000000000000000000000000000000000000000000000000
1644;1361804.00000000000000000000000000000000000000000000000000
1645;1363296.00000000000000000000000000000000000000000000000000
1646;1365040.00000000000000000000000000000000000000000000000000
1647;1366384.00000000000000000000000000000000000000000000000000
1648;1367004.00000000000000000000000000000000000000000000000000
1649;1370840.00000000000000000000000000000000000000000000000000
1650;1372508.00000000000000000000000000000000000000000000000000
1651;1374116.00000000000000000000000000000000000000000000000000
1652;1375364.00000000000000000000000000000000000000000000000000
1653;1379896.00000000000000000000000000000000000000000000000000
1654;1381660.00000000000000000000000000000000000000000000000000
1655;1383024.00000000000000000000000000000000000000000000000000
1656;1387000.00000000000000000000000000000000000000000000000000
1657;1388424.00000000000000000000000000000000000000000000000000
1658;1390632.00000000000000000000000000000000000000000000000000
1659;1391244.00000000000000000000000000000000000000000000000000
1660;1396112.00000000000000000000000000000000000000000000000000
1661;1398204.00000000000000000000000000000000000000000000000000
1662;1399500.00000000000000000000000000000000000000000000000000
1663;1401680.00000000000000000000000000000000000000000000000000
1664;1402392.00000000000000000000000000000000000000000000000000
1665;1402412.00000000000000000000000000000000000000000000000000
1666;1402416.00000000000000000000000000000000000000000000000000
1667;1402344.00000000000000000000000000000000000000000000000000
1668;1402344.00000000000000000000000000000000000000000000000000
1669;1402464.00000000000000000000000000000000000000000000000000
1670;1402348.00000000000000000000000000000000000000000000000000
1671;1402344.00000000000000000000000000000000000000000000000000
1672;1402348.00000000000000000000000000000000000000000000000000
1673;1402604.00000000000000000000000000000000000000000000000000
1674;1402604.00000000000000000000000000000000000000000000000000
1675;1402412.00000000000000000000000000000000000000000000000000
1676;1402348.00000000000000000000000000000000000000000000000000
1677;1402348.00000000000000000000000000000000000000000000000000
1678;1402476.00000000000000000000000000000000000000000000000000
1679;1402472.00000000000000000000000000000000000000000000000000
1680;1402344.00000000000000000000000000000000000000000000000000
1681;1402412.00000000000000000000000000000000000000000000000000
1682;1402604.00000000000000000000000000000000000000000000000000
1683;1402384.00000000000000000000000000000000000000000000000000
1684;1402412.00000000000000000000000000000000000000000000000000
1685;1402348.00000000000000000000000000000000000000000000000000
1686;1402348.00000000000000000000000000000000000000000000000000
1687;1402416.00000000000000000000000000000000000000000000000000
1688;1402472.00000000000000000000000000000000000000000000000000
1689;1402604.00000000000000000000000000000000000000000000000000
1690;1402472.00000000000000000000000000000000000000000000000000
1691;1402464.00000000000000000000000000000000000000000000000000
1692;1399632.00000000000000000000000000000000000000000000000000
1693;1399636.00000000000000000000000000000000000000000000000000
1694;1399876.00000000000000000000000000000000000000000000000000
1695;1399896.00000000000000000000000000000000000000000000000000
1696;1400080.00000000000000000000000000000000000000000000000000
1697;1399996.00000000000000000000000000000000000000000000000000
1698;1400156.00000000000000000000000000000000000000000000000000
1699;1400060.00000000000000000000000000000000000000000000000000
1700;1400152.00000000000000000000000000000000000000000000000000
1701;1400216.00000000000000000000000000000000000000000000000000
1702;1400472.00000000000000000000000000000000000000000000000000
1703;1400360.00000000000000000000000000000000000000000000000000
1704;1400760.00000000000000000000000000000000000000000000000000
1705;1400372.00000000000000000000000000000000000000000000000000
1706;1400660.00000000000000000000000000000000000000000000000000
1707;1400768.00000000000000000000000000000000000000000000000000
1708;1400556.00000000000000000000000000000000000000000000000000
1709;1400848.00000000000000000000000000000000000000000000000000
1710;1400656.00000000000000000000000000000000000000000000000000
1711;1401204.00000000000000000000000000000000000000000000000000
1712;1401164.00000000000000000000000000000000000000000000000000
1713;1401176.00000000000000000000000000000000000000000000000000
1714;1401212.00000000000000000000000000000000000000000000000000
1715;1401188.00000000000000000000000000000000000000000000000000
1716;1401292.00000000000000000000000000000000000000000000000000
1717;1401424.00000000000000000000000000000000000000000000000000
1718;1401424.00000000000000000000000000000000000000000000000000
1719;1401692.00000000000000000000000000000000000000000000000000
1720;1401700.00000000000000000000000000000000000000000000000000
1721;1401824.00000000000000000000000000000000000000000000000000
1722;1402396.00000000000000000000000000000000000000000000000000
1723;1402420.00000000000000000000000000000000000000000000000000
1724;1402444.00000000000000000000000000000000000000000000000000
1725;1402532.00000000000000000000000000000000000000000000000000
1726;1402580.00000000000000000000000000000000000000000000000000
1727;1404296.00000000000000000000000000000000000000000000000000
1728;1405972.00000000000000000000000000000000000000000000000000
1729;1406508.00000000000000000000000000000000000000000000000000
1730;1406652.00000000000000000000000000000000000000000000000000
1731;1406876.00000000000000000000000000000000000000000000000000
1732;1406620.00000000000000000000000000000000000000000000000000
1733;1406656.00000000000000000000000000000000000000000000000000
1734;1406684.00000000000000000000000000000000000000000000000000
1735;1406684.00000000000000000000000000000000000000000000000000
1736;1406844.00000000000000000000000000000000000000000000000000
1737;1406876.00000000000000000000000000000000000000000000000000
1738;1406876.00000000000000000000000000000000000000000000000000
1739;1406876.00000000000000000000000000000000000000000000000000
1740;1406844.00000000000000000000000000000000000000000000000000
1741;1406620.00000000000000000000000000000000000000000000000000
1742;1406748.00000000000000000000000000000000000000000000000000
1743;1406656.00000000000000000000000000000000000000000000000000
1744;1406748.00000000000000000000000000000000000000000000000000
1745;1406652.00000000000000000000000000000000000000000000000000
1746;1406620.00000000000000000000000000000000000000000000000000
1747;1406876.00000000000000000000000000000000000000000000000000
1748;1406876.00000000000000000000000000000000000000000000000000
1749;1406844.00000000000000000000000000000000000000000000000000
1750;1406684.00000000000000000000000000000000000000000000000000
1751;1406652.00000000000000000000000000000000000000000000000000
1752;1406748.00000000000000000000000000000000000000000000000000
1753;1406652.00000000000000000000000000000000000000000000000000
1754;1406620.00000000000000000000000000000000000000000000000000
1755;1406652.00000000000000000000000000000000000000000000000000
1756;1406876.00000000000000000000000000000000000000000000000000
1757;1404120.00000000000000000000000000000000000000000000000000
1758;1404132.00000000000000000000000000000000000000000000000000
1759;1404208.00000000000000000000000000000000000000000000000000
1760;1404216.00000000000000000000000000000000000000000000000000
1761;1404272.00000000000000000000000000000000000000000000000000
1762;1404376.00000000000000000000000000000000000000000000000000
1763;1404376.00000000000000000000000000000000000000000000000000
1764;1404496.00000000000000000000000000000000000000000000000000
1765;1404440.00000000000000000000000000000000000000000000000000
1766;1404512.00000000000000000000000000000000000000000000000000
1767;1404380.00000000000000000000000000000000000000000000000000
1768;1404360.00000000000000000000000000000000000000000000000000
1769;1404440.00000000000000000000000000000000000000000000000000
1770;1404452.00000000000000000000000000000000000000000000000000
1771;1404440.00000000000000000000000000000000000000000000000000
1772;1404472.00000000000000000000000000000000000000000000000000
1773;1404536.00000000000000000000000000000000000000000000000000
1774;1404512.00000000000000000000000000000000000000000000000000
1775;1404588.00000000000000000000000000000000000000000000000000
1776;1404964.00000000000000000000000000000000000000000000000000
1777;1404788.00000000000000000000000000000000000000000000000000
1778;1404600.00000000000000000000000000000000000000000000000000
1779;1404884.00000000000000000000000000000000000000000000000000
1780;1404860.00000000000000000000000000000000000000000000000000
1781;1404864.00000000000000000000000000000000000000000000000000
1782;1405088.00000000000000000000000000000000000000000000000000
1783;1404916.00000000000000000000000000000000000000000000000000
1784;1405000.00000000000000000000000000000000000000000000000000
1785;1405028.00000000000000000000000000000000000000000000000000
1786;1405168.00000000000000000000000000000000000000000000000000
1787;1405216.00000000000000000000000000000000000000000000000000
1788;1404896.00000000000000000000000000000000000000000000000000
1789;1405156.00000000000000000000000000000000000000000000000000
1790;1405232.00000000000000000000000000000000000000000000000000
1791;1405000.00000000000000000000000000000000000000000000000000
1792;1405164.00000000000000000000000000000000000000000000000000
1793;1412844.00000000000000000000000000000000000000000000000000
1794;1413176.00000000000000000000000000000000000000000000000000
1795;1413188.00000000000000000000000000000000000000000000000000
1796;1413120.00000000000000000000000000000000000000000000000000
1797;1413248.00000000000000000000000000000000000000000000000000
1798;1413120.00000000000000000000000000000000000000000000000000
1799;1413236.00000000000000000000000000000000000000000000000000
1800;1413188.00000000000000000000000000000000000000000000000000
1801;1413184.00000000000000000000000000000000000000000000000000
1802;1413376.00000000000000000000000000000000000000000000000000
1803;1413188.00000000000000000000000000000000000000000000000000
1804;1413376.00000000000000000000000000000000000000000000000000
1805;1413184.00000000000000000000000000000000000000000000000000
1806;1413376.00000000000000000000000000000000000000000000000000
1807;1413188.00000000000000000000000000000000000000000000000000
1808;1413120.00000000000000000000000000000000000000000000000000
1809;1413120.00000000000000000000000000000000000000000000000000
1810;1413184.00000000000000000000000000000000000000000000000000
1811;1413376.00000000000000000000000000000000000000000000000000
1812;1413376.00000000000000000000000000000000000000000000000000
1813;1413188.00000000000000000000000000000000000000000000000000
1814;1413184.00000000000000000000000000000000000000000000000000
1815;1413184.00000000000000000000000000000000000000000000000000
1816;1413184.00000000000000000000000000000000000000000000000000
1817;1413188.00000000000000000000000000000000000000000000000000
1818;1413184.00000000000000000000000000000000000000000000000000
1819;1413248.00000000000000000000000000000000000000000000000000
1820;1413120.00000000000000000000000000000000000000000000000000
1821;1335504.00000000000000000000000000000000000000000000000000
1822;1335972.00000000000000000000000000000000000000000000000000
1823;1336684.00000000000000000000000000000000000000000000000000
1824;1337340.00000000000000000000000000000000000000000000000000
1825;1338332.00000000000000000000000000000000000000000000000000
1826;1338756.00000000000000000000000000000000000000000000000000
1827;1339140.00000000000000000000000000000000000000000000000000
1828;1339664.00000000000000000000000000000000000000000000000000
1829;1341368.00000000000000000000000000000000000000000000000000
1830;1344188.00000000000000000000000000000000000000000000000000
1831;1346456.00000000000000000000000000000000000000000000000000
1832;1347988.00000000000000000000000000000000000000000000000000
1833;1350428.00000000000000000000000000000000000000000000000000
1834;1352652.00000000000000000000000000000000000000000000000000
1835;1354012.00000000000000000000000000000000000000000000000000
1836;1355756.00000000000000000000000000000000000000000000000000
1837;1357384.00000000000000000000000000000000000000000000000000
1838;1359980.00000000000000000000000000000000000000000000000000
1839;1362192.00000000000000000000000000000000000000000000000000
1840;1363684.00000000000000000000000000000000000000000000000000
1841;1365772.00000000000000000000000000000000000000000000000000
1842;1366964.00000000000000000000000000000000000000000000000000
1843;1369360.00000000000000000000000000000000000000000000000000
1844;1371340.00000000000000000000000000000000000000000000000000
1845;1373564.00000000000000000000000000000000000000000000000000
1846;1376760.00000000000000000000000000000000000000000000000000
1847;1379448.00000000000000000000000000000000000000000000000000
1848;1380720.00000000000000000000000000000000000000000000000000
1849;1381976.00000000000000000000000000000000000000000000000000
1850;1387308.00000000000000000000000000000000000000000000000000
1851;1389320.00000000000000000000000000000000000000000000000000
1852;1391660.00000000000000000000000000000000000000000000000000
1853;1395504.00000000000000000000000000000000000000000000000000
1854;1396768.00000000000000000000000000000000000000000000000000
1855;1398820.00000000000000000000000000000000000000000000000000
1856;1400232.00000000000000000000000000000000000000000000000000
1857;1401912.00000000000000000000000000000000000000000000000000
1858;1402356.00000000000000000000000000000000000000000000000000
1859;1402420.00000000000000000000000000000000000000000000000000
1860;1402356.00000000000000000000000000000000000000000000000000
1861;1402420.00000000000000000000000000000000000000000000000000
1862;1402356.00000000000000000000000000000000000000000000000000
1863;1402580.00000000000000000000000000000000000000000000000000
1864;1402420.00000000000000000000000000000000000000000000000000
1865;1402388.00000000000000000000000000000000000000000000000000
1866;1402612.00000000000000000000000000000000000000000000000000
1867;1402356.00000000000000000000000000000000000000000000000000
1868;1402508.00000000000000000000000000000000000000000000000000
1869;1402356.00000000000000000000000000000000000000000000000000
1870;1402484.00000000000000000000000000000000000000000000000000
1871;1402420.00000000000000000000000000000000000000000000000000
1872;1402508.00000000000000000000000000000000000000000000000000
1873;1402612.00000000000000000000000000000000000000000000000000
1874;1402508.00000000000000000000000000000000000000000000000000
1875;1402612.00000000000000000000000000000000000000000000000000
1876;1402388.00000000000000000000000000000000000000000000000000
1877;1402356.00000000000000000000000000000000000000000000000000
1878;1402388.00000000000000000000000000000000000000000000000000
1879;1402356.00000000000000000000000000000000000000000000000000
1880;1402356.00000000000000000000000000000000000000000000000000
1881;1402392.00000000000000000000000000000000000000000000000000
1882;1402360.00000000000000000000000000000000000000000000000000
1883;1402484.00000000000000000000000000000000000000000000000000
1884;1402580.00000000000000000000000000000000000000000000000000
1885;1401552.00000000000000000000000000000000000000000000000000
1886;1401632.00000000000000000000000000000000000000000000000000
1887;1401660.00000000000000000000000000000000000000000000000000
1888;1401684.00000000000000000000000000000000000000000000000000
1889;1401584.00000000000000000000000000000000000000000000000000
1890;1401540.00000000000000000000000000000000000000000000000000
1891;1401556.00000000000000000000000000000000000000000000000000
1892;1401636.00000000000000000000000000000000000000000000000000
1893;1401916.00000000000000000000000000000000000000000000000000
1894;1402044.00000000000000000000000000000000000000000000000000
1895;1401976.00000000000000000000000000000000000000000000000000
1896;1402220.00000000000000000000000000000000000000000000000000
1897;1402436.00000000000000000000000000000000000000000000000000
1898;1402552.00000000000000000000000000000000000000000000000000
1899;1402744.00000000000000000000000000000000000000000000000000
1900;1402772.00000000000000000000000000000000000000000000000000
1901;1402788.00000000000000000000000000000000000000000000000000
1902;1402864.00000000000000000000000000000000000000000000000000
1903;1402868.00000000000000000000000000000000000000000000000000
1904;1403228.00000000000000000000000000000000000000000000000000
1905;1402548.00000000000000000000000000000000000000000000000000
1906;1403364.00000000000000000000000000000000000000000000000000
1907;1403312.00000000000000000000000000000000000000000000000000
1908;1403516.00000000000000000000000000000000000000000000000000
1909;1403508.00000000000000000000000000000000000000000000000000
1910;1403524.00000000000000000000000000000000000000000000000000
1911;1403536.00000000000000000000000000000000000000000000000000
1912;1403604.00000000000000000000000000000000000000000000000000
1913;1403652.00000000000000000000000000000000000000000000000000
1914;1403624.00000000000000000000000000000000000000000000000000
1915;1404376.00000000000000000000000000000000000000000000000000
1916;1404520.00000000000000000000000000000000000000000000000000
1917;1404540.00000000000000000000000000000000000000000000000000
1918;1404628.00000000000000000000000000000000000000000000000000
1919;1406556.00000000000000000000000000000000000000000000000000
1920;1407944.00000000000000000000000000000000000000000000000000
1921;1408720.00000000000000000000000000000000000000000000000000
1922;1408912.00000000000000000000000000000000000000000000000000
1923;1408880.00000000000000000000000000000000000000000000000000
1924;1408912.00000000000000000000000000000000000000000000000000
1925;1408880.00000000000000000000000000000000000000000000000000
1926;1408912.00000000000000000000000000000000000000000000000000
1927;1408880.00000000000000000000000000000000000000000000000000
1928;1408688.00000000000000000000000000000000000000000000000000
1929;1408912.00000000000000000000000000000000000000000000000000
1930;1408916.00000000000000000000000000000000000000000000000000
1931;1408660.00000000000000000000000000000000000000000000000000
1932;1408692.00000000000000000000000000000000000000000000000000
1933;1408916.00000000000000000000000000000000000000000000000000
1934;1408660.00000000000000000000000000000000000000000000000000
1935;1408692.00000000000000000000000000000000000000000000000000
1936;1408728.00000000000000000000000000000000000000000000000000
1937;1408884.00000000000000000000000000000000000000000000000000
1938;1408660.00000000000000000000000000000000000000000000000000
1939;1408916.00000000000000000000000000000000000000000000000000
1940;1408660.00000000000000000000000000000000000000000000000000
1941;1408884.00000000000000000000000000000000000000000000000000
1942;1408660.00000000000000000000000000000000000000000000000000
1943;1408740.00000000000000000000000000000000000000000000000000
1944;1408660.00000000000000000000000000000000000000000000000000
1945;1408656.00000000000000000000000000000000000000000000000000
1946;1408692.00000000000000000000000000000000000000000000000000
1947;1408660.00000000000000000000000000000000000000000000000000
1948;1406692.00000000000000000000000000000000000000000000000000
1949;1406640.00000000000000000000000000000000000000000000000000
1950;1406496.00000000000000000000000000000000000000000000000000
1951;1406720.00000000000000000000000000000000000000000000000000
1952;1406820.00000000000000000000000000000000000000000000000000
1953;1406724.00000000000000000000000000000000000000000000000000
1954;1406788.00000000000000000000000000000000000000000000000000
1955;1406848.00000000000000000000000000000000000000000000000000
1956;1406660.00000000000000000000000000000000000000000000000000
1957;1407020.00000000000000000000000000000000000000000000000000
1958;1407056.00000000000000000000000000000000000000000000000000
1959;1407064.00000000000000000000000000000000000000000000000000
1960;1407100.00000000000000000000000000000000000000000000000000
1961;1407136.00000000000000000000000000000000000000000000000000
1962;1407156.00000000000000000000000000000000000000000000000000
1963;1407192.00000000000000000000000000000000000000000000000000
1964;1407284.00000000000000000000000000000000000000000000000000
1965;1407320.00000000000000000000000000000000000000000000000000
1966;1407348.00000000000000000000000000000000000000000000000000
1967;1407388.00000000000000000000000000000000000000000000000000
1968;1407464.00000000000000000000000000000000000000000000000000
1969;1407492.00000000000000000000000000000000000000000000000000
1970;1407504.00000000000000000000000000000000000000000000000000
1971;1407508.00000000000000000000000000000000000000000000000000
1972;1407612.00000000000000000000000000000000000000000000000000
1973;1407632.00000000000000000000000000000000000000000000000000
1974;1407596.00000000000000000000000000000000000000000000000000
1975;1407664.00000000000000000000000000000000000000000000000000
1976;1407720.00000000000000000000000000000000000000000000000000
1977;1407728.00000000000000000000000000000000000000000000000000
1978;1407760.00000000000000000000000000000000000000000000000000
1979;1407984.00000000000000000000000000000000000000000000000000
1980;1407908.00000000000000000000000000000000000000000000000000
1981;1407908.00000000000000000000000000000000000000000000000000
1982;1407920.00000000000000000000000000000000000000000000000000
1983;1407676.00000000000000000000000000000000000000000000000000
1984;1407580.00000000000000000000000000000000000000000000000000
1985;1407448.00000000000000000000000000000000000000000000000000
1986;1407580.00000000000000000000000000000000000000000000000000
1987;1407324.00000000000000000000000000000000000000000000000000
1988;1407356.00000000000000000000000000000000000000000000000000
1989;1407320.00000000000000000000000000000000000000000000000000
1990;1407360.00000000000000000000000000000000000000000000000000
1991;1407452.00000000000000000000000000000000000000000000000000
1992;1407580.00000000000000000000000000000000000000000000000000
1993;1407440.00000000000000000000000000000000000000000000000000
1994;1407356.00000000000000000000000000000000000000000000000000
1995;1407392.00000000000000000000000000000000000000000000000000
1996;1407356.00000000000000000000000000000000000000000000000000
1997;1407476.00000000000000000000000000000000000000000000000000
1998;1407392.00000000000000000000000000000000000000000000000000
1999;1407392.00000000000000000000000000000000000000000000000000
2000;1407356.00000000000000000000000000000000000000000000000000
2001;1407580.00000000000000000000000000000000000000000000000000
2002;1407356.00000000000000000000000000000000000000000000000000
2003;1407392.00000000000000000000000000000000000000000000000000
2004;1407356.00000000000000000000000000000000000000000000000000
2005;1407360.00000000000000000000000000000000000000000000000000
2006;1407360.00000000000000000000000000000000000000000000000000
2007;1407324.00000000000000000000000000000000000000000000000000
2008;1407392.00000000000000000000000000000000000000000000000000
2009;1407448.00000000000000000000000000000000000000000000000000
2010;1407320.00000000000000000000000000000000000000000000000000
2011;1403660.00000000000000000000000000000000000000000000000000
2012;1403404.00000000000000000000000000000000000000000000000000
2013;1403664.00000000000000000000000000000000000000000000000000
2014;1403632.00000000000000000000000000000000000000000000000000
2015;1403704.00000000000000000000000000000000000000000000000000
2016;1403720.00000000000000000000000000000000000000000000000000
2017;1403788.00000000000000000000000000000000000000000000000000
2018;1403340.00000000000000000000000000000000000000000000000000
2019;1403736.00000000000000000000000000000000000000000000000000
2020;1403784.00000000000000000000000000000000000000000000000000
2021;1403912.00000000000000000000000000000000000000000000000000
2022;1403832.00000000000000000000000000000000000000000000000000
2023;1403804.00000000000000000000000000000000000000000000000000
2024;1403828.00000000000000000000000000000000000000000000000000
2025;1403908.00000000000000000000000000000000000000000000000000
2026;1403980.00000000000000000000000000000000000000000000000000
2027;1403972.00000000000000000000000000000000000000000000000000
2028;1403988.00000000000000000000000000000000000000000000000000
2029;1404048.00000000000000000000000000000000000000000000000000
2030;1404052.00000000000000000000000000000000000000000000000000
2031;1404056.00000000000000000000000000000000000000000000000000
2032;1404056.00000000000000000000000000000000000000000000000000
2033;1404120.00000000000000000000000000000000000000000000000000
2034;1404120.00000000000000000000000000000000000000000000000000
2035;1404136.00000000000000000000000000000000000000000000000000
2036;1404408.00000000000000000000000000000000000000000000000000
2037;1404272.00000000000000000000000000000000000000000000000000
2038;1404288.00000000000000000000000000000000000000000000000000
2039;1404232.00000000000000000000000000000000000000000000000000
2040;1404252.00000000000000000000000000000000000000000000000000
2041;1404340.00000000000000000000000000000000000000000000000000
2042;1404360.00000000000000000000000000000000000000000000000000
2043;1404364.00000000000000000000000000000000000000000000000000
2044;1404448.00000000000000000000000000000000000000000000000000
2045;1404504.00000000000000000000000000000000000000000000000000
2046;1404576.00000000000000000000000000000000000000000000000000
2047;1404500.00000000000000000000000000000000000000000000000000
2048;1412772.00000000000000000000000000000000000000000000000000
2049;1413344.00000000000000000000000000000000000000000000000000
2050;1413288.00000000000000000000000000000000000000000000000000
2051;1413336.00000000000000000000000000000000000000000000000000
2052;1413476.00000000000000000000000000000000000000000000000000
2053;1413444.00000000000000000000000000000000000000000000000000
2054;1413288.00000000000000000000000000000000000000000000000000
2055;1413256.00000000000000000000000000000000000000000000000000
2056;1413348.00000000000000000000000000000000000000000000000000
2057;1413476.00000000000000000000000000000000000000000000000000
2058;1413252.00000000000000000000000000000000000000000000000000
2059;1413288.00000000000000000000000000000000000000000000000000
2060;1413444.00000000000000000000000000000000000000000000000000
2061;1413220.00000000000000000000000000000000000000000000000000
2062;1413444.00000000000000000000000000000000000000000000000000
2063;1413288.00000000000000000000000000000000000000000000000000
2064;1413256.00000000000000000000000000000000000000000000000000
2065;1413288.00000000000000000000000000000000000000000000000000
2066;1413476.00000000000000000000000000000000000000000000000000
2067;1413372.00000000000000000000000000000000000000000000000000
2068;1413476.00000000000000000000000000000000000000000000000000
2069;1413444.00000000000000000000000000000000000000000000000000
2070;1413288.00000000000000000000000000000000000000000000000000
2071;1413252.00000000000000000000000000000000000000000000000000
2072;1413216.00000000000000000000000000000000000000000000000000
2073;1413476.00000000000000000000000000000000000000000000000000
2074;1413444.00000000000000000000000000000000000000000000000000
2075;1403392.00000000000000000000000000000000000000000000000000
2076;1403600.00000000000000000000000000000000000000000000000000
2077;1403520.00000000000000000000000000000000000000000000000000
2078;1403480.00000000000000000000000000000000000000000000000000
2079;1403540.00000000000000000000000000000000000000000000000000
2080;1403596.00000000000000000000000000000000000000000000000000
2081;1403668.00000000000000000000000000000000000000000000000000
2082;1403632.00000000000000000000000000000000000000000000000000
2083;1403648.00000000000000000000000000000000000000000000000000
2084;1403664.00000000000000000000000000000000000000000000000000
2085;1403416.00000000000000000000000000000000000000000000000000
2086;1403700.00000000000000000000000000000000000000000000000000
2087;1403668.00000000000000000000000000000000000000000000000000
2088;1403836.00000000000000000000000000000000000000000000000000
2089;1403896.00000000000000000000000000000000000000000000000000
2090;1408344.00000000000000000000000000000000000000000000000000
