Second;RAM_KB
0;12684.00000000000000000000000000000000000000000000000000
1;321264.00000000000000000000000000000000000000000000000000
2;374936.00000000000000000000000000000000000000000000000000
3;683636.00000000000000000000000000000000000000000000000000
4;745332.00000000000000000000000000000000000000000000000000
5;804332.00000000000000000000000000000000000000000000000000
6;889176.00000000000000000000000000000000000000000000000000
7;930752.00000000000000000000000000000000000000000000000000
8;936056.00000000000000000000000000000000000000000000000000
9;978500.00000000000000000000000000000000000000000000000000
10;983164.00000000000000000000000000000000000000000000000000
11;988404.00000000000000000000000000000000000000000000000000
12;992100.00000000000000000000000000000000000000000000000000
13;997516.00000000000000000000000000000000000000000000000000
14;1000432.00000000000000000000000000000000000000000000000000
15;1003864.00000000000000000000000000000000000000000000000000
16;1008256.00000000000000000000000000000000000000000000000000
17;1013172.00000000000000000000000000000000000000000000000000
18;1018784.00000000000000000000000000000000000000000000000000
19;1258900.00000000000000000000000000000000000000000000000000
20;1258972.00000000000000000000000000000000000000000000000000
21;1258912.00000000000000000000000000000000000000000000000000
22;1259104.00000000000000000000000000000000000000000000000000
23;1258912.00000000000000000000000000000000000000000000000000
24;1259108.00000000000000000000000000000000000000000000000000
25;1259108.00000000000000000000000000000000000000000000000000
26;1259108.00000000000000000000000000000000000000000000000000
27;1258920.00000000000000000000000000000000000000000000000000
28;1234336.00000000000000000000000000000000000000000000000000
29;1234836.00000000000000000000000000000000000000000000000000
30;1236548.00000000000000000000000000000000000000000000000000
31;1238580.00000000000000000000000000000000000000000000000000
32;1241048.00000000000000000000000000000000000000000000000000
33;1243464.00000000000000000000000000000000000000000000000000
34;1246208.00000000000000000000000000000000000000000000000000
35;1247988.00000000000000000000000000000000000000000000000000
36;1250632.00000000000000000000000000000000000000000000000000
37;1255008.00000000000000000000000000000000000000000000000000
38;1256912.00000000000000000000000000000000000000000000000000
39;1260308.00000000000000000000000000000000000000000000000000
40;1261232.00000000000000000000000000000000000000000000000000
41;1261204.00000000000000000000000000000000000000000000000000
42;1261200.00000000000000000000000000000000000000000000000000
43;1261340.00000000000000000000000000000000000000000000000000
44;1261564.00000000000000000000000000000000000000000000000000
45;1261428.00000000000000000000000000000000000000000000000000
46;1261308.00000000000000000000000000000000000000000000000000
47;1261340.00000000000000000000000000000000000000000000000000
48;1261376.00000000000000000000000000000000000000000000000000
49;1244580.00000000000000000000000000000000000000000000000000
50;1246288.00000000000000000000000000000000000000000000000000
51;1247804.00000000000000000000000000000000000000000000000000
52;1249200.00000000000000000000000000000000000000000000000000
53;1251044.00000000000000000000000000000000000000000000000000
54;1252784.00000000000000000000000000000000000000000000000000
55;1254268.00000000000000000000000000000000000000000000000000
56;1255768.00000000000000000000000000000000000000000000000000
57;1258444.00000000000000000000000000000000000000000000000000
58;1260524.00000000000000000000000000000000000000000000000000
59;1263444.00000000000000000000000000000000000000000000000000
60;1264216.00000000000000000000000000000000000000000000000000
61;1264024.00000000000000000000000000000000000000000000000000
62;1264028.00000000000000000000000000000000000000000000000000
63;1264012.00000000000000000000000000000000000000000000000000
64;1264076.00000000000000000000000000000000000000000000000000
65;1264092.00000000000000000000000000000000000000000000000000
66;1264044.00000000000000000000000000000000000000000000000000
67;1264044.00000000000000000000000000000000000000000000000000
68;1264044.00000000000000000000000000000000000000000000000000
69;1245672.00000000000000000000000000000000000000000000000000
70;1247252.00000000000000000000000000000000000000000000000000
71;1249140.00000000000000000000000000000000000000000000000000
72;1250436.00000000000000000000000000000000000000000000000000
73;1250772.00000000000000000000000000000000000000000000000000
74;1251932.00000000000000000000000000000000000000000000000000
75;1253232.00000000000000000000000000000000000000000000000000
76;1255060.00000000000000000000000000000000000000000000000000
77;1256696.00000000000000000000000000000000000000000000000000
78;1258444.00000000000000000000000000000000000000000000000000
79;1259328.00000000000000000000000000000000000000000000000000
80;1262300.00000000000000000000000000000000000000000000000000
81;1262252.00000000000000000000000000000000000000000000000000
82;1262472.00000000000000000000000000000000000000000000000000
83;1262212.00000000000000000000000000000000000000000000000000
84;1262440.00000000000000000000000000000000000000000000000000
85;1262212.00000000000000000000000000000000000000000000000000
86;1262472.00000000000000000000000000000000000000000000000000
87;1262340.00000000000000000000000000000000000000000000000000
88;1262340.00000000000000000000000000000000000000000000000000
89;1243960.00000000000000000000000000000000000000000000000000
90;1244940.00000000000000000000000000000000000000000000000000
91;1246412.00000000000000000000000000000000000000000000000000
92;1247852.00000000000000000000000000000000000000000000000000
93;1249620.00000000000000000000000000000000000000000000000000
94;1251088.00000000000000000000000000000000000000000000000000
95;1253120.00000000000000000000000000000000000000000000000000
96;1254244.00000000000000000000000000000000000000000000000000
97;1256584.00000000000000000000000000000000000000000000000000
98;1257956.00000000000000000000000000000000000000000000000000
99;1259092.00000000000000000000000000000000000000000000000000
100;1262008.00000000000000000000000000000000000000000000000000
101;1263780.00000000000000000000000000000000000000000000000000
102;1264556.00000000000000000000000000000000000000000000000000
103;1264480.00000000000000000000000000000000000000000000000000
104;1264736.00000000000000000000000000000000000000000000000000
105;1264544.00000000000000000000000000000000000000000000000000
106;1264476.00000000000000000000000000000000000000000000000000
107;1264548.00000000000000000000000000000000000000000000000000
108;1264604.00000000000000000000000000000000000000000000000000
109;1264544.00000000000000000000000000000000000000000000000000
110;1264480.00000000000000000000000000000000000000000000000000
111;1246980.00000000000000000000000000000000000000000000000000
112;1248232.00000000000000000000000000000000000000000000000000
113;1249208.00000000000000000000000000000000000000000000000000
114;1251428.00000000000000000000000000000000000000000000000000
115;1252796.00000000000000000000000000000000000000000000000000
116;1254936.00000000000000000000000000000000000000000000000000
117;1256372.00000000000000000000000000000000000000000000000000
118;1258104.00000000000000000000000000000000000000000000000000
119;1259668.00000000000000000000000000000000000000000000000000
120;1260476.00000000000000000000000000000000000000000000000000
121;1262200.00000000000000000000000000000000000000000000000000
122;1262892.00000000000000000000000000000000000000000000000000
123;1263152.00000000000000000000000000000000000000000000000000
124;1263164.00000000000000000000000000000000000000000000000000
125;1262976.00000000000000000000000000000000000000000000000000
126;1263164.00000000000000000000000000000000000000000000000000
127;1263000.00000000000000000000000000000000000000000000000000
128;1262976.00000000000000000000000000000000000000000000000000
129;1262972.00000000000000000000000000000000000000000000000000
130;1262972.00000000000000000000000000000000000000000000000000
131;1244432.00000000000000000000000000000000000000000000000000
132;1245832.00000000000000000000000000000000000000000000000000
133;1247912.00000000000000000000000000000000000000000000000000
134;1249180.00000000000000000000000000000000000000000000000000
135;1250720.00000000000000000000000000000000000000000000000000
136;1252360.00000000000000000000000000000000000000000000000000
137;1253544.00000000000000000000000000000000000000000000000000
138;1256088.00000000000000000000000000000000000000000000000000
139;1257048.00000000000000000000000000000000000000000000000000
140;1258248.00000000000000000000000000000000000000000000000000
141;1260632.00000000000000000000000000000000000000000000000000
142;1262344.00000000000000000000000000000000000000000000000000
143;1264352.00000000000000000000000000000000000000000000000000
144;1264852.00000000000000000000000000000000000000000000000000
145;1265044.00000000000000000000000000000000000000000000000000
146;1265080.00000000000000000000000000000000000000000000000000
147;1264888.00000000000000000000000000000000000000000000000000
148;1264888.00000000000000000000000000000000000000000000000000
149;1264888.00000000000000000000000000000000000000000000000000
150;1264824.00000000000000000000000000000000000000000000000000
151;1264824.00000000000000000000000000000000000000000000000000
152;1264888.00000000000000000000000000000000000000000000000000
153;1247292.00000000000000000000000000000000000000000000000000
154;1247908.00000000000000000000000000000000000000000000000000
155;1249676.00000000000000000000000000000000000000000000000000
156;1251732.00000000000000000000000000000000000000000000000000
157;1253916.00000000000000000000000000000000000000000000000000
158;1255460.00000000000000000000000000000000000000000000000000
159;1256892.00000000000000000000000000000000000000000000000000
160;1258828.00000000000000000000000000000000000000000000000000
161;1259788.00000000000000000000000000000000000000000000000000
162;1261376.00000000000000000000000000000000000000000000000000
163;1262760.00000000000000000000000000000000000000000000000000
164;1264024.00000000000000000000000000000000000000000000000000
165;1264088.00000000000000000000000000000000000000000000000000
166;1264040.00000000000000000000000000000000000000000000000000
167;1264156.00000000000000000000000000000000000000000000000000
168;1264100.00000000000000000000000000000000000000000000000000
169;1264220.00000000000000000000000000000000000000000000000000
170;1264292.00000000000000000000000000000000000000000000000000
171;1264104.00000000000000000000000000000000000000000000000000
172;1264292.00000000000000000000000000000000000000000000000000
173;1264292.00000000000000000000000000000000000000000000000000
174;1247040.00000000000000000000000000000000000000000000000000
175;1248008.00000000000000000000000000000000000000000000000000
176;1249496.00000000000000000000000000000000000000000000000000
177;1251844.00000000000000000000000000000000000000000000000000
178;1252980.00000000000000000000000000000000000000000000000000
179;1254720.00000000000000000000000000000000000000000000000000
180;1256780.00000000000000000000000000000000000000000000000000
181;1258704.00000000000000000000000000000000000000000000000000
182;1259988.00000000000000000000000000000000000000000000000000
183;1261080.00000000000000000000000000000000000000000000000000
184;1263440.00000000000000000000000000000000000000000000000000
185;1264688.00000000000000000000000000000000000000000000000000
186;1264496.00000000000000000000000000000000000000000000000000
187;1264432.00000000000000000000000000000000000000000000000000
188;1264688.00000000000000000000000000000000000000000000000000
189;1264688.00000000000000000000000000000000000000000000000000
190;1264688.00000000000000000000000000000000000000000000000000
191;1264500.00000000000000000000000000000000000000000000000000
192;1264556.00000000000000000000000000000000000000000000000000
193;1264616.00000000000000000000000000000000000000000000000000
194;1247508.00000000000000000000000000000000000000000000000000
195;1247440.00000000000000000000000000000000000000000000000000
196;1247744.00000000000000000000000000000000000000000000000000
197;1249268.00000000000000000000000000000000000000000000000000
198;1250944.00000000000000000000000000000000000000000000000000
199;1253468.00000000000000000000000000000000000000000000000000
200;1254860.00000000000000000000000000000000000000000000000000
201;1256880.00000000000000000000000000000000000000000000000000
202;1258588.00000000000000000000000000000000000000000000000000
203;1259852.00000000000000000000000000000000000000000000000000
204;1262320.00000000000000000000000000000000000000000000000000
205;1263948.00000000000000000000000000000000000000000000000000
206;1265780.00000000000000000000000000000000000000000000000000
207;1265592.00000000000000000000000000000000000000000000000000
208;1265592.00000000000000000000000000000000000000000000000000
209;1265588.00000000000000000000000000000000000000000000000000
210;1265628.00000000000000000000000000000000000000000000000000
211;1265660.00000000000000000000000000000000000000000000000000
212;1265848.00000000000000000000000000000000000000000000000000
213;1265744.00000000000000000000000000000000000000000000000000
214;1265660.00000000000000000000000000000000000000000000000000
215;1255852.00000000000000000000000000000000000000000000000000
216;1256716.00000000000000000000000000000000000000000000000000
217;1256856.00000000000000000000000000000000000000000000000000
218;1257544.00000000000000000000000000000000000000000000000000
219;1257896.00000000000000000000000000000000000000000000000000
220;1258660.00000000000000000000000000000000000000000000000000
221;1259724.00000000000000000000000000000000000000000000000000
222;1260192.00000000000000000000000000000000000000000000000000
223;1261480.00000000000000000000000000000000000000000000000000
224;1262256.00000000000000000000000000000000000000000000000000
225;1262864.00000000000000000000000000000000000000000000000000
226;1264316.00000000000000000000000000000000000000000000000000
227;1265652.00000000000000000000000000000000000000000000000000
228;1265592.00000000000000000000000000000000000000000000000000
229;1265624.00000000000000000000000000000000000000000000000000
230;1265848.00000000000000000000000000000000000000000000000000
231;1265628.00000000000000000000000000000000000000000000000000
232;1265588.00000000000000000000000000000000000000000000000000
233;1265816.00000000000000000000000000000000000000000000000000
234;1265588.00000000000000000000000000000000000000000000000000
235;1265660.00000000000000000000000000000000000000000000000000
236;1254936.00000000000000000000000000000000000000000000000000
237;1254960.00000000000000000000000000000000000000000000000000
238;1255240.00000000000000000000000000000000000000000000000000
239;1255688.00000000000000000000000000000000000000000000000000
240;1256200.00000000000000000000000000000000000000000000000000
241;1257164.00000000000000000000000000000000000000000000000000
242;1258372.00000000000000000000000000000000000000000000000000
243;1259544.00000000000000000000000000000000000000000000000000
244;1259884.00000000000000000000000000000000000000000000000000
245;1260416.00000000000000000000000000000000000000000000000000
246;1261872.00000000000000000000000000000000000000000000000000
247;1262304.00000000000000000000000000000000000000000000000000
248;1264044.00000000000000000000000000000000000000000000000000
249;1265440.00000000000000000000000000000000000000000000000000
250;1265992.00000000000000000000000000000000000000000000000000
251;1266036.00000000000000000000000000000000000000000000000000
252;1266028.00000000000000000000000000000000000000000000000000
253;1265992.00000000000000000000000000000000000000000000000000
254;1266184.00000000000000000000000000000000000000000000000000
255;1266216.00000000000000000000000000000000000000000000000000
256;1265956.00000000000000000000000000000000000000000000000000
257;1266028.00000000000000000000000000000000000000000000000000
258;1265960.00000000000000000000000000000000000000000000000000
259;1256652.00000000000000000000000000000000000000000000000000
260;1256564.00000000000000000000000000000000000000000000000000
261;1256992.00000000000000000000000000000000000000000000000000
262;1257452.00000000000000000000000000000000000000000000000000
263;1257704.00000000000000000000000000000000000000000000000000
264;1257880.00000000000000000000000000000000000000000000000000
265;1258908.00000000000000000000000000000000000000000000000000
266;1259116.00000000000000000000000000000000000000000000000000
267;1260344.00000000000000000000000000000000000000000000000000
268;1261404.00000000000000000000000000000000000000000000000000
269;1261572.00000000000000000000000000000000000000000000000000
270;1262704.00000000000000000000000000000000000000000000000000
271;1264060.00000000000000000000000000000000000000000000000000
272;1264716.00000000000000000000000000000000000000000000000000
273;1265896.00000000000000000000000000000000000000000000000000
274;1265948.00000000000000000000000000000000000000000000000000
275;1265832.00000000000000000000000000000000000000000000000000
276;1266096.00000000000000000000000000000000000000000000000000
277;1265840.00000000000000000000000000000000000000000000000000
278;1266096.00000000000000000000000000000000000000000000000000
279;1265836.00000000000000000000000000000000000000000000000000
280;1266096.00000000000000000000000000000000000000000000000000
281;1265932.00000000000000000000000000000000000000000000000000
282;1265904.00000000000000000000000000000000000000000000000000
283;1255828.00000000000000000000000000000000000000000000000000
284;1255908.00000000000000000000000000000000000000000000000000
285;1255776.00000000000000000000000000000000000000000000000000
286;1256044.00000000000000000000000000000000000000000000000000
287;1257132.00000000000000000000000000000000000000000000000000
288;1257264.00000000000000000000000000000000000000000000000000
289;1257988.00000000000000000000000000000000000000000000000000
290;1258868.00000000000000000000000000000000000000000000000000
291;1260100.00000000000000000000000000000000000000000000000000
292;1260960.00000000000000000000000000000000000000000000000000
293;1261452.00000000000000000000000000000000000000000000000000
294;1262836.00000000000000000000000000000000000000000000000000
295;1263912.00000000000000000000000000000000000000000000000000
296;1265100.00000000000000000000000000000000000000000000000000
297;1267036.00000000000000000000000000000000000000000000000000
298;1267104.00000000000000000000000000000000000000000000000000
299;1267128.00000000000000000000000000000000000000000000000000
300;1267364.00000000000000000000000000000000000000000000000000
301;1267108.00000000000000000000000000000000000000000000000000
302;1267176.00000000000000000000000000000000000000000000000000
303;1267364.00000000000000000000000000000000000000000000000000
304;1267088.00000000000000000000000000000000000000000000000000
305;1267176.00000000000000000000000000000000000000000000000000
306;1267232.00000000000000000000000000000000000000000000000000
307;1257356.00000000000000000000000000000000000000000000000000
308;1257276.00000000000000000000000000000000000000000000000000
309;1258468.00000000000000000000000000000000000000000000000000
310;1258708.00000000000000000000000000000000000000000000000000
311;1259652.00000000000000000000000000000000000000000000000000
312;1261472.00000000000000000000000000000000000000000000000000
313;1262452.00000000000000000000000000000000000000000000000000
314;1263648.00000000000000000000000000000000000000000000000000
315;1263920.00000000000000000000000000000000000000000000000000
316;1264880.00000000000000000000000000000000000000000000000000
317;1265992.00000000000000000000000000000000000000000000000000
318;1266872.00000000000000000000000000000000000000000000000000
319;1266800.00000000000000000000000000000000000000000000000000
320;1266680.00000000000000000000000000000000000000000000000000
321;1266768.00000000000000000000000000000000000000000000000000
322;1266696.00000000000000000000000000000000000000000000000000
323;1266764.00000000000000000000000000000000000000000000000000
324;1266956.00000000000000000000000000000000000000000000000000
325;1266768.00000000000000000000000000000000000000000000000000
326;1266824.00000000000000000000000000000000000000000000000000
327;1255616.00000000000000000000000000000000000000000000000000
328;1255680.00000000000000000000000000000000000000000000000000
329;1255744.00000000000000000000000000000000000000000000000000
330;1256796.00000000000000000000000000000000000000000000000000
331;1257024.00000000000000000000000000000000000000000000000000
332;1258272.00000000000000000000000000000000000000000000000000
333;1259256.00000000000000000000000000000000000000000000000000
334;1260892.00000000000000000000000000000000000000000000000000
335;1261752.00000000000000000000000000000000000000000000000000
336;1262504.00000000000000000000000000000000000000000000000000
337;1265144.00000000000000000000000000000000000000000000000000
338;1266128.00000000000000000000000000000000000000000000000000
339;1267868.00000000000000000000000000000000000000000000000000
340;1268052.00000000000000000000000000000000000000000000000000
341;1268180.00000000000000000000000000000000000000000000000000
342;1268128.00000000000000000000000000000000000000000000000000
343;1268132.00000000000000000000000000000000000000000000000000
344;1268128.00000000000000000000000000000000000000000000000000
345;1268320.00000000000000000000000000000000000000000000000000
346;1268064.00000000000000000000000000000000000000000000000000
347;1268132.00000000000000000000000000000000000000000000000000
348;1268060.00000000000000000000000000000000000000000000000000
349;1259668.00000000000000000000000000000000000000000000000000
350;1259868.00000000000000000000000000000000000000000000000000
351;1260632.00000000000000000000000000000000000000000000000000
352;1261092.00000000000000000000000000000000000000000000000000
353;1261552.00000000000000000000000000000000000000000000000000
354;1262448.00000000000000000000000000000000000000000000000000
355;1262816.00000000000000000000000000000000000000000000000000
356;1264340.00000000000000000000000000000000000000000000000000
357;1264932.00000000000000000000000000000000000000000000000000
358;1265908.00000000000000000000000000000000000000000000000000
359;1267440.00000000000000000000000000000000000000000000000000
360;1267088.00000000000000000000000000000000000000000000000000
361;1267156.00000000000000000000000000000000000000000000000000
362;1267348.00000000000000000000000000000000000000000000000000
363;1267156.00000000000000000000000000000000000000000000000000
364;1267156.00000000000000000000000000000000000000000000000000
365;1267348.00000000000000000000000000000000000000000000000000
366;1267088.00000000000000000000000000000000000000000000000000
367;1267348.00000000000000000000000000000000000000000000000000
368;1267348.00000000000000000000000000000000000000000000000000
369;1256612.00000000000000000000000000000000000000000000000000
370;1256752.00000000000000000000000000000000000000000000000000
371;1257360.00000000000000000000000000000000000000000000000000
372;1257516.00000000000000000000000000000000000000000000000000
373;1257780.00000000000000000000000000000000000000000000000000
374;1259512.00000000000000000000000000000000000000000000000000
375;1260528.00000000000000000000000000000000000000000000000000
376;1262040.00000000000000000000000000000000000000000000000000
377;1262660.00000000000000000000000000000000000000000000000000
378;1264440.00000000000000000000000000000000000000000000000000
379;1266440.00000000000000000000000000000000000000000000000000
380;1267788.00000000000000000000000000000000000000000000000000
381;1268124.00000000000000000000000000000000000000000000000000
382;1268212.00000000000000000000000000000000000000000000000000
383;1268084.00000000000000000000000000000000000000000000000000
384;1268416.00000000000000000000000000000000000000000000000000
385;1268156.00000000000000000000000000000000000000000000000000
386;1268280.00000000000000000000000000000000000000000000000000
387;1268096.00000000000000000000000000000000000000000000000000
388;1268324.00000000000000000000000000000000000000000000000000
389;1268132.00000000000000000000000000000000000000000000000000
390;1257852.00000000000000000000000000000000000000000000000000
391;1257520.00000000000000000000000000000000000000000000000000
392;1258180.00000000000000000000000000000000000000000000000000
393;1258512.00000000000000000000000000000000000000000000000000
394;1259360.00000000000000000000000000000000000000000000000000
395;1260632.00000000000000000000000000000000000000000000000000
396;1262056.00000000000000000000000000000000000000000000000000
397;1262396.00000000000000000000000000000000000000000000000000
398;1263416.00000000000000000000000000000000000000000000000000
399;1264516.00000000000000000000000000000000000000000000000000
400;1265436.00000000000000000000000000000000000000000000000000
401;1266912.00000000000000000000000000000000000000000000000000
402;1267092.00000000000000000000000000000000000000000000000000
403;1267096.00000000000000000000000000000000000000000000000000
404;1267060.00000000000000000000000000000000000000000000000000
405;1267192.00000000000000000000000000000000000000000000000000
406;1267120.00000000000000000000000000000000000000000000000000
407;1267120.00000000000000000000000000000000000000000000000000
408;1267380.00000000000000000000000000000000000000000000000000
409;1267124.00000000000000000000000000000000000000000000000000
410;1267120.00000000000000000000000000000000000000000000000000
411;1267380.00000000000000000000000000000000000000000000000000
412;1256800.00000000000000000000000000000000000000000000000000
413;1257124.00000000000000000000000000000000000000000000000000
414;1257624.00000000000000000000000000000000000000000000000000
415;1257164.00000000000000000000000000000000000000000000000000
416;1258332.00000000000000000000000000000000000000000000000000
417;1260380.00000000000000000000000000000000000000000000000000
418;1261520.00000000000000000000000000000000000000000000000000
419;1262416.00000000000000000000000000000000000000000000000000
420;1262980.00000000000000000000000000000000000000000000000000
421;1264064.00000000000000000000000000000000000000000000000000
422;1264768.00000000000000000000000000000000000000000000000000
423;1266196.00000000000000000000000000000000000000000000000000
424;1268196.00000000000000000000000000000000000000000000000000
425;1268156.00000000000000000000000000000000000000000000000000
426;1268156.00000000000000000000000000000000000000000000000000
427;1268412.00000000000000000000000000000000000000000000000000
428;1268220.00000000000000000000000000000000000000000000000000
429;1268220.00000000000000000000000000000000000000000000000000
430;1268412.00000000000000000000000000000000000000000000000000
431;1268156.00000000000000000000000000000000000000000000000000
432;1268156.00000000000000000000000000000000000000000000000000
433;1268192.00000000000000000000000000000000000000000000000000
434;1257808.00000000000000000000000000000000000000000000000000
435;1258092.00000000000000000000000000000000000000000000000000
436;1258496.00000000000000000000000000000000000000000000000000
437;1259524.00000000000000000000000000000000000000000000000000
438;1259520.00000000000000000000000000000000000000000000000000
439;1261224.00000000000000000000000000000000000000000000000000
440;1261972.00000000000000000000000000000000000000000000000000
441;1262952.00000000000000000000000000000000000000000000000000
442;1263964.00000000000000000000000000000000000000000000000000
443;1265000.00000000000000000000000000000000000000000000000000
444;1266460.00000000000000000000000000000000000000000000000000
445;1267468.00000000000000000000000000000000000000000000000000
446;1267588.00000000000000000000000000000000000000000000000000
447;1267436.00000000000000000000000000000000000000000000000000
448;1267540.00000000000000000000000000000000000000000000000000
449;1267636.00000000000000000000000000000000000000000000000000
450;1267540.00000000000000000000000000000000000000000000000000
451;1267508.00000000000000000000000000000000000000000000000000
452;1267544.00000000000000000000000000000000000000000000000000
453;1267540.00000000000000000000000000000000000000000000000000
454;1256828.00000000000000000000000000000000000000000000000000
455;1256884.00000000000000000000000000000000000000000000000000
456;1257452.00000000000000000000000000000000000000000000000000
457;1257868.00000000000000000000000000000000000000000000000000
458;1258208.00000000000000000000000000000000000000000000000000
459;1259132.00000000000000000000000000000000000000000000000000
460;1261064.00000000000000000000000000000000000000000000000000
461;1262800.00000000000000000000000000000000000000000000000000
462;1263456.00000000000000000000000000000000000000000000000000
463;1264572.00000000000000000000000000000000000000000000000000
464;1265800.00000000000000000000000000000000000000000000000000
465;1267532.00000000000000000000000000000000000000000000000000
466;1268580.00000000000000000000000000000000000000000000000000
467;1268744.00000000000000000000000000000000000000000000000000
468;1268804.00000000000000000000000000000000000000000000000000
469;1268936.00000000000000000000000000000000000000000000000000
470;1268744.00000000000000000000000000000000000000000000000000
471;1268748.00000000000000000000000000000000000000000000000000
472;1268936.00000000000000000000000000000000000000000000000000
473;1268936.00000000000000000000000000000000000000000000000000
474;1268676.00000000000000000000000000000000000000000000000000
475;1257868.00000000000000000000000000000000000000000000000000
476;1258504.00000000000000000000000000000000000000000000000000
477;1259704.00000000000000000000000000000000000000000000000000
478;1259804.00000000000000000000000000000000000000000000000000
479;1260596.00000000000000000000000000000000000000000000000000
480;1261312.00000000000000000000000000000000000000000000000000
481;1263220.00000000000000000000000000000000000000000000000000
482;1263168.00000000000000000000000000000000000000000000000000
483;1264828.00000000000000000000000000000000000000000000000000
484;1265312.00000000000000000000000000000000000000000000000000
485;1266048.00000000000000000000000000000000000000000000000000
486;1267520.00000000000000000000000000000000000000000000000000
487;1267772.00000000000000000000000000000000000000000000000000
488;1267804.00000000000000000000000000000000000000000000000000
489;1267776.00000000000000000000000000000000000000000000000000
490;1267772.00000000000000000000000000000000000000000000000000
491;1267772.00000000000000000000000000000000000000000000000000
492;1267740.00000000000000000000000000000000000000000000000000
493;1267808.00000000000000000000000000000000000000000000000000
494;1267736.00000000000000000000000000000000000000000000000000
495;1267776.00000000000000000000000000000000000000000000000000
496;1255980.00000000000000000000000000000000000000000000000000
497;1256232.00000000000000000000000000000000000000000000000000
498;1257832.00000000000000000000000000000000000000000000000000
499;1257892.00000000000000000000000000000000000000000000000000
500;1258744.00000000000000000000000000000000000000000000000000
501;1260428.00000000000000000000000000000000000000000000000000
502;1261480.00000000000000000000000000000000000000000000000000
503;1262260.00000000000000000000000000000000000000000000000000
504;1264104.00000000000000000000000000000000000000000000000000
505;1265992.00000000000000000000000000000000000000000000000000
506;1266836.00000000000000000000000000000000000000000000000000
507;1267760.00000000000000000000000000000000000000000000000000
508;1267568.00000000000000000000000000000000000000000000000000
509;1267792.00000000000000000000000000000000000000000000000000
510;1267688.00000000000000000000000000000000000000000000000000
511;1267760.00000000000000000000000000000000000000000000000000
512;1267760.00000000000000000000000000000000000000000000000000
513;1267604.00000000000000000000000000000000000000000000000000
514;1267660.00000000000000000000000000000000000000000000000000
515;1267568.00000000000000000000000000000000000000000000000000
516;1256828.00000000000000000000000000000000000000000000000000
517;1257176.00000000000000000000000000000000000000000000000000
518;1257748.00000000000000000000000000000000000000000000000000
519;1258060.00000000000000000000000000000000000000000000000000
520;1258876.00000000000000000000000000000000000000000000000000
521;1260148.00000000000000000000000000000000000000000000000000
522;1261724.00000000000000000000000000000000000000000000000000
523;1262868.00000000000000000000000000000000000000000000000000
524;1263224.00000000000000000000000000000000000000000000000000
525;1265112.00000000000000000000000000000000000000000000000000
526;1265720.00000000000000000000000000000000000000000000000000
527;1267756.00000000000000000000000000000000000000000000000000
528;1268520.00000000000000000000000000000000000000000000000000
529;1268520.00000000000000000000000000000000000000000000000000
530;1268780.00000000000000000000000000000000000000000000000000
531;1268516.00000000000000000000000000000000000000000000000000
532;1268552.00000000000000000000000000000000000000000000000000
533;1268520.00000000000000000000000000000000000000000000000000
534;1268548.00000000000000000000000000000000000000000000000000
535;1268552.00000000000000000000000000000000000000000000000000
536;1268584.00000000000000000000000000000000000000000000000000
537;1258948.00000000000000000000000000000000000000000000000000
538;1259408.00000000000000000000000000000000000000000000000000
539;1259756.00000000000000000000000000000000000000000000000000
540;1260520.00000000000000000000000000000000000000000000000000
541;1260912.00000000000000000000000000000000000000000000000000
542;1261488.00000000000000000000000000000000000000000000000000
543;1262752.00000000000000000000000000000000000000000000000000
544;1263604.00000000000000000000000000000000000000000000000000
545;1265036.00000000000000000000000000000000000000000000000000
546;1265788.00000000000000000000000000000000000000000000000000
547;1268068.00000000000000000000000000000000000000000000000000
548;1268772.00000000000000000000000000000000000000000000000000
549;1268960.00000000000000000000000000000000000000000000000000
550;1268960.00000000000000000000000000000000000000000000000000
551;1268836.00000000000000000000000000000000000000000000000000
552;1268784.00000000000000000000000000000000000000000000000000
553;1268844.00000000000000000000000000000000000000000000000000
554;1268788.00000000000000000000000000000000000000000000000000
555;1268716.00000000000000000000000000000000000000000000000000
556;1268788.00000000000000000000000000000000000000000000000000
557;1256316.00000000000000000000000000000000000000000000000000
558;1256972.00000000000000000000000000000000000000000000000000
559;1257784.00000000000000000000000000000000000000000000000000
560;1258300.00000000000000000000000000000000000000000000000000
561;1258364.00000000000000000000000000000000000000000000000000
562;1260336.00000000000000000000000000000000000000000000000000
563;1261100.00000000000000000000000000000000000000000000000000
564;1261992.00000000000000000000000000000000000000000000000000
565;1262996.00000000000000000000000000000000000000000000000000
566;1263664.00000000000000000000000000000000000000000000000000
567;1266092.00000000000000000000000000000000000000000000000000
568;1267336.00000000000000000000000000000000000000000000000000
569;1267708.00000000000000000000000000000000000000000000000000
570;1267972.00000000000000000000000000000000000000000000000000
571;1267972.00000000000000000000000000000000000000000000000000
572;1267716.00000000000000000000000000000000000000000000000000
573;1267716.00000000000000000000000000000000000000000000000000
574;1267780.00000000000000000000000000000000000000000000000000
575;1267840.00000000000000000000000000000000000000000000000000
576;1267832.00000000000000000000000000000000000000000000000000
577;1267780.00000000000000000000000000000000000000000000000000
578;1257152.00000000000000000000000000000000000000000000000000
579;1258084.00000000000000000000000000000000000000000000000000
580;1259036.00000000000000000000000000000000000000000000000000
581;1259348.00000000000000000000000000000000000000000000000000
582;1260284.00000000000000000000000000000000000000000000000000
583;1261328.00000000000000000000000000000000000000000000000000
584;1262364.00000000000000000000000000000000000000000000000000
585;1262756.00000000000000000000000000000000000000000000000000
586;1264696.00000000000000000000000000000000000000000000000000
587;1265820.00000000000000000000000000000000000000000000000000
588;1266780.00000000000000000000000000000000000000000000000000
589;1268376.00000000000000000000000000000000000000000000000000
590;1268312.00000000000000000000000000000000000000000000000000
591;1268568.00000000000000000000000000000000000000000000000000
592;1268584.00000000000000000000000000000000000000000000000000
593;1268324.00000000000000000000000000000000000000000000000000
594;1268396.00000000000000000000000000000000000000000000000000
595;1268584.00000000000000000000000000000000000000000000000000
596;1268392.00000000000000000000000000000000000000000000000000
597;1268392.00000000000000000000000000000000000000000000000000
598;1268392.00000000000000000000000000000000000000000000000000
599;1257660.00000000000000000000000000000000000000000000000000
600;1257788.00000000000000000000000000000000000000000000000000
601;1258720.00000000000000000000000000000000000000000000000000
602;1259012.00000000000000000000000000000000000000000000000000
603;1259068.00000000000000000000000000000000000000000000000000
604;1259740.00000000000000000000000000000000000000000000000000
605;1261448.00000000000000000000000000000000000000000000000000
606;1262288.00000000000000000000000000000000000000000000000000
607;1263228.00000000000000000000000000000000000000000000000000
608;1264452.00000000000000000000000000000000000000000000000000
609;1265572.00000000000000000000000000000000000000000000000000
610;1266920.00000000000000000000000000000000000000000000000000
611;1268172.00000000000000000000000000000000000000000000000000
612;1268408.00000000000000000000000000000000000000000000000000
613;1268532.00000000000000000000000000000000000000000000000000
614;1268404.00000000000000000000000000000000000000000000000000
615;1268676.00000000000000000000000000000000000000000000000000
616;1268488.00000000000000000000000000000000000000000000000000
617;1268676.00000000000000000000000000000000000000000000000000
618;1268452.00000000000000000000000000000000000000000000000000
619;1268452.00000000000000000000000000000000000000000000000000
620;1268572.00000000000000000000000000000000000000000000000000
621;1258736.00000000000000000000000000000000000000000000000000
622;1258976.00000000000000000000000000000000000000000000000000
623;1258320.00000000000000000000000000000000000000000000000000
624;1259928.00000000000000000000000000000000000000000000000000
625;1260416.00000000000000000000000000000000000000000000000000
626;1260836.00000000000000000000000000000000000000000000000000
627;1262296.00000000000000000000000000000000000000000000000000
628;1262880.00000000000000000000000000000000000000000000000000
629;1263980.00000000000000000000000000000000000000000000000000
630;1265620.00000000000000000000000000000000000000000000000000
631;1265804.00000000000000000000000000000000000000000000000000
632;1267180.00000000000000000000000000000000000000000000000000
633;1268340.00000000000000000000000000000000000000000000000000
634;1268304.00000000000000000000000000000000000000000000000000
635;1268304.00000000000000000000000000000000000000000000000000
636;1268564.00000000000000000000000000000000000000000000000000
637;1268376.00000000000000000000000000000000000000000000000000
638;1268304.00000000000000000000000000000000000000000000000000
639;1268564.00000000000000000000000000000000000000000000000000
640;1268460.00000000000000000000000000000000000000000000000000
641;1268532.00000000000000000000000000000000000000000000000000
642;1268432.00000000000000000000000000000000000000000000000000
643;1258060.00000000000000000000000000000000000000000000000000
644;1257804.00000000000000000000000000000000000000000000000000
645;1258780.00000000000000000000000000000000000000000000000000
646;1258928.00000000000000000000000000000000000000000000000000
647;1259364.00000000000000000000000000000000000000000000000000
648;1261000.00000000000000000000000000000000000000000000000000
649;1261628.00000000000000000000000000000000000000000000000000
650;1262668.00000000000000000000000000000000000000000000000000
651;1263720.00000000000000000000000000000000000000000000000000
652;1264768.00000000000000000000000000000000000000000000000000
653;1265760.00000000000000000000000000000000000000000000000000
654;1268060.00000000000000000000000000000000000000000000000000
655;1268452.00000000000000000000000000000000000000000000000000
656;1268484.00000000000000000000000000000000000000000000000000
657;1268540.00000000000000000000000000000000000000000000000000
658;1268416.00000000000000000000000000000000000000000000000000
659;1268416.00000000000000000000000000000000000000000000000000
660;1268452.00000000000000000000000000000000000000000000000000
661;1268420.00000000000000000000000000000000000000000000000000
662;1268528.00000000000000000000000000000000000000000000000000
663;1268416.00000000000000000000000000000000000000000000000000
664;1257752.00000000000000000000000000000000000000000000000000
665;1258044.00000000000000000000000000000000000000000000000000
666;1258592.00000000000000000000000000000000000000000000000000
667;1259232.00000000000000000000000000000000000000000000000000
668;1260260.00000000000000000000000000000000000000000000000000
669;1261540.00000000000000000000000000000000000000000000000000
670;1262676.00000000000000000000000000000000000000000000000000
671;1263464.00000000000000000000000000000000000000000000000000
672;1265144.00000000000000000000000000000000000000000000000000
673;1265856.00000000000000000000000000000000000000000000000000
674;1266964.00000000000000000000000000000000000000000000000000
675;1268084.00000000000000000000000000000000000000000000000000
676;1268040.00000000000000000000000000000000000000000000000000
677;1268036.00000000000000000000000000000000000000000000000000
678;1267968.00000000000000000000000000000000000000000000000000
679;1268036.00000000000000000000000000000000000000000000000000
680;1267972.00000000000000000000000000000000000000000000000000
681;1268228.00000000000000000000000000000000000000000000000000
682;1268040.00000000000000000000000000000000000000000000000000
683;1268036.00000000000000000000000000000000000000000000000000
684;1256828.00000000000000000000000000000000000000000000000000
685;1257524.00000000000000000000000000000000000000000000000000
686;1257844.00000000000000000000000000000000000000000000000000
687;1257920.00000000000000000000000000000000000000000000000000
688;1258596.00000000000000000000000000000000000000000000000000
689;1259228.00000000000000000000000000000000000000000000000000
690;1260872.00000000000000000000000000000000000000000000000000
691;1261240.00000000000000000000000000000000000000000000000000
692;1262412.00000000000000000000000000000000000000000000000000
693;1263816.00000000000000000000000000000000000000000000000000
694;1264584.00000000000000000000000000000000000000000000000000
695;1265760.00000000000000000000000000000000000000000000000000
696;1267720.00000000000000000000000000000000000000000000000000
697;1268748.00000000000000000000000000000000000000000000000000
698;1268708.00000000000000000000000000000000000000000000000000
699;1268448.00000000000000000000000000000000000000000000000000
700;1268452.00000000000000000000000000000000000000000000000000
701;1268448.00000000000000000000000000000000000000000000000000
702;1268520.00000000000000000000000000000000000000000000000000
703;1268708.00000000000000000000000000000000000000000000000000
704;1268448.00000000000000000000000000000000000000000000000000
705;1268448.00000000000000000000000000000000000000000000000000
706;1268516.00000000000000000000000000000000000000000000000000
707;1258804.00000000000000000000000000000000000000000000000000
708;1258884.00000000000000000000000000000000000000000000000000
709;1259388.00000000000000000000000000000000000000000000000000
710;1260452.00000000000000000000000000000000000000000000000000
711;1260460.00000000000000000000000000000000000000000000000000
712;1261800.00000000000000000000000000000000000000000000000000
713;1263348.00000000000000000000000000000000000000000000000000
714;1264580.00000000000000000000000000000000000000000000000000
715;1265432.00000000000000000000000000000000000000000000000000
716;1265976.00000000000000000000000000000000000000000000000000
717;1267568.00000000000000000000000000000000000000000000000000
718;1269480.00000000000000000000000000000000000000000000000000
719;1269488.00000000000000000000000000000000000000000000000000
720;1269484.00000000000000000000000000000000000000000000000000
721;1269484.00000000000000000000000000000000000000000000000000
722;1269568.00000000000000000000000000000000000000000000000000
723;1269488.00000000000000000000000000000000000000000000000000
724;1269748.00000000000000000000000000000000000000000000000000
725;1269488.00000000000000000000000000000000000000000000000000
726;1269488.00000000000000000000000000000000000000000000000000
727;1269492.00000000000000000000000000000000000000000000000000
728;1257972.00000000000000000000000000000000000000000000000000
729;1258052.00000000000000000000000000000000000000000000000000
730;1258876.00000000000000000000000000000000000000000000000000
731;1259272.00000000000000000000000000000000000000000000000000
732;1260148.00000000000000000000000000000000000000000000000000
733;1261500.00000000000000000000000000000000000000000000000000
734;1262408.00000000000000000000000000000000000000000000000000
735;1263000.00000000000000000000000000000000000000000000000000
736;1264376.00000000000000000000000000000000000000000000000000
737;1265980.00000000000000000000000000000000000000000000000000
738;1266712.00000000000000000000000000000000000000000000000000
739;1268292.00000000000000000000000000000000000000000000000000
740;1269628.00000000000000000000000000000000000000000000000000
741;1269676.00000000000000000000000000000000000000000000000000
742;1269520.00000000000000000000000000000000000000000000000000
743;1269520.00000000000000000000000000000000000000000000000000
744;1269592.00000000000000000000000000000000000000000000000000
745;1269676.00000000000000000000000000000000000000000000000000
746;1269780.00000000000000000000000000000000000000000000000000
747;1269588.00000000000000000000000000000000000000000000000000
748;1269560.00000000000000000000000000000000000000000000000000
749;1258736.00000000000000000000000000000000000000000000000000
750;1258992.00000000000000000000000000000000000000000000000000
751;1259476.00000000000000000000000000000000000000000000000000
752;1260600.00000000000000000000000000000000000000000000000000
753;1260640.00000000000000000000000000000000000000000000000000
754;1261732.00000000000000000000000000000000000000000000000000
755;1263920.00000000000000000000000000000000000000000000000000
756;1264264.00000000000000000000000000000000000000000000000000
757;1265140.00000000000000000000000000000000000000000000000000
758;1266256.00000000000000000000000000000000000000000000000000
759;1266900.00000000000000000000000000000000000000000000000000
760;1268248.00000000000000000000000000000000000000000000000000
761;1269768.00000000000000000000000000000000000000000000000000
762;1269684.00000000000000000000000000000000000000000000000000
763;1269756.00000000000000000000000000000000000000000000000000
764;1269944.00000000000000000000000000000000000000000000000000
765;1269684.00000000000000000000000000000000000000000000000000
766;1269756.00000000000000000000000000000000000000000000000000
767;1269812.00000000000000000000000000000000000000000000000000
768;1269944.00000000000000000000000000000000000000000000000000
769;1269688.00000000000000000000000000000000000000000000000000
770;1269724.00000000000000000000000000000000000000000000000000
771;1257848.00000000000000000000000000000000000000000000000000
772;1258256.00000000000000000000000000000000000000000000000000
773;1258604.00000000000000000000000000000000000000000000000000
774;1259760.00000000000000000000000000000000000000000000000000
775;1260780.00000000000000000000000000000000000000000000000000
776;1261288.00000000000000000000000000000000000000000000000000
777;1263112.00000000000000000000000000000000000000000000000000
778;1263940.00000000000000000000000000000000000000000000000000
779;1265140.00000000000000000000000000000000000000000000000000
780;1266656.00000000000000000000000000000000000000000000000000
781;1268060.00000000000000000000000000000000000000000000000000
782;1268596.00000000000000000000000000000000000000000000000000
783;1268528.00000000000000000000000000000000000000000000000000
784;1268784.00000000000000000000000000000000000000000000000000
785;1268592.00000000000000000000000000000000000000000000000000
786;1268592.00000000000000000000000000000000000000000000000000
787;1268784.00000000000000000000000000000000000000000000000000
788;1268524.00000000000000000000000000000000000000000000000000
789;1268596.00000000000000000000000000000000000000000000000000
790;1256268.00000000000000000000000000000000000000000000000000
791;1257884.00000000000000000000000000000000000000000000000000
792;1257940.00000000000000000000000000000000000000000000000000
793;1258216.00000000000000000000000000000000000000000000000000
794;1259264.00000000000000000000000000000000000000000000000000
795;1259756.00000000000000000000000000000000000000000000000000
796;1261476.00000000000000000000000000000000000000000000000000
797;1262376.00000000000000000000000000000000000000000000000000
798;1263748.00000000000000000000000000000000000000000000000000
799;1264672.00000000000000000000000000000000000000000000000000
800;1266140.00000000000000000000000000000000000000000000000000
801;1267568.00000000000000000000000000000000000000000000000000
802;1267760.00000000000000000000000000000000000000000000000000
803;1267760.00000000000000000000000000000000000000000000000000
804;1267500.00000000000000000000000000000000000000000000000000
805;1267500.00000000000000000000000000000000000000000000000000
806;1267568.00000000000000000000000000000000000000000000000000
807;1267568.00000000000000000000000000000000000000000000000000
808;1267568.00000000000000000000000000000000000000000000000000
809;1267760.00000000000000000000000000000000000000000000000000
810;1257080.00000000000000000000000000000000000000000000000000
811;1257076.00000000000000000000000000000000000000000000000000
812;1258648.00000000000000000000000000000000000000000000000000
813;1258708.00000000000000000000000000000000000000000000000000
814;1260360.00000000000000000000000000000000000000000000000000
815;1260484.00000000000000000000000000000000000000000000000000
816;1261708.00000000000000000000000000000000000000000000000000
817;1262816.00000000000000000000000000000000000000000000000000
818;1263912.00000000000000000000000000000000000000000000000000
819;1265512.00000000000000000000000000000000000000000000000000
820;1266592.00000000000000000000000000000000000000000000000000
821;1267996.00000000000000000000000000000000000000000000000000
822;1268840.00000000000000000000000000000000000000000000000000
823;1268836.00000000000000000000000000000000000000000000000000
824;1269068.00000000000000000000000000000000000000000000000000
825;1269068.00000000000000000000000000000000000000000000000000
826;1269068.00000000000000000000000000000000000000000000000000
827;1269068.00000000000000000000000000000000000000000000000000
828;1268880.00000000000000000000000000000000000000000000000000
829;1268880.00000000000000000000000000000000000000000000000000
830;1268808.00000000000000000000000000000000000000000000000000
831;1257120.00000000000000000000000000000000000000000000000000
832;1258720.00000000000000000000000000000000000000000000000000
833;1259088.00000000000000000000000000000000000000000000000000
834;1259672.00000000000000000000000000000000000000000000000000
835;1260224.00000000000000000000000000000000000000000000000000
836;1261724.00000000000000000000000000000000000000000000000000
837;1262532.00000000000000000000000000000000000000000000000000
838;1263144.00000000000000000000000000000000000000000000000000
839;1264728.00000000000000000000000000000000000000000000000000
840;1265880.00000000000000000000000000000000000000000000000000
841;1267432.00000000000000000000000000000000000000000000000000
842;1268944.00000000000000000000000000000000000000000000000000
843;1269136.00000000000000000000000000000000000000000000000000
844;1268876.00000000000000000000000000000000000000000000000000
845;1269040.00000000000000000000000000000000000000000000000000
846;1268912.00000000000000000000000000000000000000000000000000
847;1268912.00000000000000000000000000000000000000000000000000
848;1269172.00000000000000000000000000000000000000000000000000
849;1268916.00000000000000000000000000000000000000000000000000
850;1268984.00000000000000000000000000000000000000000000000000
851;1258108.00000000000000000000000000000000000000000000000000
852;1258556.00000000000000000000000000000000000000000000000000
853;1258396.00000000000000000000000000000000000000000000000000
854;1259520.00000000000000000000000000000000000000000000000000
855;1260100.00000000000000000000000000000000000000000000000000
856;1260488.00000000000000000000000000000000000000000000000000
857;1262472.00000000000000000000000000000000000000000000000000
858;1263388.00000000000000000000000000000000000000000000000000
859;1265016.00000000000000000000000000000000000000000000000000
860;1266300.00000000000000000000000000000000000000000000000000
861;1268020.00000000000000000000000000000000000000000000000000
862;1268820.00000000000000000000000000000000000000000000000000
863;1268652.00000000000000000000000000000000000000000000000000
864;1268724.00000000000000000000000000000000000000000000000000
865;1268912.00000000000000000000000000000000000000000000000000
866;1268656.00000000000000000000000000000000000000000000000000
867;1268656.00000000000000000000000000000000000000000000000000
868;1268912.00000000000000000000000000000000000000000000000000
869;1268656.00000000000000000000000000000000000000000000000000
870;1268656.00000000000000000000000000000000000000000000000000
871;1268720.00000000000000000000000000000000000000000000000000
872;1258064.00000000000000000000000000000000000000000000000000
873;1258120.00000000000000000000000000000000000000000000000000
874;1258116.00000000000000000000000000000000000000000000000000
875;1259180.00000000000000000000000000000000000000000000000000
876;1259372.00000000000000000000000000000000000000000000000000
877;1260628.00000000000000000000000000000000000000000000000000
878;1262028.00000000000000000000000000000000000000000000000000
879;1262888.00000000000000000000000000000000000000000000000000
880;1263540.00000000000000000000000000000000000000000000000000
881;1263976.00000000000000000000000000000000000000000000000000
882;1264968.00000000000000000000000000000000000000000000000000
883;1267100.00000000000000000000000000000000000000000000000000
884;1269324.00000000000000000000000000000000000000000000000000
885;1269536.00000000000000000000000000000000000000000000000000
886;1269348.00000000000000000000000000000000000000000000000000
887;1269416.00000000000000000000000000000000000000000000000000
888;1269416.00000000000000000000000000000000000000000000000000
889;1269472.00000000000000000000000000000000000000000000000000
890;1269604.00000000000000000000000000000000000000000000000000
891;1269472.00000000000000000000000000000000000000000000000000
892;1269384.00000000000000000000000000000000000000000000000000
893;1269348.00000000000000000000000000000000000000000000000000
894;1258968.00000000000000000000000000000000000000000000000000
895;1259000.00000000000000000000000000000000000000000000000000
896;1259508.00000000000000000000000000000000000000000000000000
897;1260616.00000000000000000000000000000000000000000000000000
898;1260996.00000000000000000000000000000000000000000000000000
899;1262356.00000000000000000000000000000000000000000000000000
900;1263108.00000000000000000000000000000000000000000000000000
901;1264160.00000000000000000000000000000000000000000000000000
902;1265448.00000000000000000000000000000000000000000000000000
903;1266340.00000000000000000000000000000000000000000000000000
904;1267988.00000000000000000000000000000000000000000000000000
905;1268836.00000000000000000000000000000000000000000000000000
906;1268868.00000000000000000000000000000000000000000000000000
907;1268868.00000000000000000000000000000000000000000000000000
908;1268612.00000000000000000000000000000000000000000000000000
909;1268732.00000000000000000000000000000000000000000000000000
910;1268868.00000000000000000000000000000000000000000000000000
911;1268644.00000000000000000000000000000000000000000000000000
912;1268612.00000000000000000000000000000000000000000000000000
913;1268612.00000000000000000000000000000000000000000000000000
914;1257852.00000000000000000000000000000000000000000000000000
915;1258372.00000000000000000000000000000000000000000000000000
916;1258772.00000000000000000000000000000000000000000000000000
917;1259424.00000000000000000000000000000000000000000000000000
918;1259776.00000000000000000000000000000000000000000000000000
919;1261024.00000000000000000000000000000000000000000000000000
920;1262696.00000000000000000000000000000000000000000000000000
921;1263360.00000000000000000000000000000000000000000000000000
922;1264176.00000000000000000000000000000000000000000000000000
923;1265628.00000000000000000000000000000000000000000000000000
924;1266536.00000000000000000000000000000000000000000000000000
925;1268232.00000000000000000000000000000000000000000000000000
926;1269272.00000000000000000000000000000000000000000000000000
927;1269308.00000000000000000000000000000000000000000000000000
928;1269272.00000000000000000000000000000000000000000000000000
929;1269236.00000000000000000000000000000000000000000000000000
930;1269368.00000000000000000000000000000000000000000000000000
931;1269240.00000000000000000000000000000000000000000000000000
932;1269496.00000000000000000000000000000000000000000000000000
933;1269272.00000000000000000000000000000000000000000000000000
934;1269364.00000000000000000000000000000000000000000000000000
935;1258664.00000000000000000000000000000000000000000000000000
936;1258860.00000000000000000000000000000000000000000000000000
937;1259244.00000000000000000000000000000000000000000000000000
938;1260044.00000000000000000000000000000000000000000000000000
939;1260060.00000000000000000000000000000000000000000000000000
940;1260488.00000000000000000000000000000000000000000000000000
941;1261948.00000000000000000000000000000000000000000000000000
942;1263068.00000000000000000000000000000000000000000000000000
943;1263908.00000000000000000000000000000000000000000000000000
944;1264664.00000000000000000000000000000000000000000000000000
945;1265304.00000000000000000000000000000000000000000000000000
946;1267356.00000000000000000000000000000000000000000000000000
947;1268512.00000000000000000000000000000000000000000000000000
948;1270324.00000000000000000000000000000000000000000000000000
949;1270372.00000000000000000000000000000000000000000000000000
950;1270336.00000000000000000000000000000000000000000000000000
951;1270304.00000000000000000000000000000000000000000000000000
952;1270344.00000000000000000000000000000000000000000000000000
953;1270308.00000000000000000000000000000000000000000000000000
954;1270532.00000000000000000000000000000000000000000000000000
955;1270344.00000000000000000000000000000000000000000000000000
956;1270376.00000000000000000000000000000000000000000000000000
957;1259588.00000000000000000000000000000000000000000000000000
958;1259804.00000000000000000000000000000000000000000000000000
959;1260456.00000000000000000000000000000000000000000000000000
960;1261124.00000000000000000000000000000000000000000000000000
961;1261684.00000000000000000000000000000000000000000000000000
962;1263268.00000000000000000000000000000000000000000000000000
963;1264628.00000000000000000000000000000000000000000000000000
964;1265512.00000000000000000000000000000000000000000000000000
965;1266480.00000000000000000000000000000000000000000000000000
966;1267652.00000000000000000000000000000000000000000000000000
967;1269444.00000000000000000000000000000000000000000000000000
968;1270088.00000000000000000000000000000000000000000000000000
969;1270128.00000000000000000000000000000000000000000000000000
970;1270128.00000000000000000000000000000000000000000000000000
971;1270316.00000000000000000000000000000000000000000000000000
972;1270076.00000000000000000000000000000000000000000000000000
973;1270144.00000000000000000000000000000000000000000000000000
974;1270076.00000000000000000000000000000000000000000000000000
975;1270144.00000000000000000000000000000000000000000000000000
976;1270144.00000000000000000000000000000000000000000000000000
977;1258252.00000000000000000000000000000000000000000000000000
978;1258348.00000000000000000000000000000000000000000000000000
979;1258860.00000000000000000000000000000000000000000000000000
980;1259848.00000000000000000000000000000000000000000000000000
981;1260308.00000000000000000000000000000000000000000000000000
982;1261140.00000000000000000000000000000000000000000000000000
983;1262408.00000000000000000000000000000000000000000000000000
984;1263464.00000000000000000000000000000000000000000000000000
985;1264480.00000000000000000000000000000000000000000000000000
986;1266160.00000000000000000000000000000000000000000000000000
987;1266800.00000000000000000000000000000000000000000000000000
988;1268456.00000000000000000000000000000000000000000000000000
989;1269832.00000000000000000000000000000000000000000000000000
990;1270092.00000000000000000000000000000000000000000000000000
991;1269904.00000000000000000000000000000000000000000000000000
992;1269832.00000000000000000000000000000000000000000000000000
993;1269960.00000000000000000000000000000000000000000000000000
994;1269832.00000000000000000000000000000000000000000000000000
995;1269912.00000000000000000000000000000000000000000000000000
996;1269868.00000000000000000000000000000000000000000000000000
997;1270092.00000000000000000000000000000000000000000000000000
998;1257908.00000000000000000000000000000000000000000000000000
999;1258220.00000000000000000000000000000000000000000000000000
1000;1259120.00000000000000000000000000000000000000000000000000
1001;1260260.00000000000000000000000000000000000000000000000000
1002;1260640.00000000000000000000000000000000000000000000000000
1003;1262256.00000000000000000000000000000000000000000000000000
1004;1263616.00000000000000000000000000000000000000000000000000
1005;1264636.00000000000000000000000000000000000000000000000000
1006;1266328.00000000000000000000000000000000000000000000000000
1007;1267736.00000000000000000000000000000000000000000000000000
1008;1268428.00000000000000000000000000000000000000000000000000
1009;1268628.00000000000000000000000000000000000000000000000000
1010;1268628.00000000000000000000000000000000000000000000000000
1011;1268556.00000000000000000000000000000000000000000000000000
1012;1268436.00000000000000000000000000000000000000000000000000
1013;1268372.00000000000000000000000000000000000000000000000000
1014;1268372.00000000000000000000000000000000000000000000000000
1015;1268440.00000000000000000000000000000000000000000000000000
1016;1268436.00000000000000000000000000000000000000000000000000
1017;1257800.00000000000000000000000000000000000000000000000000
1018;1258100.00000000000000000000000000000000000000000000000000
1019;1258116.00000000000000000000000000000000000000000000000000
1020;1259324.00000000000000000000000000000000000000000000000000
1021;1259444.00000000000000000000000000000000000000000000000000
1022;1261456.00000000000000000000000000000000000000000000000000
1023;1262732.00000000000000000000000000000000000000000000000000
1024;1263848.00000000000000000000000000000000000000000000000000
1025;1264232.00000000000000000000000000000000000000000000000000
1026;1266220.00000000000000000000000000000000000000000000000000
1027;1267736.00000000000000000000000000000000000000000000000000
1028;1268796.00000000000000000000000000000000000000000000000000
1029;1269656.00000000000000000000000000000000000000000000000000
1030;1269856.00000000000000000000000000000000000000000000000000
1031;1269664.00000000000000000000000000000000000000000000000000
1032;1269668.00000000000000000000000000000000000000000000000000
1033;1269596.00000000000000000000000000000000000000000000000000
1034;1269596.00000000000000000000000000000000000000000000000000
1035;1269664.00000000000000000000000000000000000000000000000000
1036;1269856.00000000000000000000000000000000000000000000000000
1037;1258428.00000000000000000000000000000000000000000000000000
1038;1258780.00000000000000000000000000000000000000000000000000
1039;1259076.00000000000000000000000000000000000000000000000000
1040;1259932.00000000000000000000000000000000000000000000000000
1041;1260568.00000000000000000000000000000000000000000000000000
1042;1261660.00000000000000000000000000000000000000000000000000
1043;1262620.00000000000000000000000000000000000000000000000000
1044;1264236.00000000000000000000000000000000000000000000000000
1045;1264840.00000000000000000000000000000000000000000000000000
1046;1265328.00000000000000000000000000000000000000000000000000
1047;1267772.00000000000000000000000000000000000000000000000000
1048;1269024.00000000000000000000000000000000000000000000000000
1049;1270108.00000000000000000000000000000000000000000000000000
1050;1270108.00000000000000000000000000000000000000000000000000
1051;1270044.00000000000000000000000000000000000000000000000000
1052;1270044.00000000000000000000000000000000000000000000000000
1053;1270108.00000000000000000000000000000000000000000000000000
1054;1270108.00000000000000000000000000000000000000000000000000
1055;1270300.00000000000000000000000000000000000000000000000000
1056;1270108.00000000000000000000000000000000000000000000000000
1057;1270108.00000000000000000000000000000000000000000000000000
1058;1259244.00000000000000000000000000000000000000000000000000
1059;1259188.00000000000000000000000000000000000000000000000000
1060;1259944.00000000000000000000000000000000000000000000000000
1061;1260420.00000000000000000000000000000000000000000000000000
1062;1260712.00000000000000000000000000000000000000000000000000
1063;1262660.00000000000000000000000000000000000000000000000000
1064;1263752.00000000000000000000000000000000000000000000000000
1065;1264788.00000000000000000000000000000000000000000000000000
1066;1265536.00000000000000000000000000000000000000000000000000
1067;1267084.00000000000000000000000000000000000000000000000000
1068;1267844.00000000000000000000000000000000000000000000000000
1069;1268876.00000000000000000000000000000000000000000000000000
1070;1270140.00000000000000000000000000000000000000000000000000
1071;1269948.00000000000000000000000000000000000000000000000000
1072;1269884.00000000000000000000000000000000000000000000000000
1073;1269948.00000000000000000000000000000000000000000000000000
1074;1269880.00000000000000000000000000000000000000000000000000
1075;1269884.00000000000000000000000000000000000000000000000000
1076;1270068.00000000000000000000000000000000000000000000000000
1077;1269948.00000000000000000000000000000000000000000000000000
1078;1270140.00000000000000000000000000000000000000000000000000
1079;1259852.00000000000000000000000000000000000000000000000000
1080;1260276.00000000000000000000000000000000000000000000000000
1081;1260680.00000000000000000000000000000000000000000000000000
1082;1261732.00000000000000000000000000000000000000000000000000
1083;1262240.00000000000000000000000000000000000000000000000000
1084;1263252.00000000000000000000000000000000000000000000000000
1085;1264140.00000000000000000000000000000000000000000000000000
1086;1265956.00000000000000000000000000000000000000000000000000
1087;1266844.00000000000000000000000000000000000000000000000000
1088;1268044.00000000000000000000000000000000000000000000000000
1089;1268796.00000000000000000000000000000000000000000000000000
1090;1269432.00000000000000000000000000000000000000000000000000
1091;1269660.00000000000000000000000000000000000000000000000000
1092;1269468.00000000000000000000000000000000000000000000000000
1093;1269432.00000000000000000000000000000000000000000000000000
1094;1269504.00000000000000000000000000000000000000000000000000
1095;1269504.00000000000000000000000000000000000000000000000000
1096;1269468.00000000000000000000000000000000000000000000000000
1097;1269472.00000000000000000000000000000000000000000000000000
1098;1269692.00000000000000000000000000000000000000000000000000
1099;1257832.00000000000000000000000000000000000000000000000000
1100;1258204.00000000000000000000000000000000000000000000000000
1101;1258728.00000000000000000000000000000000000000000000000000
1102;1259688.00000000000000000000000000000000000000000000000000
1103;1259804.00000000000000000000000000000000000000000000000000
1104;1261124.00000000000000000000000000000000000000000000000000
1105;1263064.00000000000000000000000000000000000000000000000000
1106;1264064.00000000000000000000000000000000000000000000000000
1107;1264284.00000000000000000000000000000000000000000000000000
1108;1265840.00000000000000000000000000000000000000000000000000
1109;1266964.00000000000000000000000000000000000000000000000000
1110;1268524.00000000000000000000000000000000000000000000000000
1111;1269548.00000000000000000000000000000000000000000000000000
1112;1269620.00000000000000000000000000000000000000000000000000
1113;1269552.00000000000000000000000000000000000000000000000000
1114;1269680.00000000000000000000000000000000000000000000000000
1115;1269620.00000000000000000000000000000000000000000000000000
1116;1269676.00000000000000000000000000000000000000000000000000
1117;1269704.00000000000000000000000000000000000000000000000000
1118;1269552.00000000000000000000000000000000000000000000000000
1119;1269676.00000000000000000000000000000000000000000000000000
1120;1258704.00000000000000000000000000000000000000000000000000
1121;1259476.00000000000000000000000000000000000000000000000000
1122;1260576.00000000000000000000000000000000000000000000000000
1123;1260656.00000000000000000000000000000000000000000000000000
1124;1261084.00000000000000000000000000000000000000000000000000
1125;1262872.00000000000000000000000000000000000000000000000000
1126;1263476.00000000000000000000000000000000000000000000000000
1127;1264800.00000000000000000000000000000000000000000000000000
1128;1265604.00000000000000000000000000000000000000000000000000
1129;1266464.00000000000000000000000000000000000000000000000000
1130;1268740.00000000000000000000000000000000000000000000000000
1131;1268756.00000000000000000000000000000000000000000000000000
1132;1268788.00000000000000000000000000000000000000000000000000
1133;1268872.00000000000000000000000000000000000000000000000000
1134;1268860.00000000000000000000000000000000000000000000000000
1135;1269016.00000000000000000000000000000000000000000000000000
1136;1268792.00000000000000000000000000000000000000000000000000
1137;1268824.00000000000000000000000000000000000000000000000000
1138;1268860.00000000000000000000000000000000000000000000000000
1139;1268828.00000000000000000000000000000000000000000000000000
1140;1257452.00000000000000000000000000000000000000000000000000
1141;1258124.00000000000000000000000000000000000000000000000000
1142;1258424.00000000000000000000000000000000000000000000000000
1143;1259732.00000000000000000000000000000000000000000000000000
1144;1260368.00000000000000000000000000000000000000000000000000
1145;1260960.00000000000000000000000000000000000000000000000000
1146;1262780.00000000000000000000000000000000000000000000000000
1147;1264716.00000000000000000000000000000000000000000000000000
1148;1265088.00000000000000000000000000000000000000000000000000
1149;1266420.00000000000000000000000000000000000000000000000000
1150;1281448.00000000000000000000000000000000000000000000000000
1151;1282724.00000000000000000000000000000000000000000000000000
1152;1282684.00000000000000000000000000000000000000000000000000
1153;1282756.00000000000000000000000000000000000000000000000000
1154;1283016.00000000000000000000000000000000000000000000000000
1155;1282760.00000000000000000000000000000000000000000000000000
1156;1282884.00000000000000000000000000000000000000000000000000
1157;1283016.00000000000000000000000000000000000000000000000000
1158;1282796.00000000000000000000000000000000000000000000000000
1159;1282828.00000000000000000000000000000000000000000000000000
1160;1272668.00000000000000000000000000000000000000000000000000
1161;1272712.00000000000000000000000000000000000000000000000000
1162;1273016.00000000000000000000000000000000000000000000000000
1163;1273424.00000000000000000000000000000000000000000000000000
1164;1274592.00000000000000000000000000000000000000000000000000
1165;1275220.00000000000000000000000000000000000000000000000000
1166;1276440.00000000000000000000000000000000000000000000000000
1167;1277580.00000000000000000000000000000000000000000000000000
1168;1279168.00000000000000000000000000000000000000000000000000
1169;1280480.00000000000000000000000000000000000000000000000000
1170;1281680.00000000000000000000000000000000000000000000000000
1171;1284116.00000000000000000000000000000000000000000000000000
1172;1285076.00000000000000000000000000000000000000000000000000
1173;1284916.00000000000000000000000000000000000000000000000000
1174;1284980.00000000000000000000000000000000000000000000000000
1175;1284960.00000000000000000000000000000000000000000000000000
1176;1284964.00000000000000000000000000000000000000000000000000
1177;1285220.00000000000000000000000000000000000000000000000000
1178;1285028.00000000000000000000000000000000000000000000000000
1179;1284996.00000000000000000000000000000000000000000000000000
1180;1285188.00000000000000000000000000000000000000000000000000
1181;1274288.00000000000000000000000000000000000000000000000000
1182;1274640.00000000000000000000000000000000000000000000000000
1183;1275272.00000000000000000000000000000000000000000000000000
1184;1275244.00000000000000000000000000000000000000000000000000
1185;1276436.00000000000000000000000000000000000000000000000000
1186;1277792.00000000000000000000000000000000000000000000000000
1187;1278812.00000000000000000000000000000000000000000000000000
1188;1279568.00000000000000000000000000000000000000000000000000
1189;1280700.00000000000000000000000000000000000000000000000000
1190;1281700.00000000000000000000000000000000000000000000000000
1191;1283720.00000000000000000000000000000000000000000000000000
1192;1284532.00000000000000000000000000000000000000000000000000
1193;1284796.00000000000000000000000000000000000000000000000000
1194;1284604.00000000000000000000000000000000000000000000000000
1195;1284668.00000000000000000000000000000000000000000000000000
1196;1284684.00000000000000000000000000000000000000000000000000
1197;1284540.00000000000000000000000000000000000000000000000000
1198;1284540.00000000000000000000000000000000000000000000000000
1199;1284540.00000000000000000000000000000000000000000000000000
1200;1284572.00000000000000000000000000000000000000000000000000
1201;1272704.00000000000000000000000000000000000000000000000000
1202;1273536.00000000000000000000000000000000000000000000000000
1203;1273536.00000000000000000000000000000000000000000000000000
1204;1274320.00000000000000000000000000000000000000000000000000
1205;1275568.00000000000000000000000000000000000000000000000000
1206;1276828.00000000000000000000000000000000000000000000000000
1207;1278096.00000000000000000000000000000000000000000000000000
1208;1279900.00000000000000000000000000000000000000000000000000
1209;1280736.00000000000000000000000000000000000000000000000000
1210;1281692.00000000000000000000000000000000000000000000000000
1211;1283376.00000000000000000000000000000000000000000000000000
1212;1285020.00000000000000000000000000000000000000000000000000
1213;1284952.00000000000000000000000000000000000000000000000000
1214;1284952.00000000000000000000000000000000000000000000000000
1215;1285208.00000000000000000000000000000000000000000000000000
1216;1285028.00000000000000000000000000000000000000000000000000
1217;1285176.00000000000000000000000000000000000000000000000000
1218;1285208.00000000000000000000000000000000000000000000000000
1219;1285020.00000000000000000000000000000000000000000000000000
1220;1285080.00000000000000000000000000000000000000000000000000
1221;1285080.00000000000000000000000000000000000000000000000000
1222;1273300.00000000000000000000000000000000000000000000000000
1223;1273132.00000000000000000000000000000000000000000000000000
1224;1274036.00000000000000000000000000000000000000000000000000
1225;1274160.00000000000000000000000000000000000000000000000000
1226;1275356.00000000000000000000000000000000000000000000000000
1227;1276644.00000000000000000000000000000000000000000000000000
1228;1277768.00000000000000000000000000000000000000000000000000
1229;1278888.00000000000000000000000000000000000000000000000000
1230;1279388.00000000000000000000000000000000000000000000000000
1231;1281488.00000000000000000000000000000000000000000000000000
1232;1284072.00000000000000000000000000000000000000000000000000
1233;1285708.00000000000000000000000000000000000000000000000000
1234;1285672.00000000000000000000000000000000000000000000000000
1235;1285740.00000000000000000000000000000000000000000000000000
1236;1285756.00000000000000000000000000000000000000000000000000
1237;1285824.00000000000000000000000000000000000000000000000000
1238;1285756.00000000000000000000000000000000000000000000000000
1239;1286012.00000000000000000000000000000000000000000000000000
1240;1285980.00000000000000000000000000000000000000000000000000
1241;1285788.00000000000000000000000000000000000000000000000000
1242;1273216.00000000000000000000000000000000000000000000000000
1243;1274480.00000000000000000000000000000000000000000000000000
1244;1275152.00000000000000000000000000000000000000000000000000
1245;1275672.00000000000000000000000000000000000000000000000000
1246;1275992.00000000000000000000000000000000000000000000000000
1247;1276364.00000000000000000000000000000000000000000000000000
1248;1277220.00000000000000000000000000000000000000000000000000
1249;1278748.00000000000000000000000000000000000000000000000000
1250;1280120.00000000000000000000000000000000000000000000000000
1251;1281784.00000000000000000000000000000000000000000000000000
1252;1283044.00000000000000000000000000000000000000000000000000
1253;1284288.00000000000000000000000000000000000000000000000000
1254;1284792.00000000000000000000000000000000000000000000000000
1255;1284860.00000000000000000000000000000000000000000000000000
1256;1285072.00000000000000000000000000000000000000000000000000
1257;1284816.00000000000000000000000000000000000000000000000000
1258;1284880.00000000000000000000000000000000000000000000000000
1259;1284800.00000000000000000000000000000000000000000000000000
1260;1284880.00000000000000000000000000000000000000000000000000
1261;1284832.00000000000000000000000000000000000000000000000000
1262;1284904.00000000000000000000000000000000000000000000000000
1263;1273184.00000000000000000000000000000000000000000000000000
1264;1273132.00000000000000000000000000000000000000000000000000
1265;1273792.00000000000000000000000000000000000000000000000000
1266;1274304.00000000000000000000000000000000000000000000000000
1267;1274820.00000000000000000000000000000000000000000000000000
1268;1275608.00000000000000000000000000000000000000000000000000
1269;1277452.00000000000000000000000000000000000000000000000000
1270;1278336.00000000000000000000000000000000000000000000000000
1271;1279096.00000000000000000000000000000000000000000000000000
1272;1280184.00000000000000000000000000000000000000000000000000
1273;1282500.00000000000000000000000000000000000000000000000000
1274;1285060.00000000000000000000000000000000000000000000000000
1275;1285708.00000000000000000000000000000000000000000000000000
1276;1285660.00000000000000000000000000000000000000000000000000
1277;1285600.00000000000000000000000000000000000000000000000000
1278;1285596.00000000000000000000000000000000000000000000000000
1279;1285636.00000000000000000000000000000000000000000000000000
1280;1285636.00000000000000000000000000000000000000000000000000
1281;1285596.00000000000000000000000000000000000000000000000000
1282;1285596.00000000000000000000000000000000000000000000000000
1283;1285632.00000000000000000000000000000000000000000000000000
1284;1274060.00000000000000000000000000000000000000000000000000
1285;1274180.00000000000000000000000000000000000000000000000000
1286;1274052.00000000000000000000000000000000000000000000000000
1287;1274596.00000000000000000000000000000000000000000000000000
1288;1274864.00000000000000000000000000000000000000000000000000
1289;1275908.00000000000000000000000000000000000000000000000000
1290;1277052.00000000000000000000000000000000000000000000000000
1291;1278300.00000000000000000000000000000000000000000000000000
1292;1279600.00000000000000000000000000000000000000000000000000
1293;1280000.00000000000000000000000000000000000000000000000000
1294;1281772.00000000000000000000000000000000000000000000000000
1295;1282332.00000000000000000000000000000000000000000000000000
1296;1285024.00000000000000000000000000000000000000000000000000
1297;1285868.00000000000000000000000000000000000000000000000000
1298;1285736.00000000000000000000000000000000000000000000000000
1299;1285956.00000000000000000000000000000000000000000000000000
1300;1285824.00000000000000000000000000000000000000000000000000
1301;1285696.00000000000000000000000000000000000000000000000000
1302;1285956.00000000000000000000000000000000000000000000000000
1303;1285764.00000000000000000000000000000000000000000000000000
1304;1285700.00000000000000000000000000000000000000000000000000
1305;1285764.00000000000000000000000000000000000000000000000000
1306;1273064.00000000000000000000000000000000000000000000000000
1307;1273336.00000000000000000000000000000000000000000000000000
1308;1274648.00000000000000000000000000000000000000000000000000
1309;1274792.00000000000000000000000000000000000000000000000000
1310;1276508.00000000000000000000000000000000000000000000000000
1311;1278196.00000000000000000000000000000000000000000000000000
1312;1279984.00000000000000000000000000000000000000000000000000
1313;1280868.00000000000000000000000000000000000000000000000000
1314;1281564.00000000000000000000000000000000000000000000000000
1315;1284508.00000000000000000000000000000000000000000000000000
1316;1285636.00000000000000000000000000000000000000000000000000
1317;1286648.00000000000000000000000000000000000000000000000000
1318;1286592.00000000000000000000000000000000000000000000000000
1319;1286528.00000000000000000000000000000000000000000000000000
1320;1286776.00000000000000000000000000000000000000000000000000
1321;1286788.00000000000000000000000000000000000000000000000000
1322;1286788.00000000000000000000000000000000000000000000000000
1323;1286788.00000000000000000000000000000000000000000000000000
1324;1286532.00000000000000000000000000000000000000000000000000
1325;1286532.00000000000000000000000000000000000000000000000000
1326;1275148.00000000000000000000000000000000000000000000000000
1327;1275524.00000000000000000000000000000000000000000000000000
1328;1275524.00000000000000000000000000000000000000000000000000
1329;1276652.00000000000000000000000000000000000000000000000000
1330;1277144.00000000000000000000000000000000000000000000000000
1331;1278648.00000000000000000000000000000000000000000000000000
1332;1280376.00000000000000000000000000000000000000000000000000
1333;1281268.00000000000000000000000000000000000000000000000000
1334;1281632.00000000000000000000000000000000000000000000000000
1335;1282776.00000000000000000000000000000000000000000000000000
1336;1284728.00000000000000000000000000000000000000000000000000
1337;1285704.00000000000000000000000000000000000000000000000000
1338;1285632.00000000000000000000000000000000000000000000000000
1339;1285892.00000000000000000000000000000000000000000000000000
1340;1285760.00000000000000000000000000000000000000000000000000
1341;1285704.00000000000000000000000000000000000000000000000000
1342;1285892.00000000000000000000000000000000000000000000000000
1343;1285760.00000000000000000000000000000000000000000000000000
1344;1285700.00000000000000000000000000000000000000000000000000
1345;1285636.00000000000000000000000000000000000000000000000000
1346;1273656.00000000000000000000000000000000000000000000000000
1347;1273696.00000000000000000000000000000000000000000000000000
1348;1274228.00000000000000000000000000000000000000000000000000
1349;1274088.00000000000000000000000000000000000000000000000000
1350;1274208.00000000000000000000000000000000000000000000000000
1351;1275728.00000000000000000000000000000000000000000000000000
1352;1277212.00000000000000000000000000000000000000000000000000
1353;1278676.00000000000000000000000000000000000000000000000000
1354;1279720.00000000000000000000000000000000000000000000000000
1355;1281304.00000000000000000000000000000000000000000000000000
1356;1281892.00000000000000000000000000000000000000000000000000
1357;1284996.00000000000000000000000000000000000000000000000000
1358;1285268.00000000000000000000000000000000000000000000000000
1359;1285264.00000000000000000000000000000000000000000000000000
1360;1285480.00000000000000000000000000000000000000000000000000
1361;1285288.00000000000000000000000000000000000000000000000000
1362;1285220.00000000000000000000000000000000000000000000000000
1363;1285480.00000000000000000000000000000000000000000000000000
1364;1285224.00000000000000000000000000000000000000000000000000
1365;1285224.00000000000000000000000000000000000000000000000000
1366;1273608.00000000000000000000000000000000000000000000000000
1367;1273504.00000000000000000000000000000000000000000000000000
1368;1274196.00000000000000000000000000000000000000000000000000
1369;1275000.00000000000000000000000000000000000000000000000000
1370;1275724.00000000000000000000000000000000000000000000000000
1371;1276772.00000000000000000000000000000000000000000000000000
1372;1278712.00000000000000000000000000000000000000000000000000
1373;1279240.00000000000000000000000000000000000000000000000000
1374;1280564.00000000000000000000000000000000000000000000000000
1375;1282156.00000000000000000000000000000000000000000000000000
1376;1283588.00000000000000000000000000000000000000000000000000
1377;1285436.00000000000000000000000000000000000000000000000000
1378;1285436.00000000000000000000000000000000000000000000000000
1379;1285436.00000000000000000000000000000000000000000000000000
1380;1285364.00000000000000000000000000000000000000000000000000
1381;1285436.00000000000000000000000000000000000000000000000000
1382;1285624.00000000000000000000000000000000000000000000000000
1383;1285624.00000000000000000000000000000000000000000000000000
1384;1285552.00000000000000000000000000000000000000000000000000
1385;1285368.00000000000000000000000000000000000000000000000000
1386;1273840.00000000000000000000000000000000000000000000000000
1387;1274196.00000000000000000000000000000000000000000000000000
1388;1274280.00000000000000000000000000000000000000000000000000
1389;1275056.00000000000000000000000000000000000000000000000000
1390;1275488.00000000000000000000000000000000000000000000000000
1391;1276828.00000000000000000000000000000000000000000000000000
1392;1278356.00000000000000000000000000000000000000000000000000
1393;1279504.00000000000000000000000000000000000000000000000000
1394;1281108.00000000000000000000000000000000000000000000000000
1395;1282984.00000000000000000000000000000000000000000000000000
1396;1284316.00000000000000000000000000000000000000000000000000
1397;1285828.00000000000000000000000000000000000000000000000000
1398;1285716.00000000000000000000000000000000000000000000000000
1399;1285972.00000000000000000000000000000000000000000000000000
1400;1285832.00000000000000000000000000000000000000000000000000
1401;1285900.00000000000000000000000000000000000000000000000000
1402;1285972.00000000000000000000000000000000000000000000000000
1403;1285972.00000000000000000000000000000000000000000000000000
1404;1285712.00000000000000000000000000000000000000000000000000
1405;1285780.00000000000000000000000000000000000000000000000000
1406;1273444.00000000000000000000000000000000000000000000000000
1407;1273644.00000000000000000000000000000000000000000000000000
1408;1273732.00000000000000000000000000000000000000000000000000
1409;1274632.00000000000000000000000000000000000000000000000000
1410;1275816.00000000000000000000000000000000000000000000000000
1411;1275984.00000000000000000000000000000000000000000000000000
1412;1277332.00000000000000000000000000000000000000000000000000
1413;1278196.00000000000000000000000000000000000000000000000000
1414;1278932.00000000000000000000000000000000000000000000000000
1415;1280868.00000000000000000000000000000000000000000000000000
1416;1282000.00000000000000000000000000000000000000000000000000
1417;1283752.00000000000000000000000000000000000000000000000000
1418;1284260.00000000000000000000000000000000000000000000000000
1419;1284260.00000000000000000000000000000000000000000000000000
1420;1284264.00000000000000000000000000000000000000000000000000
1421;1284308.00000000000000000000000000000000000000000000000000
1422;1284344.00000000000000000000000000000000000000000000000000
1423;1284344.00000000000000000000000000000000000000000000000000
1424;1284308.00000000000000000000000000000000000000000000000000
1425;1284536.00000000000000000000000000000000000000000000000000
1426;1284536.00000000000000000000000000000000000000000000000000
1427;1273292.00000000000000000000000000000000000000000000000000
1428;1273348.00000000000000000000000000000000000000000000000000
1429;1274232.00000000000000000000000000000000000000000000000000
1430;1274860.00000000000000000000000000000000000000000000000000
1431;1275232.00000000000000000000000000000000000000000000000000
1432;1276300.00000000000000000000000000000000000000000000000000
1433;1278092.00000000000000000000000000000000000000000000000000
1434;1279380.00000000000000000000000000000000000000000000000000
1435;1280388.00000000000000000000000000000000000000000000000000
1436;1282968.00000000000000000000000000000000000000000000000000
1437;1284340.00000000000000000000000000000000000000000000000000
1438;1285448.00000000000000000000000000000000000000000000000000
1439;1285456.00000000000000000000000000000000000000000000000000
1440;1285404.00000000000000000000000000000000000000000000000000
1441;1285368.00000000000000000000000000000000000000000000000000
1442;1285372.00000000000000000000000000000000000000000000000000
1443;1285404.00000000000000000000000000000000000000000000000000
1444;1285592.00000000000000000000000000000000000000000000000000
1445;1285404.00000000000000000000000000000000000000000000000000
1446;1285404.00000000000000000000000000000000000000000000000000
1447;1274180.00000000000000000000000000000000000000000000000000
1448;1274260.00000000000000000000000000000000000000000000000000
1449;1274892.00000000000000000000000000000000000000000000000000
1450;1275136.00000000000000000000000000000000000000000000000000
1451;1275884.00000000000000000000000000000000000000000000000000
1452;1276496.00000000000000000000000000000000000000000000000000
1453;1277572.00000000000000000000000000000000000000000000000000
1454;1278604.00000000000000000000000000000000000000000000000000
1455;1279800.00000000000000000000000000000000000000000000000000
1456;1281792.00000000000000000000000000000000000000000000000000
1457;1283980.00000000000000000000000000000000000000000000000000
1458;1285116.00000000000000000000000000000000000000000000000000
1459;1285212.00000000000000000000000000000000000000000000000000
1460;1285080.00000000000000000000000000000000000000000000000000
1461;1285160.00000000000000000000000000000000000000000000000000
1462;1285088.00000000000000000000000000000000000000000000000000
1463;1285128.00000000000000000000000000000000000000000000000000
1464;1285088.00000000000000000000000000000000000000000000000000
1465;1285124.00000000000000000000000000000000000000000000000000
1466;1285128.00000000000000000000000000000000000000000000000000
1467;1273276.00000000000000000000000000000000000000000000000000
1468;1273060.00000000000000000000000000000000000000000000000000
1469;1274192.00000000000000000000000000000000000000000000000000
1470;1274372.00000000000000000000000000000000000000000000000000
1471;1274608.00000000000000000000000000000000000000000000000000
1472;1275960.00000000000000000000000000000000000000000000000000
1473;1277292.00000000000000000000000000000000000000000000000000
1474;1278644.00000000000000000000000000000000000000000000000000
1475;1280084.00000000000000000000000000000000000000000000000000
1476;1281772.00000000000000000000000000000000000000000000000000
1477;1283096.00000000000000000000000000000000000000000000000000
1478;1284996.00000000000000000000000000000000000000000000000000
1479;1284640.00000000000000000000000000000000000000000000000000
1480;1284604.00000000000000000000000000000000000000000000000000
1481;1284860.00000000000000000000000000000000000000000000000000
1482;1284604.00000000000000000000000000000000000000000000000000
1483;1284604.00000000000000000000000000000000000000000000000000
1484;1284860.00000000000000000000000000000000000000000000000000
1485;1284728.00000000000000000000000000000000000000000000000000
1486;1284756.00000000000000000000000000000000000000000000000000
1487;1272772.00000000000000000000000000000000000000000000000000
1488;1273288.00000000000000000000000000000000000000000000000000
1489;1273352.00000000000000000000000000000000000000000000000000
1490;1273420.00000000000000000000000000000000000000000000000000
1491;1274680.00000000000000000000000000000000000000000000000000
1492;1275536.00000000000000000000000000000000000000000000000000
1493;1277788.00000000000000000000000000000000000000000000000000
1494;1278508.00000000000000000000000000000000000000000000000000
1495;1279684.00000000000000000000000000000000000000000000000000
1496;1280412.00000000000000000000000000000000000000000000000000
1497;1282504.00000000000000000000000000000000000000000000000000
1498;1283804.00000000000000000000000000000000000000000000000000
1499;1284644.00000000000000000000000000000000000000000000000000
1500;1285116.00000000000000000000000000000000000000000000000000
1501;1285048.00000000000000000000000000000000000000000000000000
1502;1285388.00000000000000000000000000000000000000000000000000
1503;1285168.00000000000000000000000000000000000000000000000000
1504;1285356.00000000000000000000000000000000000000000000000000
1505;1285164.00000000000000000000000000000000000000000000000000
1506;1285388.00000000000000000000000000000000000000000000000000
1507;1285200.00000000000000000000000000000000000000000000000000
1508;1274140.00000000000000000000000000000000000000000000000000
1509;1273924.00000000000000000000000000000000000000000000000000
1510;1274120.00000000000000000000000000000000000000000000000000
1511;1274636.00000000000000000000000000000000000000000000000000
1512;1275768.00000000000000000000000000000000000000000000000000
1513;1276624.00000000000000000000000000000000000000000000000000
1514;1278216.00000000000000000000000000000000000000000000000000
1515;1279200.00000000000000000000000000000000000000000000000000
1516;1280196.00000000000000000000000000000000000000000000000000
1517;1281272.00000000000000000000000000000000000000000000000000
1518;1284388.00000000000000000000000000000000000000000000000000
1519;1285344.00000000000000000000000000000000000000000000000000
1520;1285276.00000000000000000000000000000000000000000000000000
1521;1285532.00000000000000000000000000000000000000000000000000
1522;1285308.00000000000000000000000000000000000000000000000000
1523;1285272.00000000000000000000000000000000000000000000000000
1524;1285532.00000000000000000000000000000000000000000000000000
1525;1285308.00000000000000000000000000000000000000000000000000
1526;1285532.00000000000000000000000000000000000000000000000000
1527;1285312.00000000000000000000000000000000000000000000000000
1528;1272860.00000000000000000000000000000000000000000000000000
1529;1272736.00000000000000000000000000000000000000000000000000
1530;1273820.00000000000000000000000000000000000000000000000000
1531;1274244.00000000000000000000000000000000000000000000000000
1532;1275212.00000000000000000000000000000000000000000000000000
1533;1276940.00000000000000000000000000000000000000000000000000
1534;1278388.00000000000000000000000000000000000000000000000000
1535;1279304.00000000000000000000000000000000000000000000000000
1536;1281868.00000000000000000000000000000000000000000000000000
1537;1283496.00000000000000000000000000000000000000000000000000
1538;1284952.00000000000000000000000000000000000000000000000000
1539;1285196.00000000000000000000000000000000000000000000000000
1540;1285208.00000000000000000000000000000000000000000000000000
1541;1285204.00000000000000000000000000000000000000000000000000
1542;1285220.00000000000000000000000000000000000000000000000000
1543;1285220.00000000000000000000000000000000000000000000000000
1544;1285412.00000000000000000000000000000000000000000000000000
1545;1285412.00000000000000000000000000000000000000000000000000
1546;1285412.00000000000000000000000000000000000000000000000000
1547;1285156.00000000000000000000000000000000000000000000000000
1548;1274252.00000000000000000000000000000000000000000000000000
1549;1274812.00000000000000000000000000000000000000000000000000
1550;1275328.00000000000000000000000000000000000000000000000000
1551;1276108.00000000000000000000000000000000000000000000000000
1552;1276884.00000000000000000000000000000000000000000000000000
1553;1278320.00000000000000000000000000000000000000000000000000
1554;1280188.00000000000000000000000000000000000000000000000000
1555;1281572.00000000000000000000000000000000000000000000000000
1556;1282536.00000000000000000000000000000000000000000000000000
1557;1284020.00000000000000000000000000000000000000000000000000
1558;1285716.00000000000000000000000000000000000000000000000000
1559;1285852.00000000000000000000000000000000000000000000000000
1560;1285912.00000000000000000000000000000000000000000000000000
1561;1286052.00000000000000000000000000000000000000000000000000
1562;1286052.00000000000000000000000000000000000000000000000000
1563;1285860.00000000000000000000000000000000000000000000000000
1564;1286052.00000000000000000000000000000000000000000000000000
1565;1285796.00000000000000000000000000000000000000000000000000
1566;1286020.00000000000000000000000000000000000000000000000000
1567;1285828.00000000000000000000000000000000000000000000000000
1568;1273560.00000000000000000000000000000000000000000000000000
1569;1273564.00000000000000000000000000000000000000000000000000
1570;1274372.00000000000000000000000000000000000000000000000000
1571;1275148.00000000000000000000000000000000000000000000000000
1572;1276540.00000000000000000000000000000000000000000000000000
1573;1277940.00000000000000000000000000000000000000000000000000
1574;1278848.00000000000000000000000000000000000000000000000000
1575;1279436.00000000000000000000000000000000000000000000000000
1576;1280852.00000000000000000000000000000000000000000000000000
1577;1283260.00000000000000000000000000000000000000000000000000
1578;1284828.00000000000000000000000000000000000000000000000000
1579;1284796.00000000000000000000000000000000000000000000000000
1580;1284796.00000000000000000000000000000000000000000000000000
1581;1285136.00000000000000000000000000000000000000000000000000
1582;1284880.00000000000000000000000000000000000000000000000000
1583;1285032.00000000000000000000000000000000000000000000000000
1584;1285136.00000000000000000000000000000000000000000000000000
1585;1284880.00000000000000000000000000000000000000000000000000
1586;1284912.00000000000000000000000000000000000000000000000000
1587;1285008.00000000000000000000000000000000000000000000000000
1588;1274464.00000000000000000000000000000000000000000000000000
1589;1274508.00000000000000000000000000000000000000000000000000
1590;1275296.00000000000000000000000000000000000000000000000000
1591;1275980.00000000000000000000000000000000000000000000000000
1592;1276812.00000000000000000000000000000000000000000000000000
1593;1277352.00000000000000000000000000000000000000000000000000
1594;1278848.00000000000000000000000000000000000000000000000000
1595;1279768.00000000000000000000000000000000000000000000000000
1596;1281476.00000000000000000000000000000000000000000000000000
1597;1283148.00000000000000000000000000000000000000000000000000
1598;1284192.00000000000000000000000000000000000000000000000000
1599;1285660.00000000000000000000000000000000000000000000000000
1600;1285656.00000000000000000000000000000000000000000000000000
1601;1285880.00000000000000000000000000000000000000000000000000
1602;1285748.00000000000000000000000000000000000000000000000000
1603;1285688.00000000000000000000000000000000000000000000000000
1604;1285880.00000000000000000000000000000000000000000000000000
1605;1285624.00000000000000000000000000000000000000000000000000
1606;1285656.00000000000000000000000000000000000000000000000000
1607;1272664.00000000000000000000000000000000000000000000000000
1608;1273288.00000000000000000000000000000000000000000000000000
1609;1273836.00000000000000000000000000000000000000000000000000
1610;1274484.00000000000000000000000000000000000000000000000000
1611;1274616.00000000000000000000000000000000000000000000000000
1612;1275532.00000000000000000000000000000000000000000000000000
1613;1276924.00000000000000000000000000000000000000000000000000
1614;1278592.00000000000000000000000000000000000000000000000000
1615;1279556.00000000000000000000000000000000000000000000000000
1616;1281372.00000000000000000000000000000000000000000000000000
1617;1284300.00000000000000000000000000000000000000000000000000
1618;1285788.00000000000000000000000000000000000000000000000000
1619;1285756.00000000000000000000000000000000000000000000000000
1620;1285688.00000000000000000000000000000000000000000000000000
1621;1285772.00000000000000000000000000000000000000000000000000
1622;1285772.00000000000000000000000000000000000000000000000000
1623;1285708.00000000000000000000000000000000000000000000000000
1624;1285772.00000000000000000000000000000000000000000000000000
1625;1285772.00000000000000000000000000000000000000000000000000
1626;1285964.00000000000000000000000000000000000000000000000000
1627;1273876.00000000000000000000000000000000000000000000000000
1628;1274304.00000000000000000000000000000000000000000000000000
1629;1274344.00000000000000000000000000000000000000000000000000
1630;1275096.00000000000000000000000000000000000000000000000000
1631;1275608.00000000000000000000000000000000000000000000000000
1632;1277172.00000000000000000000000000000000000000000000000000
1633;1277132.00000000000000000000000000000000000000000000000000
1634;1279028.00000000000000000000000000000000000000000000000000
1635;1279580.00000000000000000000000000000000000000000000000000
1636;1280544.00000000000000000000000000000000000000000000000000
1637;1281044.00000000000000000000000000000000000000000000000000
1638;1283956.00000000000000000000000000000000000000000000000000
1639;1285192.00000000000000000000000000000000000000000000000000
1640;1285948.00000000000000000000000000000000000000000000000000
1641;1285876.00000000000000000000000000000000000000000000000000
1642;1286292.00000000000000000000000000000000000000000000000000
1643;1286104.00000000000000000000000000000000000000000000000000
1644;1286068.00000000000000000000000000000000000000000000000000
1645;1286068.00000000000000000000000000000000000000000000000000
1646;1286164.00000000000000000000000000000000000000000000000000
1647;1286164.00000000000000000000000000000000000000000000000000
1648;1286100.00000000000000000000000000000000000000000000000000
1649;1273960.00000000000000000000000000000000000000000000000000
1650;1273756.00000000000000000000000000000000000000000000000000
1651;1274576.00000000000000000000000000000000000000000000000000
1652;1274932.00000000000000000000000000000000000000000000000000
1653;1275684.00000000000000000000000000000000000000000000000000
1654;1275924.00000000000000000000000000000000000000000000000000
1655;1276976.00000000000000000000000000000000000000000000000000
1656;1278732.00000000000000000000000000000000000000000000000000
1657;1279784.00000000000000000000000000000000000000000000000000
1658;1280228.00000000000000000000000000000000000000000000000000
1659;1282856.00000000000000000000000000000000000000000000000000
1660;1283528.00000000000000000000000000000000000000000000000000
1661;1285724.00000000000000000000000000000000000000000000000000
1662;1286668.00000000000000000000000000000000000000000000000000
1663;1286700.00000000000000000000000000000000000000000000000000
1664;1286716.00000000000000000000000000000000000000000000000000
1665;1286716.00000000000000000000000000000000000000000000000000
1666;1286456.00000000000000000000000000000000000000000000000000
1667;1286612.00000000000000000000000000000000000000000000000000
1668;1286492.00000000000000000000000000000000000000000000000000
1669;1286460.00000000000000000000000000000000000000000000000000
1670;1286456.00000000000000000000000000000000000000000000000000
1671;1274368.00000000000000000000000000000000000000000000000000
1672;1274804.00000000000000000000000000000000000000000000000000
1673;1274980.00000000000000000000000000000000000000000000000000
1674;1275524.00000000000000000000000000000000000000000000000000
1675;1276076.00000000000000000000000000000000000000000000000000
1676;1276988.00000000000000000000000000000000000000000000000000
1677;1277004.00000000000000000000000000000000000000000000000000
1678;1278856.00000000000000000000000000000000000000000000000000
1679;1280244.00000000000000000000000000000000000000000000000000
1680;1281508.00000000000000000000000000000000000000000000000000
1681;1282360.00000000000000000000000000000000000000000000000000
1682;1283668.00000000000000000000000000000000000000000000000000
1683;1285896.00000000000000000000000000000000000000000000000000
1684;1285700.00000000000000000000000000000000000000000000000000
1685;1285732.00000000000000000000000000000000000000000000000000
1686;1285920.00000000000000000000000000000000000000000000000000
1687;1285920.00000000000000000000000000000000000000000000000000
1688;1285700.00000000000000000000000000000000000000000000000000
1689;1285920.00000000000000000000000000000000000000000000000000
1690;1285732.00000000000000000000000000000000000000000000000000
1691;1285660.00000000000000000000000000000000000000000000000000
1692;1285696.00000000000000000000000000000000000000000000000000
1693;1273316.00000000000000000000000000000000000000000000000000
1694;1273384.00000000000000000000000000000000000000000000000000
1695;1274816.00000000000000000000000000000000000000000000000000
1696;1275076.00000000000000000000000000000000000000000000000000
1697;1275892.00000000000000000000000000000000000000000000000000
1698;1276456.00000000000000000000000000000000000000000000000000
1699;1278076.00000000000000000000000000000000000000000000000000
1700;1278740.00000000000000000000000000000000000000000000000000
1701;1279760.00000000000000000000000000000000000000000000000000
1702;1283056.00000000000000000000000000000000000000000000000000
1703;1284756.00000000000000000000000000000000000000000000000000
1704;1286188.00000000000000000000000000000000000000000000000000
1705;1286000.00000000000000000000000000000000000000000000000000
1706;1285928.00000000000000000000000000000000000000000000000000
1707;1286172.00000000000000000000000000000000000000000000000000
1708;1286204.00000000000000000000000000000000000000000000000000
1709;1285980.00000000000000000000000000000000000000000000000000
1710;1285980.00000000000000000000000000000000000000000000000000
1711;1286172.00000000000000000000000000000000000000000000000000
1712;1286172.00000000000000000000000000000000000000000000000000
1713;1274268.00000000000000000000000000000000000000000000000000
1714;1274636.00000000000000000000000000000000000000000000000000
1715;1275240.00000000000000000000000000000000000000000000000000
1716;1275888.00000000000000000000000000000000000000000000000000
1717;1276196.00000000000000000000000000000000000000000000000000
1718;1276896.00000000000000000000000000000000000000000000000000
1719;1278332.00000000000000000000000000000000000000000000000000
1720;1279836.00000000000000000000000000000000000000000000000000
1721;1280784.00000000000000000000000000000000000000000000000000
1722;1282552.00000000000000000000000000000000000000000000000000
1723;1284400.00000000000000000000000000000000000000000000000000
1724;1284984.00000000000000000000000000000000000000000000000000
1725;1285048.00000000000000000000000000000000000000000000000000
1726;1284916.00000000000000000000000000000000000000000000000000
1727;1285188.00000000000000000000000000000000000000000000000000
1728;1284928.00000000000000000000000000000000000000000000000000
1729;1284996.00000000000000000000000000000000000000000000000000
1730;1285188.00000000000000000000000000000000000000000000000000
1731;1285056.00000000000000000000000000000000000000000000000000
1732;1284932.00000000000000000000000000000000000000000000000000
1733;1273500.00000000000000000000000000000000000000000000000000
1734;1273500.00000000000000000000000000000000000000000000000000
1735;1274272.00000000000000000000000000000000000000000000000000
1736;1274708.00000000000000000000000000000000000000000000000000
1737;1275628.00000000000000000000000000000000000000000000000000
1738;1276872.00000000000000000000000000000000000000000000000000
1739;1277472.00000000000000000000000000000000000000000000000000
1740;1278532.00000000000000000000000000000000000000000000000000
1741;1280392.00000000000000000000000000000000000000000000000000
1742;1282652.00000000000000000000000000000000000000000000000000
1743;1284068.00000000000000000000000000000000000000000000000000
1744;1286336.00000000000000000000000000000000000000000000000000
1745;1286236.00000000000000000000000000000000000000000000000000
1746;1286164.00000000000000000000000000000000000000000000000000
1747;1286424.00000000000000000000000000000000000000000000000000
1748;1286236.00000000000000000000000000000000000000000000000000
1749;1286168.00000000000000000000000000000000000000000000000000
1750;1286424.00000000000000000000000000000000000000000000000000
1751;1286296.00000000000000000000000000000000000000000000000000
1752;1286200.00000000000000000000000000000000000000000000000000
1753;1274660.00000000000000000000000000000000000000000000000000
1754;1275152.00000000000000000000000000000000000000000000000000
1755;1275692.00000000000000000000000000000000000000000000000000
1756;1275848.00000000000000000000000000000000000000000000000000
1757;1277096.00000000000000000000000000000000000000000000000000
1758;1277676.00000000000000000000000000000000000000000000000000
1759;1278556.00000000000000000000000000000000000000000000000000
1760;1279960.00000000000000000000000000000000000000000000000000
1761;1280288.00000000000000000000000000000000000000000000000000
1762;1282420.00000000000000000000000000000000000000000000000000
1763;1283524.00000000000000000000000000000000000000000000000000
1764;1284456.00000000000000000000000000000000000000000000000000
1765;1284524.00000000000000000000000000000000000000000000000000
1766;1284712.00000000000000000000000000000000000000000000000000
1767;1284608.00000000000000000000000000000000000000000000000000
1768;1284712.00000000000000000000000000000000000000000000000000
1769;1284712.00000000000000000000000000000000000000000000000000
1770;1284712.00000000000000000000000000000000000000000000000000
1771;1284452.00000000000000000000000000000000000000000000000000
1772;1284608.00000000000000000000000000000000000000000000000000
1773;1272972.00000000000000000000000000000000000000000000000000
1774;1273200.00000000000000000000000000000000000000000000000000
1775;1273280.00000000000000000000000000000000000000000000000000
1776;1274036.00000000000000000000000000000000000000000000000000
1777;1274252.00000000000000000000000000000000000000000000000000
1778;1276092.00000000000000000000000000000000000000000000000000
1779;1277556.00000000000000000000000000000000000000000000000000
1780;1277616.00000000000000000000000000000000000000000000000000
1781;1278996.00000000000000000000000000000000000000000000000000
1782;1281992.00000000000000000000000000000000000000000000000000
1783;1283056.00000000000000000000000000000000000000000000000000
1784;1284848.00000000000000000000000000000000000000000000000000
1785;1285884.00000000000000000000000000000000000000000000000000
1786;1285812.00000000000000000000000000000000000000000000000000
1787;1286088.00000000000000000000000000000000000000000000000000
1788;1285960.00000000000000000000000000000000000000000000000000
1789;1285900.00000000000000000000000000000000000000000000000000
1790;1285828.00000000000000000000000000000000000000000000000000
1791;1285900.00000000000000000000000000000000000000000000000000
1792;1285828.00000000000000000000000000000000000000000000000000
1793;1286088.00000000000000000000000000000000000000000000000000
1794;1274300.00000000000000000000000000000000000000000000000000
1795;1274472.00000000000000000000000000000000000000000000000000
1796;1274608.00000000000000000000000000000000000000000000000000
1797;1275412.00000000000000000000000000000000000000000000000000
1798;1276484.00000000000000000000000000000000000000000000000000
1799;1277264.00000000000000000000000000000000000000000000000000
1800;1279100.00000000000000000000000000000000000000000000000000
1801;1280264.00000000000000000000000000000000000000000000000000
1802;1281572.00000000000000000000000000000000000000000000000000
1803;1283892.00000000000000000000000000000000000000000000000000
1804;1284628.00000000000000000000000000000000000000000000000000
1805;1284628.00000000000000000000000000000000000000000000000000
1806;1284816.00000000000000000000000000000000000000000000000000
1807;1284560.00000000000000000000000000000000000000000000000000
1808;1284816.00000000000000000000000000000000000000000000000000
1809;1284816.00000000000000000000000000000000000000000000000000
1810;1284560.00000000000000000000000000000000000000000000000000
1811;1284560.00000000000000000000000000000000000000000000000000
1812;1284816.00000000000000000000000000000000000000000000000000
1813;1272932.00000000000000000000000000000000000000000000000000
1814;1273196.00000000000000000000000000000000000000000000000000
1815;1273564.00000000000000000000000000000000000000000000000000
1816;1273748.00000000000000000000000000000000000000000000000000
1817;1275144.00000000000000000000000000000000000000000000000000
1818;1276408.00000000000000000000000000000000000000000000000000
1819;1277356.00000000000000000000000000000000000000000000000000
1820;1279280.00000000000000000000000000000000000000000000000000
1821;1280368.00000000000000000000000000000000000000000000000000
1822;1281544.00000000000000000000000000000000000000000000000000
1823;1284688.00000000000000000000000000000000000000000000000000
1824;1285760.00000000000000000000000000000000000000000000000000
1825;1285792.00000000000000000000000000000000000000000000000000
1826;1285984.00000000000000000000000000000000000000000000000000
1827;1285792.00000000000000000000000000000000000000000000000000
1828;1285984.00000000000000000000000000000000000000000000000000
1829;1285804.00000000000000000000000000000000000000000000000000
1830;1285852.00000000000000000000000000000000000000000000000000
1831;1285792.00000000000000000000000000000000000000000000000000
1832;1285796.00000000000000000000000000000000000000000000000000
1833;1274084.00000000000000000000000000000000000000000000000000
1834;1274616.00000000000000000000000000000000000000000000000000
1835;1275420.00000000000000000000000000000000000000000000000000
1836;1275568.00000000000000000000000000000000000000000000000000
1837;1276232.00000000000000000000000000000000000000000000000000
1838;1276780.00000000000000000000000000000000000000000000000000
1839;1278340.00000000000000000000000000000000000000000000000000
1840;1279308.00000000000000000000000000000000000000000000000000
1841;1280552.00000000000000000000000000000000000000000000000000
1842;1282504.00000000000000000000000000000000000000000000000000
1843;1283056.00000000000000000000000000000000000000000000000000
1844;1284456.00000000000000000000000000000000000000000000000000
1845;1285520.00000000000000000000000000000000000000000000000000
1846;1285332.00000000000000000000000000000000000000000000000000
1847;1285624.00000000000000000000000000000000000000000000000000
1848;1285488.00000000000000000000000000000000000000000000000000
1849;1285620.00000000000000000000000000000000000000000000000000
1850;1285364.00000000000000000000000000000000000000000000000000
1851;1285500.00000000000000000000000000000000000000000000000000
1852;1285504.00000000000000000000000000000000000000000000000000
1853;1285432.00000000000000000000000000000000000000000000000000
1854;1272948.00000000000000000000000000000000000000000000000000
1855;1272868.00000000000000000000000000000000000000000000000000
1856;1273152.00000000000000000000000000000000000000000000000000
1857;1274036.00000000000000000000000000000000000000000000000000
1858;1275076.00000000000000000000000000000000000000000000000000
1859;1276344.00000000000000000000000000000000000000000000000000
1860;1277784.00000000000000000000000000000000000000000000000000
1861;1278884.00000000000000000000000000000000000000000000000000
1862;1280132.00000000000000000000000000000000000000000000000000
1863;1282272.00000000000000000000000000000000000000000000000000
1864;1282916.00000000000000000000000000000000000000000000000000
1865;1284252.00000000000000000000000000000000000000000000000000
1866;1285304.00000000000000000000000000000000000000000000000000
1867;1285236.00000000000000000000000000000000000000000000000000
1868;1285496.00000000000000000000000000000000000000000000000000
1869;1285260.00000000000000000000000000000000000000000000000000
1870;1285260.00000000000000000000000000000000000000000000000000
1871;1285256.00000000000000000000000000000000000000000000000000
1872;1285516.00000000000000000000000000000000000000000000000000
1873;1285324.00000000000000000000000000000000000000000000000000
1874;1285516.00000000000000000000000000000000000000000000000000
1875;1273740.00000000000000000000000000000000000000000000000000
1876;1274032.00000000000000000000000000000000000000000000000000
1877;1274036.00000000000000000000000000000000000000000000000000
1878;1275112.00000000000000000000000000000000000000000000000000
1879;1275400.00000000000000000000000000000000000000000000000000
1880;1276060.00000000000000000000000000000000000000000000000000
1881;1277920.00000000000000000000000000000000000000000000000000
1882;1278460.00000000000000000000000000000000000000000000000000
1883;1279504.00000000000000000000000000000000000000000000000000
1884;1281940.00000000000000000000000000000000000000000000000000
1885;1283284.00000000000000000000000000000000000000000000000000
1886;1284588.00000000000000000000000000000000000000000000000000
1887;1285128.00000000000000000000000000000000000000000000000000
1888;1285128.00000000000000000000000000000000000000000000000000
1889;1285236.00000000000000000000000000000000000000000000000000
1890;1284976.00000000000000000000000000000000000000000000000000
1891;1285096.00000000000000000000000000000000000000000000000000
1892;1285012.00000000000000000000000000000000000000000000000000
1893;1284976.00000000000000000000000000000000000000000000000000
1894;1285236.00000000000000000000000000000000000000000000000000
1895;1285236.00000000000000000000000000000000000000000000000000
1896;1273992.00000000000000000000000000000000000000000000000000
1897;1274000.00000000000000000000000000000000000000000000000000
1898;1274724.00000000000000000000000000000000000000000000000000
1899;1274776.00000000000000000000000000000000000000000000000000
1900;1275128.00000000000000000000000000000000000000000000000000
1901;1276764.00000000000000000000000000000000000000000000000000
1902;1278176.00000000000000000000000000000000000000000000000000
1903;1279024.00000000000000000000000000000000000000000000000000
1904;1279308.00000000000000000000000000000000000000000000000000
1905;1281288.00000000000000000000000000000000000000000000000000
1906;1283732.00000000000000000000000000000000000000000000000000
1907;1285964.00000000000000000000000000000000000000000000000000
1908;1286292.00000000000000000000000000000000000000000000000000
1909;1286068.00000000000000000000000000000000000000000000000000
1910;1286432.00000000000000000000000000000000000000000000000000
1911;1286208.00000000000000000000000000000000000000000000000000
1912;1286304.00000000000000000000000000000000000000000000000000
1913;1286432.00000000000000000000000000000000000000000000000000
1914;1286172.00000000000000000000000000000000000000000000000000
1915;1286176.00000000000000000000000000000000000000000000000000
1916;1274216.00000000000000000000000000000000000000000000000000
1917;1274752.00000000000000000000000000000000000000000000000000
1918;1274544.00000000000000000000000000000000000000000000000000
1919;1275544.00000000000000000000000000000000000000000000000000
1920;1276156.00000000000000000000000000000000000000000000000000
1921;1277112.00000000000000000000000000000000000000000000000000
1922;1278608.00000000000000000000000000000000000000000000000000
1923;1279928.00000000000000000000000000000000000000000000000000
1924;1280668.00000000000000000000000000000000000000000000000000
1925;1281324.00000000000000000000000000000000000000000000000000
1926;1284344.00000000000000000000000000000000000000000000000000
1927;1285616.00000000000000000000000000000000000000000000000000
1928;1285684.00000000000000000000000000000000000000000000000000
1929;1285528.00000000000000000000000000000000000000000000000000
1930;1285876.00000000000000000000000000000000000000000000000000
1931;1285688.00000000000000000000000000000000000000000000000000
1932;1285656.00000000000000000000000000000000000000000000000000
1933;1285876.00000000000000000000000000000000000000000000000000
1934;1285656.00000000000000000000000000000000000000000000000000
1935;1285844.00000000000000000000000000000000000000000000000000
1936;1273060.00000000000000000000000000000000000000000000000000
1937;1273364.00000000000000000000000000000000000000000000000000
1938;1273368.00000000000000000000000000000000000000000000000000
1939;1274176.00000000000000000000000000000000000000000000000000
1940;1274440.00000000000000000000000000000000000000000000000000
1941;1275368.00000000000000000000000000000000000000000000000000
1942;1276512.00000000000000000000000000000000000000000000000000
1943;1277592.00000000000000000000000000000000000000000000000000
1944;1278732.00000000000000000000000000000000000000000000000000
1945;1280396.00000000000000000000000000000000000000000000000000
1946;1283756.00000000000000000000000000000000000000000000000000
1947;1284940.00000000000000000000000000000000000000000000000000
1948;1285488.00000000000000000000000000000000000000000000000000
1949;1285424.00000000000000000000000000000000000000000000000000
1950;1285696.00000000000000000000000000000000000000000000000000
1951;1285504.00000000000000000000000000000000000000000000000000
1952;1285440.00000000000000000000000000000000000000000000000000
1953;1285696.00000000000000000000000000000000000000000000000000
1954;1285696.00000000000000000000000000000000000000000000000000
1955;1285472.00000000000000000000000000000000000000000000000000
1956;1273672.00000000000000000000000000000000000000000000000000
1957;1274000.00000000000000000000000000000000000000000000000000
1958;1274140.00000000000000000000000000000000000000000000000000
1959;1274656.00000000000000000000000000000000000000000000000000
1960;1275200.00000000000000000000000000000000000000000000000000
1961;1275616.00000000000000000000000000000000000000000000000000
1962;1276884.00000000000000000000000000000000000000000000000000
1963;1278716.00000000000000000000000000000000000000000000000000
1964;1279980.00000000000000000000000000000000000000000000000000
1965;1281016.00000000000000000000000000000000000000000000000000
1966;1283220.00000000000000000000000000000000000000000000000000
1967;1284900.00000000000000000000000000000000000000000000000000
1968;1286180.00000000000000000000000000000000000000000000000000
1969;1286248.00000000000000000000000000000000000000000000000000
1970;1286252.00000000000000000000000000000000000000000000000000
1971;1286200.00000000000000000000000000000000000000000000000000
1972;1286268.00000000000000000000000000000000000000000000000000
1973;1286196.00000000000000000000000000000000000000000000000000
1974;1286456.00000000000000000000000000000000000000000000000000
1975;1286196.00000000000000000000000000000000000000000000000000
1976;1286268.00000000000000000000000000000000000000000000000000
1977;1273184.00000000000000000000000000000000000000000000000000
1978;1273520.00000000000000000000000000000000000000000000000000
1979;1274348.00000000000000000000000000000000000000000000000000
1980;1274764.00000000000000000000000000000000000000000000000000
1981;1274916.00000000000000000000000000000000000000000000000000
1982;1276032.00000000000000000000000000000000000000000000000000
1983;1277484.00000000000000000000000000000000000000000000000000
1984;1279008.00000000000000000000000000000000000000000000000000
1985;1279912.00000000000000000000000000000000000000000000000000
1986;1281840.00000000000000000000000000000000000000000000000000
1987;1284800.00000000000000000000000000000000000000000000000000
1988;1287192.00000000000000000000000000000000000000000000000000
1989;1287084.00000000000000000000000000000000000000000000000000
1990;1287116.00000000000000000000000000000000000000000000000000
1991;1287340.00000000000000000000000000000000000000000000000000
1992;1287208.00000000000000000000000000000000000000000000000000
1993;1287080.00000000000000000000000000000000000000000000000000
1994;1287340.00000000000000000000000000000000000000000000000000
1995;1287084.00000000000000000000000000000000000000000000000000
1996;1287080.00000000000000000000000000000000000000000000000000
1997;1274664.00000000000000000000000000000000000000000000000000
1998;1275208.00000000000000000000000000000000000000000000000000
1999;1275696.00000000000000000000000000000000000000000000000000
2000;1276228.00000000000000000000000000000000000000000000000000
2001;1276876.00000000000000000000000000000000000000000000000000
2002;1277324.00000000000000000000000000000000000000000000000000
2003;1278912.00000000000000000000000000000000000000000000000000
2004;1279756.00000000000000000000000000000000000000000000000000
2005;1281336.00000000000000000000000000000000000000000000000000
2006;1284000.00000000000000000000000000000000000000000000000000
2007;1285024.00000000000000000000000000000000000000000000000000
2008;1286132.00000000000000000000000000000000000000000000000000
2009;1286132.00000000000000000000000000000000000000000000000000
2010;1286320.00000000000000000000000000000000000000000000000000
2011;1286128.00000000000000000000000000000000000000000000000000
2012;1286128.00000000000000000000000000000000000000000000000000
2013;1286320.00000000000000000000000000000000000000000000000000
2014;1286064.00000000000000000000000000000000000000000000000000
2015;1286320.00000000000000000000000000000000000000000000000000
2016;1286188.00000000000000000000000000000000000000000000000000
2017;1273408.00000000000000000000000000000000000000000000000000
2018;1273640.00000000000000000000000000000000000000000000000000
2019;1273704.00000000000000000000000000000000000000000000000000
2020;1274352.00000000000000000000000000000000000000000000000000
2021;1274712.00000000000000000000000000000000000000000000000000
2022;1275648.00000000000000000000000000000000000000000000000000
2023;1276548.00000000000000000000000000000000000000000000000000
2024;1278156.00000000000000000000000000000000000000000000000000
2025;1279220.00000000000000000000000000000000000000000000000000
2026;1282412.00000000000000000000000000000000000000000000000000
2027;1284568.00000000000000000000000000000000000000000000000000
2028;1286244.00000000000000000000000000000000000000000000000000
2029;1286864.00000000000000000000000000000000000000000000000000
2030;1286864.00000000000000000000000000000000000000000000000000
2031;1286936.00000000000000000000000000000000000000000000000000
2032;1286716.00000000000000000000000000000000000000000000000000
2033;1286804.00000000000000000000000000000000000000000000000000
2034;1286712.00000000000000000000000000000000000000000000000000
2035;1286676.00000000000000000000000000000000000000000000000000
2036;1286680.00000000000000000000000000000000000000000000000000
2037;1286920.00000000000000000000000000000000000000000000000000
2038;1274780.00000000000000000000000000000000000000000000000000
2039;1275032.00000000000000000000000000000000000000000000000000
2040;1275632.00000000000000000000000000000000000000000000000000
2041;1276152.00000000000000000000000000000000000000000000000000
2042;1277328.00000000000000000000000000000000000000000000000000
2043;1277980.00000000000000000000000000000000000000000000000000
2044;1279212.00000000000000000000000000000000000000000000000000
2045;1280868.00000000000000000000000000000000000000000000000000
2046;1282384.00000000000000000000000000000000000000000000000000
2047;1284436.00000000000000000000000000000000000000000000000000
2048;1285528.00000000000000000000000000000000000000000000000000
2049;1286740.00000000000000000000000000000000000000000000000000
2050;1286660.00000000000000000000000000000000000000000000000000
2051;1286688.00000000000000000000000000000000000000000000000000
2052;1286700.00000000000000000000000000000000000000000000000000
2053;1286668.00000000000000000000000000000000000000000000000000
2054;1286704.00000000000000000000000000000000000000000000000000
2055;1286860.00000000000000000000000000000000000000000000000000
2056;1286636.00000000000000000000000000000000000000000000000000
2057;1286672.00000000000000000000000000000000000000000000000000
2058;1274680.00000000000000000000000000000000000000000000000000
2059;1274904.00000000000000000000000000000000000000000000000000
2060;1275612.00000000000000000000000000000000000000000000000000
2061;1276108.00000000000000000000000000000000000000000000000000
2062;1277324.00000000000000000000000000000000000000000000000000
2063;1278732.00000000000000000000000000000000000000000000000000
2064;1280048.00000000000000000000000000000000000000000000000000
2065;1280676.00000000000000000000000000000000000000000000000000
2066;1281332.00000000000000000000000000000000000000000000000000
2067;1283636.00000000000000000000000000000000000000000000000000
2068;1285352.00000000000000000000000000000000000000000000000000
2069;1286360.00000000000000000000000000000000000000000000000000
2070;1286292.00000000000000000000000000000000000000000000000000
2071;1286360.00000000000000000000000000000000000000000000000000
2072;1286440.00000000000000000000000000000000000000000000000000
2073;1286308.00000000000000000000000000000000000000000000000000
2074;1286308.00000000000000000000000000000000000000000000000000
2075;1286536.00000000000000000000000000000000000000000000000000
2076;1286568.00000000000000000000000000000000000000000000000000
2077;1286380.00000000000000000000000000000000000000000000000000
2078;1274932.00000000000000000000000000000000000000000000000000
2079;1274924.00000000000000000000000000000000000000000000000000
2080;1275220.00000000000000000000000000000000000000000000000000
2081;1276160.00000000000000000000000000000000000000000000000000
2082;1277332.00000000000000000000000000000000000000000000000000
2083;1278852.00000000000000000000000000000000000000000000000000
2084;1279664.00000000000000000000000000000000000000000000000000
2085;1280584.00000000000000000000000000000000000000000000000000
2086;1281332.00000000000000000000000000000000000000000000000000
2087;1282704.00000000000000000000000000000000000000000000000000
2088;1285064.00000000000000000000000000000000000000000000000000
2089;1286028.00000000000000000000000000000000000000000000000000
2090;1286028.00000000000000000000000000000000000000000000000000
2091;1286288.00000000000000000000000000000000000000000000000000
2092;1286100.00000000000000000000000000000000000000000000000000
2093;1286156.00000000000000000000000000000000000000000000000000
2094;1286288.00000000000000000000000000000000000000000000000000
2095;1286288.00000000000000000000000000000000000000000000000000
2096;1286032.00000000000000000000000000000000000000000000000000
2097;1286032.00000000000000000000000000000000000000000000000000
2098;1274200.00000000000000000000000000000000000000000000000000
2099;1274156.00000000000000000000000000000000000000000000000000
2100;1274792.00000000000000000000000000000000000000000000000000
2101;1275248.00000000000000000000000000000000000000000000000000
2102;1276340.00000000000000000000000000000000000000000000000000
2103;1277628.00000000000000000000000000000000000000000000000000
2104;1279476.00000000000000000000000000000000000000000000000000
2105;1280888.00000000000000000000000000000000000000000000000000
2106;1282088.00000000000000000000000000000000000000000000000000
2107;1283964.00000000000000000000000000000000000000000000000000
2108;1285560.00000000000000000000000000000000000000000000000000
2109;1286748.00000000000000000000000000000000000000000000000000
2110;1287000.00000000000000000000000000000000000000000000000000
2111;1286868.00000000000000000000000000000000000000000000000000
2112;1287136.00000000000000000000000000000000000000000000000000
2113;1286948.00000000000000000000000000000000000000000000000000
2114;1286948.00000000000000000000000000000000000000000000000000
2115;1287212.00000000000000000000000000000000000000000000000000
2116;1287024.00000000000000000000000000000000000000000000000000
2117;1287080.00000000000000000000000000000000000000000000000000
2118;1275072.00000000000000000000000000000000000000000000000000
2119;1275124.00000000000000000000000000000000000000000000000000
2120;1275792.00000000000000000000000000000000000000000000000000
2121;1276016.00000000000000000000000000000000000000000000000000
2122;1276724.00000000000000000000000000000000000000000000000000
2123;1277148.00000000000000000000000000000000000000000000000000
2124;1277408.00000000000000000000000000000000000000000000000000
2125;1279200.00000000000000000000000000000000000000000000000000
2126;1280652.00000000000000000000000000000000000000000000000000
2127;1282056.00000000000000000000000000000000000000000000000000
2128;1284496.00000000000000000000000000000000000000000000000000
2129;1286116.00000000000000000000000000000000000000000000000000
2130;1286372.00000000000000000000000000000000000000000000000000
2131;1286240.00000000000000000000000000000000000000000000000000
2132;1286184.00000000000000000000000000000000000000000000000000
2133;1286112.00000000000000000000000000000000000000000000000000
2134;1286112.00000000000000000000000000000000000000000000000000
2135;1286372.00000000000000000000000000000000000000000000000000
2136;1286180.00000000000000000000000000000000000000000000000000
2137;1286180.00000000000000000000000000000000000000000000000000
2138;1286372.00000000000000000000000000000000000000000000000000
2139;1274000.00000000000000000000000000000000000000000000000000
2140;1274064.00000000000000000000000000000000000000000000000000
2141;1274612.00000000000000000000000000000000000000000000000000
2142;1275208.00000000000000000000000000000000000000000000000000
2143;1275608.00000000000000000000000000000000000000000000000000
2144;1276432.00000000000000000000000000000000000000000000000000
2145;1277884.00000000000000000000000000000000000000000000000000
2146;1278780.00000000000000000000000000000000000000000000000000
2147;1280424.00000000000000000000000000000000000000000000000000
2148;1282124.00000000000000000000000000000000000000000000000000
2149;1284076.00000000000000000000000000000000000000000000000000
2150;1285388.00000000000000000000000000000000000000000000000000
2151;1285680.00000000000000000000000000000000000000000000000000
2152;1285420.00000000000000000000000000000000000000000000000000
2153;1285764.00000000000000000000000000000000000000000000000000
2154;1285504.00000000000000000000000000000000000000000000000000
2155;1285572.00000000000000000000000000000000000000000000000000
2156;1285764.00000000000000000000000000000000000000000000000000
2157;1285760.00000000000000000000000000000000000000000000000000
2158;1285568.00000000000000000000000000000000000000000000000000
2159;1273476.00000000000000000000000000000000000000000000000000
2160;1273784.00000000000000000000000000000000000000000000000000
2161;1273780.00000000000000000000000000000000000000000000000000
2162;1274708.00000000000000000000000000000000000000000000000000
2163;1275156.00000000000000000000000000000000000000000000000000
2164;1275724.00000000000000000000000000000000000000000000000000
2165;1276260.00000000000000000000000000000000000000000000000000
2166;1277472.00000000000000000000000000000000000000000000000000
2167;1278988.00000000000000000000000000000000000000000000000000
2168;1279760.00000000000000000000000000000000000000000000000000
2169;1282296.00000000000000000000000000000000000000000000000000
2170;1284792.00000000000000000000000000000000000000000000000000
2171;1286036.00000000000000000000000000000000000000000000000000
2172;1286040.00000000000000000000000000000000000000000000000000
2173;1286104.00000000000000000000000000000000000000000000000000
2174;1286128.00000000000000000000000000000000000000000000000000
2175;1286176.00000000000000000000000000000000000000000000000000
2176;1286116.00000000000000000000000000000000000000000000000000
2177;1286236.00000000000000000000000000000000000000000000000000
2178;1286116.00000000000000000000000000000000000000000000000000
2179;1286308.00000000000000000000000000000000000000000000000000
2180;1273844.00000000000000000000000000000000000000000000000000
2181;1274284.00000000000000000000000000000000000000000000000000
2182;1274820.00000000000000000000000000000000000000000000000000
2183;1275496.00000000000000000000000000000000000000000000000000
2184;1275928.00000000000000000000000000000000000000000000000000
2185;1277052.00000000000000000000000000000000000000000000000000
2186;1278148.00000000000000000000000000000000000000000000000000
2187;1278856.00000000000000000000000000000000000000000000000000
2188;1280136.00000000000000000000000000000000000000000000000000
2189;1281060.00000000000000000000000000000000000000000000000000
2190;1283588.00000000000000000000000000000000000000000000000000
2191;1285916.00000000000000000000000000000000000000000000000000
2192;1285916.00000000000000000000000000000000000000000000000000
2193;1285988.00000000000000000000000000000000000000000000000000
2194;1286144.00000000000000000000000000000000000000000000000000
2195;1285920.00000000000000000000000000000000000000000000000000
2196;1285952.00000000000000000000000000000000000000000000000000
2197;1286144.00000000000000000000000000000000000000000000000000
2198;1285920.00000000000000000000000000000000000000000000000000
2199;1285916.00000000000000000000000000000000000000000000000000
2200;1273256.00000000000000000000000000000000000000000000000000
2201;1273704.00000000000000000000000000000000000000000000000000
2202;1273932.00000000000000000000000000000000000000000000000000
2203;1274312.00000000000000000000000000000000000000000000000000
2204;1274328.00000000000000000000000000000000000000000000000000
2205;1274728.00000000000000000000000000000000000000000000000000
2206;1276244.00000000000000000000000000000000000000000000000000
2207;1277960.00000000000000000000000000000000000000000000000000
2208;1279600.00000000000000000000000000000000000000000000000000
2209;1280404.00000000000000000000000000000000000000000000000000
2210;1281544.00000000000000000000000000000000000000000000000000
2211;1282120.00000000000000000000000000000000000000000000000000
2212;1285512.00000000000000000000000000000000000000000000000000
2213;1286484.00000000000000000000000000000000000000000000000000
2214;1286636.00000000000000000000000000000000000000000000000000
2215;1286760.00000000000000000000000000000000000000000000000000
2216;1286572.00000000000000000000000000000000000000000000000000
2217;1286732.00000000000000000000000000000000000000000000000000
2218;1286508.00000000000000000000000000000000000000000000000000
2219;1286508.00000000000000000000000000000000000000000000000000
2220;1286508.00000000000000000000000000000000000000000000000000
2221;1286652.00000000000000000000000000000000000000000000000000
2222;1274724.00000000000000000000000000000000000000000000000000
2223;1274796.00000000000000000000000000000000000000000000000000
2224;1275692.00000000000000000000000000000000000000000000000000
2225;1275908.00000000000000000000000000000000000000000000000000
2226;1276348.00000000000000000000000000000000000000000000000000
2227;1277228.00000000000000000000000000000000000000000000000000
2228;1278832.00000000000000000000000000000000000000000000000000
2229;1280296.00000000000000000000000000000000000000000000000000
2230;1281828.00000000000000000000000000000000000000000000000000
2231;1283420.00000000000000000000000000000000000000000000000000
2232;1286452.00000000000000000000000000000000000000000000000000
2233;1286360.00000000000000000000000000000000000000000000000000
2234;1286228.00000000000000000000000000000000000000000000000000
2235;1286404.00000000000000000000000000000000000000000000000000
2236;1286216.00000000000000000000000000000000000000000000000000
2237;1286372.00000000000000000000000000000000000000000000000000
2238;1286404.00000000000000000000000000000000000000000000000000
2239;1286300.00000000000000000000000000000000000000000000000000
2240;1286180.00000000000000000000000000000000000000000000000000
2241;1286404.00000000000000000000000000000000000000000000000000
2242;1273736.00000000000000000000000000000000000000000000000000
2243;1273632.00000000000000000000000000000000000000000000000000
2244;1274224.00000000000000000000000000000000000000000000000000
2245;1274216.00000000000000000000000000000000000000000000000000
2246;1275648.00000000000000000000000000000000000000000000000000
2247;1277252.00000000000000000000000000000000000000000000000000
2248;1278740.00000000000000000000000000000000000000000000000000
2249;1279680.00000000000000000000000000000000000000000000000000
2250;1281120.00000000000000000000000000000000000000000000000000
2251;1282496.00000000000000000000000000000000000000000000000000
2252;1284216.00000000000000000000000000000000000000000000000000
2253;1286616.00000000000000000000000000000000000000000000000000
2254;1286720.00000000000000000000000000000000000000000000000000
2255;1286532.00000000000000000000000000000000000000000000000000
2256;1286720.00000000000000000000000000000000000000000000000000
2257;1286688.00000000000000000000000000000000000000000000000000
2258;1286460.00000000000000000000000000000000000000000000000000
2259;1286460.00000000000000000000000000000000000000000000000000
2260;1286688.00000000000000000000000000000000000000000000000000
2261;1286532.00000000000000000000000000000000000000000000000000
2262;1286580.00000000000000000000000000000000000000000000000000
2263;1274608.00000000000000000000000000000000000000000000000000
2264;1274864.00000000000000000000000000000000000000000000000000
2265;1274392.00000000000000000000000000000000000000000000000000
2266;1275816.00000000000000000000000000000000000000000000000000
2267;1276264.00000000000000000000000000000000000000000000000000
2268;1277076.00000000000000000000000000000000000000000000000000
2269;1277288.00000000000000000000000000000000000000000000000000
2270;1278316.00000000000000000000000000000000000000000000000000
2271;1280088.00000000000000000000000000000000000000000000000000
2272;1281288.00000000000000000000000000000000000000000000000000
2273;1284664.00000000000000000000000000000000000000000000000000
2274;1100228.00000000000000000000000000000000000000000000000000
