Second;RAM_KB
0;13264.00000000000000000000000000000000000000000000000000
1;324360.00000000000000000000000000000000000000000000000000
2;375712.00000000000000000000000000000000000000000000000000
3;694900.00000000000000000000000000000000000000000000000000
4;748016.00000000000000000000000000000000000000000000000000
5;803828.00000000000000000000000000000000000000000000000000
6;897796.00000000000000000000000000000000000000000000000000
7;931604.00000000000000000000000000000000000000000000000000
8;955096.00000000000000000000000000000000000000000000000000
9;981304.00000000000000000000000000000000000000000000000000
10;988528.00000000000000000000000000000000000000000000000000
11;992848.00000000000000000000000000000000000000000000000000
12;999188.00000000000000000000000000000000000000000000000000
13;1003580.00000000000000000000000000000000000000000000000000
14;1009752.00000000000000000000000000000000000000000000000000
15;1014476.00000000000000000000000000000000000000000000000000
16;1020104.00000000000000000000000000000000000000000000000000
17;1025100.00000000000000000000000000000000000000000000000000
18;1030584.00000000000000000000000000000000000000000000000000
19;1035648.00000000000000000000000000000000000000000000000000
20;1042328.00000000000000000000000000000000000000000000000000
21;1047992.00000000000000000000000000000000000000000000000000
22;1052860.00000000000000000000000000000000000000000000000000
23;1058760.00000000000000000000000000000000000000000000000000
24;1062412.00000000000000000000000000000000000000000000000000
25;1069860.00000000000000000000000000000000000000000000000000
26;1073636.00000000000000000000000000000000000000000000000000
27;1080564.00000000000000000000000000000000000000000000000000
28;1085272.00000000000000000000000000000000000000000000000000
29;1089856.00000000000000000000000000000000000000000000000000
30;1096280.00000000000000000000000000000000000000000000000000
31;1101620.00000000000000000000000000000000000000000000000000
32;1106092.00000000000000000000000000000000000000000000000000
33;1113052.00000000000000000000000000000000000000000000000000
34;1116536.00000000000000000000000000000000000000000000000000
35;1120340.00000000000000000000000000000000000000000000000000
36;1125620.00000000000000000000000000000000000000000000000000
37;1132352.00000000000000000000000000000000000000000000000000
38;1137740.00000000000000000000000000000000000000000000000000
39;1141776.00000000000000000000000000000000000000000000000000
40;1146268.00000000000000000000000000000000000000000000000000
41;1152632.00000000000000000000000000000000000000000000000000
42;1156996.00000000000000000000000000000000000000000000000000
43;1161792.00000000000000000000000000000000000000000000000000
44;1170260.00000000000000000000000000000000000000000000000000
45;1173572.00000000000000000000000000000000000000000000000000
46;1178928.00000000000000000000000000000000000000000000000000
47;1178936.00000000000000000000000000000000000000000000000000
48;1960224.00000000000000000000000000000000000000000000000000
49;2065928.00000000000000000000000000000000000000000000000000
50;2066120.00000000000000000000000000000000000000000000000000
51;2066428.00000000000000000000000000000000000000000000000000
52;2066492.00000000000000000000000000000000000000000000000000
53;2066236.00000000000000000000000000000000000000000000000000
54;2066352.00000000000000000000000000000000000000000000000000
55;2066124.00000000000000000000000000000000000000000000000000
56;2066188.00000000000000000000000000000000000000000000000000
57;2065932.00000000000000000000000000000000000000000000000000
58;2066060.00000000000000000000000000000000000000000000000000
59;2063968.00000000000000000000000000000000000000000000000000
60;2063912.00000000000000000000000000000000000000000000000000
61;2067328.00000000000000000000000000000000000000000000000000
62;2067236.00000000000000000000000000000000000000000000000000
63;2066956.00000000000000000000000000000000000000000000000000
64;2067168.00000000000000000000000000000000000000000000000000
65;2067488.00000000000000000000000000000000000000000000000000
66;2067552.00000000000000000000000000000000000000000000000000
67;2067292.00000000000000000000000000000000000000000000000000
68;2067332.00000000000000000000000000000000000000000000000000
69;2067180.00000000000000000000000000000000000000000000000000
70;2064160.00000000000000000000000000000000000000000000000000
71;2067244.00000000000000000000000000000000000000000000000000
72;2063892.00000000000000000000000000000000000000000000000000
73;2063892.00000000000000000000000000000000000000000000000000
74;2067244.00000000000000000000000000000000000000000000000000
75;2066988.00000000000000000000000000000000000000000000000000
76;2067180.00000000000000000000000000000000000000000000000000
77;2067488.00000000000000000000000000000000000000000000000000
78;2067552.00000000000000000000000000000000000000000000000000
79;2067292.00000000000000000000000000000000000000000000000000
80;2067332.00000000000000000000000000000000000000000000000000
81;2067244.00000000000000000000000000000000000000000000000000
82;2066988.00000000000000000000000000000000000000000000000000
83;2067180.00000000000000000000000000000000000000000000000000
84;2067488.00000000000000000000000000000000000000000000000000
85;2063896.00000000000000000000000000000000000000000000000000
86;1956080.00000000000000000000000000000000000000000000000000
87;1958028.00000000000000000000000000000000000000000000000000
88;1959832.00000000000000000000000000000000000000000000000000
89;1961964.00000000000000000000000000000000000000000000000000
90;1964400.00000000000000000000000000000000000000000000000000
91;1966992.00000000000000000000000000000000000000000000000000
92;1969012.00000000000000000000000000000000000000000000000000
93;1971168.00000000000000000000000000000000000000000000000000
94;1974292.00000000000000000000000000000000000000000000000000
95;1975532.00000000000000000000000000000000000000000000000000
96;1977696.00000000000000000000000000000000000000000000000000
97;1981608.00000000000000000000000000000000000000000000000000
98;1984244.00000000000000000000000000000000000000000000000000
99;1985776.00000000000000000000000000000000000000000000000000
100;1988272.00000000000000000000000000000000000000000000000000
101;1991760.00000000000000000000000000000000000000000000000000
102;1997620.00000000000000000000000000000000000000000000000000
103;2000196.00000000000000000000000000000000000000000000000000
104;2004568.00000000000000000000000000000000000000000000000000
105;2007200.00000000000000000000000000000000000000000000000000
106;2012852.00000000000000000000000000000000000000000000000000
107;2015140.00000000000000000000000000000000000000000000000000
108;2017272.00000000000000000000000000000000000000000000000000
109;2021144.00000000000000000000000000000000000000000000000000
110;2023240.00000000000000000000000000000000000000000000000000
111;2025812.00000000000000000000000000000000000000000000000000
112;2031296.00000000000000000000000000000000000000000000000000
113;2032992.00000000000000000000000000000000000000000000000000
114;2035128.00000000000000000000000000000000000000000000000000
115;2037388.00000000000000000000000000000000000000000000000000
116;2039032.00000000000000000000000000000000000000000000000000
117;2045008.00000000000000000000000000000000000000000000000000
118;2047200.00000000000000000000000000000000000000000000000000
119;2048904.00000000000000000000000000000000000000000000000000
120;2054728.00000000000000000000000000000000000000000000000000
121;2053696.00000000000000000000000000000000000000000000000000
122;2055976.00000000000000000000000000000000000000000000000000
123;2058356.00000000000000000000000000000000000000000000000000
124;2064440.00000000000000000000000000000000000000000000000000
125;2066216.00000000000000000000000000000000000000000000000000
126;2071888.00000000000000000000000000000000000000000000000000
127;2071900.00000000000000000000000000000000000000000000000000
128;2075748.00000000000000000000000000000000000000000000000000
129;2075592.00000000000000000000000000000000000000000000000000
130;2075756.00000000000000000000000000000000000000000000000000
131;2075756.00000000000000000000000000000000000000000000000000
132;2076100.00000000000000000000000000000000000000000000000000
133;2075840.00000000000000000000000000000000000000000000000000
134;2075956.00000000000000000000000000000000000000000000000000
135;2075728.00000000000000000000000000000000000000000000000000
136;2075792.00000000000000000000000000000000000000000000000000
137;2075536.00000000000000000000000000000000000000000000000000
138;2075728.00000000000000000000000000000000000000000000000000
139;2073004.00000000000000000000000000000000000000000000000000
140;2073004.00000000000000000000000000000000000000000000000000
141;2076100.00000000000000000000000000000000000000000000000000
142;2076292.00000000000000000000000000000000000000000000000000
143;2076600.00000000000000000000000000000000000000000000000000
144;2076664.00000000000000000000000000000000000000000000000000
145;2076404.00000000000000000000000000000000000000000000000000
146;2076524.00000000000000000000000000000000000000000000000000
147;2076356.00000000000000000000000000000000000000000000000000
148;2076360.00000000000000000000000000000000000000000000000000
149;2076100.00000000000000000000000000000000000000000000000000
150;2076292.00000000000000000000000000000000000000000000000000
151;2076600.00000000000000000000000000000000000000000000000000
152;2073004.00000000000000000000000000000000000000000000000000
153;2073004.00000000000000000000000000000000000000000000000000
154;2076100.00000000000000000000000000000000000000000000000000
155;2076292.00000000000000000000000000000000000000000000000000
156;2076600.00000000000000000000000000000000000000000000000000
157;2076664.00000000000000000000000000000000000000000000000000
158;2076404.00000000000000000000000000000000000000000000000000
159;2076444.00000000000000000000000000000000000000000000000000
160;2076292.00000000000000000000000000000000000000000000000000
161;2076380.00000000000000000000000000000000000000000000000000
162;2076356.00000000000000000000000000000000000000000000000000
163;2076292.00000000000000000000000000000000000000000000000000
164;2076664.00000000000000000000000000000000000000000000000000
165;2076404.00000000000000000000000000000000000000000000000000
166;1963840.00000000000000000000000000000000000000000000000000
167;1966512.00000000000000000000000000000000000000000000000000
168;1968516.00000000000000000000000000000000000000000000000000
169;1970084.00000000000000000000000000000000000000000000000000
170;1972392.00000000000000000000000000000000000000000000000000
171;1973356.00000000000000000000000000000000000000000000000000
172;1976372.00000000000000000000000000000000000000000000000000
173;1977920.00000000000000000000000000000000000000000000000000
174;1980668.00000000000000000000000000000000000000000000000000
175;1982168.00000000000000000000000000000000000000000000000000
176;1984956.00000000000000000000000000000000000000000000000000
177;1987356.00000000000000000000000000000000000000000000000000
178;1990984.00000000000000000000000000000000000000000000000000
179;1993164.00000000000000000000000000000000000000000000000000
180;1995656.00000000000000000000000000000000000000000000000000
181;1997008.00000000000000000000000000000000000000000000000000
182;2001548.00000000000000000000000000000000000000000000000000
183;2003720.00000000000000000000000000000000000000000000000000
184;2006656.00000000000000000000000000000000000000000000000000
185;2009996.00000000000000000000000000000000000000000000000000
186;2013844.00000000000000000000000000000000000000000000000000
187;2016112.00000000000000000000000000000000000000000000000000
188;2018636.00000000000000000000000000000000000000000000000000
189;2020900.00000000000000000000000000000000000000000000000000
190;2025468.00000000000000000000000000000000000000000000000000
191;2028148.00000000000000000000000000000000000000000000000000
192;2030072.00000000000000000000000000000000000000000000000000
193;2035716.00000000000000000000000000000000000000000000000000
194;2037900.00000000000000000000000000000000000000000000000000
195;2040720.00000000000000000000000000000000000000000000000000
196;2045096.00000000000000000000000000000000000000000000000000
197;2047388.00000000000000000000000000000000000000000000000000
198;2050684.00000000000000000000000000000000000000000000000000
199;2052740.00000000000000000000000000000000000000000000000000
200;2056944.00000000000000000000000000000000000000000000000000
201;2059324.00000000000000000000000000000000000000000000000000
202;2061512.00000000000000000000000000000000000000000000000000
203;2064236.00000000000000000000000000000000000000000000000000
204;2070460.00000000000000000000000000000000000000000000000000
205;2070924.00000000000000000000000000000000000000000000000000
206;2072680.00000000000000000000000000000000000000000000000000
207;2076072.00000000000000000000000000000000000000000000000000
208;2076072.00000000000000000000000000000000000000000000000000
209;2079628.00000000000000000000000000000000000000000000000000
210;2079468.00000000000000000000000000000000000000000000000000
211;2079660.00000000000000000000000000000000000000000000000000
212;2079944.00000000000000000000000000000000000000000000000000
213;2080032.00000000000000000000000000000000000000000000000000
214;2079776.00000000000000000000000000000000000000000000000000
215;2079812.00000000000000000000000000000000000000000000000000
216;2079660.00000000000000000000000000000000000000000000000000
217;2079468.00000000000000000000000000000000000000000000000000
218;2079660.00000000000000000000000000000000000000000000000000
219;2079944.00000000000000000000000000000000000000000000000000
220;2076372.00000000000000000000000000000000000000000000000000
221;2077016.00000000000000000000000000000000000000000000000000
222;2078036.00000000000000000000000000000000000000000000000000
223;2080300.00000000000000000000000000000000000000000000000000
224;2080584.00000000000000000000000000000000000000000000000000
225;2080412.00000000000000000000000000000000000000000000000000
226;2080528.00000000000000000000000000000000000000000000000000
227;2080300.00000000000000000000000000000000000000000000000000
228;2080364.00000000000000000000000000000000000000000000000000
229;2080108.00000000000000000000000000000000000000000000000000
230;2080300.00000000000000000000000000000000000000000000000000
231;2080672.00000000000000000000000000000000000000000000000000
232;2080416.00000000000000000000000000000000000000000000000000
233;2080528.00000000000000000000000000000000000000000000000000
234;2077012.00000000000000000000000000000000000000000000000000
235;2080584.00000000000000000000000000000000000000000000000000
236;2080672.00000000000000000000000000000000000000000000000000
237;2080412.00000000000000000000000000000000000000000000000000
238;2080452.00000000000000000000000000000000000000000000000000
239;2080300.00000000000000000000000000000000000000000000000000
240;2080364.00000000000000000000000000000000000000000000000000
241;2080108.00000000000000000000000000000000000000000000000000
242;2080300.00000000000000000000000000000000000000000000000000
243;2080672.00000000000000000000000000000000000000000000000000
244;2080412.00000000000000000000000000000000000000000000000000
245;2080452.00000000000000000000000000000000000000000000000000
246;2080300.00000000000000000000000000000000000000000000000000
247;1964656.00000000000000000000000000000000000000000000000000
248;1966344.00000000000000000000000000000000000000000000000000
249;1968648.00000000000000000000000000000000000000000000000000
250;1970792.00000000000000000000000000000000000000000000000000
251;1973120.00000000000000000000000000000000000000000000000000
252;1975232.00000000000000000000000000000000000000000000000000
253;1977664.00000000000000000000000000000000000000000000000000
254;1979120.00000000000000000000000000000000000000000000000000
255;1981924.00000000000000000000000000000000000000000000000000
256;1982996.00000000000000000000000000000000000000000000000000
257;1986404.00000000000000000000000000000000000000000000000000
258;1989152.00000000000000000000000000000000000000000000000000
259;1991360.00000000000000000000000000000000000000000000000000
260;1993860.00000000000000000000000000000000000000000000000000
261;1996244.00000000000000000000000000000000000000000000000000
262;1998048.00000000000000000000000000000000000000000000000000
263;2001184.00000000000000000000000000000000000000000000000000
264;2003448.00000000000000000000000000000000000000000000000000
265;2007280.00000000000000000000000000000000000000000000000000
266;2009396.00000000000000000000000000000000000000000000000000
267;2011684.00000000000000000000000000000000000000000000000000
268;2015828.00000000000000000000000000000000000000000000000000
269;2017164.00000000000000000000000000000000000000000000000000
270;2021660.00000000000000000000000000000000000000000000000000
271;2023920.00000000000000000000000000000000000000000000000000
272;2026316.00000000000000000000000000000000000000000000000000
273;2028544.00000000000000000000000000000000000000000000000000
274;2032164.00000000000000000000000000000000000000000000000000
275;2034520.00000000000000000000000000000000000000000000000000
276;2037256.00000000000000000000000000000000000000000000000000
277;2039360.00000000000000000000000000000000000000000000000000
278;2044128.00000000000000000000000000000000000000000000000000
279;2045388.00000000000000000000000000000000000000000000000000
280;2048044.00000000000000000000000000000000000000000000000000
281;2050960.00000000000000000000000000000000000000000000000000
282;2057876.00000000000000000000000000000000000000000000000000
283;2060736.00000000000000000000000000000000000000000000000000
284;2062916.00000000000000000000000000000000000000000000000000
285;2066124.00000000000000000000000000000000000000000000000000
286;2071052.00000000000000000000000000000000000000000000000000
287;2072500.00000000000000000000000000000000000000000000000000
288;2074876.00000000000000000000000000000000000000000000000000
289;2074876.00000000000000000000000000000000000000000000000000
290;2078752.00000000000000000000000000000000000000000000000000
291;2078912.00000000000000000000000000000000000000000000000000
292;2078656.00000000000000000000000000000000000000000000000000
293;2078840.00000000000000000000000000000000000000000000000000
294;2079132.00000000000000000000000000000000000000000000000000
295;2079220.00000000000000000000000000000000000000000000000000
296;2078960.00000000000000000000000000000000000000000000000000
297;2079068.00000000000000000000000000000000000000000000000000
298;2078848.00000000000000000000000000000000000000000000000000
299;2078912.00000000000000000000000000000000000000000000000000
300;2078844.00000000000000000000000000000000000000000000000000
301;2075816.00000000000000000000000000000000000000000000000000
302;2076208.00000000000000000000000000000000000000000000000000
303;2076208.00000000000000000000000000000000000000000000000000
304;2079560.00000000000000000000000000000000000000000000000000
305;2079780.00000000000000000000000000000000000000000000000000
306;2079800.00000000000000000000000000000000000000000000000000
307;2079496.00000000000000000000000000000000000000000000000000
308;2075900.00000000000000000000000000000000000000000000000000
309;2079488.00000000000000000000000000000000000000000000000000
310;2079868.00000000000000000000000000000000000000000000000000
311;2079608.00000000000000000000000000000000000000000000000000
312;2079640.00000000000000000000000000000000000000000000000000
313;2079560.00000000000000000000000000000000000000000000000000
314;2079488.00000000000000000000000000000000000000000000000000
315;2079780.00000000000000000000000000000000000000000000000000
316;2076208.00000000000000000000000000000000000000000000000000
317;2076208.00000000000000000000000000000000000000000000000000
318;2079488.00000000000000000000000000000000000000000000000000
319;2079784.00000000000000000000000000000000000000000000000000
320;2079868.00000000000000000000000000000000000000000000000000
321;2079608.00000000000000000000000000000000000000000000000000
322;2079640.00000000000000000000000000000000000000000000000000
323;2079560.00000000000000000000000000000000000000000000000000
324;2079304.00000000000000000000000000000000000000000000000000
325;2079488.00000000000000000000000000000000000000000000000000
326;2079908.00000000000000000000000000000000000000000000000000
327;2079736.00000000000000000000000000000000000000000000000000
328;2079716.00000000000000000000000000000000000000000000000000
329;2079496.00000000000000000000000000000000000000000000000000
330;1964644.00000000000000000000000000000000000000000000000000
331;1967416.00000000000000000000000000000000000000000000000000
332;1968808.00000000000000000000000000000000000000000000000000
333;1971596.00000000000000000000000000000000000000000000000000
334;1973976.00000000000000000000000000000000000000000000000000
335;1975720.00000000000000000000000000000000000000000000000000
336;1977168.00000000000000000000000000000000000000000000000000
337;1978620.00000000000000000000000000000000000000000000000000
338;1981124.00000000000000000000000000000000000000000000000000
339;1983128.00000000000000000000000000000000000000000000000000
340;1987404.00000000000000000000000000000000000000000000000000
341;1989384.00000000000000000000000000000000000000000000000000
342;1991456.00000000000000000000000000000000000000000000000000
343;1993604.00000000000000000000000000000000000000000000000000
344;1995372.00000000000000000000000000000000000000000000000000
345;1998068.00000000000000000000000000000000000000000000000000
346;1999928.00000000000000000000000000000000000000000000000000
347;2002432.00000000000000000000000000000000000000000000000000
348;2004108.00000000000000000000000000000000000000000000000000
349;2008316.00000000000000000000000000000000000000000000000000
350;2010344.00000000000000000000000000000000000000000000000000
351;2013356.00000000000000000000000000000000000000000000000000
352;2014716.00000000000000000000000000000000000000000000000000
353;2018660.00000000000000000000000000000000000000000000000000
354;2020428.00000000000000000000000000000000000000000000000000
355;2022776.00000000000000000000000000000000000000000000000000
356;2024524.00000000000000000000000000000000000000000000000000
357;2032220.00000000000000000000000000000000000000000000000000
358;2034136.00000000000000000000000000000000000000000000000000
359;2036104.00000000000000000000000000000000000000000000000000
360;2041868.00000000000000000000000000000000000000000000000000
361;2044784.00000000000000000000000000000000000000000000000000
362;2046816.00000000000000000000000000000000000000000000000000
363;2049152.00000000000000000000000000000000000000000000000000
364;2054824.00000000000000000000000000000000000000000000000000
365;2055736.00000000000000000000000000000000000000000000000000
366;2058376.00000000000000000000000000000000000000000000000000
367;2059864.00000000000000000000000000000000000000000000000000
368;2062420.00000000000000000000000000000000000000000000000000
369;2066668.00000000000000000000000000000000000000000000000000
370;2069528.00000000000000000000000000000000000000000000000000
371;2071340.00000000000000000000000000000000000000000000000000
372;2074028.00000000000000000000000000000000000000000000000000
373;2076152.00000000000000000000000000000000000000000000000000
374;2083528.00000000000000000000000000000000000000000000000000
375;2083536.00000000000000000000000000000000000000000000000000
376;2087056.00000000000000000000000000000000000000000000000000
377;2086800.00000000000000000000000000000000000000000000000000
378;2086992.00000000000000000000000000000000000000000000000000
379;2087492.00000000000000000000000000000000000000000000000000
380;2087364.00000000000000000000000000000000000000000000000000
381;2087104.00000000000000000000000000000000000000000000000000
382;2087100.00000000000000000000000000000000000000000000000000
383;2087076.00000000000000000000000000000000000000000000000000
384;2086720.00000000000000000000000000000000000000000000000000
385;2086912.00000000000000000000000000000000000000000000000000
386;2087152.00000000000000000000000000000000000000000000000000
387;2083580.00000000000000000000000000000000000000000000000000
388;2083580.00000000000000000000000000000000000000000000000000
389;2086868.00000000000000000000000000000000000000000000000000
390;2087152.00000000000000000000000000000000000000000000000000
391;2087240.00000000000000000000000000000000000000000000000000
392;2086980.00000000000000000000000000000000000000000000000000
393;2087020.00000000000000000000000000000000000000000000000000
394;2086868.00000000000000000000000000000000000000000000000000
395;2086932.00000000000000000000000000000000000000000000000000
396;2086932.00000000000000000000000000000000000000000000000000
397;2086868.00000000000000000000000000000000000000000000000000
398;2087240.00000000000000000000000000000000000000000000000000
399;2086980.00000000000000000000000000000000000000000000000000
400;2087020.00000000000000000000000000000000000000000000000000
401;2083580.00000000000000000000000000000000000000000000000000
402;2087240.00000000000000000000000000000000000000000000000000
403;2086984.00000000000000000000000000000000000000000000000000
404;2087096.00000000000000000000000000000000000000000000000000
405;2087060.00000000000000000000000000000000000000000000000000
406;2086932.00000000000000000000000000000000000000000000000000
407;2086676.00000000000000000000000000000000000000000000000000
408;2086868.00000000000000000000000000000000000000000000000000
409;2087152.00000000000000000000000000000000000000000000000000
410;2087240.00000000000000000000000000000000000000000000000000
411;2086980.00000000000000000000000000000000000000000000000000
412;2087020.00000000000000000000000000000000000000000000000000
413;2086932.00000000000000000000000000000000000000000000000000
414;1968056.00000000000000000000000000000000000000000000000000
415;1968652.00000000000000000000000000000000000000000000000000
416;1970516.00000000000000000000000000000000000000000000000000
417;1972812.00000000000000000000000000000000000000000000000000
418;1974776.00000000000000000000000000000000000000000000000000
419;1976360.00000000000000000000000000000000000000000000000000
420;1977968.00000000000000000000000000000000000000000000000000
421;1979736.00000000000000000000000000000000000000000000000000
422;1982044.00000000000000000000000000000000000000000000000000
423;1985912.00000000000000000000000000000000000000000000000000
424;1987576.00000000000000000000000000000000000000000000000000
425;1989704.00000000000000000000000000000000000000000000000000
426;1992236.00000000000000000000000000000000000000000000000000
427;1994056.00000000000000000000000000000000000000000000000000
428;1996128.00000000000000000000000000000000000000000000000000
429;1998820.00000000000000000000000000000000000000000000000000
430;2000460.00000000000000000000000000000000000000000000000000
431;2002648.00000000000000000000000000000000000000000000000000
432;2005232.00000000000000000000000000000000000000000000000000
433;2008160.00000000000000000000000000000000000000000000000000
434;2010776.00000000000000000000000000000000000000000000000000
435;2013700.00000000000000000000000000000000000000000000000000
436;2015508.00000000000000000000000000000000000000000000000000
437;2018644.00000000000000000000000000000000000000000000000000
438;2020448.00000000000000000000000000000000000000000000000000
439;2022608.00000000000000000000000000000000000000000000000000
440;2028696.00000000000000000000000000000000000000000000000000
441;2030236.00000000000000000000000000000000000000000000000000
442;2031812.00000000000000000000000000000000000000000000000000
443;2034188.00000000000000000000000000000000000000000000000000
444;2040188.00000000000000000000000000000000000000000000000000
445;2041688.00000000000000000000000000000000000000000000000000
446;2044260.00000000000000000000000000000000000000000000000000
447;2045900.00000000000000000000000000000000000000000000000000
448;2051212.00000000000000000000000000000000000000000000000000
449;2054476.00000000000000000000000000000000000000000000000000
450;2055924.00000000000000000000000000000000000000000000000000
451;2058220.00000000000000000000000000000000000000000000000000
452;2060044.00000000000000000000000000000000000000000000000000
453;2066400.00000000000000000000000000000000000000000000000000
454;2067040.00000000000000000000000000000000000000000000000000
455;2069056.00000000000000000000000000000000000000000000000000
456;2070776.00000000000000000000000000000000000000000000000000
457;2073736.00000000000000000000000000000000000000000000000000
458;2078512.00000000000000000000000000000000000000000000000000
459;2082400.00000000000000000000000000000000000000000000000000
460;2082344.00000000000000000000000000000000000000000000000000
461;2082264.00000000000000000000000000000000000000000000000000
462;2081972.00000000000000000000000000000000000000000000000000
463;2082036.00000000000000000000000000000000000000000000000000
464;2081972.00000000000000000000000000000000000000000000000000
465;2081972.00000000000000000000000000000000000000000000000000
466;2082344.00000000000000000000000000000000000000000000000000
467;2082084.00000000000000000000000000000000000000000000000000
468;2082124.00000000000000000000000000000000000000000000000000
469;2081972.00000000000000000000000000000000000000000000000000
470;2082036.00000000000000000000000000000000000000000000000000
471;2078684.00000000000000000000000000000000000000000000000000
472;2078684.00000000000000000000000000000000000000000000000000
473;2082124.00000000000000000000000000000000000000000000000000
474;2082036.00000000000000000000000000000000000000000000000000
475;2081780.00000000000000000000000000000000000000000000000000
476;2081972.00000000000000000000000000000000000000000000000000
477;2082344.00000000000000000000000000000000000000000000000000
478;2082084.00000000000000000000000000000000000000000000000000
479;2082124.00000000000000000000000000000000000000000000000000
480;2081972.00000000000000000000000000000000000000000000000000
481;2082036.00000000000000000000000000000000000000000000000000
482;2082036.00000000000000000000000000000000000000000000000000
483;2081972.00000000000000000000000000000000000000000000000000
484;2078684.00000000000000000000000000000000000000000000000000
485;2078684.00000000000000000000000000000000000000000000000000
486;2081780.00000000000000000000000000000000000000000000000000
487;2081972.00000000000000000000000000000000000000000000000000
488;2082408.00000000000000000000000000000000000000000000000000
489;2082084.00000000000000000000000000000000000000000000000000
490;2082200.00000000000000000000000000000000000000000000000000
491;2081972.00000000000000000000000000000000000000000000000000
492;2082036.00000000000000000000000000000000000000000000000000
493;2081780.00000000000000000000000000000000000000000000000000
494;2081972.00000000000000000000000000000000000000000000000000
495;2082280.00000000000000000000000000000000000000000000000000
496;2082368.00000000000000000000000000000000000000000000000000
497;2082264.00000000000000000000000000000000000000000000000000
498;1965124.00000000000000000000000000000000000000000000000000
499;1965188.00000000000000000000000000000000000000000000000000
500;1965724.00000000000000000000000000000000000000000000000000
501;1967900.00000000000000000000000000000000000000000000000000
502;1970000.00000000000000000000000000000000000000000000000000
503;1972232.00000000000000000000000000000000000000000000000000
504;1974336.00000000000000000000000000000000000000000000000000
505;1976296.00000000000000000000000000000000000000000000000000
506;1978540.00000000000000000000000000000000000000000000000000
507;1980048.00000000000000000000000000000000000000000000000000
508;1983280.00000000000000000000000000000000000000000000000000
509;1985196.00000000000000000000000000000000000000000000000000
510;1987524.00000000000000000000000000000000000000000000000000
511;1989776.00000000000000000000000000000000000000000000000000
512;1991532.00000000000000000000000000000000000000000000000000
513;1993788.00000000000000000000000000000000000000000000000000
514;1996164.00000000000000000000000000000000000000000000000000
515;1998836.00000000000000000000000000000000000000000000000000
516;2000188.00000000000000000000000000000000000000000000000000
517;2004996.00000000000000000000000000000000000000000000000000
518;2007376.00000000000000000000000000000000000000000000000000
519;2011320.00000000000000000000000000000000000000000000000000
520;2013092.00000000000000000000000000000000000000000000000000
521;2017448.00000000000000000000000000000000000000000000000000
522;2019632.00000000000000000000000000000000000000000000000000
523;2021984.00000000000000000000000000000000000000000000000000
524;2023320.00000000000000000000000000000000000000000000000000
525;2029460.00000000000000000000000000000000000000000000000000
526;2031292.00000000000000000000000000000000000000000000000000
527;2037888.00000000000000000000000000000000000000000000000000
528;2040048.00000000000000000000000000000000000000000000000000
529;2042660.00000000000000000000000000000000000000000000000000
530;2044260.00000000000000000000000000000000000000000000000000
531;2047208.00000000000000000000000000000000000000000000000000
532;2052180.00000000000000000000000000000000000000000000000000
533;2054772.00000000000000000000000000000000000000000000000000
534;2056220.00000000000000000000000000000000000000000000000000
535;2059080.00000000000000000000000000000000000000000000000000
536;2063684.00000000000000000000000000000000000000000000000000
537;2065740.00000000000000000000000000000000000000000000000000
538;2067600.00000000000000000000000000000000000000000000000000
539;2070564.00000000000000000000000000000000000000000000000000
540;2076292.00000000000000000000000000000000000000000000000000
541;2080224.00000000000000000000000000000000000000000000000000
542;2080224.00000000000000000000000000000000000000000000000000
543;2083876.00000000000000000000000000000000000000000000000000
544;2083720.00000000000000000000000000000000000000000000000000
545;2083912.00000000000000000000000000000000000000000000000000
546;2084348.00000000000000000000000000000000000000000000000000
547;2080624.00000000000000000000000000000000000000000000000000
548;2084140.00000000000000000000000000000000000000000000000000
549;2084064.00000000000000000000000000000000000000000000000000
550;2084044.00000000000000000000000000000000000000000000000000
551;2083720.00000000000000000000000000000000000000000000000000
552;2083912.00000000000000000000000000000000000000000000000000
553;2083912.00000000000000000000000000000000000000000000000000
554;2081216.00000000000000000000000000000000000000000000000000
555;2081216.00000000000000000000000000000000000000000000000000
556;2084312.00000000000000000000000000000000000000000000000000
557;2084504.00000000000000000000000000000000000000000000000000
558;2084812.00000000000000000000000000000000000000000000000000
559;2084876.00000000000000000000000000000000000000000000000000
560;2084616.00000000000000000000000000000000000000000000000000
561;2084656.00000000000000000000000000000000000000000000000000
562;2084504.00000000000000000000000000000000000000000000000000
563;2084568.00000000000000000000000000000000000000000000000000
564;2084312.00000000000000000000000000000000000000000000000000
565;2084504.00000000000000000000000000000000000000000000000000
566;2084812.00000000000000000000000000000000000000000000000000
567;2084744.00000000000000000000000000000000000000000000000000
568;2081216.00000000000000000000000000000000000000000000000000
569;2084680.00000000000000000000000000000000000000000000000000
570;2084988.00000000000000000000000000000000000000000000000000
571;2085112.00000000000000000000000000000000000000000000000000
572;2084852.00000000000000000000000000000000000000000000000000
573;2084892.00000000000000000000000000000000000000000000000000
574;2084944.00000000000000000000000000000000000000000000000000
575;2084624.00000000000000000000000000000000000000000000000000
576;2084816.00000000000000000000000000000000000000000000000000
577;2085124.00000000000000000000000000000000000000000000000000
578;2085188.00000000000000000000000000000000000000000000000000
579;2084928.00000000000000000000000000000000000000000000000000
580;2084972.00000000000000000000000000000000000000000000000000
581;1966108.00000000000000000000000000000000000000000000000000
582;1966592.00000000000000000000000000000000000000000000000000
583;1968324.00000000000000000000000000000000000000000000000000
584;1970092.00000000000000000000000000000000000000000000000000
585;1972864.00000000000000000000000000000000000000000000000000
586;1974372.00000000000000000000000000000000000000000000000000
587;1977060.00000000000000000000000000000000000000000000000000
588;1978780.00000000000000000000000000000000000000000000000000
589;1982684.00000000000000000000000000000000000000000000000000
590;1984084.00000000000000000000000000000000000000000000000000
591;1987412.00000000000000000000000000000000000000000000000000
592;1990564.00000000000000000000000000000000000000000000000000
593;1992932.00000000000000000000000000000000000000000000000000
594;1994432.00000000000000000000000000000000000000000000000000
595;1996700.00000000000000000000000000000000000000000000000000
596;1999648.00000000000000000000000000000000000000000000000000
597;2001384.00000000000000000000000000000000000000000000000000
598;2003552.00000000000000000000000000000000000000000000000000
599;2005492.00000000000000000000000000000000000000000000000000
600;2009524.00000000000000000000000000000000000000000000000000
601;2011440.00000000000000000000000000000000000000000000000000
602;2016312.00000000000000000000000000000000000000000000000000
603;2017376.00000000000000000000000000000000000000000000000000
604;2020604.00000000000000000000000000000000000000000000000000
605;2023776.00000000000000000000000000000000000000000000000000
606;2026048.00000000000000000000000000000000000000000000000000
607;2028364.00000000000000000000000000000000000000000000000000
608;2033988.00000000000000000000000000000000000000000000000000
609;2037100.00000000000000000000000000000000000000000000000000
610;2039880.00000000000000000000000000000000000000000000000000
611;2045360.00000000000000000000000000000000000000000000000000
612;2048360.00000000000000000000000000000000000000000000000000
613;2050300.00000000000000000000000000000000000000000000000000
614;2053332.00000000000000000000000000000000000000000000000000
615;2058160.00000000000000000000000000000000000000000000000000
616;2060464.00000000000000000000000000000000000000000000000000
617;2062864.00000000000000000000000000000000000000000000000000
618;2064852.00000000000000000000000000000000000000000000000000
619;2070668.00000000000000000000000000000000000000000000000000
620;2071684.00000000000000000000000000000000000000000000000000
621;2073356.00000000000000000000000000000000000000000000000000
622;2076004.00000000000000000000000000000000000000000000000000
623;2079800.00000000000000000000000000000000000000000000000000
624;2079800.00000000000000000000000000000000000000000000000000
625;2083664.00000000000000000000000000000000000000000000000000
626;2083508.00000000000000000000000000000000000000000000000000
627;2083700.00000000000000000000000000000000000000000000000000
628;2084008.00000000000000000000000000000000000000000000000000
629;2084072.00000000000000000000000000000000000000000000000000
630;2083996.00000000000000000000000000000000000000000000000000
631;2083852.00000000000000000000000000000000000000000000000000
632;2083764.00000000000000000000000000000000000000000000000000
633;2083508.00000000000000000000000000000000000000000000000000
634;2083700.00000000000000000000000000000000000000000000000000
635;2084008.00000000000000000000000000000000000000000000000000
636;2080368.00000000000000000000000000000000000000000000000000
637;2080972.00000000000000000000000000000000000000000000000000
638;2084036.00000000000000000000000000000000000000000000000000
639;2084228.00000000000000000000000000000000000000000000000000
640;2084472.00000000000000000000000000000000000000000000000000
641;2084536.00000000000000000000000000000000000000000000000000
642;2084392.00000000000000000000000000000000000000000000000000
643;2084164.00000000000000000000000000000000000000000000000000
644;2084228.00000000000000000000000000000000000000000000000000
645;2083972.00000000000000000000000000000000000000000000000000
646;2084164.00000000000000000000000000000000000000000000000000
647;2084472.00000000000000000000000000000000000000000000000000
648;2080876.00000000000000000000000000000000000000000000000000
649;2084392.00000000000000000000000000000000000000000000000000
650;2080876.00000000000000000000000000000000000000000000000000
651;2084164.00000000000000000000000000000000000000000000000000
652;2084664.00000000000000000000000000000000000000000000000000
653;2084536.00000000000000000000000000000000000000000000000000
654;2084392.00000000000000000000000000000000000000000000000000
655;2084164.00000000000000000000000000000000000000000000000000
656;2084228.00000000000000000000000000000000000000000000000000
657;2083972.00000000000000000000000000000000000000000000000000
658;2084164.00000000000000000000000000000000000000000000000000
659;2084472.00000000000000000000000000000000000000000000000000
660;2084560.00000000000000000000000000000000000000000000000000
661;2084456.00000000000000000000000000000000000000000000000000
662;2084316.00000000000000000000000000000000000000000000000000
663;1975584.00000000000000000000000000000000000000000000000000
664;1976080.00000000000000000000000000000000000000000000000000
665;1976356.00000000000000000000000000000000000000000000000000
666;1977040.00000000000000000000000000000000000000000000000000
667;1978020.00000000000000000000000000000000000000000000000000
668;1980456.00000000000000000000000000000000000000000000000000
669;1982568.00000000000000000000000000000000000000000000000000
670;1984960.00000000000000000000000000000000000000000000000000
671;1987008.00000000000000000000000000000000000000000000000000
672;1989192.00000000000000000000000000000000000000000000000000
673;1991156.00000000000000000000000000000000000000000000000000
674;1992736.00000000000000000000000000000000000000000000000000
675;1995472.00000000000000000000000000000000000000000000000000
676;1997928.00000000000000000000000000000000000000000000000000
677;2000392.00000000000000000000000000000000000000000000000000
678;2002508.00000000000000000000000000000000000000000000000000
679;2004004.00000000000000000000000000000000000000000000000000
680;2007084.00000000000000000000000000000000000000000000000000
681;2009556.00000000000000000000000000000000000000000000000000
682;2012096.00000000000000000000000000000000000000000000000000
683;2013832.00000000000000000000000000000000000000000000000000
684;2016100.00000000000000000000000000000000000000000000000000
685;2020064.00000000000000000000000000000000000000000000000000
686;2022000.00000000000000000000000000000000000000000000000000
687;2023268.00000000000000000000000000000000000000000000000000
688;2029700.00000000000000000000000000000000000000000000000000
689;2032488.00000000000000000000000000000000000000000000000000
690;2038092.00000000000000000000000000000000000000000000000000
691;2039752.00000000000000000000000000000000000000000000000000
692;2042132.00000000000000000000000000000000000000000000000000
693;2044248.00000000000000000000000000000000000000000000000000
694;2049508.00000000000000000000000000000000000000000000000000
695;2050876.00000000000000000000000000000000000000000000000000
696;2053992.00000000000000000000000000000000000000000000000000
697;2054696.00000000000000000000000000000000000000000000000000
698;2057680.00000000000000000000000000000000000000000000000000
699;2061108.00000000000000000000000000000000000000000000000000
700;2063824.00000000000000000000000000000000000000000000000000
701;2066072.00000000000000000000000000000000000000000000000000
702;2069676.00000000000000000000000000000000000000000000000000
703;2074076.00000000000000000000000000000000000000000000000000
704;2075120.00000000000000000000000000000000000000000000000000
705;2077064.00000000000000000000000000000000000000000000000000
706;2079784.00000000000000000000000000000000000000000000000000
707;2079784.00000000000000000000000000000000000000000000000000
708;2083528.00000000000000000000000000000000000000000000000000
709;2083704.00000000000000000000000000000000000000000000000000
710;2083432.00000000000000000000000000000000000000000000000000
711;2083632.00000000000000000000000000000000000000000000000000
712;2083948.00000000000000000000000000000000000000000000000000
713;2084012.00000000000000000000000000000000000000000000000000
714;2083752.00000000000000000000000000000000000000000000000000
715;2083784.00000000000000000000000000000000000000000000000000
716;2083616.00000000000000000000000000000000000000000000000000
717;2083448.00000000000000000000000000000000000000000000000000
718;2083632.00000000000000000000000000000000000000000000000000
719;2081000.00000000000000000000000000000000000000000000000000
720;2081000.00000000000000000000000000000000000000000000000000
721;2084352.00000000000000000000000000000000000000000000000000
722;2084096.00000000000000000000000000000000000000000000000000
723;2084280.00000000000000000000000000000000000000000000000000
724;2084596.00000000000000000000000000000000000000000000000000
725;2084660.00000000000000000000000000000000000000000000000000
726;2084400.00000000000000000000000000000000000000000000000000
727;2084432.00000000000000000000000000000000000000000000000000
728;2084392.00000000000000000000000000000000000000000000000000
729;2084096.00000000000000000000000000000000000000000000000000
730;2084344.00000000000000000000000000000000000000000000000000
731;2084280.00000000000000000000000000000000000000000000000000
732;2081000.00000000000000000000000000000000000000000000000000
733;2081000.00000000000000000000000000000000000000000000000000
734;2084096.00000000000000000000000000000000000000000000000000
735;2084280.00000000000000000000000000000000000000000000000000
736;2084596.00000000000000000000000000000000000000000000000000
737;2084664.00000000000000000000000000000000000000000000000000
738;2084400.00000000000000000000000000000000000000000000000000
739;2084432.00000000000000000000000000000000000000000000000000
740;2084264.00000000000000000000000000000000000000000000000000
741;2084380.00000000000000000000000000000000000000000000000000
742;2084288.00000000000000000000000000000000000000000000000000
743;2084280.00000000000000000000000000000000000000000000000000
744;2084660.00000000000000000000000000000000000000000000000000
745;2084400.00000000000000000000000000000000000000000000000000
746;1975276.00000000000000000000000000000000000000000000000000
747;1974284.00000000000000000000000000000000000000000000000000
748;1975240.00000000000000000000000000000000000000000000000000
749;1975204.00000000000000000000000000000000000000000000000000
750;1976452.00000000000000000000000000000000000000000000000000
751;1978572.00000000000000000000000000000000000000000000000000
752;1981008.00000000000000000000000000000000000000000000000000
753;1982936.00000000000000000000000000000000000000000000000000
754;1986296.00000000000000000000000000000000000000000000000000
755;1988020.00000000000000000000000000000000000000000000000000
756;1990344.00000000000000000000000000000000000000000000000000
757;1992048.00000000000000000000000000000000000000000000000000
758;1994076.00000000000000000000000000000000000000000000000000
759;1996256.00000000000000000000000000000000000000000000000000
760;1998668.00000000000000000000000000000000000000000000000000
761;2002312.00000000000000000000000000000000000000000000000000
762;2004148.00000000000000000000000000000000000000000000000000
763;2006680.00000000000000000000000000000000000000000000000000
764;2009540.00000000000000000000000000000000000000000000000000
765;2011492.00000000000000000000000000000000000000000000000000
766;2014480.00000000000000000000000000000000000000000000000000
767;2016924.00000000000000000000000000000000000000000000000000
768;2018880.00000000000000000000000000000000000000000000000000
769;2021384.00000000000000000000000000000000000000000000000000
770;2025916.00000000000000000000000000000000000000000000000000
771;2028356.00000000000000000000000000000000000000000000000000
772;2032632.00000000000000000000000000000000000000000000000000
773;2033844.00000000000000000000000000000000000000000000000000
774;2036220.00000000000000000000000000000000000000000000000000
775;2037920.00000000000000000000000000000000000000000000000000
776;2044368.00000000000000000000000000000000000000000000000000
777;2046108.00000000000000000000000000000000000000000000000000
778;2048392.00000000000000000000000000000000000000000000000000
779;2050932.00000000000000000000000000000000000000000000000000
780;2057352.00000000000000000000000000000000000000000000000000
781;2059460.00000000000000000000000000000000000000000000000000
782;2061816.00000000000000000000000000000000000000000000000000
783;2064040.00000000000000000000000000000000000000000000000000
784;2069212.00000000000000000000000000000000000000000000000000
785;2070312.00000000000000000000000000000000000000000000000000
786;2072972.00000000000000000000000000000000000000000000000000
787;2074892.00000000000000000000000000000000000000000000000000
788;2081552.00000000000000000000000000000000000000000000000000
789;2081556.00000000000000000000000000000000000000000000000000
790;2084812.00000000000000000000000000000000000000000000000000
791;2085264.00000000000000000000000000000000000000000000000000
792;2085556.00000000000000000000000000000000000000000000000000
793;2081984.00000000000000000000000000000000000000000000000000
794;2085556.00000000000000000000000000000000000000000000000000
795;2085400.00000000000000000000000000000000000000000000000000
796;2085364.00000000000000000000000000000000000000000000000000
797;2085356.00000000000000000000000000000000000000000000000000
798;2085292.00000000000000000000000000000000000000000000000000
799;2085672.00000000000000000000000000000000000000000000000000
800;2085412.00000000000000000000000000000000000000000000000000
801;2085444.00000000000000000000000000000000000000000000000000
802;2082584.00000000000000000000000000000000000000000000000000
803;2086156.00000000000000000000000000000000000000000000000000
804;2086244.00000000000000000000000000000000000000000000000000
805;2085984.00000000000000000000000000000000000000000000000000
806;2086016.00000000000000000000000000000000000000000000000000
807;2085848.00000000000000000000000000000000000000000000000000
808;2085936.00000000000000000000000000000000000000000000000000
809;2085680.00000000000000000000000000000000000000000000000000
810;2085864.00000000000000000000000000000000000000000000000000
811;2085864.00000000000000000000000000000000000000000000000000
812;2086288.00000000000000000000000000000000000000000000000000
813;2086244.00000000000000000000000000000000000000000000000000
814;2085984.00000000000000000000000000000000000000000000000000
815;2082584.00000000000000000000000000000000000000000000000000
816;2085864.00000000000000000000000000000000000000000000000000
817;2086276.00000000000000000000000000000000000000000000000000
818;2086244.00000000000000000000000000000000000000000000000000
819;2085984.00000000000000000000000000000000000000000000000000
820;2086016.00000000000000000000000000000000000000000000000000
821;2085848.00000000000000000000000000000000000000000000000000
822;2085936.00000000000000000000000000000000000000000000000000
823;2085864.00000000000000000000000000000000000000000000000000
824;2086156.00000000000000000000000000000000000000000000000000
825;2086244.00000000000000000000000000000000000000000000000000
826;2086100.00000000000000000000000000000000000000000000000000
827;2086016.00000000000000000000000000000000000000000000000000
828;1974396.00000000000000000000000000000000000000000000000000
829;1975272.00000000000000000000000000000000000000000000000000
830;1976152.00000000000000000000000000000000000000000000000000
831;1977028.00000000000000000000000000000000000000000000000000
832;1977956.00000000000000000000000000000000000000000000000000
833;1979704.00000000000000000000000000000000000000000000000000
834;1981152.00000000000000000000000000000000000000000000000000
835;1983808.00000000000000000000000000000000000000000000000000
836;1985868.00000000000000000000000000000000000000000000000000
837;1988496.00000000000000000000000000000000000000000000000000
838;1990592.00000000000000000000000000000000000000000000000000
839;1993356.00000000000000000000000000000000000000000000000000
840;1995004.00000000000000000000000000000000000000000000000000
841;1997604.00000000000000000000000000000000000000000000000000
842;1999236.00000000000000000000000000000000000000000000000000
843;2001876.00000000000000000000000000000000000000000000000000
844;2004284.00000000000000000000000000000000000000000000000000
845;2007052.00000000000000000000000000000000000000000000000000
846;2009044.00000000000000000000000000000000000000000000000000
847;2010728.00000000000000000000000000000000000000000000000000
848;2013488.00000000000000000000000000000000000000000000000000
849;2015356.00000000000000000000000000000000000000000000000000
850;2019796.00000000000000000000000000000000000000000000000000
851;2021936.00000000000000000000000000000000000000000000000000
852;2025152.00000000000000000000000000000000000000000000000000
853;2027764.00000000000000000000000000000000000000000000000000
854;2030400.00000000000000000000000000000000000000000000000000
855;2033968.00000000000000000000000000000000000000000000000000
856;2037024.00000000000000000000000000000000000000000000000000
857;2039200.00000000000000000000000000000000000000000000000000
858;2041816.00000000000000000000000000000000000000000000000000
859;2045668.00000000000000000000000000000000000000000000000000
860;2048920.00000000000000000000000000000000000000000000000000
861;2050724.00000000000000000000000000000000000000000000000000
862;2053076.00000000000000000000000000000000000000000000000000
863;2059932.00000000000000000000000000000000000000000000000000
864;2062780.00000000000000000000000000000000000000000000000000
865;2064500.00000000000000000000000000000000000000000000000000
866;2067192.00000000000000000000000000000000000000000000000000
867;2071736.00000000000000000000000000000000000000000000000000
868;2073060.00000000000000000000000000000000000000000000000000
869;2076024.00000000000000000000000000000000000000000000000000
870;2077716.00000000000000000000000000000000000000000000000000
871;2080864.00000000000000000000000000000000000000000000000000
872;2080864.00000000000000000000000000000000000000000000000000
873;2084672.00000000000000000000000000000000000000000000000000
874;2084620.00000000000000000000000000000000000000000000000000
875;2084708.00000000000000000000000000000000000000000000000000
876;2084620.00000000000000000000000000000000000000000000000000
877;2084928.00000000000000000000000000000000000000000000000000
878;2084992.00000000000000000000000000000000000000000000000000
879;2084732.00000000000000000000000000000000000000000000000000
880;2084848.00000000000000000000000000000000000000000000000000
881;2084620.00000000000000000000000000000000000000000000000000
882;2084684.00000000000000000000000000000000000000000000000000
883;2084428.00000000000000000000000000000000000000000000000000
884;2082224.00000000000000000000000000000000000000000000000000
885;2082224.00000000000000000000000000000000000000000000000000
886;2085704.00000000000000000000000000000000000000000000000000
887;2085576.00000000000000000000000000000000000000000000000000
888;2085320.00000000000000000000000000000000000000000000000000
889;2085512.00000000000000000000000000000000000000000000000000
890;2085948.00000000000000000000000000000000000000000000000000
891;2082224.00000000000000000000000000000000000000000000000000
892;2085740.00000000000000000000000000000000000000000000000000
893;2085664.00000000000000000000000000000000000000000000000000
894;2085576.00000000000000000000000000000000000000000000000000
895;2085320.00000000000000000000000000000000000000000000000000
896;2085512.00000000000000000000000000000000000000000000000000
897;2082224.00000000000000000000000000000000000000000000000000
898;2082224.00000000000000000000000000000000000000000000000000
899;2085576.00000000000000000000000000000000000000000000000000
900;2085320.00000000000000000000000000000000000000000000000000
901;2085512.00000000000000000000000000000000000000000000000000
902;2085512.00000000000000000000000000000000000000000000000000
903;2085884.00000000000000000000000000000000000000000000000000
904;2085624.00000000000000000000000000000000000000000000000000
905;2085668.00000000000000000000000000000000000000000000000000
906;2085512.00000000000000000000000000000000000000000000000000
907;2085576.00000000000000000000000000000000000000000000000000
908;2085320.00000000000000000000000000000000000000000000000000
909;2085512.00000000000000000000000000000000000000000000000000
910;1994576.00000000000000000000000000000000000000000000000000
911;1976348.00000000000000000000000000000000000000000000000000
912;1975632.00000000000000000000000000000000000000000000000000
913;1976756.00000000000000000000000000000000000000000000000000
914;1977268.00000000000000000000000000000000000000000000000000
915;1978784.00000000000000000000000000000000000000000000000000
916;1980304.00000000000000000000000000000000000000000000000000
917;1982588.00000000000000000000000000000000000000000000000000
918;1984736.00000000000000000000000000000000000000000000000000
919;1987300.00000000000000000000000000000000000000000000000000
920;1989880.00000000000000000000000000000000000000000000000000
921;1992184.00000000000000000000000000000000000000000000000000
922;1995012.00000000000000000000000000000000000000000000000000
923;1997132.00000000000000000000000000000000000000000000000000
924;2000732.00000000000000000000000000000000000000000000000000
925;2001948.00000000000000000000000000000000000000000000000000
926;2005436.00000000000000000000000000000000000000000000000000
927;2007352.00000000000000000000000000000000000000000000000000
928;2010708.00000000000000000000000000000000000000000000000000
929;2012880.00000000000000000000000000000000000000000000000000
930;2015000.00000000000000000000000000000000000000000000000000
931;2016904.00000000000000000000000000000000000000000000000000
932;2018800.00000000000000000000000000000000000000000000000000
933;2022092.00000000000000000000000000000000000000000000000000
934;2024236.00000000000000000000000000000000000000000000000000
935;2029500.00000000000000000000000000000000000000000000000000
936;2033004.00000000000000000000000000000000000000000000000000
937;2035312.00000000000000000000000000000000000000000000000000
938;2040992.00000000000000000000000000000000000000000000000000
939;2044132.00000000000000000000000000000000000000000000000000
940;2046356.00000000000000000000000000000000000000000000000000
941;2048308.00000000000000000000000000000000000000000000000000
942;2053016.00000000000000000000000000000000000000000000000000
943;2055944.00000000000000000000000000000000000000000000000000
944;2058004.00000000000000000000000000000000000000000000000000
945;2060736.00000000000000000000000000000000000000000000000000
946;2063400.00000000000000000000000000000000000000000000000000
947;2067156.00000000000000000000000000000000000000000000000000
948;2069044.00000000000000000000000000000000000000000000000000
949;2071232.00000000000000000000000000000000000000000000000000
950;2073904.00000000000000000000000000000000000000000000000000
951;2080188.00000000000000000000000000000000000000000000000000
952;2082544.00000000000000000000000000000000000000000000000000
953;2082544.00000000000000000000000000000000000000000000000000
954;2085876.00000000000000000000000000000000000000000000000000
955;2085664.00000000000000000000000000000000000000000000000000
956;2085856.00000000000000000000000000000000000000000000000000
957;2086140.00000000000000000000000000000000000000000000000000
958;2086240.00000000000000000000000000000000000000000000000000
959;2085956.00000000000000000000000000000000000000000000000000
960;2085996.00000000000000000000000000000000000000000000000000
961;2085972.00000000000000000000000000000000000000000000000000
962;2083928.00000000000000000000000000000000000000000000000000
963;2085908.00000000000000000000000000000000000000000000000000
964;2086128.00000000000000000000000000000000000000000000000000
965;2083200.00000000000000000000000000000000000000000000000000
966;2083200.00000000000000000000000000000000000000000000000000
967;2082892.00000000000000000000000000000000000000000000000000
968;2086488.00000000000000000000000000000000000000000000000000
969;2086488.00000000000000000000000000000000000000000000000000
970;2086860.00000000000000000000000000000000000000000000000000
971;2086600.00000000000000000000000000000000000000000000000000
972;2086716.00000000000000000000000000000000000000000000000000
973;2086488.00000000000000000000000000000000000000000000000000
974;2086552.00000000000000000000000000000000000000000000000000
975;2086296.00000000000000000000000000000000000000000000000000
976;2086488.00000000000000000000000000000000000000000000000000
977;2086772.00000000000000000000000000000000000000000000000000
978;2083200.00000000000000000000000000000000000000000000000000
979;2083200.00000000000000000000000000000000000000000000000000
980;2086552.00000000000000000000000000000000000000000000000000
981;2086296.00000000000000000000000000000000000000000000000000
982;2086488.00000000000000000000000000000000000000000000000000
983;2086860.00000000000000000000000000000000000000000000000000
984;2086600.00000000000000000000000000000000000000000000000000
985;2086720.00000000000000000000000000000000000000000000000000
986;2086680.00000000000000000000000000000000000000000000000000
987;2086552.00000000000000000000000000000000000000000000000000
988;2086296.00000000000000000000000000000000000000000000000000
989;2086488.00000000000000000000000000000000000000000000000000
990;2086900.00000000000000000000000000000000000000000000000000
991;2086600.00000000000000000000000000000000000000000000000000
992;1978124.00000000000000000000000000000000000000000000000000
993;1978592.00000000000000000000000000000000000000000000000000
994;1979468.00000000000000000000000000000000000000000000000000
995;1980156.00000000000000000000000000000000000000000000000000
996;1980756.00000000000000000000000000000000000000000000000000
997;1981900.00000000000000000000000000000000000000000000000000
998;1983980.00000000000000000000000000000000000000000000000000
999;1998336.00000000000000000000000000000000000000000000000000
1000;1999888.00000000000000000000000000000000000000000000000000
1001;2001888.00000000000000000000000000000000000000000000000000
1002;2004556.00000000000000000000000000000000000000000000000000
1003;2006460.00000000000000000000000000000000000000000000000000
1004;2010260.00000000000000000000000000000000000000000000000000
1005;2012956.00000000000000000000000000000000000000000000000000
1006;2014908.00000000000000000000000000000000000000000000000000
1007;2017416.00000000000000000000000000000000000000000000000000
1008;2019740.00000000000000000000000000000000000000000000000000
1009;2022508.00000000000000000000000000000000000000000000000000
1010;2024240.00000000000000000000000000000000000000000000000000
1011;2027368.00000000000000000000000000000000000000000000000000
1012;2030052.00000000000000000000000000000000000000000000000000
1013;2031480.00000000000000000000000000000000000000000000000000
1014;2036676.00000000000000000000000000000000000000000000000000
1015;2038276.00000000000000000000000000000000000000000000000000
1016;2040900.00000000000000000000000000000000000000000000000000
1017;2046344.00000000000000000000000000000000000000000000000000
1018;2048692.00000000000000000000000000000000000000000000000000
1019;2050660.00000000000000000000000000000000000000000000000000
1020;2056772.00000000000000000000000000000000000000000000000000
1021;2058544.00000000000000000000000000000000000000000000000000
1022;2061164.00000000000000000000000000000000000000000000000000
1023;2062660.00000000000000000000000000000000000000000000000000
1024;2068708.00000000000000000000000000000000000000000000000000
1025;2070588.00000000000000000000000000000000000000000000000000
1026;2073096.00000000000000000000000000000000000000000000000000
1027;2075556.00000000000000000000000000000000000000000000000000
1028;2080988.00000000000000000000000000000000000000000000000000
1029;2081884.00000000000000000000000000000000000000000000000000
1030;2083496.00000000000000000000000000000000000000000000000000
1031;2086000.00000000000000000000000000000000000000000000000000
1032;2087420.00000000000000000000000000000000000000000000000000
1033;2093748.00000000000000000000000000000000000000000000000000
1034;2094500.00000000000000000000000000000000000000000000000000
1035;2094500.00000000000000000000000000000000000000000000000000
1036;2097736.00000000000000000000000000000000000000000000000000
1037;2097480.00000000000000000000000000000000000000000000000000
1038;2097664.00000000000000000000000000000000000000000000000000
1039;2097664.00000000000000000000000000000000000000000000000000
1040;2098044.00000000000000000000000000000000000000000000000000
1041;2097784.00000000000000000000000000000000000000000000000000
1042;2097816.00000000000000000000000000000000000000000000000000
1043;2097776.00000000000000000000000000000000000000000000000000
1044;2097480.00000000000000000000000000000000000000000000000000
1045;2097664.00000000000000000000000000000000000000000000000000
1046;2097980.00000000000000000000000000000000000000000000000000
1047;2094396.00000000000000000000000000000000000000000000000000
1048;2094716.00000000000000000000000000000000000000000000000000
1049;2098056.00000000000000000000000000000000000000000000000000
1050;2097992.00000000000000000000000000000000000000000000000000
1051;2098308.00000000000000000000000000000000000000000000000000
1052;2098396.00000000000000000000000000000000000000000000000000
1053;2098304.00000000000000000000000000000000000000000000000000
1054;2098144.00000000000000000000000000000000000000000000000000
1055;2097976.00000000000000000000000000000000000000000000000000
1056;2098088.00000000000000000000000000000000000000000000000000
1057;2098056.00000000000000000000000000000000000000000000000000
1058;2098492.00000000000000000000000000000000000000000000000000
1059;2098372.00000000000000000000000000000000000000000000000000
1060;2098112.00000000000000000000000000000000000000000000000000
1061;2094712.00000000000000000000000000000000000000000000000000
1062;2097992.00000000000000000000000000000000000000000000000000
1063;2098296.00000000000000000000000000000000000000000000000000
1064;2098376.00000000000000000000000000000000000000000000000000
1065;2098116.00000000000000000000000000000000000000000000000000
1066;2098148.00000000000000000000000000000000000000000000000000
1067;2098068.00000000000000000000000000000000000000000000000000
1068;2097812.00000000000000000000000000000000000000000000000000
1069;2097996.00000000000000000000000000000000000000000000000000
1070;2098312.00000000000000000000000000000000000000000000000000
1071;2098376.00000000000000000000000000000000000000000000000000
1072;2098116.00000000000000000000000000000000000000000000000000
1073;2098148.00000000000000000000000000000000000000000000000000
1074;1998332.00000000000000000000000000000000000000000000000000
1075;1998836.00000000000000000000000000000000000000000000000000
1076;1999692.00000000000000000000000000000000000000000000000000
1077;2000684.00000000000000000000000000000000000000000000000000
1078;2001384.00000000000000000000000000000000000000000000000000
1079;2001708.00000000000000000000000000000000000000000000000000
1080;2003544.00000000000000000000000000000000000000000000000000
1081;2005312.00000000000000000000000000000000000000000000000000
1082;2007904.00000000000000000000000000000000000000000000000000
1083;2009780.00000000000000000000000000000000000000000000000000
1084;2012052.00000000000000000000000000000000000000000000000000
1085;2014592.00000000000000000000000000000000000000000000000000
1086;2016276.00000000000000000000000000000000000000000000000000
1087;2019336.00000000000000000000000000000000000000000000000000
1088;2021104.00000000000000000000000000000000000000000000000000
1089;2024416.00000000000000000000000000000000000000000000000000
1090;2026036.00000000000000000000000000000000000000000000000000
1091;2029452.00000000000000000000000000000000000000000000000000
1092;2030084.00000000000000000000000000000000000000000000000000
1093;2033248.00000000000000000000000000000000000000000000000000
1094;2034980.00000000000000000000000000000000000000000000000000
1095;2037672.00000000000000000000000000000000000000000000000000
1096;2039188.00000000000000000000000000000000000000000000000000
1097;2040888.00000000000000000000000000000000000000000000000000
1098;2044120.00000000000000000000000000000000000000000000000000
1099;2046496.00000000000000000000000000000000000000000000000000
1100;2048524.00000000000000000000000000000000000000000000000000
1101;2053052.00000000000000000000000000000000000000000000000000
1102;2055092.00000000000000000000000000000000000000000000000000
1103;2055736.00000000000000000000000000000000000000000000000000
1104;2057900.00000000000000000000000000000000000000000000000000
1105;2062036.00000000000000000000000000000000000000000000000000
1106;2063260.00000000000000000000000000000000000000000000000000
1107;2066188.00000000000000000000000000000000000000000000000000
1108;2075380.00000000000000000000000000000000000000000000000000
1109;2078248.00000000000000000000000000000000000000000000000000
1110;2080464.00000000000000000000000000000000000000000000000000
1111;2082492.00000000000000000000000000000000000000000000000000
1112;2083676.00000000000000000000000000000000000000000000000000
1113;2090516.00000000000000000000000000000000000000000000000000
1114;2091104.00000000000000000000000000000000000000000000000000
1115;2093044.00000000000000000000000000000000000000000000000000
1116;2094548.00000000000000000000000000000000000000000000000000
1117;2098412.00000000000000000000000000000000000000000000000000
1118;2098432.00000000000000000000000000000000000000000000000000
1119;2101480.00000000000000000000000000000000000000000000000000
1120;2102184.00000000000000000000000000000000000000000000000000
1121;2102500.00000000000000000000000000000000000000000000000000
1122;2102548.00000000000000000000000000000000000000000000000000
1123;2102300.00000000000000000000000000000000000000000000000000
1124;2102332.00000000000000000000000000000000000000000000000000
1125;2102188.00000000000000000000000000000000000000000000000000
1126;2101996.00000000000000000000000000000000000000000000000000
1127;2102180.00000000000000000000000000000000000000000000000000
1128;2102684.00000000000000000000000000000000000000000000000000
1129;2102560.00000000000000000000000000000000000000000000000000
1130;2102300.00000000000000000000000000000000000000000000000000
1131;2099796.00000000000000000000000000000000000000000000000000
1132;2103076.00000000000000000000000000000000000000000000000000
1133;2103392.00000000000000000000000000000000000000000000000000
1134;2103456.00000000000000000000000000000000000000000000000000
1135;2103196.00000000000000000000000000000000000000000000000000
1136;2103228.00000000000000000000000000000000000000000000000000
1137;2103084.00000000000000000000000000000000000000000000000000
1138;2103176.00000000000000000000000000000000000000000000000000
1139;2103084.00000000000000000000000000000000000000000000000000
1140;2103076.00000000000000000000000000000000000000000000000000
1141;2103456.00000000000000000000000000000000000000000000000000
1142;2103196.00000000000000000000000000000000000000000000000000
1143;2103304.00000000000000000000000000000000000000000000000000
1144;2099796.00000000000000000000000000000000000000000000000000
1145;2103076.00000000000000000000000000000000000000000000000000
1146;2103456.00000000000000000000000000000000000000000000000000
1147;2103196.00000000000000000000000000000000000000000000000000
1148;2103228.00000000000000000000000000000000000000000000000000
1149;2103084.00000000000000000000000000000000000000000000000000
1150;2103148.00000000000000000000000000000000000000000000000000
1151;2102892.00000000000000000000000000000000000000000000000000
1152;2103076.00000000000000000000000000000000000000000000000000
1153;2103520.00000000000000000000000000000000000000000000000000
1154;2103324.00000000000000000000000000000000000000000000000000
1155;2103304.00000000000000000000000000000000000000000000000000
1156;2103268.00000000000000000000000000000000000000000000000000
1157;1997508.00000000000000000000000000000000000000000000000000
1158;1997772.00000000000000000000000000000000000000000000000000
1159;1999652.00000000000000000000000000000000000000000000000000
1160;2000824.00000000000000000000000000000000000000000000000000
1161;2001436.00000000000000000000000000000000000000000000000000
1162;2001872.00000000000000000000000000000000000000000000000000
1163;2002608.00000000000000000000000000000000000000000000000000
1164;2005488.00000000000000000000000000000000000000000000000000
1165;2008060.00000000000000000000000000000000000000000000000000
1166;2010824.00000000000000000000000000000000000000000000000000
1167;2013396.00000000000000000000000000000000000000000000000000
1168;2015724.00000000000000000000000000000000000000000000000000
1169;2018104.00000000000000000000000000000000000000000000000000
1170;2019744.00000000000000000000000000000000000000000000000000
1171;2022208.00000000000000000000000000000000000000000000000000
1172;2024132.00000000000000000000000000000000000000000000000000
1173;2027600.00000000000000000000000000000000000000000000000000
1174;2029228.00000000000000000000000000000000000000000000000000
1175;2031920.00000000000000000000000000000000000000000000000000
1176;2034056.00000000000000000000000000000000000000000000000000
1177;2035092.00000000000000000000000000000000000000000000000000
1178;2038956.00000000000000000000000000000000000000000000000000
1179;2040212.00000000000000000000000000000000000000000000000000
1180;2042104.00000000000000000000000000000000000000000000000000
1181;2044488.00000000000000000000000000000000000000000000000000
1182;2045804.00000000000000000000000000000000000000000000000000
1183;2049184.00000000000000000000000000000000000000000000000000
1184;2050704.00000000000000000000000000000000000000000000000000
1185;2052736.00000000000000000000000000000000000000000000000000
1186;2056276.00000000000000000000000000000000000000000000000000
1187;2058604.00000000000000000000000000000000000000000000000000
1188;2059656.00000000000000000000000000000000000000000000000000
1189;2062400.00000000000000000000000000000000000000000000000000
1190;2073336.00000000000000000000000000000000000000000000000000
1191;2076108.00000000000000000000000000000000000000000000000000
1192;2078200.00000000000000000000000000000000000000000000000000
1193;2080868.00000000000000000000000000000000000000000000000000
1194;2087616.00000000000000000000000000000000000000000000000000
1195;2088480.00000000000000000000000000000000000000000000000000
1196;2089264.00000000000000000000000000000000000000000000000000
1197;2091840.00000000000000000000000000000000000000000000000000
1198;2093936.00000000000000000000000000000000000000000000000000
1199;2101660.00000000000000000000000000000000000000000000000000
1200;2104268.00000000000000000000000000000000000000000000000000
1201;2107484.00000000000000000000000000000000000000000000000000
1202;2108032.00000000000000000000000000000000000000000000000000
1203;2107920.00000000000000000000000000000000000000000000000000
1204;2107780.00000000000000000000000000000000000000000000000000
1205;2107700.00000000000000000000000000000000000000000000000000
1206;2107444.00000000000000000000000000000000000000000000000000
1207;2107628.00000000000000000000000000000000000000000000000000
1208;2107948.00000000000000000000000000000000000000000000000000
1209;2108008.00000000000000000000000000000000000000000000000000
1210;2107748.00000000000000000000000000000000000000000000000000
1211;2107856.00000000000000000000000000000000000000000000000000
1212;2107820.00000000000000000000000000000000000000000000000000
1213;2104348.00000000000000000000000000000000000000000000000000
1214;2108008.00000000000000000000000000000000000000000000000000
1215;2107748.00000000000000000000000000000000000000000000000000
1216;2107856.00000000000000000000000000000000000000000000000000
1217;2107732.00000000000000000000000000000000000000000000000000
1218;2107700.00000000000000000000000000000000000000000000000000
1219;2107444.00000000000000000000000000000000000000000000000000
1220;2107692.00000000000000000000000000000000000000000000000000
1221;2107628.00000000000000000000000000000000000000000000000000
1222;2104988.00000000000000000000000000000000000000000000000000
1223;2107780.00000000000000000000000000000000000000000000000000
1224;2107636.00000000000000000000000000000000000000000000000000
1225;2107420.00000000000000000000000000000000000000000000000000
1226;2104348.00000000000000000000000000000000000000000000000000
1227;2104348.00000000000000000000000000000000000000000000000000
1228;2107636.00000000000000000000000000000000000000000000000000
1229;2107444.00000000000000000000000000000000000000000000000000
1230;2107628.00000000000000000000000000000000000000000000000000
1231;2108012.00000000000000000000000000000000000000000000000000
1232;2107748.00000000000000000000000000000000000000000000000000
1233;2107780.00000000000000000000000000000000000000000000000000
1234;2107636.00000000000000000000000000000000000000000000000000
1235;2105884.00000000000000000000000000000000000000000000000000
1236;2107628.00000000000000000000000000000000000000000000000000
1237;2107944.00000000000000000000000000000000000000000000000000
1238;2108008.00000000000000000000000000000000000000000000000000
1239;2107748.00000000000000000000000000000000000000000000000000
1240;2002376.00000000000000000000000000000000000000000000000000
1241;2002604.00000000000000000000000000000000000000000000000000
1242;2003124.00000000000000000000000000000000000000000000000000
1243;2004392.00000000000000000000000000000000000000000000000000
1244;2004548.00000000000000000000000000000000000000000000000000
1245;2005452.00000000000000000000000000000000000000000000000000
1246;2007128.00000000000000000000000000000000000000000000000000
1247;2009920.00000000000000000000000000000000000000000000000000
1248;2012632.00000000000000000000000000000000000000000000000000
1249;2015360.00000000000000000000000000000000000000000000000000
1250;2017196.00000000000000000000000000000000000000000000000000
1251;2019484.00000000000000000000000000000000000000000000000000
1252;2021988.00000000000000000000000000000000000000000000000000
1253;2024096.00000000000000000000000000000000000000000000000000
1254;2026156.00000000000000000000000000000000000000000000000000
1255;2028352.00000000000000000000000000000000000000000000000000
1256;2031780.00000000000000000000000000000000000000000000000000
1257;2033828.00000000000000000000000000000000000000000000000000
1258;2036088.00000000000000000000000000000000000000000000000000
1259;2037604.00000000000000000000000000000000000000000000000000
1260;2039144.00000000000000000000000000000000000000000000000000
1261;2041556.00000000000000000000000000000000000000000000000000
1262;2043484.00000000000000000000000000000000000000000000000000
1263;2046668.00000000000000000000000000000000000000000000000000
1264;2048456.00000000000000000000000000000000000000000000000000
1265;2050176.00000000000000000000000000000000000000000000000000
1266;2053552.00000000000000000000000000000000000000000000000000
1267;2055660.00000000000000000000000000000000000000000000000000
1268;2057408.00000000000000000000000000000000000000000000000000
1269;2058796.00000000000000000000000000000000000000000000000000
1270;2063104.00000000000000000000000000000000000000000000000000
1271;2065112.00000000000000000000000000000000000000000000000000
1272;2067504.00000000000000000000000000000000000000000000000000
1273;2068608.00000000000000000000000000000000000000000000000000
1274;2080772.00000000000000000000000000000000000000000000000000
1275;2082844.00000000000000000000000000000000000000000000000000
1276;2085308.00000000000000000000000000000000000000000000000000
1277;2087396.00000000000000000000000000000000000000000000000000
1278;2095448.00000000000000000000000000000000000000000000000000
1279;2095600.00000000000000000000000000000000000000000000000000
1280;2097796.00000000000000000000000000000000000000000000000000
1281;2100116.00000000000000000000000000000000000000000000000000
1282;2102980.00000000000000000000000000000000000000000000000000
1283;2102980.00000000000000000000000000000000000000000000000000
1284;2106932.00000000000000000000000000000000000000000000000000
1285;2106764.00000000000000000000000000000000000000000000000000
1286;2106956.00000000000000000000000000000000000000000000000000
1287;2107368.00000000000000000000000000000000000000000000000000
1288;2104588.00000000000000000000000000000000000000000000000000
1289;2107260.00000000000000000000000000000000000000000000000000
1290;2107108.00000000000000000000000000000000000000000000000000
1291;2107084.00000000000000000000000000000000000000000000000000
1292;2107020.00000000000000000000000000000000000000000000000000
1293;2106764.00000000000000000000000000000000000000000000000000
1294;2106956.00000000000000000000000000000000000000000000000000
1295;2104236.00000000000000000000000000000000000000000000000000
1296;2104236.00000000000000000000000000000000000000000000000000
1297;2107332.00000000000000000000000000000000000000000000000000
1298;2107588.00000000000000000000000000000000000000000000000000
1299;2107520.00000000000000000000000000000000000000000000000000
1300;2107892.00000000000000000000000000000000000000000000000000
1301;2107632.00000000000000000000000000000000000000000000000000
1302;2107752.00000000000000000000000000000000000000000000000000
1303;2107524.00000000000000000000000000000000000000000000000000
1304;2107588.00000000000000000000000000000000000000000000000000
1305;2107332.00000000000000000000000000000000000000000000000000
1306;2107524.00000000000000000000000000000000000000000000000000
1307;2107808.00000000000000000000000000000000000000000000000000
1308;2104236.00000000000000000000000000000000000000000000000000
1309;2104236.00000000000000000000000000000000000000000000000000
1310;2107588.00000000000000000000000000000000000000000000000000
1311;2107524.00000000000000000000000000000000000000000000000000
1312;2107808.00000000000000000000000000000000000000000000000000
1313;2107896.00000000000000000000000000000000000000000000000000
1314;2107636.00000000000000000000000000000000000000000000000000
1315;2107752.00000000000000000000000000000000000000000000000000
1316;2107524.00000000000000000000000000000000000000000000000000
1317;2107588.00000000000000000000000000000000000000000000000000
1318;2107332.00000000000000000000000000000000000000000000000000
1319;2107524.00000000000000000000000000000000000000000000000000
1320;2107808.00000000000000000000000000000000000000000000000000
1321;2102932.00000000000000000000000000000000000000000000000000
1322;1999892.00000000000000000000000000000000000000000000000000
1323;2000152.00000000000000000000000000000000000000000000000000
1324;2000240.00000000000000000000000000000000000000000000000000
1325;2001156.00000000000000000000000000000000000000000000000000
1326;2001616.00000000000000000000000000000000000000000000000000
1327;2002492.00000000000000000000000000000000000000000000000000
1328;2002960.00000000000000000000000000000000000000000000000000
1329;2005792.00000000000000000000000000000000000000000000000000
1330;2009268.00000000000000000000000000000000000000000000000000
1331;2012504.00000000000000000000000000000000000000000000000000
1332;2015392.00000000000000000000000000000000000000000000000000
1333;2018084.00000000000000000000000000000000000000000000000000
1334;2020040.00000000000000000000000000000000000000000000000000
1335;2022656.00000000000000000000000000000000000000000000000000
1336;2024232.00000000000000000000000000000000000000000000000000
1337;2027404.00000000000000000000000000000000000000000000000000
1338;2029292.00000000000000000000000000000000000000000000000000
1339;2032728.00000000000000000000000000000000000000000000000000
1340;2034420.00000000000000000000000000000000000000000000000000
1341;2037188.00000000000000000000000000000000000000000000000000
1342;2039296.00000000000000000000000000000000000000000000000000
1343;2042396.00000000000000000000000000000000000000000000000000
1344;2044172.00000000000000000000000000000000000000000000000000
1345;2045660.00000000000000000000000000000000000000000000000000
1346;2047968.00000000000000000000000000000000000000000000000000
1347;2049624.00000000000000000000000000000000000000000000000000
1348;2051736.00000000000000000000000000000000000000000000000000
1349;2055168.00000000000000000000000000000000000000000000000000
1350;2056696.00000000000000000000000000000000000000000000000000
1351;2059188.00000000000000000000000000000000000000000000000000
1352;2061264.00000000000000000000000000000000000000000000000000
1353;2072468.00000000000000000000000000000000000000000000000000
1354;2075052.00000000000000000000000000000000000000000000000000
1355;2077248.00000000000000000000000000000000000000000000000000
1356;2080636.00000000000000000000000000000000000000000000000000
1357;2086612.00000000000000000000000000000000000000000000000000
1358;2089012.00000000000000000000000000000000000000000000000000
1359;2091264.00000000000000000000000000000000000000000000000000
1360;2092444.00000000000000000000000000000000000000000000000000
1361;2095692.00000000000000000000000000000000000000000000000000
1362;2101280.00000000000000000000000000000000000000000000000000
1363;2101452.00000000000000000000000000000000000000000000000000
1364;2104576.00000000000000000000000000000000000000000000000000
1365;2104940.00000000000000000000000000000000000000000000000000
1366;2104680.00000000000000000000000000000000000000000000000000
1367;2104712.00000000000000000000000000000000000000000000000000
1368;2104568.00000000000000000000000000000000000000000000000000
1369;2104632.00000000000000000000000000000000000000000000000000
1370;2104568.00000000000000000000000000000000000000000000000000
1371;2104560.00000000000000000000000000000000000000000000000000
1372;2104956.00000000000000000000000000000000000000000000000000
1373;2104680.00000000000000000000000000000000000000000000000000
1374;2104788.00000000000000000000000000000000000000000000000000
1375;2104572.00000000000000000000000000000000000000000000000000
1376;2101296.00000000000000000000000000000000000000000000000000
1377;2101296.00000000000000000000000000000000000000000000000000
1378;2104692.00000000000000000000000000000000000000000000000000
1379;2104724.00000000000000000000000000000000000000000000000000
1380;2104584.00000000000000000000000000000000000000000000000000
1381;2100984.00000000000000000000000000000000000000000000000000
1382;2104388.00000000000000000000000000000000000000000000000000
1383;2104572.00000000000000000000000000000000000000000000000000
1384;2104864.00000000000000000000000000000000000000000000000000
1385;2104952.00000000000000000000000000000000000000000000000000
1386;2104692.00000000000000000000000000000000000000000000000000
1387;2104724.00000000000000000000000000000000000000000000000000
1388;2104580.00000000000000000000000000000000000000000000000000
1389;2101292.00000000000000000000000000000000000000000000000000
1390;2101292.00000000000000000000000000000000000000000000000000
1391;2104724.00000000000000000000000000000000000000000000000000
1392;2104580.00000000000000000000000000000000000000000000000000
1393;2104644.00000000000000000000000000000000000000000000000000
1394;2104388.00000000000000000000000000000000000000000000000000
1395;2104572.00000000000000000000000000000000000000000000000000
1396;2104864.00000000000000000000000000000000000000000000000000
1397;2104952.00000000000000000000000000000000000000000000000000
1398;2104692.00000000000000000000000000000000000000000000000000
1399;2104724.00000000000000000000000000000000000000000000000000
1400;2104580.00000000000000000000000000000000000000000000000000
1401;2104668.00000000000000000000000000000000000000000000000000
1402;2090396.00000000000000000000000000000000000000000000000000
1403;2090800.00000000000000000000000000000000000000000000000000
1404;2090744.00000000000000000000000000000000000000000000000000
1405;2090744.00000000000000000000000000000000000000000000000000
1406;2090820.00000000000000000000000000000000000000000000000000
1407;2090624.00000000000000000000000000000000000000000000000000
1408;2090864.00000000000000000000000000000000000000000000000000
1409;2091088.00000000000000000000000000000000000000000000000000
1410;2091172.00000000000000000000000000000000000000000000000000
1411;2091204.00000000000000000000000000000000000000000000000000
1412;2091328.00000000000000000000000000000000000000000000000000
1413;2091592.00000000000000000000000000000000000000000000000000
1414;2091532.00000000000000000000000000000000000000000000000000
1415;2091684.00000000000000000000000000000000000000000000000000
1416;2091732.00000000000000000000000000000000000000000000000000
1417;2092092.00000000000000000000000000000000000000000000000000
1418;2091992.00000000000000000000000000000000000000000000000000
1419;2092144.00000000000000000000000000000000000000000000000000
1420;2092348.00000000000000000000000000000000000000000000000000
1421;2092044.00000000000000000000000000000000000000000000000000
1422;2092296.00000000000000000000000000000000000000000000000000
1423;2092296.00000000000000000000000000000000000000000000000000
1424;2092268.00000000000000000000000000000000000000000000000000
1425;2092188.00000000000000000000000000000000000000000000000000
1426;2092212.00000000000000000000000000000000000000000000000000
1427;2092508.00000000000000000000000000000000000000000000000000
1428;2092200.00000000000000000000000000000000000000000000000000
1429;2092552.00000000000000000000000000000000000000000000000000
1430;2092520.00000000000000000000000000000000000000000000000000
1431;2092708.00000000000000000000000000000000000000000000000000
1432;2092668.00000000000000000000000000000000000000000000000000
1433;2093192.00000000000000000000000000000000000000000000000000
1434;2093352.00000000000000000000000000000000000000000000000000
1435;2094048.00000000000000000000000000000000000000000000000000
1436;2094304.00000000000000000000000000000000000000000000000000
1437;2094268.00000000000000000000000000000000000000000000000000
1438;2094512.00000000000000000000000000000000000000000000000000
1439;2094808.00000000000000000000000000000000000000000000000000
1440;2094812.00000000000000000000000000000000000000000000000000
1441;2099340.00000000000000000000000000000000000000000000000000
1442;2100176.00000000000000000000000000000000000000000000000000
1443;2100356.00000000000000000000000000000000000000000000000000
1444;2100356.00000000000000000000000000000000000000000000000000
1445;2104036.00000000000000000000000000000000000000000000000000
1446;2103992.00000000000000000000000000000000000000000000000000
1447;2104056.00000000000000000000000000000000000000000000000000
1448;2103800.00000000000000000000000000000000000000000000000000
1449;2103984.00000000000000000000000000000000000000000000000000
1450;2103984.00000000000000000000000000000000000000000000000000
1451;2104364.00000000000000000000000000000000000000000000000000
1452;2104104.00000000000000000000000000000000000000000000000000
1453;2104212.00000000000000000000000000000000000000000000000000
1454;2104136.00000000000000000000000000000000000000000000000000
1455;2104060.00000000000000000000000000000000000000000000000000
1456;2101704.00000000000000000000000000000000000000000000000000
1457;2105364.00000000000000000000000000000000000000000000000000
1458;2105100.00000000000000000000000000000000000000000000000000
1459;2105132.00000000000000000000000000000000000000000000000000
1460;2104988.00000000000000000000000000000000000000000000000000
1461;2105052.00000000000000000000000000000000000000000000000000
1462;2104796.00000000000000000000000000000000000000000000000000
1463;2104980.00000000000000000000000000000000000000000000000000
1464;2105272.00000000000000000000000000000000000000000000000000
1465;2105360.00000000000000000000000000000000000000000000000000
1466;2105116.00000000000000000000000000000000000000000000000000
1467;2105148.00000000000000000000000000000000000000000000000000
1468;2105004.00000000000000000000000000000000000000000000000000
1469;2101720.00000000000000000000000000000000000000000000000000
1470;2101720.00000000000000000000000000000000000000000000000000
1471;2105228.00000000000000000000000000000000000000000000000000
1472;2105008.00000000000000000000000000000000000000000000000000
1473;2105072.00000000000000000000000000000000000000000000000000
1474;2104816.00000000000000000000000000000000000000000000000000
1475;2104984.00000000000000000000000000000000000000000000000000
1476;2105292.00000000000000000000000000000000000000000000000000
1477;2105248.00000000000000000000000000000000000000000000000000
1478;2105228.00000000000000000000000000000000000000000000000000
1479;2105008.00000000000000000000000000000000000000000000000000
1480;2105088.00000000000000000000000000000000000000000000000000
1481;2104832.00000000000000000000000000000000000000000000000000
1482;2092756.00000000000000000000000000000000000000000000000000
1483;2093060.00000000000000000000000000000000000000000000000000
1484;2091756.00000000000000000000000000000000000000000000000000
1485;2091568.00000000000000000000000000000000000000000000000000
1486;2091504.00000000000000000000000000000000000000000000000000
1487;2091652.00000000000000000000000000000000000000000000000000
1488;2091496.00000000000000000000000000000000000000000000000000
1489;2091584.00000000000000000000000000000000000000000000000000
1490;2091512.00000000000000000000000000000000000000000000000000
1491;2091592.00000000000000000000000000000000000000000000000000
1492;2091852.00000000000000000000000000000000000000000000000000
1493;2091724.00000000000000000000000000000000000000000000000000
1494;2092084.00000000000000000000000000000000000000000000000000
1495;2091804.00000000000000000000000000000000000000000000000000
1496;2091844.00000000000000000000000000000000000000000000000000
1497;2091796.00000000000000000000000000000000000000000000000000
1498;2091780.00000000000000000000000000000000000000000000000000
1499;2091924.00000000000000000000000000000000000000000000000000
1500;2091900.00000000000000000000000000000000000000000000000000
1501;2092184.00000000000000000000000000000000000000000000000000
1502;2091988.00000000000000000000000000000000000000000000000000
1503;2092120.00000000000000000000000000000000000000000000000000
1504;2092272.00000000000000000000000000000000000000000000000000
1505;2092388.00000000000000000000000000000000000000000000000000
1506;2092420.00000000000000000000000000000000000000000000000000
1507;2092316.00000000000000000000000000000000000000000000000000
1508;2092788.00000000000000000000000000000000000000000000000000
1509;2092784.00000000000000000000000000000000000000000000000000
1510;2093272.00000000000000000000000000000000000000000000000000
1511;2093324.00000000000000000000000000000000000000000000000000
1512;2093484.00000000000000000000000000000000000000000000000000
1513;2093312.00000000000000000000000000000000000000000000000000
1514;2093484.00000000000000000000000000000000000000000000000000
1515;2093264.00000000000000000000000000000000000000000000000000
1516;2093620.00000000000000000000000000000000000000000000000000
1517;2093628.00000000000000000000000000000000000000000000000000
1518;2094956.00000000000000000000000000000000000000000000000000
1519;2095388.00000000000000000000000000000000000000000000000000
1520;2095620.00000000000000000000000000000000000000000000000000
1521;2096820.00000000000000000000000000000000000000000000000000
1522;2098788.00000000000000000000000000000000000000000000000000
1523;2108264.00000000000000000000000000000000000000000000000000
1524;2108264.00000000000000000000000000000000000000000000000000
1525;2111256.00000000000000000000000000000000000000000000000000
1526;2111000.00000000000000000000000000000000000000000000000000
1527;2111184.00000000000000000000000000000000000000000000000000
1528;2111500.00000000000000000000000000000000000000000000000000
1529;2111564.00000000000000000000000000000000000000000000000000
1530;2111304.00000000000000000000000000000000000000000000000000
1531;2111412.00000000000000000000000000000000000000000000000000
1532;2111232.00000000000000000000000000000000000000000000000000
1533;2111256.00000000000000000000000000000000000000000000000000
1534;2111000.00000000000000000000000000000000000000000000000000
1535;2111184.00000000000000000000000000000000000000000000000000
1536;2107904.00000000000000000000000000000000000000000000000000
1537;2107904.00000000000000000000000000000000000000000000000000
1538;2111256.00000000000000000000000000000000000000000000000000
1539;2111000.00000000000000000000000000000000000000000000000000
1540;2111184.00000000000000000000000000000000000000000000000000
1541;2111500.00000000000000000000000000000000000000000000000000
1542;2111564.00000000000000000000000000000000000000000000000000
1543;2111304.00000000000000000000000000000000000000000000000000
1544;2111336.00000000000000000000000000000000000000000000000000
1545;2111168.00000000000000000000000000000000000000000000000000
1546;2111256.00000000000000000000000000000000000000000000000000
1547;2111000.00000000000000000000000000000000000000000000000000
1548;2111184.00000000000000000000000000000000000000000000000000
1549;2107904.00000000000000000000000000000000000000000000000000
1550;2107904.00000000000000000000000000000000000000000000000000
1551;2107628.00000000000000000000000000000000000000000000000000
1552;2111248.00000000000000000000000000000000000000000000000000
1553;2111184.00000000000000000000000000000000000000000000000000
1554;2111628.00000000000000000000000000000000000000000000000000
1555;2111564.00000000000000000000000000000000000000000000000000
1556;2111304.00000000000000000000000000000000000000000000000000
1557;2111336.00000000000000000000000000000000000000000000000000
1558;2111168.00000000000000000000000000000000000000000000000000
1559;2111256.00000000000000000000000000000000000000000000000000
1560;2111000.00000000000000000000000000000000000000000000000000
1561;2111184.00000000000000000000000000000000000000000000000000
1562;2098344.00000000000000000000000000000000000000000000000000
1563;2098672.00000000000000000000000000000000000000000000000000
1564;2098700.00000000000000000000000000000000000000000000000000
1565;2098860.00000000000000000000000000000000000000000000000000
1566;2098804.00000000000000000000000000000000000000000000000000
1567;2098852.00000000000000000000000000000000000000000000000000
1568;2099044.00000000000000000000000000000000000000000000000000
1569;2098900.00000000000000000000000000000000000000000000000000
1570;2099020.00000000000000000000000000000000000000000000000000
1571;2098912.00000000000000000000000000000000000000000000000000
1572;2098872.00000000000000000000000000000000000000000000000000
1573;2098896.00000000000000000000000000000000000000000000000000
1574;2098712.00000000000000000000000000000000000000000000000000
1575;2098720.00000000000000000000000000000000000000000000000000
1576;2098948.00000000000000000000000000000000000000000000000000
1577;2098720.00000000000000000000000000000000000000000000000000
1578;2098776.00000000000000000000000000000000000000000000000000
1579;2098916.00000000000000000000000000000000000000000000000000
1580;2098912.00000000000000000000000000000000000000000000000000
1581;2099140.00000000000000000000000000000000000000000000000000
1582;2099000.00000000000000000000000000000000000000000000000000
1583;2099060.00000000000000000000000000000000000000000000000000
1584;2099384.00000000000000000000000000000000000000000000000000
1585;2099408.00000000000000000000000000000000000000000000000000
1586;2099276.00000000000000000000000000000000000000000000000000
1587;2099240.00000000000000000000000000000000000000000000000000
1588;2099368.00000000000000000000000000000000000000000000000000
1589;2099384.00000000000000000000000000000000000000000000000000
1590;2099332.00000000000000000000000000000000000000000000000000
1591;2099384.00000000000000000000000000000000000000000000000000
1592;2099644.00000000000000000000000000000000000000000000000000
1593;2099484.00000000000000000000000000000000000000000000000000
1594;2099512.00000000000000000000000000000000000000000000000000
1595;2099704.00000000000000000000000000000000000000000000000000
1596;2099608.00000000000000000000000000000000000000000000000000
1597;2099936.00000000000000000000000000000000000000000000000000
1598;2099908.00000000000000000000000000000000000000000000000000
1599;2100028.00000000000000000000000000000000000000000000000000
1600;2100000.00000000000000000000000000000000000000000000000000
1601;2100020.00000000000000000000000000000000000000000000000000
1602;2105472.00000000000000000000000000000000000000000000000000
1603;2106260.00000000000000000000000000000000000000000000000000
1604;2109852.00000000000000000000000000000000000000000000000000
1605;2109892.00000000000000000000000000000000000000000000000000
1606;2113068.00000000000000000000000000000000000000000000000000
1607;2113508.00000000000000000000000000000000000000000000000000
1608;2113824.00000000000000000000000000000000000000000000000000
1609;2113888.00000000000000000000000000000000000000000000000000
1610;2113628.00000000000000000000000000000000000000000000000000
1611;2113660.00000000000000000000000000000000000000000000000000
1612;2113492.00000000000000000000000000000000000000000000000000
1613;2113580.00000000000000000000000000000000000000000000000000
1614;2113324.00000000000000000000000000000000000000000000000000
1615;2113508.00000000000000000000000000000000000000000000000000
1616;2113824.00000000000000000000000000000000000000000000000000
1617;2110440.00000000000000000000000000000000000000000000000000
1618;2110796.00000000000000000000000000000000000000000000000000
1619;2114152.00000000000000000000000000000000000000000000000000
1620;2113892.00000000000000000000000000000000000000000000000000
1621;2114076.00000000000000000000000000000000000000000000000000
1622;2114392.00000000000000000000000000000000000000000000000000
1623;2114456.00000000000000000000000000000000000000000000000000
1624;2114196.00000000000000000000000000000000000000000000000000
1625;2114232.00000000000000000000000000000000000000000000000000
1626;2114060.00000000000000000000000000000000000000000000000000
1627;2114148.00000000000000000000000000000000000000000000000000
1628;2113892.00000000000000000000000000000000000000000000000000
1629;2114076.00000000000000000000000000000000000000000000000000
1630;2110796.00000000000000000000000000000000000000000000000000
1631;2110796.00000000000000000000000000000000000000000000000000
1632;2114148.00000000000000000000000000000000000000000000000000
1633;2113892.00000000000000000000000000000000000000000000000000
1634;2114076.00000000000000000000000000000000000000000000000000
1635;2114392.00000000000000000000000000000000000000000000000000
1636;2114456.00000000000000000000000000000000000000000000000000
1637;2114196.00000000000000000000000000000000000000000000000000
1638;2114228.00000000000000000000000000000000000000000000000000
1639;2114060.00000000000000000000000000000000000000000000000000
1640;2114148.00000000000000000000000000000000000000000000000000
1641;2113892.00000000000000000000000000000000000000000000000000
1642;2114076.00000000000000000000000000000000000000000000000000
1643;2102916.00000000000000000000000000000000000000000000000000
1644;2101640.00000000000000000000000000000000000000000000000000
1645;2101616.00000000000000000000000000000000000000000000000000
1646;2101636.00000000000000000000000000000000000000000000000000
1647;2101580.00000000000000000000000000000000000000000000000000
1648;2101888.00000000000000000000000000000000000000000000000000
1649;2101696.00000000000000000000000000000000000000000000000000
1650;2101924.00000000000000000000000000000000000000000000000000
1651;2101712.00000000000000000000000000000000000000000000000000
1652;2101784.00000000000000000000000000000000000000000000000000
1653;2101744.00000000000000000000000000000000000000000000000000
1654;2101792.00000000000000000000000000000000000000000000000000
1655;2101644.00000000000000000000000000000000000000000000000000
1656;2101700.00000000000000000000000000000000000000000000000000
1657;2101708.00000000000000000000000000000000000000000000000000
1658;2101568.00000000000000000000000000000000000000000000000000
1659;2101840.00000000000000000000000000000000000000000000000000
1660;2101852.00000000000000000000000000000000000000000000000000
1661;2101824.00000000000000000000000000000000000000000000000000
1662;2102004.00000000000000000000000000000000000000000000000000
1663;2101808.00000000000000000000000000000000000000000000000000
1664;2101828.00000000000000000000000000000000000000000000000000
1665;2101792.00000000000000000000000000000000000000000000000000
1666;2102040.00000000000000000000000000000000000000000000000000
1667;2101816.00000000000000000000000000000000000000000000000000
1668;2101860.00000000000000000000000000000000000000000000000000
1669;2102044.00000000000000000000000000000000000000000000000000
1670;2102272.00000000000000000000000000000000000000000000000000
1671;2101904.00000000000000000000000000000000000000000000000000
1672;2101924.00000000000000000000000000000000000000000000000000
1673;2101940.00000000000000000000000000000000000000000000000000
1674;2102048.00000000000000000000000000000000000000000000000000
1675;2102052.00000000000000000000000000000000000000000000000000
1676;2102008.00000000000000000000000000000000000000000000000000
1677;2101852.00000000000000000000000000000000000000000000000000
1678;2102496.00000000000000000000000000000000000000000000000000
1679;2102420.00000000000000000000000000000000000000000000000000
1680;2102484.00000000000000000000000000000000000000000000000000
1681;2102320.00000000000000000000000000000000000000000000000000
1682;2102384.00000000000000000000000000000000000000000000000000
1683;2102356.00000000000000000000000000000000000000000000000000
1684;2102344.00000000000000000000000000000000000000000000000000
1685;2102540.00000000000000000000000000000000000000000000000000
1686;2102320.00000000000000000000000000000000000000000000000000
1687;2102300.00000000000000000000000000000000000000000000000000
1688;2103144.00000000000000000000000000000000000000000000000000
1689;2104892.00000000000000000000000000000000000000000000000000
1690;2112836.00000000000000000000000000000000000000000000000000
1691;2116084.00000000000000000000000000000000000000000000000000
1692;2116504.00000000000000000000000000000000000000000000000000
1693;2116392.00000000000000000000000000000000000000000000000000
1694;2116200.00000000000000000000000000000000000000000000000000
1695;2116700.00000000000000000000000000000000000000000000000000
1696;2116504.00000000000000000000000000000000000000000000000000
1697;2116576.00000000000000000000000000000000000000000000000000
1698;2116200.00000000000000000000000000000000000000000000000000
1699;2116700.00000000000000000000000000000000000000000000000000
1700;2116504.00000000000000000000000000000000000000000000000000
1701;2116536.00000000000000000000000000000000000000000000000000
1702;2116200.00000000000000000000000000000000000000000000000000
1703;2116700.00000000000000000000000000000000000000000000000000
1704;2116504.00000000000000000000000000000000000000000000000000
1705;2113104.00000000000000000000000000000000000000000000000000
1706;2116384.00000000000000000000000000000000000000000000000000
1707;2116508.00000000000000000000000000000000000000000000000000
1708;2116536.00000000000000000000000000000000000000000000000000
1709;2116460.00000000000000000000000000000000000000000000000000
1710;2116368.00000000000000000000000000000000000000000000000000
1711;2116500.00000000000000000000000000000000000000000000000000
1712;2116532.00000000000000000000000000000000000000000000000000
1713;2116452.00000000000000000000000000000000000000000000000000
1714;2116380.00000000000000000000000000000000000000000000000000
1715;2116760.00000000000000000000000000000000000000000000000000
1716;2116608.00000000000000000000000000000000000000000000000000
1717;2116392.00000000000000000000000000000000000000000000000000
1718;2116196.00000000000000000000000000000000000000000000000000
1719;2113100.00000000000000000000000000000000000000000000000000
1720;2113100.00000000000000000000000000000000000000000000000000
1721;2116196.00000000000000000000000000000000000000000000000000
1722;2116380.00000000000000000000000000000000000000000000000000
1723;2116500.00000000000000000000000000000000000000000000000000
1724;2116532.00000000000000000000000000000000000000000000000000
1725;2116196.00000000000000000000000000000000000000000000000000
1726;2116380.00000000000000000000000000000000000000000000000000
1727;2116784.00000000000000000000000000000000000000000000000000
1728;2116532.00000000000000000000000000000000000000000000000000
1729;2116196.00000000000000000000000000000000000000000000000000
1730;2116380.00000000000000000000000000000000000000000000000000
1731;2116500.00000000000000000000000000000000000000000000000000
1732;2116532.00000000000000000000000000000000000000000000000000
1733;2116452.00000000000000000000000000000000000000000000000000
1734;2009456.00000000000000000000000000000000000000000000000000
1735;2010232.00000000000000000000000000000000000000000000000000
1736;2010312.00000000000000000000000000000000000000000000000000
1737;2010660.00000000000000000000000000000000000000000000000000
1738;2011348.00000000000000000000000000000000000000000000000000
1739;2011984.00000000000000000000000000000000000000000000000000
1740;2012508.00000000000000000000000000000000000000000000000000
1741;2013244.00000000000000000000000000000000000000000000000000
1742;2013340.00000000000000000000000000000000000000000000000000
1743;2013704.00000000000000000000000000000000000000000000000000
1744;2014512.00000000000000000000000000000000000000000000000000
1745;2015836.00000000000000000000000000000000000000000000000000
1746;2018236.00000000000000000000000000000000000000000000000000
1747;2019948.00000000000000000000000000000000000000000000000000
1748;2021632.00000000000000000000000000000000000000000000000000
1749;2022660.00000000000000000000000000000000000000000000000000
1750;2024036.00000000000000000000000000000000000000000000000000
1751;2026028.00000000000000000000000000000000000000000000000000
1752;2027564.00000000000000000000000000000000000000000000000000
1753;2029988.00000000000000000000000000000000000000000000000000
1754;2031492.00000000000000000000000000000000000000000000000000
1755;2033036.00000000000000000000000000000000000000000000000000
1756;2037184.00000000000000000000000000000000000000000000000000
1757;2038208.00000000000000000000000000000000000000000000000000
1758;2039488.00000000000000000000000000000000000000000000000000
1759;2042636.00000000000000000000000000000000000000000000000000
1760;2043872.00000000000000000000000000000000000000000000000000
1761;2045020.00000000000000000000000000000000000000000000000000
1762;2047828.00000000000000000000000000000000000000000000000000
1763;2048856.00000000000000000000000000000000000000000000000000
1764;2050904.00000000000000000000000000000000000000000000000000
1765;2053176.00000000000000000000000000000000000000000000000000
1766;2054664.00000000000000000000000000000000000000000000000000
1767;2056784.00000000000000000000000000000000000000000000000000
1768;2058208.00000000000000000000000000000000000000000000000000
1769;2060408.00000000000000000000000000000000000000000000000000
1770;2062016.00000000000000000000000000000000000000000000000000
1771;2062668.00000000000000000000000000000000000000000000000000
1772;2065240.00000000000000000000000000000000000000000000000000
1773;2069488.00000000000000000000000000000000000000000000000000
1774;2070652.00000000000000000000000000000000000000000000000000
1775;2072820.00000000000000000000000000000000000000000000000000
1776;2073804.00000000000000000000000000000000000000000000000000
1777;2076232.00000000000000000000000000000000000000000000000000
1778;2077628.00000000000000000000000000000000000000000000000000
1779;2087464.00000000000000000000000000000000000000000000000000
1780;2089624.00000000000000000000000000000000000000000000000000
1781;2090844.00000000000000000000000000000000000000000000000000
1782;2092308.00000000000000000000000000000000000000000000000000
1783;2094148.00000000000000000000000000000000000000000000000000
1784;2095416.00000000000000000000000000000000000000000000000000
1785;2102852.00000000000000000000000000000000000000000000000000
1786;2103120.00000000000000000000000000000000000000000000000000
1787;2103504.00000000000000000000000000000000000000000000000000
1788;2104232.00000000000000000000000000000000000000000000000000
1789;2106812.00000000000000000000000000000000000000000000000000
1790;2110060.00000000000000000000000000000000000000000000000000
1791;2110800.00000000000000000000000000000000000000000000000000
1792;2110824.00000000000000000000000000000000000000000000000000
1793;2110748.00000000000000000000000000000000000000000000000000
1794;2111128.00000000000000000000000000000000000000000000000000
1795;2110904.00000000000000000000000000000000000000000000000000
1796;2110820.00000000000000000000000000000000000000000000000000
1797;2110748.00000000000000000000000000000000000000000000000000
1798;2111128.00000000000000000000000000000000000000000000000000
1799;2110976.00000000000000000000000000000000000000000000000000
1800;2110820.00000000000000000000000000000000000000000000000000
1801;2110564.00000000000000000000000000000000000000000000000000
1802;2111068.00000000000000000000000000000000000000000000000000
1803;2110868.00000000000000000000000000000000000000000000000000
1804;2108052.00000000000000000000000000000000000000000000000000
1805;2111764.00000000000000000000000000000000000000000000000000
1806;2111676.00000000000000000000000000000000000000000000000000
1807;2111520.00000000000000000000000000000000000000000000000000
1808;2111200.00000000000000000000000000000000000000000000000000
1809;2111700.00000000000000000000000000000000000000000000000000
1810;2111504.00000000000000000000000000000000000000000000000000
1811;2111392.00000000000000000000000000000000000000000000000000
1812;2111200.00000000000000000000000000000000000000000000000000
1813;2111384.00000000000000000000000000000000000000000000000000
1814;2111764.00000000000000000000000000000000000000000000000000
1815;2111536.00000000000000000000000000000000000000000000000000
1816;2111396.00000000000000000000000000000000000000000000000000
1817;2111384.00000000000000000000000000000000000000000000000000
1818;2108104.00000000000000000000000000000000000000000000000000
1819;2108104.00000000000000000000000000000000000000000000000000
1820;2111200.00000000000000000000000000000000000000000000000000
1821;2111700.00000000000000000000000000000000000000000000000000
1822;2111504.00000000000000000000000000000000000000000000000000
1823;2111540.00000000000000000000000000000000000000000000000000
1824;2111200.00000000000000000000000000000000000000000000000000
1825;2111384.00000000000000000000000000000000000000000000000000
1826;2111764.00000000000000000000000000000000000000000000000000
1827;2111596.00000000000000000000000000000000000000000000000000
1828;2111388.00000000000000000000000000000000000000000000000000
1829;2111196.00000000000000000000000000000000000000000000000000
1830;2111696.00000000000000000000000000000000000000000000000000
1831;2111500.00000000000000000000000000000000000000000000000000
1832;2111392.00000000000000000000000000000000000000000000000000
1833;2099016.00000000000000000000000000000000000000000000000000
1834;2098868.00000000000000000000000000000000000000000000000000
1835;2099044.00000000000000000000000000000000000000000000000000
1836;2098936.00000000000000000000000000000000000000000000000000
1837;2099116.00000000000000000000000000000000000000000000000000
1838;2099172.00000000000000000000000000000000000000000000000000
1839;2099152.00000000000000000000000000000000000000000000000000
1840;2099156.00000000000000000000000000000000000000000000000000
1841;2098244.00000000000000000000000000000000000000000000000000
1842;2098152.00000000000000000000000000000000000000000000000000
1843;2098460.00000000000000000000000000000000000000000000000000
1844;2098396.00000000000000000000000000000000000000000000000000
1845;2098696.00000000000000000000000000000000000000000000000000
1846;2098492.00000000000000000000000000000000000000000000000000
1847;2098400.00000000000000000000000000000000000000000000000000
1848;2098584.00000000000000000000000000000000000000000000000000
1849;2098504.00000000000000000000000000000000000000000000000000
1850;2098524.00000000000000000000000000000000000000000000000000
1851;2098644.00000000000000000000000000000000000000000000000000
1852;2098680.00000000000000000000000000000000000000000000000000
1853;2098696.00000000000000000000000000000000000000000000000000
1854;2098676.00000000000000000000000000000000000000000000000000
1855;2098636.00000000000000000000000000000000000000000000000000
1856;2098664.00000000000000000000000000000000000000000000000000
1857;2098644.00000000000000000000000000000000000000000000000000
1858;2098660.00000000000000000000000000000000000000000000000000
1859;2098788.00000000000000000000000000000000000000000000000000
1860;2098816.00000000000000000000000000000000000000000000000000
1861;2098944.00000000000000000000000000000000000000000000000000
1862;2098880.00000000000000000000000000000000000000000000000000
1863;2098924.00000000000000000000000000000000000000000000000000
1864;2099068.00000000000000000000000000000000000000000000000000
1865;2099256.00000000000000000000000000000000000000000000000000
1866;2099040.00000000000000000000000000000000000000000000000000
1867;2099088.00000000000000000000000000000000000000000000000000
1868;2099124.00000000000000000000000000000000000000000000000000
1869;2099412.00000000000000000000000000000000000000000000000000
1870;2099728.00000000000000000000000000000000000000000000000000
1871;2099712.00000000000000000000000000000000000000000000000000
1872;2099728.00000000000000000000000000000000000000000000000000
1873;2099836.00000000000000000000000000000000000000000000000000
1874;2099904.00000000000000000000000000000000000000000000000000
1875;2099944.00000000000000000000000000000000000000000000000000
1876;2100512.00000000000000000000000000000000000000000000000000
1877;2100600.00000000000000000000000000000000000000000000000000
1878;2100824.00000000000000000000000000000000000000000000000000
1879;2100744.00000000000000000000000000000000000000000000000000
1880;2100764.00000000000000000000000000000000000000000000000000
1881;2103804.00000000000000000000000000000000000000000000000000
1882;2103748.00000000000000000000000000000000000000000000000000
1883;2103852.00000000000000000000000000000000000000000000000000
1884;2104844.00000000000000000000000000000000000000000000000000
1885;2105984.00000000000000000000000000000000000000000000000000
1886;2108128.00000000000000000000000000000000000000000000000000
1887;2109284.00000000000000000000000000000000000000000000000000
1888;2118496.00000000000000000000000000000000000000000000000000
1889;2118504.00000000000000000000000000000000000000000000000000
1890;2121860.00000000000000000000000000000000000000000000000000
1891;2122232.00000000000000000000000000000000000000000000000000
1892;2122004.00000000000000000000000000000000000000000000000000
1893;2121924.00000000000000000000000000000000000000000000000000
1894;2121852.00000000000000000000000000000000000000000000000000
1895;2122232.00000000000000000000000000000000000000000000000000
1896;2122164.00000000000000000000000000000000000000000000000000
1897;2121860.00000000000000000000000000000000000000000000000000
1898;2121668.00000000000000000000000000000000000000000000000000
1899;2122168.00000000000000000000000000000000000000000000000000
1900;2121972.00000000000000000000000000000000000000000000000000
1901;2122004.00000000000000000000000000000000000000000000000000
1902;2121924.00000000000000000000000000000000000000000000000000
1903;2118572.00000000000000000000000000000000000000000000000000
1904;2118572.00000000000000000000000000000000000000000000000000
1905;2121860.00000000000000000000000000000000000000000000000000
1906;2122168.00000000000000000000000000000000000000000000000000
1907;2121972.00000000000000000000000000000000000000000000000000
1908;2121860.00000000000000000000000000000000000000000000000000
1909;2121668.00000000000000000000000000000000000000000000000000
1910;2122296.00000000000000000000000000000000000000000000000000
1911;2122080.00000000000000000000000000000000000000000000000000
1912;2121924.00000000000000000000000000000000000000000000000000
1913;2121852.00000000000000000000000000000000000000000000000000
1914;2122232.00000000000000000000000000000000000000000000000000
1915;2122144.00000000000000000000000000000000000000000000000000
1916;2121988.00000000000000000000000000000000000000000000000000
1917;2121668.00000000000000000000000000000000000000000000000000
1918;2118572.00000000000000000000000000000000000000000000000000
1919;2118572.00000000000000000000000000000000000000000000000000
1920;2121916.00000000000000000000000000000000000000000000000000
1921;2122296.00000000000000000000000000000000000000000000000000
1922;2121972.00000000000000000000000000000000000000000000000000
1923;2121988.00000000000000000000000000000000000000000000000000
1924;2121852.00000000000000000000000000000000000000000000000000
1925;2122232.00000000000000000000000000000000000000000000000000
1926;2122004.00000000000000000000000000000000000000000000000000
1927;2118264.00000000000000000000000000000000000000000000000000
1928;2122168.00000000000000000000000000000000000000000000000000
1929;2121972.00000000000000000000000000000000000000000000000000
1930;2121860.00000000000000000000000000000000000000000000000000
1931;2121668.00000000000000000000000000000000000000000000000000
1932;2122352.00000000000000000000000000000000000000000000000000
1933;2122256.00000000000000000000000000000000000000000000000000
1934;2007852.00000000000000000000000000000000000000000000000000
1935;2007080.00000000000000000000000000000000000000000000000000
1936;2007620.00000000000000000000000000000000000000000000000000
1937;2008056.00000000000000000000000000000000000000000000000000
1938;2009144.00000000000000000000000000000000000000000000000000
1939;2009172.00000000000000000000000000000000000000000000000000
1940;2010132.00000000000000000000000000000000000000000000000000
1941;2010188.00000000000000000000000000000000000000000000000000
1942;2010608.00000000000000000000000000000000000000000000000000
1943;2011896.00000000000000000000000000000000000000000000000000
1944;2011848.00000000000000000000000000000000000000000000000000
1945;2012592.00000000000000000000000000000000000000000000000000
1946;2014380.00000000000000000000000000000000000000000000000000
1947;2015624.00000000000000000000000000000000000000000000000000
1948;2017296.00000000000000000000000000000000000000000000000000
1949;2018456.00000000000000000000000000000000000000000000000000
1950;2020932.00000000000000000000000000000000000000000000000000
1951;2022028.00000000000000000000000000000000000000000000000000
1952;2024072.00000000000000000000000000000000000000000000000000
1953;2025228.00000000000000000000000000000000000000000000000000
1954;2026592.00000000000000000000000000000000000000000000000000
1955;2028576.00000000000000000000000000000000000000000000000000
1956;2029860.00000000000000000000000000000000000000000000000000
1957;2031036.00000000000000000000000000000000000000000000000000
1958;2034176.00000000000000000000000000000000000000000000000000
1959;2035540.00000000000000000000000000000000000000000000000000
1960;2036576.00000000000000000000000000000000000000000000000000
1961;2039044.00000000000000000000000000000000000000000000000000
1962;2040612.00000000000000000000000000000000000000000000000000
1963;2041856.00000000000000000000000000000000000000000000000000
1964;2044048.00000000000000000000000000000000000000000000000000
1965;2045492.00000000000000000000000000000000000000000000000000
1966;2046372.00000000000000000000000000000000000000000000000000
1967;2048628.00000000000000000000000000000000000000000000000000
1968;2049564.00000000000000000000000000000000000000000000000000
1969;2050708.00000000000000000000000000000000000000000000000000
1970;2054608.00000000000000000000000000000000000000000000000000
1971;2056188.00000000000000000000000000000000000000000000000000
1972;2057576.00000000000000000000000000000000000000000000000000
1973;2060108.00000000000000000000000000000000000000000000000000
1974;2063384.00000000000000000000000000000000000000000000000000
1975;2064636.00000000000000000000000000000000000000000000000000
1976;2066156.00000000000000000000000000000000000000000000000000
1977;2067776.00000000000000000000000000000000000000000000000000
1978;2069072.00000000000000000000000000000000000000000000000000
1979;2078408.00000000000000000000000000000000000000000000000000
1980;2080212.00000000000000000000000000000000000000000000000000
1981;2081568.00000000000000000000000000000000000000000000000000
1982;2083744.00000000000000000000000000000000000000000000000000
1983;2084292.00000000000000000000000000000000000000000000000000
1984;2087012.00000000000000000000000000000000000000000000000000
1985;2092808.00000000000000000000000000000000000000000000000000
1986;2092896.00000000000000000000000000000000000000000000000000
1987;2093780.00000000000000000000000000000000000000000000000000
1988;2094152.00000000000000000000000000000000000000000000000000
1989;2094668.00000000000000000000000000000000000000000000000000
1990;2096892.00000000000000000000000000000000000000000000000000
1991;2104904.00000000000000000000000000000000000000000000000000
1992;2105720.00000000000000000000000000000000000000000000000000
1993;2106296.00000000000000000000000000000000000000000000000000
1994;2106668.00000000000000000000000000000000000000000000000000
1995;2106668.00000000000000000000000000000000000000000000000000
1996;2110168.00000000000000000000000000000000000000000000000000
1997;2110252.00000000000000000000000000000000000000000000000000
1998;2110560.00000000000000000000000000000000000000000000000000
1999;2110340.00000000000000000000000000000000000000000000000000
2000;2110256.00000000000000000000000000000000000000000000000000
2001;2110188.00000000000000000000000000000000000000000000000000
2002;2110300.00000000000000000000000000000000000000000000000000
2003;2110268.00000000000000000000000000000000000000000000000000
2004;2110188.00000000000000000000000000000000000000000000000000
2005;2110300.00000000000000000000000000000000000000000000000000
2006;2110156.00000000000000000000000000000000000000000000000000
2007;2110188.00000000000000000000000000000000000000000000000000
2008;2110584.00000000000000000000000000000000000000000000000000
2009;2110156.00000000000000000000000000000000000000000000000000
2010;2106900.00000000000000000000000000000000000000000000000000
2011;2106900.00000000000000000000000000000000000000000000000000
2012;2110252.00000000000000000000000000000000000000000000000000
2013;2110188.00000000000000000000000000000000000000000000000000
2014;2110300.00000000000000000000000000000000000000000000000000
2015;2110252.00000000000000000000000000000000000000000000000000
2016;2110188.00000000000000000000000000000000000000000000000000
2017;2110560.00000000000000000000000000000000000000000000000000
2018;2110156.00000000000000000000000000000000000000000000000000
2019;2109996.00000000000000000000000000000000000000000000000000
2020;2110560.00000000000000000000000000000000000000000000000000
2021;2110340.00000000000000000000000000000000000000000000000000
2022;2109996.00000000000000000000000000000000000000000000000000
2023;2110464.00000000000000000000000000000000000000000000000000
2024;2110340.00000000000000000000000000000000000000000000000000
2025;2109996.00000000000000000000000000000000000000000000000000
2026;2106900.00000000000000000000000000000000000000000000000000
2027;2106900.00000000000000000000000000000000000000000000000000
2028;2110188.00000000000000000000000000000000000000000000000000
2029;2110300.00000000000000000000000000000000000000000000000000
2030;2110156.00000000000000000000000000000000000000000000000000
2031;2110188.00000000000000000000000000000000000000000000000000
2032;2110560.00000000000000000000000000000000000000000000000000
2033;2110340.00000000000000000000000000000000000000000000000000
2034;2110188.00000000000000000000000000000000000000000000000000
2035;2110560.00000000000000000000000000000000000000000000000000
2036;2110156.00000000000000000000000000000000000000000000000000
2037;2109996.00000000000000000000000000000000000000000000000000
2038;2110592.00000000000000000000000000000000000000000000000000
2039;2110340.00000000000000000000000000000000000000000000000000
2040;2110252.00000000000000000000000000000000000000000000000000
2041;2110188.00000000000000000000000000000000000000000000000000
2042;2110300.00000000000000000000000000000000000000000000000000
2043;2098180.00000000000000000000000000000000000000000000000000
2044;2098188.00000000000000000000000000000000000000000000000000
2045;2098324.00000000000000000000000000000000000000000000000000
2046;2098400.00000000000000000000000000000000000000000000000000
2047;2098412.00000000000000000000000000000000000000000000000000
2048;2098504.00000000000000000000000000000000000000000000000000
2049;2098696.00000000000000000000000000000000000000000000000000
2050;2098784.00000000000000000000000000000000000000000000000000
2051;2098804.00000000000000000000000000000000000000000000000000
2052;2098992.00000000000000000000000000000000000000000000000000
2053;2098952.00000000000000000000000000000000000000000000000000
2054;2098968.00000000000000000000000000000000000000000000000000
2055;2099068.00000000000000000000000000000000000000000000000000
2056;2099004.00000000000000000000000000000000000000000000000000
2057;2099024.00000000000000000000000000000000000000000000000000
2058;2099244.00000000000000000000000000000000000000000000000000
2059;2099060.00000000000000000000000000000000000000000000000000
2060;2099068.00000000000000000000000000000000000000000000000000
2061;2099236.00000000000000000000000000000000000000000000000000
2062;2099096.00000000000000000000000000000000000000000000000000
2063;2099008.00000000000000000000000000000000000000000000000000
2064;806128.00000000000000000000000000000000000000000000000000
