Second;RAM_KB
0;6220.00000000000000000000000000000000000000000000000000
1;320732.00000000000000000000000000000000000000000000000000
2;375300.00000000000000000000000000000000000000000000000000
3;693784.00000000000000000000000000000000000000000000000000
4;748040.00000000000000000000000000000000000000000000000000
5;803852.00000000000000000000000000000000000000000000000000
6;896904.00000000000000000000000000000000000000000000000000
7;931544.00000000000000000000000000000000000000000000000000
8;938784.00000000000000000000000000000000000000000000000000
9;980204.00000000000000000000000000000000000000000000000000
10;985352.00000000000000000000000000000000000000000000000000
11;989260.00000000000000000000000000000000000000000000000000
12;994876.00000000000000000000000000000000000000000000000000
13;1000248.00000000000000000000000000000000000000000000000000
14;1011520.00000000000000000000000000000000000000000000000000
15;1015616.00000000000000000000000000000000000000000000000000
16;1022448.00000000000000000000000000000000000000000000000000
17;1026172.00000000000000000000000000000000000000000000000000
18;1032044.00000000000000000000000000000000000000000000000000
19;1035916.00000000000000000000000000000000000000000000000000
20;1041780.00000000000000000000000000000000000000000000000000
21;1045756.00000000000000000000000000000000000000000000000000
22;1051300.00000000000000000000000000000000000000000000000000
23;1057908.00000000000000000000000000000000000000000000000000
24;1061496.00000000000000000000000000000000000000000000000000
25;1068460.00000000000000000000000000000000000000000000000000
26;1072616.00000000000000000000000000000000000000000000000000
27;1077372.00000000000000000000000000000000000000000000000000
28;1082692.00000000000000000000000000000000000000000000000000
29;1086192.00000000000000000000000000000000000000000000000000
30;1091968.00000000000000000000000000000000000000000000000000
31;1095916.00000000000000000000000000000000000000000000000000
32;1100292.00000000000000000000000000000000000000000000000000
33;1106460.00000000000000000000000000000000000000000000000000
34;1111220.00000000000000000000000000000000000000000000000000
35;1116200.00000000000000000000000000000000000000000000000000
36;1122640.00000000000000000000000000000000000000000000000000
37;1127184.00000000000000000000000000000000000000000000000000
38;1131420.00000000000000000000000000000000000000000000000000
39;1140008.00000000000000000000000000000000000000000000000000
40;1143704.00000000000000000000000000000000000000000000000000
41;1148648.00000000000000000000000000000000000000000000000000
42;1152328.00000000000000000000000000000000000000000000000000
43;1160856.00000000000000000000000000000000000000000000000000
44;1163632.00000000000000000000000000000000000000000000000000
45;1168092.00000000000000000000000000000000000000000000000000
46;1172652.00000000000000000000000000000000000000000000000000
47;1179424.00000000000000000000000000000000000000000000000000
48;1179436.00000000000000000000000000000000000000000000000000
49;1409728.00000000000000000000000000000000000000000000000000
50;1409684.00000000000000000000000000000000000000000000000000
51;1409800.00000000000000000000000000000000000000000000000000
52;1409624.00000000000000000000000000000000000000000000000000
53;1409688.00000000000000000000000000000000000000000000000000
54;1409800.00000000000000000000000000000000000000000000000000
55;1409744.00000000000000000000000000000000000000000000000000
56;1409804.00000000000000000000000000000000000000000000000000
57;1409180.00000000000000000000000000000000000000000000000000
58;1409628.00000000000000000000000000000000000000000000000000
59;1409800.00000000000000000000000000000000000000000000000000
60;1409560.00000000000000000000000000000000000000000000000000
61;1410100.00000000000000000000000000000000000000000000000000
62;1410100.00000000000000000000000000000000000000000000000000
63;1409924.00000000000000000000000000000000000000000000000000
64;1409600.00000000000000000000000000000000000000000000000000
65;1409988.00000000000000000000000000000000000000000000000000
66;1409884.00000000000000000000000000000000000000000000000000
67;1409452.00000000000000000000000000000000000000000000000000
68;1409896.00000000000000000000000000000000000000000000000000
69;1409900.00000000000000000000000000000000000000000000000000
70;1409900.00000000000000000000000000000000000000000000000000
71;1409708.00000000000000000000000000000000000000000000000000
72;1410072.00000000000000000000000000000000000000000000000000
73;1409900.00000000000000000000000000000000000000000000000000
74;1410140.00000000000000000000000000000000000000000000000000
75;1410076.00000000000000000000000000000000000000000000000000
76;1409964.00000000000000000000000000000000000000000000000000
77;1410076.00000000000000000000000000000000000000000000000000
78;1409644.00000000000000000000000000000000000000000000000000
79;1410076.00000000000000000000000000000000000000000000000000
80;1410140.00000000000000000000000000000000000000000000000000
81;1409900.00000000000000000000000000000000000000000000000000
82;1410172.00000000000000000000000000000000000000000000000000
83;1410108.00000000000000000000000000000000000000000000000000
84;1410172.00000000000000000000000000000000000000000000000000
85;1410044.00000000000000000000000000000000000000000000000000
86;1409740.00000000000000000000000000000000000000000000000000
87;1410048.00000000000000000000000000000000000000000000000000
88;1409932.00000000000000000000000000000000000000000000000000
89;1298444.00000000000000000000000000000000000000000000000000
90;1300480.00000000000000000000000000000000000000000000000000
91;1301360.00000000000000000000000000000000000000000000000000
92;1304108.00000000000000000000000000000000000000000000000000
93;1307804.00000000000000000000000000000000000000000000000000
94;1309364.00000000000000000000000000000000000000000000000000
95;1311876.00000000000000000000000000000000000000000000000000
96;1314000.00000000000000000000000000000000000000000000000000
97;1317580.00000000000000000000000000000000000000000000000000
98;1318788.00000000000000000000000000000000000000000000000000
99;1322104.00000000000000000000000000000000000000000000000000
100;1324812.00000000000000000000000000000000000000000000000000
101;1327724.00000000000000000000000000000000000000000000000000
102;1330564.00000000000000000000000000000000000000000000000000
103;1333076.00000000000000000000000000000000000000000000000000
104;1336304.00000000000000000000000000000000000000000000000000
105;1339892.00000000000000000000000000000000000000000000000000
106;1342768.00000000000000000000000000000000000000000000000000
107;1345756.00000000000000000000000000000000000000000000000000
108;1348588.00000000000000000000000000000000000000000000000000
109;1350500.00000000000000000000000000000000000000000000000000
110;1354136.00000000000000000000000000000000000000000000000000
111;1358228.00000000000000000000000000000000000000000000000000
112;1362664.00000000000000000000000000000000000000000000000000
113;1364376.00000000000000000000000000000000000000000000000000
114;1366776.00000000000000000000000000000000000000000000000000
115;1371416.00000000000000000000000000000000000000000000000000
116;1373808.00000000000000000000000000000000000000000000000000
117;1375904.00000000000000000000000000000000000000000000000000
118;1379764.00000000000000000000000000000000000000000000000000
119;1382228.00000000000000000000000000000000000000000000000000
120;1385668.00000000000000000000000000000000000000000000000000
121;1389068.00000000000000000000000000000000000000000000000000
122;1392648.00000000000000000000000000000000000000000000000000
123;1395668.00000000000000000000000000000000000000000000000000
124;1398436.00000000000000000000000000000000000000000000000000
125;1401564.00000000000000000000000000000000000000000000000000
126;1406260.00000000000000000000000000000000000000000000000000
127;1409748.00000000000000000000000000000000000000000000000000
128;1413744.00000000000000000000000000000000000000000000000000
129;1419396.00000000000000000000000000000000000000000000000000
130;1419396.00000000000000000000000000000000000000000000000000
131;1420364.00000000000000000000000000000000000000000000000000
132;1420684.00000000000000000000000000000000000000000000000000
133;1420148.00000000000000000000000000000000000000000000000000
134;1420656.00000000000000000000000000000000000000000000000000
135;1420848.00000000000000000000000000000000000000000000000000
136;1420588.00000000000000000000000000000000000000000000000000
137;1420588.00000000000000000000000000000000000000000000000000
138;1420592.00000000000000000000000000000000000000000000000000
139;1420624.00000000000000000000000000000000000000000000000000
140;1420112.00000000000000000000000000000000000000000000000000
141;1420816.00000000000000000000000000000000000000000000000000
142;1420792.00000000000000000000000000000000000000000000000000
143;1420792.00000000000000000000000000000000000000000000000000
144;1420700.00000000000000000000000000000000000000000000000000
145;1420376.00000000000000000000000000000000000000000000000000
146;1420808.00000000000000000000000000000000000000000000000000
147;1420664.00000000000000000000000000000000000000000000000000
148;1420732.00000000000000000000000000000000000000000000000000
149;1420792.00000000000000000000000000000000000000000000000000
150;1420664.00000000000000000000000000000000000000000000000000
151;1420472.00000000000000000000000000000000000000000000000000
152;1420888.00000000000000000000000000000000000000000000000000
153;1420788.00000000000000000000000000000000000000000000000000
154;1420664.00000000000000000000000000000000000000000000000000
155;1420732.00000000000000000000000000000000000000000000000000
156;1420792.00000000000000000000000000000000000000000000000000
157;1420732.00000000000000000000000000000000000000000000000000
158;1420696.00000000000000000000000000000000000000000000000000
159;1420888.00000000000000000000000000000000000000000000000000
160;1420816.00000000000000000000000000000000000000000000000000
161;1420660.00000000000000000000000000000000000000000000000000
162;1420732.00000000000000000000000000000000000000000000000000
163;1420696.00000000000000000000000000000000000000000000000000
164;1420788.00000000000000000000000000000000000000000000000000
165;1420664.00000000000000000000000000000000000000000000000000
166;1420808.00000000000000000000000000000000000000000000000000
167;1420732.00000000000000000000000000000000000000000000000000
168;1420184.00000000000000000000000000000000000000000000000000
169;1316792.00000000000000000000000000000000000000000000000000
170;1318952.00000000000000000000000000000000000000000000000000
171;1321504.00000000000000000000000000000000000000000000000000
172;1323704.00000000000000000000000000000000000000000000000000
173;1326972.00000000000000000000000000000000000000000000000000
174;1331428.00000000000000000000000000000000000000000000000000
175;1331468.00000000000000000000000000000000000000000000000000
176;1334236.00000000000000000000000000000000000000000000000000
177;1336708.00000000000000000000000000000000000000000000000000
178;1338576.00000000000000000000000000000000000000000000000000
179;1340812.00000000000000000000000000000000000000000000000000
180;1344012.00000000000000000000000000000000000000000000000000
181;1346324.00000000000000000000000000000000000000000000000000
182;1349304.00000000000000000000000000000000000000000000000000
183;1352000.00000000000000000000000000000000000000000000000000
184;1357476.00000000000000000000000000000000000000000000000000
185;1360180.00000000000000000000000000000000000000000000000000
186;1363864.00000000000000000000000000000000000000000000000000
187;1366072.00000000000000000000000000000000000000000000000000
188;1368760.00000000000000000000000000000000000000000000000000
189;1371484.00000000000000000000000000000000000000000000000000
190;1373724.00000000000000000000000000000000000000000000000000
191;1376712.00000000000000000000000000000000000000000000000000
192;1379728.00000000000000000000000000000000000000000000000000
193;1380452.00000000000000000000000000000000000000000000000000
194;1381908.00000000000000000000000000000000000000000000000000
195;1382956.00000000000000000000000000000000000000000000000000
196;1388452.00000000000000000000000000000000000000000000000000
197;1389004.00000000000000000000000000000000000000000000000000
198;1390132.00000000000000000000000000000000000000000000000000
199;1393552.00000000000000000000000000000000000000000000000000
200;1401984.00000000000000000000000000000000000000000000000000
201;1402124.00000000000000000000000000000000000000000000000000
202;1403100.00000000000000000000000000000000000000000000000000
203;1404996.00000000000000000000000000000000000000000000000000
204;1409536.00000000000000000000000000000000000000000000000000
205;1410980.00000000000000000000000000000000000000000000000000
206;1413324.00000000000000000000000000000000000000000000000000
207;1416088.00000000000000000000000000000000000000000000000000
208;1418228.00000000000000000000000000000000000000000000000000
209;1419492.00000000000000000000000000000000000000000000000000
210;1419376.00000000000000000000000000000000000000000000000000
211;1419072.00000000000000000000000000000000000000000000000000
212;1419456.00000000000000000000000000000000000000000000000000
213;1419488.00000000000000000000000000000000000000000000000000
214;1419488.00000000000000000000000000000000000000000000000000
215;1419552.00000000000000000000000000000000000000000000000000
216;1419376.00000000000000000000000000000000000000000000000000
217;1419376.00000000000000000000000000000000000000000000000000
218;1419552.00000000000000000000000000000000000000000000000000
219;1419552.00000000000000000000000000000000000000000000000000
220;1419072.00000000000000000000000000000000000000000000000000
221;1420140.00000000000000000000000000000000000000000000000000
222;1420140.00000000000000000000000000000000000000000000000000
223;1419488.00000000000000000000000000000000000000000000000000
224;1420140.00000000000000000000000000000000000000000000000000
225;1420140.00000000000000000000000000000000000000000000000000
226;1420164.00000000000000000000000000000000000000000000000000
227;1419836.00000000000000000000000000000000000000000000000000
228;1420076.00000000000000000000000000000000000000000000000000
229;1419964.00000000000000000000000000000000000000000000000000
230;1419484.00000000000000000000000000000000000000000000000000
231;1420172.00000000000000000000000000000000000000000000000000
232;1419964.00000000000000000000000000000000000000000000000000
233;1420076.00000000000000000000000000000000000000000000000000
234;1419964.00000000000000000000000000000000000000000000000000
235;1420140.00000000000000000000000000000000000000000000000000
236;1419744.00000000000000000000000000000000000000000000000000
237;1420000.00000000000000000000000000000000000000000000000000
238;1419488.00000000000000000000000000000000000000000000000000
239;1419996.00000000000000000000000000000000000000000000000000
240;1420140.00000000000000000000000000000000000000000000000000
241;1419964.00000000000000000000000000000000000000000000000000
242;1419960.00000000000000000000000000000000000000000000000000
243;1420072.00000000000000000000000000000000000000000000000000
244;1420072.00000000000000000000000000000000000000000000000000
245;1419656.00000000000000000000000000000000000000000000000000
246;1420072.00000000000000000000000000000000000000000000000000
247;1420136.00000000000000000000000000000000000000000000000000
248;1314252.00000000000000000000000000000000000000000000000000
249;1316196.00000000000000000000000000000000000000000000000000
250;1319488.00000000000000000000000000000000000000000000000000
251;1321356.00000000000000000000000000000000000000000000000000
252;1323944.00000000000000000000000000000000000000000000000000
253;1326544.00000000000000000000000000000000000000000000000000
254;1330388.00000000000000000000000000000000000000000000000000
255;1331188.00000000000000000000000000000000000000000000000000
256;1334500.00000000000000000000000000000000000000000000000000
257;1336776.00000000000000000000000000000000000000000000000000
258;1338880.00000000000000000000000000000000000000000000000000
259;1341376.00000000000000000000000000000000000000000000000000
260;1344028.00000000000000000000000000000000000000000000000000
261;1347496.00000000000000000000000000000000000000000000000000
262;1349668.00000000000000000000000000000000000000000000000000
263;1356008.00000000000000000000000000000000000000000000000000
264;1357912.00000000000000000000000000000000000000000000000000
265;1362228.00000000000000000000000000000000000000000000000000
266;1365556.00000000000000000000000000000000000000000000000000
267;1368432.00000000000000000000000000000000000000000000000000
268;1370820.00000000000000000000000000000000000000000000000000
269;1373668.00000000000000000000000000000000000000000000000000
270;1374552.00000000000000000000000000000000000000000000000000
271;1375592.00000000000000000000000000000000000000000000000000
272;1376032.00000000000000000000000000000000000000000000000000
273;1379732.00000000000000000000000000000000000000000000000000
274;1380528.00000000000000000000000000000000000000000000000000
275;1381052.00000000000000000000000000000000000000000000000000
276;1388108.00000000000000000000000000000000000000000000000000
277;1389052.00000000000000000000000000000000000000000000000000
278;1390872.00000000000000000000000000000000000000000000000000
279;1392652.00000000000000000000000000000000000000000000000000
280;1398948.00000000000000000000000000000000000000000000000000
281;1400732.00000000000000000000000000000000000000000000000000
282;1401936.00000000000000000000000000000000000000000000000000
283;1405016.00000000000000000000000000000000000000000000000000
284;1406632.00000000000000000000000000000000000000000000000000
285;1413072.00000000000000000000000000000000000000000000000000
286;1413692.00000000000000000000000000000000000000000000000000
287;1415904.00000000000000000000000000000000000000000000000000
288;1417928.00000000000000000000000000000000000000000000000000
289;1418720.00000000000000000000000000000000000000000000000000
290;1419284.00000000000000000000000000000000000000000000000000
291;1419164.00000000000000000000000000000000000000000000000000
292;1419232.00000000000000000000000000000000000000000000000000
293;1419660.00000000000000000000000000000000000000000000000000
294;1419900.00000000000000000000000000000000000000000000000000
295;1419888.00000000000000000000000000000000000000000000000000
296;1419836.00000000000000000000000000000000000000000000000000
297;1419888.00000000000000000000000000000000000000000000000000
298;1419576.00000000000000000000000000000000000000000000000000
299;1420140.00000000000000000000000000000000000000000000000000
300;1420088.00000000000000000000000000000000000000000000000000
301;1420416.00000000000000000000000000000000000000000000000000
302;1420416.00000000000000000000000000000000000000000000000000
303;1420480.00000000000000000000000000000000000000000000000000
304;1420416.00000000000000000000000000000000000000000000000000
305;1420480.00000000000000000000000000000000000000000000000000
306;1420416.00000000000000000000000000000000000000000000000000
307;1420304.00000000000000000000000000000000000000000000000000
308;1419952.00000000000000000000000000000000000000000000000000
309;1420412.00000000000000000000000000000000000000000000000000
310;1420416.00000000000000000000000000000000000000000000000000
311;1420236.00000000000000000000000000000000000000000000000000
312;1420240.00000000000000000000000000000000000000000000000000
313;1420236.00000000000000000000000000000000000000000000000000
314;1420304.00000000000000000000000000000000000000000000000000
315;1420416.00000000000000000000000000000000000000000000000000
316;1420416.00000000000000000000000000000000000000000000000000
317;1420240.00000000000000000000000000000000000000000000000000
318;1419792.00000000000000000000000000000000000000000000000000
319;1420356.00000000000000000000000000000000000000000000000000
320;1420304.00000000000000000000000000000000000000000000000000
321;1420412.00000000000000000000000000000000000000000000000000
322;1420240.00000000000000000000000000000000000000000000000000
323;1420304.00000000000000000000000000000000000000000000000000
324;1420480.00000000000000000000000000000000000000000000000000
325;1420412.00000000000000000000000000000000000000000000000000
326;1420416.00000000000000000000000000000000000000000000000000
327;1420048.00000000000000000000000000000000000000000000000000
328;1420304.00000000000000000000000000000000000000000000000000
329;1316140.00000000000000000000000000000000000000000000000000
330;1319500.00000000000000000000000000000000000000000000000000
331;1321684.00000000000000000000000000000000000000000000000000
332;1323944.00000000000000000000000000000000000000000000000000
333;1325500.00000000000000000000000000000000000000000000000000
334;1327600.00000000000000000000000000000000000000000000000000
335;1329732.00000000000000000000000000000000000000000000000000
336;1332704.00000000000000000000000000000000000000000000000000
337;1336016.00000000000000000000000000000000000000000000000000
338;1337996.00000000000000000000000000000000000000000000000000
339;1340184.00000000000000000000000000000000000000000000000000
340;1343344.00000000000000000000000000000000000000000000000000
341;1345780.00000000000000000000000000000000000000000000000000
342;1348880.00000000000000000000000000000000000000000000000000
343;1350856.00000000000000000000000000000000000000000000000000
344;1356940.00000000000000000000000000000000000000000000000000
345;1359400.00000000000000000000000000000000000000000000000000
346;1364020.00000000000000000000000000000000000000000000000000
347;1366348.00000000000000000000000000000000000000000000000000
348;1369236.00000000000000000000000000000000000000000000000000
349;1369748.00000000000000000000000000000000000000000000000000
350;1371660.00000000000000000000000000000000000000000000000000
351;1375676.00000000000000000000000000000000000000000000000000
352;1377164.00000000000000000000000000000000000000000000000000
353;1377196.00000000000000000000000000000000000000000000000000
354;1381844.00000000000000000000000000000000000000000000000000
355;1382360.00000000000000000000000000000000000000000000000000
356;1386056.00000000000000000000000000000000000000000000000000
357;1386148.00000000000000000000000000000000000000000000000000
358;1393744.00000000000000000000000000000000000000000000000000
359;1394424.00000000000000000000000000000000000000000000000000
360;1395612.00000000000000000000000000000000000000000000000000
361;1401032.00000000000000000000000000000000000000000000000000
362;1403132.00000000000000000000000000000000000000000000000000
363;1402544.00000000000000000000000000000000000000000000000000
364;1404308.00000000000000000000000000000000000000000000000000
365;1407000.00000000000000000000000000000000000000000000000000
366;1414764.00000000000000000000000000000000000000000000000000
367;1415044.00000000000000000000000000000000000000000000000000
368;1417160.00000000000000000000000000000000000000000000000000
369;1417160.00000000000000000000000000000000000000000000000000
370;1418948.00000000000000000000000000000000000000000000000000
371;1418884.00000000000000000000000000000000000000000000000000
372;1419012.00000000000000000000000000000000000000000000000000
373;1418916.00000000000000000000000000000000000000000000000000
374;1418408.00000000000000000000000000000000000000000000000000
375;1418916.00000000000000000000000000000000000000000000000000
376;1418404.00000000000000000000000000000000000000000000000000
377;1418920.00000000000000000000000000000000000000000000000000
378;1419112.00000000000000000000000000000000000000000000000000
379;1419008.00000000000000000000000000000000000000000000000000
380;1418952.00000000000000000000000000000000000000000000000000
381;1419024.00000000000000000000000000000000000000000000000000
382;1419024.00000000000000000000000000000000000000000000000000
383;1419120.00000000000000000000000000000000000000000000000000
384;1419024.00000000000000000000000000000000000000000000000000
385;1419048.00000000000000000000000000000000000000000000000000
386;1418896.00000000000000000000000000000000000000000000000000
387;1418896.00000000000000000000000000000000000000000000000000
388;1418896.00000000000000000000000000000000000000000000000000
389;1419024.00000000000000000000000000000000000000000000000000
390;1418932.00000000000000000000000000000000000000000000000000
391;1418960.00000000000000000000000000000000000000000000000000
392;1418416.00000000000000000000000000000000000000000000000000
393;1418900.00000000000000000000000000000000000000000000000000
394;1418868.00000000000000000000000000000000000000000000000000
395;1418932.00000000000000000000000000000000000000000000000000
396;1418932.00000000000000000000000000000000000000000000000000
397;1418760.00000000000000000000000000000000000000000000000000
398;1418888.00000000000000000000000000000000000000000000000000
399;1418284.00000000000000000000000000000000000000000000000000
400;1418888.00000000000000000000000000000000000000000000000000
401;1418760.00000000000000000000000000000000000000000000000000
402;1418760.00000000000000000000000000000000000000000000000000
403;1418760.00000000000000000000000000000000000000000000000000
404;1418760.00000000000000000000000000000000000000000000000000
405;1418888.00000000000000000000000000000000000000000000000000
406;1418792.00000000000000000000000000000000000000000000000000
407;1418888.00000000000000000000000000000000000000000000000000
408;1418280.00000000000000000000000000000000000000000000000000
409;1315488.00000000000000000000000000000000000000000000000000
410;1317600.00000000000000000000000000000000000000000000000000
411;1319800.00000000000000000000000000000000000000000000000000
412;1322036.00000000000000000000000000000000000000000000000000
413;1323936.00000000000000000000000000000000000000000000000000
414;1326036.00000000000000000000000000000000000000000000000000
415;1327628.00000000000000000000000000000000000000000000000000
416;1330324.00000000000000000000000000000000000000000000000000
417;1332680.00000000000000000000000000000000000000000000000000
418;1336212.00000000000000000000000000000000000000000000000000
419;1337824.00000000000000000000000000000000000000000000000000
420;1340780.00000000000000000000000000000000000000000000000000
421;1342268.00000000000000000000000000000000000000000000000000
422;1345168.00000000000000000000000000000000000000000000000000
423;1348116.00000000000000000000000000000000000000000000000000
424;1351056.00000000000000000000000000000000000000000000000000
425;1357120.00000000000000000000000000000000000000000000000000
426;1357976.00000000000000000000000000000000000000000000000000
427;1363428.00000000000000000000000000000000000000000000000000
428;1365656.00000000000000000000000000000000000000000000000000
429;1370260.00000000000000000000000000000000000000000000000000
430;1373028.00000000000000000000000000000000000000000000000000
431;1376236.00000000000000000000000000000000000000000000000000
432;1377092.00000000000000000000000000000000000000000000000000
433;1380904.00000000000000000000000000000000000000000000000000
434;1383524.00000000000000000000000000000000000000000000000000
435;1388384.00000000000000000000000000000000000000000000000000
436;1390856.00000000000000000000000000000000000000000000000000
437;1392496.00000000000000000000000000000000000000000000000000
438;1399404.00000000000000000000000000000000000000000000000000
439;1401916.00000000000000000000000000000000000000000000000000
440;1404444.00000000000000000000000000000000000000000000000000
441;1406628.00000000000000000000000000000000000000000000000000
442;1412052.00000000000000000000000000000000000000000000000000
443;1413668.00000000000000000000000000000000000000000000000000
444;1415156.00000000000000000000000000000000000000000000000000
445;1417636.00000000000000000000000000000000000000000000000000
446;1422300.00000000000000000000000000000000000000000000000000
447;1423740.00000000000000000000000000000000000000000000000000
448;1426500.00000000000000000000000000000000000000000000000000
449;1430828.00000000000000000000000000000000000000000000000000
450;1430828.00000000000000000000000000000000000000000000000000
451;1432732.00000000000000000000000000000000000000000000000000
452;1432796.00000000000000000000000000000000000000000000000000
453;1432860.00000000000000000000000000000000000000000000000000
454;1432732.00000000000000000000000000000000000000000000000000
455;1432732.00000000000000000000000000000000000000000000000000
456;1432732.00000000000000000000000000000000000000000000000000
457;1432732.00000000000000000000000000000000000000000000000000
458;1432512.00000000000000000000000000000000000000000000000000
459;1432764.00000000000000000000000000000000000000000000000000
460;1432884.00000000000000000000000000000000000000000000000000
461;1432732.00000000000000000000000000000000000000000000000000
462;1433012.00000000000000000000000000000000000000000000000000
463;1433012.00000000000000000000000000000000000000000000000000
464;1433036.00000000000000000000000000000000000000000000000000
465;1432884.00000000000000000000000000000000000000000000000000
466;1433012.00000000000000000000000000000000000000000000000000
467;1432884.00000000000000000000000000000000000000000000000000
468;1432596.00000000000000000000000000000000000000000000000000
469;1433012.00000000000000000000000000000000000000000000000000
470;1432916.00000000000000000000000000000000000000000000000000
471;1433036.00000000000000000000000000000000000000000000000000
472;1433012.00000000000000000000000000000000000000000000000000
473;1432884.00000000000000000000000000000000000000000000000000
474;1432404.00000000000000000000000000000000000000000000000000
475;1432924.00000000000000000000000000000000000000000000000000
476;1433012.00000000000000000000000000000000000000000000000000
477;1432884.00000000000000000000000000000000000000000000000000
478;1432948.00000000000000000000000000000000000000000000000000
479;1432692.00000000000000000000000000000000000000000000000000
480;1432964.00000000000000000000000000000000000000000000000000
481;1432948.00000000000000000000000000000000000000000000000000
482;1433012.00000000000000000000000000000000000000000000000000
483;1432920.00000000000000000000000000000000000000000000000000
484;1432596.00000000000000000000000000000000000000000000000000
485;1432884.00000000000000000000000000000000000000000000000000
486;1433012.00000000000000000000000000000000000000000000000000
487;1432404.00000000000000000000000000000000000000000000000000
488;1432880.00000000000000000000000000000000000000000000000000
489;1323772.00000000000000000000000000000000000000000000000000
490;1323824.00000000000000000000000000000000000000000000000000
491;1325180.00000000000000000000000000000000000000000000000000
492;1327916.00000000000000000000000000000000000000000000000000
493;1329588.00000000000000000000000000000000000000000000000000
494;1331884.00000000000000000000000000000000000000000000000000
495;1335796.00000000000000000000000000000000000000000000000000
496;1336544.00000000000000000000000000000000000000000000000000
497;1339616.00000000000000000000000000000000000000000000000000
498;1342116.00000000000000000000000000000000000000000000000000
499;1344728.00000000000000000000000000000000000000000000000000
500;1347100.00000000000000000000000000000000000000000000000000
501;1349580.00000000000000000000000000000000000000000000000000
502;1351356.00000000000000000000000000000000000000000000000000
503;1354460.00000000000000000000000000000000000000000000000000
504;1355616.00000000000000000000000000000000000000000000000000
505;1359800.00000000000000000000000000000000000000000000000000
506;1361436.00000000000000000000000000000000000000000000000000
507;1364492.00000000000000000000000000000000000000000000000000
508;1367064.00000000000000000000000000000000000000000000000000
509;1370336.00000000000000000000000000000000000000000000000000
510;1372900.00000000000000000000000000000000000000000000000000
511;1374100.00000000000000000000000000000000000000000000000000
512;1377152.00000000000000000000000000000000000000000000000000
513;1379132.00000000000000000000000000000000000000000000000000
514;1380736.00000000000000000000000000000000000000000000000000
515;1385264.00000000000000000000000000000000000000000000000000
516;1388152.00000000000000000000000000000000000000000000000000
517;1390208.00000000000000000000000000000000000000000000000000
518;1399768.00000000000000000000000000000000000000000000000000
519;1401968.00000000000000000000000000000000000000000000000000
520;1404156.00000000000000000000000000000000000000000000000000
521;1406336.00000000000000000000000000000000000000000000000000
522;1412720.00000000000000000000000000000000000000000000000000
523;1414424.00000000000000000000000000000000000000000000000000
524;1417052.00000000000000000000000000000000000000000000000000
525;1420228.00000000000000000000000000000000000000000000000000
526;1424176.00000000000000000000000000000000000000000000000000
527;1426696.00000000000000000000000000000000000000000000000000
528;1427276.00000000000000000000000000000000000000000000000000
529;1429896.00000000000000000000000000000000000000000000000000
530;1429896.00000000000000000000000000000000000000000000000000
531;1431404.00000000000000000000000000000000000000000000000000
532;1431356.00000000000000000000000000000000000000000000000000
533;1431408.00000000000000000000000000000000000000000000000000
534;1430844.00000000000000000000000000000000000000000000000000
535;1431468.00000000000000000000000000000000000000000000000000
536;1431356.00000000000000000000000000000000000000000000000000
537;1431464.00000000000000000000000000000000000000000000000000
538;1431100.00000000000000000000000000000000000000000000000000
539;1431372.00000000000000000000000000000000000000000000000000
540;1431468.00000000000000000000000000000000000000000000000000
541;1431532.00000000000000000000000000000000000000000000000000
542;1431404.00000000000000000000000000000000000000000000000000
543;1431488.00000000000000000000000000000000000000000000000000
544;1430864.00000000000000000000000000000000000000000000000000
545;1431312.00000000000000000000000000000000000000000000000000
546;1431376.00000000000000000000000000000000000000000000000000
547;1431308.00000000000000000000000000000000000000000000000000
548;1431488.00000000000000000000000000000000000000000000000000
549;1431376.00000000000000000000000000000000000000000000000000
550;1431552.00000000000000000000000000000000000000000000000000
551;1431312.00000000000000000000000000000000000000000000000000
552;1431428.00000000000000000000000000000000000000000000000000
553;1430864.00000000000000000000000000000000000000000000000000
554;1431488.00000000000000000000000000000000000000000000000000
555;1431552.00000000000000000000000000000000000000000000000000
556;1431312.00000000000000000000000000000000000000000000000000
557;1431488.00000000000000000000000000000000000000000000000000
558;1431488.00000000000000000000000000000000000000000000000000
559;1431308.00000000000000000000000000000000000000000000000000
560;1431312.00000000000000000000000000000000000000000000000000
561;1431428.00000000000000000000000000000000000000000000000000
562;1431424.00000000000000000000000000000000000000000000000000
563;1431312.00000000000000000000000000000000000000000000000000
564;1430864.00000000000000000000000000000000000000000000000000
565;1431488.00000000000000000000000000000000000000000000000000
566;1431308.00000000000000000000000000000000000000000000000000
567;1431424.00000000000000000000000000000000000000000000000000
568;1431312.00000000000000000000000000000000000000000000000000
569;1430864.00000000000000000000000000000000000000000000000000
570;1324952.00000000000000000000000000000000000000000000000000
571;1325776.00000000000000000000000000000000000000000000000000
572;1326568.00000000000000000000000000000000000000000000000000
573;1327872.00000000000000000000000000000000000000000000000000
574;1330504.00000000000000000000000000000000000000000000000000
575;1332724.00000000000000000000000000000000000000000000000000
576;1335152.00000000000000000000000000000000000000000000000000
577;1337484.00000000000000000000000000000000000000000000000000
578;1340200.00000000000000000000000000000000000000000000000000
579;1342828.00000000000000000000000000000000000000000000000000
580;1344492.00000000000000000000000000000000000000000000000000
581;1347612.00000000000000000000000000000000000000000000000000
582;1349508.00000000000000000000000000000000000000000000000000
583;1351780.00000000000000000000000000000000000000000000000000
584;1355344.00000000000000000000000000000000000000000000000000
585;1357136.00000000000000000000000000000000000000000000000000
586;1360980.00000000000000000000000000000000000000000000000000
587;1362696.00000000000000000000000000000000000000000000000000
588;1366884.00000000000000000000000000000000000000000000000000
589;1368012.00000000000000000000000000000000000000000000000000
590;1370804.00000000000000000000000000000000000000000000000000
591;1373916.00000000000000000000000000000000000000000000000000
592;1376040.00000000000000000000000000000000000000000000000000
593;1377292.00000000000000000000000000000000000000000000000000
594;1381408.00000000000000000000000000000000000000000000000000
595;1383600.00000000000000000000000000000000000000000000000000
596;1384552.00000000000000000000000000000000000000000000000000
597;1388972.00000000000000000000000000000000000000000000000000
598;1390744.00000000000000000000000000000000000000000000000000
599;1391848.00000000000000000000000000000000000000000000000000
600;1394400.00000000000000000000000000000000000000000000000000
601;1404460.00000000000000000000000000000000000000000000000000
602;1407564.00000000000000000000000000000000000000000000000000
603;1410560.00000000000000000000000000000000000000000000000000
604;1415612.00000000000000000000000000000000000000000000000000
605;1418128.00000000000000000000000000000000000000000000000000
606;1419608.00000000000000000000000000000000000000000000000000
607;1421872.00000000000000000000000000000000000000000000000000
608;1426152.00000000000000000000000000000000000000000000000000
609;1427980.00000000000000000000000000000000000000000000000000
610;1430508.00000000000000000000000000000000000000000000000000
611;1430492.00000000000000000000000000000000000000000000000000
612;1431208.00000000000000000000000000000000000000000000000000
613;1431436.00000000000000000000000000000000000000000000000000
614;1431276.00000000000000000000000000000000000000000000000000
615;1431340.00000000000000000000000000000000000000000000000000
616;1431336.00000000000000000000000000000000000000000000000000
617;1431208.00000000000000000000000000000000000000000000000000
618;1431244.00000000000000000000000000000000000000000000000000
619;1431212.00000000000000000000000000000000000000000000000000
620;1431212.00000000000000000000000000000000000000000000000000
621;1430732.00000000000000000000000000000000000000000000000000
622;1431280.00000000000000000000000000000000000000000000000000
623;1431280.00000000000000000000000000000000000000000000000000
624;1431364.00000000000000000000000000000000000000000000000000
625;1430756.00000000000000000000000000000000000000000000000000
626;1431364.00000000000000000000000000000000000000000000000000
627;1431232.00000000000000000000000000000000000000000000000000
628;1431236.00000000000000000000000000000000000000000000000000
629;1431236.00000000000000000000000000000000000000000000000000
630;1431108.00000000000000000000000000000000000000000000000000
631;1431232.00000000000000000000000000000000000000000000000000
632;1431268.00000000000000000000000000000000000000000000000000
633;1431364.00000000000000000000000000000000000000000000000000
634;1431236.00000000000000000000000000000000000000000000000000
635;1431016.00000000000000000000000000000000000000000000000000
636;1431304.00000000000000000000000000000000000000000000000000
637;1431268.00000000000000000000000000000000000000000000000000
638;1431364.00000000000000000000000000000000000000000000000000
639;1431236.00000000000000000000000000000000000000000000000000
640;1431232.00000000000000000000000000000000000000000000000000
641;1431272.00000000000000000000000000000000000000000000000000
642;1431364.00000000000000000000000000000000000000000000000000
643;1430948.00000000000000000000000000000000000000000000000000
644;1431364.00000000000000000000000000000000000000000000000000
645;1431388.00000000000000000000000000000000000000000000000000
646;1431272.00000000000000000000000000000000000000000000000000
647;1431300.00000000000000000000000000000000000000000000000000
648;1430756.00000000000000000000000000000000000000000000000000
649;1431304.00000000000000000000000000000000000000000000000000
650;1431388.00000000000000000000000000000000000000000000000000
651;1431272.00000000000000000000000000000000000000000000000000
652;1334584.00000000000000000000000000000000000000000000000000
653;1334324.00000000000000000000000000000000000000000000000000
654;1336108.00000000000000000000000000000000000000000000000000
655;1335996.00000000000000000000000000000000000000000000000000
656;1335636.00000000000000000000000000000000000000000000000000
657;1336892.00000000000000000000000000000000000000000000000000
658;1338712.00000000000000000000000000000000000000000000000000
659;1340956.00000000000000000000000000000000000000000000000000
660;1343248.00000000000000000000000000000000000000000000000000
661;1346036.00000000000000000000000000000000000000000000000000
662;1348256.00000000000000000000000000000000000000000000000000
663;1351524.00000000000000000000000000000000000000000000000000
664;1352940.00000000000000000000000000000000000000000000000000
665;1354660.00000000000000000000000000000000000000000000000000
666;1358384.00000000000000000000000000000000000000000000000000
667;1361180.00000000000000000000000000000000000000000000000000
668;1362480.00000000000000000000000000000000000000000000000000
669;1366160.00000000000000000000000000000000000000000000000000
670;1367900.00000000000000000000000000000000000000000000000000
671;1370056.00000000000000000000000000000000000000000000000000
672;1372336.00000000000000000000000000000000000000000000000000
673;1375016.00000000000000000000000000000000000000000000000000
674;1376356.00000000000000000000000000000000000000000000000000
675;1378256.00000000000000000000000000000000000000000000000000
676;1380612.00000000000000000000000000000000000000000000000000
677;1382936.00000000000000000000000000000000000000000000000000
678;1386628.00000000000000000000000000000000000000000000000000
679;1390028.00000000000000000000000000000000000000000000000000
680;1391748.00000000000000000000000000000000000000000000000000
681;1401612.00000000000000000000000000000000000000000000000000
682;1403772.00000000000000000000000000000000000000000000000000
683;1405880.00000000000000000000000000000000000000000000000000
684;1408168.00000000000000000000000000000000000000000000000000
685;1411324.00000000000000000000000000000000000000000000000000
686;1416172.00000000000000000000000000000000000000000000000000
687;1418256.00000000000000000000000000000000000000000000000000
688;1421168.00000000000000000000000000000000000000000000000000
689;1423416.00000000000000000000000000000000000000000000000000
690;1428700.00000000000000000000000000000000000000000000000000
691;1430112.00000000000000000000000000000000000000000000000000
692;1430620.00000000000000000000000000000000000000000000000000
693;1431632.00000000000000000000000000000000000000000000000000
694;1431764.00000000000000000000000000000000000000000000000000
695;1431752.00000000000000000000000000000000000000000000000000
696;1431764.00000000000000000000000000000000000000000000000000
697;1431892.00000000000000000000000000000000000000000000000000
698;1431760.00000000000000000000000000000000000000000000000000
699;1431764.00000000000000000000000000000000000000000000000000
700;1431700.00000000000000000000000000000000000000000000000000
701;1431632.00000000000000000000000000000000000000000000000000
702;1431444.00000000000000000000000000000000000000000000000000
703;1431700.00000000000000000000000000000000000000000000000000
704;1431700.00000000000000000000000000000000000000000000000000
705;1431924.00000000000000000000000000000000000000000000000000
706;1431964.00000000000000000000000000000000000000000000000000
707;1431980.00000000000000000000000000000000000000000000000000
708;1431916.00000000000000000000000000000000000000000000000000
709;1431968.00000000000000000000000000000000000000000000000000
710;1431980.00000000000000000000000000000000000000000000000000
711;1431916.00000000000000000000000000000000000000000000000000
712;1431976.00000000000000000000000000000000000000000000000000
713;1431404.00000000000000000000000000000000000000000000000000
714;1431916.00000000000000000000000000000000000000000000000000
715;1431972.00000000000000000000000000000000000000000000000000
716;1431852.00000000000000000000000000000000000000000000000000
717;1432036.00000000000000000000000000000000000000000000000000
718;1431916.00000000000000000000000000000000000000000000000000
719;1431980.00000000000000000000000000000000000000000000000000
720;1431980.00000000000000000000000000000000000000000000000000
721;1431788.00000000000000000000000000000000000000000000000000
722;1431852.00000000000000000000000000000000000000000000000000
723;1431980.00000000000000000000000000000000000000000000000000
724;1431928.00000000000000000000000000000000000000000000000000
725;1431660.00000000000000000000000000000000000000000000000000
726;1431852.00000000000000000000000000000000000000000000000000
727;1431852.00000000000000000000000000000000000000000000000000
728;1431968.00000000000000000000000000000000000000000000000000
729;1431916.00000000000000000000000000000000000000000000000000
730;1431916.00000000000000000000000000000000000000000000000000
731;1431920.00000000000000000000000000000000000000000000000000
732;1431392.00000000000000000000000000000000000000000000000000
733;1333760.00000000000000000000000000000000000000000000000000
734;1333760.00000000000000000000000000000000000000000000000000
735;1335036.00000000000000000000000000000000000000000000000000
736;1335092.00000000000000000000000000000000000000000000000000
737;1335312.00000000000000000000000000000000000000000000000000
738;1336240.00000000000000000000000000000000000000000000000000
739;1337928.00000000000000000000000000000000000000000000000000
740;1340336.00000000000000000000000000000000000000000000000000
741;1343440.00000000000000000000000000000000000000000000000000
742;1345300.00000000000000000000000000000000000000000000000000
743;1347128.00000000000000000000000000000000000000000000000000
744;1349708.00000000000000000000000000000000000000000000000000
745;1351448.00000000000000000000000000000000000000000000000000
746;1353760.00000000000000000000000000000000000000000000000000
747;1356796.00000000000000000000000000000000000000000000000000
748;1358992.00000000000000000000000000000000000000000000000000
749;1361872.00000000000000000000000000000000000000000000000000
750;1364104.00000000000000000000000000000000000000000000000000
751;1368540.00000000000000000000000000000000000000000000000000
752;1371124.00000000000000000000000000000000000000000000000000
753;1372428.00000000000000000000000000000000000000000000000000
754;1375020.00000000000000000000000000000000000000000000000000
755;1376640.00000000000000000000000000000000000000000000000000
756;1380476.00000000000000000000000000000000000000000000000000
757;1380876.00000000000000000000000000000000000000000000000000
758;1383032.00000000000000000000000000000000000000000000000000
759;1386164.00000000000000000000000000000000000000000000000000
760;1387876.00000000000000000000000000000000000000000000000000
761;1389456.00000000000000000000000000000000000000000000000000
762;1391052.00000000000000000000000000000000000000000000000000
763;1396716.00000000000000000000000000000000000000000000000000
764;1398528.00000000000000000000000000000000000000000000000000
765;1400032.00000000000000000000000000000000000000000000000000
766;1402228.00000000000000000000000000000000000000000000000000
767;1414060.00000000000000000000000000000000000000000000000000
768;1416116.00000000000000000000000000000000000000000000000000
769;1418460.00000000000000000000000000000000000000000000000000
770;1420628.00000000000000000000000000000000000000000000000000
771;1423232.00000000000000000000000000000000000000000000000000
772;1428504.00000000000000000000000000000000000000000000000000
773;1430512.00000000000000000000000000000000000000000000000000
774;1432288.00000000000000000000000000000000000000000000000000
775;1433060.00000000000000000000000000000000000000000000000000
776;1435320.00000000000000000000000000000000000000000000000000
777;1435448.00000000000000000000000000000000000000000000000000
778;1435032.00000000000000000000000000000000000000000000000000
779;1435320.00000000000000000000000000000000000000000000000000
780;1435320.00000000000000000000000000000000000000000000000000
781;1435448.00000000000000000000000000000000000000000000000000
782;1435032.00000000000000000000000000000000000000000000000000
783;1435384.00000000000000000000000000000000000000000000000000
784;1435356.00000000000000000000000000000000000000000000000000
785;1435436.00000000000000000000000000000000000000000000000000
786;1435384.00000000000000000000000000000000000000000000000000
787;1435320.00000000000000000000000000000000000000000000000000
788;1435448.00000000000000000000000000000000000000000000000000
789;1435448.00000000000000000000000000000000000000000000000000
790;1435420.00000000000000000000000000000000000000000000000000
791;1435304.00000000000000000000000000000000000000000000000000
792;1435420.00000000000000000000000000000000000000000000000000
793;1435432.00000000000000000000000000000000000000000000000000
794;1435432.00000000000000000000000000000000000000000000000000
795;1435084.00000000000000000000000000000000000000000000000000
796;1435528.00000000000000000000000000000000000000000000000000
797;1435420.00000000000000000000000000000000000000000000000000
798;1435304.00000000000000000000000000000000000000000000000000
799;1435428.00000000000000000000000000000000000000000000000000
800;1435368.00000000000000000000000000000000000000000000000000
801;1435432.00000000000000000000000000000000000000000000000000
802;1435432.00000000000000000000000000000000000000000000000000
803;1435456.00000000000000000000000000000000000000000000000000
804;1435300.00000000000000000000000000000000000000000000000000
805;1435432.00000000000000000000000000000000000000000000000000
806;1435432.00000000000000000000000000000000000000000000000000
807;1434824.00000000000000000000000000000000000000000000000000
808;1435336.00000000000000000000000000000000000000000000000000
809;1435372.00000000000000000000000000000000000000000000000000
810;1435432.00000000000000000000000000000000000000000000000000
811;1435432.00000000000000000000000000000000000000000000000000
812;1435372.00000000000000000000000000000000000000000000000000
813;1435372.00000000000000000000000000000000000000000000000000
814;1435300.00000000000000000000000000000000000000000000000000
815;1334560.00000000000000000000000000000000000000000000000000
816;1333552.00000000000000000000000000000000000000000000000000
817;1334928.00000000000000000000000000000000000000000000000000
818;1335320.00000000000000000000000000000000000000000000000000
819;1336048.00000000000000000000000000000000000000000000000000
820;1336520.00000000000000000000000000000000000000000000000000
821;1336812.00000000000000000000000000000000000000000000000000
822;1337948.00000000000000000000000000000000000000000000000000
823;1340032.00000000000000000000000000000000000000000000000000
824;1341376.00000000000000000000000000000000000000000000000000
825;1343524.00000000000000000000000000000000000000000000000000
826;1345388.00000000000000000000000000000000000000000000000000
827;1347672.00000000000000000000000000000000000000000000000000
828;1349272.00000000000000000000000000000000000000000000000000
829;1352924.00000000000000000000000000000000000000000000000000
830;1355212.00000000000000000000000000000000000000000000000000
831;1356856.00000000000000000000000000000000000000000000000000
832;1358068.00000000000000000000000000000000000000000000000000
833;1362752.00000000000000000000000000000000000000000000000000
834;1367168.00000000000000000000000000000000000000000000000000
835;1368400.00000000000000000000000000000000000000000000000000
836;1370588.00000000000000000000000000000000000000000000000000
837;1375780.00000000000000000000000000000000000000000000000000
838;1375368.00000000000000000000000000000000000000000000000000
839;1377400.00000000000000000000000000000000000000000000000000
840;1379872.00000000000000000000000000000000000000000000000000
841;1382016.00000000000000000000000000000000000000000000000000
842;1384116.00000000000000000000000000000000000000000000000000
843;1386124.00000000000000000000000000000000000000000000000000
844;1388704.00000000000000000000000000000000000000000000000000
845;1389888.00000000000000000000000000000000000000000000000000
846;1394892.00000000000000000000000000000000000000000000000000
847;1397628.00000000000000000000000000000000000000000000000000
848;1399176.00000000000000000000000000000000000000000000000000
849;1410504.00000000000000000000000000000000000000000000000000
850;1413848.00000000000000000000000000000000000000000000000000
851;1415652.00000000000000000000000000000000000000000000000000
852;1418404.00000000000000000000000000000000000000000000000000
853;1419972.00000000000000000000000000000000000000000000000000
854;1426784.00000000000000000000000000000000000000000000000000
855;1427760.00000000000000000000000000000000000000000000000000
856;1429932.00000000000000000000000000000000000000000000000000
857;1433136.00000000000000000000000000000000000000000000000000
858;1433136.00000000000000000000000000000000000000000000000000
859;1434940.00000000000000000000000000000000000000000000000000
860;1434812.00000000000000000000000000000000000000000000000000
861;1434876.00000000000000000000000000000000000000000000000000
862;1435068.00000000000000000000000000000000000000000000000000
863;1434876.00000000000000000000000000000000000000000000000000
864;1434940.00000000000000000000000000000000000000000000000000
865;1434620.00000000000000000000000000000000000000000000000000
866;1434812.00000000000000000000000000000000000000000000000000
867;1434812.00000000000000000000000000000000000000000000000000
868;1434940.00000000000000000000000000000000000000000000000000
869;1434684.00000000000000000000000000000000000000000000000000
870;1434940.00000000000000000000000000000000000000000000000000
871;1434940.00000000000000000000000000000000000000000000000000
872;1434940.00000000000000000000000000000000000000000000000000
873;1434876.00000000000000000000000000000000000000000000000000
874;1434876.00000000000000000000000000000000000000000000000000
875;1434876.00000000000000000000000000000000000000000000000000
876;1434620.00000000000000000000000000000000000000000000000000
877;1434364.00000000000000000000000000000000000000000000000000
878;1434940.00000000000000000000000000000000000000000000000000
879;1435068.00000000000000000000000000000000000000000000000000
880;1434812.00000000000000000000000000000000000000000000000000
881;1434940.00000000000000000000000000000000000000000000000000
882;1434940.00000000000000000000000000000000000000000000000000
883;1434556.00000000000000000000000000000000000000000000000000
884;1434940.00000000000000000000000000000000000000000000000000
885;1434940.00000000000000000000000000000000000000000000000000
886;1434940.00000000000000000000000000000000000000000000000000
887;1434876.00000000000000000000000000000000000000000000000000
888;1434876.00000000000000000000000000000000000000000000000000
889;1434940.00000000000000000000000000000000000000000000000000
890;1434940.00000000000000000000000000000000000000000000000000
891;1434364.00000000000000000000000000000000000000000000000000
892;1434876.00000000000000000000000000000000000000000000000000
893;1434876.00000000000000000000000000000000000000000000000000
894;1434876.00000000000000000000000000000000000000000000000000
895;1434364.00000000000000000000000000000000000000000000000000
896;1434940.00000000000000000000000000000000000000000000000000
897;1434812.00000000000000000000000000000000000000000000000000
898;1435068.00000000000000000000000000000000000000000000000000
899;1334680.00000000000000000000000000000000000000000000000000
900;1334972.00000000000000000000000000000000000000000000000000
901;1335936.00000000000000000000000000000000000000000000000000
902;1337252.00000000000000000000000000000000000000000000000000
903;1337816.00000000000000000000000000000000000000000000000000
904;1338648.00000000000000000000000000000000000000000000000000
905;1339444.00000000000000000000000000000000000000000000000000
906;1340456.00000000000000000000000000000000000000000000000000
907;1342956.00000000000000000000000000000000000000000000000000
908;1346232.00000000000000000000000000000000000000000000000000
909;1348068.00000000000000000000000000000000000000000000000000
910;1348980.00000000000000000000000000000000000000000000000000
911;1351356.00000000000000000000000000000000000000000000000000
912;1353536.00000000000000000000000000000000000000000000000000
913;1354772.00000000000000000000000000000000000000000000000000
914;1357144.00000000000000000000000000000000000000000000000000
915;1358684.00000000000000000000000000000000000000000000000000
916;1362064.00000000000000000000000000000000000000000000000000
917;1364452.00000000000000000000000000000000000000000000000000
918;1366152.00000000000000000000000000000000000000000000000000
919;1369844.00000000000000000000000000000000000000000000000000
920;1370704.00000000000000000000000000000000000000000000000000
921;1373176.00000000000000000000000000000000000000000000000000
922;1376084.00000000000000000000000000000000000000000000000000
923;1377992.00000000000000000000000000000000000000000000000000
924;1381256.00000000000000000000000000000000000000000000000000
925;1382340.00000000000000000000000000000000000000000000000000
926;1384364.00000000000000000000000000000000000000000000000000
927;1387300.00000000000000000000000000000000000000000000000000
928;1388896.00000000000000000000000000000000000000000000000000
929;1391488.00000000000000000000000000000000000000000000000000
930;1392488.00000000000000000000000000000000000000000000000000
931;1403340.00000000000000000000000000000000000000000000000000
932;1405592.00000000000000000000000000000000000000000000000000
933;1408324.00000000000000000000000000000000000000000000000000
934;1410724.00000000000000000000000000000000000000000000000000
935;1414924.00000000000000000000000000000000000000000000000000
936;1416976.00000000000000000000000000000000000000000000000000
937;1418000.00000000000000000000000000000000000000000000000000
938;1420192.00000000000000000000000000000000000000000000000000
939;1425192.00000000000000000000000000000000000000000000000000
940;1425880.00000000000000000000000000000000000000000000000000
941;1427516.00000000000000000000000000000000000000000000000000
942;1429772.00000000000000000000000000000000000000000000000000
943;1432168.00000000000000000000000000000000000000000000000000
944;1432136.00000000000000000000000000000000000000000000000000
945;1432316.00000000000000000000000000000000000000000000000000
946;1432204.00000000000000000000000000000000000000000000000000
947;1432280.00000000000000000000000000000000000000000000000000
948;1432140.00000000000000000000000000000000000000000000000000
949;1432316.00000000000000000000000000000000000000000000000000
950;1432316.00000000000000000000000000000000000000000000000000
951;1431948.00000000000000000000000000000000000000000000000000
952;1432140.00000000000000000000000000000000000000000000000000
953;1432140.00000000000000000000000000000000000000000000000000
954;1432380.00000000000000000000000000000000000000000000000000
955;1432704.00000000000000000000000000000000000000000000000000
956;1432704.00000000000000000000000000000000000000000000000000
957;1432768.00000000000000000000000000000000000000000000000000
958;1432704.00000000000000000000000000000000000000000000000000
959;1432704.00000000000000000000000000000000000000000000000000
960;1432080.00000000000000000000000000000000000000000000000000
961;1432528.00000000000000000000000000000000000000000000000000
962;1432528.00000000000000000000000000000000000000000000000000
963;1432256.00000000000000000000000000000000000000000000000000
964;1432640.00000000000000000000000000000000000000000000000000
965;1432528.00000000000000000000000000000000000000000000000000
966;1432700.00000000000000000000000000000000000000000000000000
967;1432704.00000000000000000000000000000000000000000000000000
968;1432592.00000000000000000000000000000000000000000000000000
969;1432704.00000000000000000000000000000000000000000000000000
970;1432080.00000000000000000000000000000000000000000000000000
971;1432704.00000000000000000000000000000000000000000000000000
972;1432528.00000000000000000000000000000000000000000000000000
973;1432524.00000000000000000000000000000000000000000000000000
974;1432400.00000000000000000000000000000000000000000000000000
975;1432636.00000000000000000000000000000000000000000000000000
976;1432764.00000000000000000000000000000000000000000000000000
977;1432700.00000000000000000000000000000000000000000000000000
978;1432076.00000000000000000000000000000000000000000000000000
979;1432700.00000000000000000000000000000000000000000000000000
980;1432588.00000000000000000000000000000000000000000000000000
981;1432696.00000000000000000000000000000000000000000000000000
982;1432076.00000000000000000000000000000000000000000000000000
983;1334832.00000000000000000000000000000000000000000000000000
984;1336248.00000000000000000000000000000000000000000000000000
985;1336412.00000000000000000000000000000000000000000000000000
986;1337368.00000000000000000000000000000000000000000000000000
987;1338220.00000000000000000000000000000000000000000000000000
988;1338868.00000000000000000000000000000000000000000000000000
989;1350176.00000000000000000000000000000000000000000000000000
990;1352080.00000000000000000000000000000000000000000000000000
991;1353836.00000000000000000000000000000000000000000000000000
992;1355556.00000000000000000000000000000000000000000000000000
993;1357920.00000000000000000000000000000000000000000000000000
994;1360616.00000000000000000000000000000000000000000000000000
995;1361900.00000000000000000000000000000000000000000000000000
996;1364072.00000000000000000000000000000000000000000000000000
997;1366816.00000000000000000000000000000000000000000000000000
998;1368548.00000000000000000000000000000000000000000000000000
999;1370192.00000000000000000000000000000000000000000000000000
1000;1373852.00000000000000000000000000000000000000000000000000
1001;1375576.00000000000000000000000000000000000000000000000000
1002;1378396.00000000000000000000000000000000000000000000000000
1003;1380968.00000000000000000000000000000000000000000000000000
1004;1384288.00000000000000000000000000000000000000000000000000
1005;1386216.00000000000000000000000000000000000000000000000000
1006;1388016.00000000000000000000000000000000000000000000000000
1007;1390952.00000000000000000000000000000000000000000000000000
1008;1394328.00000000000000000000000000000000000000000000000000
1009;1395796.00000000000000000000000000000000000000000000000000
1010;1397652.00000000000000000000000000000000000000000000000000
1011;1399680.00000000000000000000000000000000000000000000000000
1012;1402172.00000000000000000000000000000000000000000000000000
1013;1411224.00000000000000000000000000000000000000000000000000
1014;1413556.00000000000000000000000000000000000000000000000000
1015;1415148.00000000000000000000000000000000000000000000000000
1016;1418056.00000000000000000000000000000000000000000000000000
1017;1424984.00000000000000000000000000000000000000000000000000
1018;1424576.00000000000000000000000000000000000000000000000000
1019;1426672.00000000000000000000000000000000000000000000000000
1020;1430564.00000000000000000000000000000000000000000000000000
1021;1438036.00000000000000000000000000000000000000000000000000
1022;1437756.00000000000000000000000000000000000000000000000000
1023;1439496.00000000000000000000000000000000000000000000000000
1024;1441884.00000000000000000000000000000000000000000000000000
1025;1443216.00000000000000000000000000000000000000000000000000
1026;1443152.00000000000000000000000000000000000000000000000000
1027;1443272.00000000000000000000000000000000000000000000000000
1028;1443208.00000000000000000000000000000000000000000000000000
1029;1443088.00000000000000000000000000000000000000000000000000
1030;1443216.00000000000000000000000000000000000000000000000000
1031;1443152.00000000000000000000000000000000000000000000000000
1032;1443152.00000000000000000000000000000000000000000000000000
1033;1443152.00000000000000000000000000000000000000000000000000
1034;1443088.00000000000000000000000000000000000000000000000000
1035;1443204.00000000000000000000000000000000000000000000000000
1036;1443216.00000000000000000000000000000000000000000000000000
1037;1443216.00000000000000000000000000000000000000000000000000
1038;1443092.00000000000000000000000000000000000000000000000000
1039;1443092.00000000000000000000000000000000000000000000000000
1040;1443156.00000000000000000000000000000000000000000000000000
1041;1443092.00000000000000000000000000000000000000000000000000
1042;1443092.00000000000000000000000000000000000000000000000000
1043;1443156.00000000000000000000000000000000000000000000000000
1044;1442644.00000000000000000000000000000000000000000000000000
1045;1443156.00000000000000000000000000000000000000000000000000
1046;1443156.00000000000000000000000000000000000000000000000000
1047;1442836.00000000000000000000000000000000000000000000000000
1048;1443092.00000000000000000000000000000000000000000000000000
1049;1443092.00000000000000000000000000000000000000000000000000
1050;1443220.00000000000000000000000000000000000000000000000000
1051;1443220.00000000000000000000000000000000000000000000000000
1052;1443220.00000000000000000000000000000000000000000000000000
1053;1443092.00000000000000000000000000000000000000000000000000
1054;1442644.00000000000000000000000000000000000000000000000000
1055;1443348.00000000000000000000000000000000000000000000000000
1056;1443092.00000000000000000000000000000000000000000000000000
1057;1443212.00000000000000000000000000000000000000000000000000
1058;1443092.00000000000000000000000000000000000000000000000000
1059;1443220.00000000000000000000000000000000000000000000000000
1060;1443220.00000000000000000000000000000000000000000000000000
1061;1443092.00000000000000000000000000000000000000000000000000
1062;1442644.00000000000000000000000000000000000000000000000000
1063;1356084.00000000000000000000000000000000000000000000000000
1064;1357372.00000000000000000000000000000000000000000000000000
1065;1357252.00000000000000000000000000000000000000000000000000
1066;1357332.00000000000000000000000000000000000000000000000000
1067;1359344.00000000000000000000000000000000000000000000000000
1068;1360752.00000000000000000000000000000000000000000000000000
1069;1361216.00000000000000000000000000000000000000000000000000
1070;1360928.00000000000000000000000000000000000000000000000000
1071;1364208.00000000000000000000000000000000000000000000000000
1072;1366360.00000000000000000000000000000000000000000000000000
1073;1368556.00000000000000000000000000000000000000000000000000
1074;1370700.00000000000000000000000000000000000000000000000000
1075;1372488.00000000000000000000000000000000000000000000000000
1076;1374776.00000000000000000000000000000000000000000000000000
1077;1377480.00000000000000000000000000000000000000000000000000
1078;1377080.00000000000000000000000000000000000000000000000000
1079;1379416.00000000000000000000000000000000000000000000000000
1080;1385228.00000000000000000000000000000000000000000000000000
1081;1386108.00000000000000000000000000000000000000000000000000
1082;1390272.00000000000000000000000000000000000000000000000000
1083;1393376.00000000000000000000000000000000000000000000000000
1084;1394884.00000000000000000000000000000000000000000000000000
1085;1396996.00000000000000000000000000000000000000000000000000
1086;1399288.00000000000000000000000000000000000000000000000000
1087;1403300.00000000000000000000000000000000000000000000000000
1088;1405188.00000000000000000000000000000000000000000000000000
1089;1407120.00000000000000000000000000000000000000000000000000
1090;1408632.00000000000000000000000000000000000000000000000000
1091;1410740.00000000000000000000000000000000000000000000000000
1092;1413244.00000000000000000000000000000000000000000000000000
1093;1415100.00000000000000000000000000000000000000000000000000
1094;1417816.00000000000000000000000000000000000000000000000000
1095;1420028.00000000000000000000000000000000000000000000000000
1096;1421564.00000000000000000000000000000000000000000000000000
1097;1432052.00000000000000000000000000000000000000000000000000
1098;1433844.00000000000000000000000000000000000000000000000000
1099;1435464.00000000000000000000000000000000000000000000000000
1100;1437836.00000000000000000000000000000000000000000000000000
1101;1443412.00000000000000000000000000000000000000000000000000
1102;1445360.00000000000000000000000000000000000000000000000000
1103;1447180.00000000000000000000000000000000000000000000000000
1104;1447264.00000000000000000000000000000000000000000000000000
1105;1448960.00000000000000000000000000000000000000000000000000
1106;1451304.00000000000000000000000000000000000000000000000000
1107;1452804.00000000000000000000000000000000000000000000000000
1108;1453132.00000000000000000000000000000000000000000000000000
1109;1452748.00000000000000000000000000000000000000000000000000
1110;1453132.00000000000000000000000000000000000000000000000000
1111;1453068.00000000000000000000000000000000000000000000000000
1112;1453132.00000000000000000000000000000000000000000000000000
1113;1452556.00000000000000000000000000000000000000000000000000
1114;1453004.00000000000000000000000000000000000000000000000000
1115;1453004.00000000000000000000000000000000000000000000000000
1116;1453132.00000000000000000000000000000000000000000000000000
1117;1452556.00000000000000000000000000000000000000000000000000
1118;1453068.00000000000000000000000000000000000000000000000000
1119;1453068.00000000000000000000000000000000000000000000000000
1120;1453252.00000000000000000000000000000000000000000000000000
1121;1453060.00000000000000000000000000000000000000000000000000
1122;1453308.00000000000000000000000000000000000000000000000000
1123;1453252.00000000000000000000000000000000000000000000000000
1124;1453188.00000000000000000000000000000000000000000000000000
1125;1453188.00000000000000000000000000000000000000000000000000
1126;1453204.00000000000000000000000000000000000000000000000000
1127;1453252.00000000000000000000000000000000000000000000000000
1128;1453188.00000000000000000000000000000000000000000000000000
1129;1453124.00000000000000000000000000000000000000000000000000
1130;1453188.00000000000000000000000000000000000000000000000000
1131;1453124.00000000000000000000000000000000000000000000000000
1132;1452868.00000000000000000000000000000000000000000000000000
1133;1453252.00000000000000000000000000000000000000000000000000
1134;1453252.00000000000000000000000000000000000000000000000000
1135;1453380.00000000000000000000000000000000000000000000000000
1136;1453252.00000000000000000000000000000000000000000000000000
1137;1453188.00000000000000000000000000000000000000000000000000
1138;1453188.00000000000000000000000000000000000000000000000000
1139;1452996.00000000000000000000000000000000000000000000000000
1140;1453204.00000000000000000000000000000000000000000000000000
1141;1453188.00000000000000000000000000000000000000000000000000
1142;1453124.00000000000000000000000000000000000000000000000000
1143;1453252.00000000000000000000000000000000000000000000000000
1144;1453124.00000000000000000000000000000000000000000000000000
1145;1453124.00000000000000000000000000000000000000000000000000
1146;1453252.00000000000000000000000000000000000000000000000000
1147;1364660.00000000000000000000000000000000000000000000000000
1148;1365524.00000000000000000000000000000000000000000000000000
1149;1366456.00000000000000000000000000000000000000000000000000
1150;1368288.00000000000000000000000000000000000000000000000000
1151;1368292.00000000000000000000000000000000000000000000000000
1152;1368624.00000000000000000000000000000000000000000000000000
1153;1370392.00000000000000000000000000000000000000000000000000
1154;1369960.00000000000000000000000000000000000000000000000000
1155;1370760.00000000000000000000000000000000000000000000000000
1156;1370608.00000000000000000000000000000000000000000000000000
1157;1371444.00000000000000000000000000000000000000000000000000
1158;1371776.00000000000000000000000000000000000000000000000000
1159;1374556.00000000000000000000000000000000000000000000000000
1160;1376732.00000000000000000000000000000000000000000000000000
1161;1379260.00000000000000000000000000000000000000000000000000
1162;1380348.00000000000000000000000000000000000000000000000000
1163;1385256.00000000000000000000000000000000000000000000000000
1164;1385560.00000000000000000000000000000000000000000000000000
1165;1389952.00000000000000000000000000000000000000000000000000
1166;1392276.00000000000000000000000000000000000000000000000000
1167;1395164.00000000000000000000000000000000000000000000000000
1168;1397492.00000000000000000000000000000000000000000000000000
1169;1402788.00000000000000000000000000000000000000000000000000
1170;1404468.00000000000000000000000000000000000000000000000000
1171;1406236.00000000000000000000000000000000000000000000000000
1172;1408488.00000000000000000000000000000000000000000000000000
1173;1412208.00000000000000000000000000000000000000000000000000
1174;1413532.00000000000000000000000000000000000000000000000000
1175;1415520.00000000000000000000000000000000000000000000000000
1176;1419288.00000000000000000000000000000000000000000000000000
1177;1421536.00000000000000000000000000000000000000000000000000
1178;1423172.00000000000000000000000000000000000000000000000000
1179;1434956.00000000000000000000000000000000000000000000000000
1180;1437720.00000000000000000000000000000000000000000000000000
1181;1439776.00000000000000000000000000000000000000000000000000
1182;1441264.00000000000000000000000000000000000000000000000000
1183;1443116.00000000000000000000000000000000000000000000000000
1184;1448312.00000000000000000000000000000000000000000000000000
1185;1450740.00000000000000000000000000000000000000000000000000
1186;1452600.00000000000000000000000000000000000000000000000000
1187;1455072.00000000000000000000000000000000000000000000000000
1188;1456708.00000000000000000000000000000000000000000000000000
1189;1457076.00000000000000000000000000000000000000000000000000
1190;1456756.00000000000000000000000000000000000000000000000000
1191;1457016.00000000000000000000000000000000000000000000000000
1192;1457080.00000000000000000000000000000000000000000000000000
1193;1456952.00000000000000000000000000000000000000000000000000
1194;1457272.00000000000000000000000000000000000000000000000000
1195;1457200.00000000000000000000000000000000000000000000000000
1196;1457016.00000000000000000000000000000000000000000000000000
1197;1457080.00000000000000000000000000000000000000000000000000
1198;1457144.00000000000000000000000000000000000000000000000000
1199;1457016.00000000000000000000000000000000000000000000000000
1200;1457144.00000000000000000000000000000000000000000000000000
1201;1457144.00000000000000000000000000000000000000000000000000
1202;1457080.00000000000000000000000000000000000000000000000000
1203;1456760.00000000000000000000000000000000000000000000000000
1204;1457144.00000000000000000000000000000000000000000000000000
1205;1457080.00000000000000000000000000000000000000000000000000
1206;1456568.00000000000000000000000000000000000000000000000000
1207;1457272.00000000000000000000000000000000000000000000000000
1208;1457080.00000000000000000000000000000000000000000000000000
1209;1457136.00000000000000000000000000000000000000000000000000
1210;1456824.00000000000000000000000000000000000000000000000000
1211;1457080.00000000000000000000000000000000000000000000000000
1212;1457080.00000000000000000000000000000000000000000000000000
1213;1457144.00000000000000000000000000000000000000000000000000
1214;1457144.00000000000000000000000000000000000000000000000000
1215;1457080.00000000000000000000000000000000000000000000000000
1216;1457144.00000000000000000000000000000000000000000000000000
1217;1456952.00000000000000000000000000000000000000000000000000
1218;1457080.00000000000000000000000000000000000000000000000000
1219;1457200.00000000000000000000000000000000000000000000000000
1220;1457080.00000000000000000000000000000000000000000000000000
1221;1457080.00000000000000000000000000000000000000000000000000
1222;1457200.00000000000000000000000000000000000000000000000000
1223;1456824.00000000000000000000000000000000000000000000000000
1224;1457016.00000000000000000000000000000000000000000000000000
1225;1457016.00000000000000000000000000000000000000000000000000
1226;1457272.00000000000000000000000000000000000000000000000000
1227;1369580.00000000000000000000000000000000000000000000000000
1228;1370356.00000000000000000000000000000000000000000000000000
1229;1370048.00000000000000000000000000000000000000000000000000
1230;1371420.00000000000000000000000000000000000000000000000000
1231;1371880.00000000000000000000000000000000000000000000000000
1232;1372756.00000000000000000000000000000000000000000000000000
1233;1373240.00000000000000000000000000000000000000000000000000
1234;1374112.00000000000000000000000000000000000000000000000000
1235;1374080.00000000000000000000000000000000000000000000000000
1236;1375672.00000000000000000000000000000000000000000000000000
1237;1375560.00000000000000000000000000000000000000000000000000
1238;1376176.00000000000000000000000000000000000000000000000000
1239;1376436.00000000000000000000000000000000000000000000000000
1240;1376968.00000000000000000000000000000000000000000000000000
1241;1378196.00000000000000000000000000000000000000000000000000
1242;1379688.00000000000000000000000000000000000000000000000000
1243;1382772.00000000000000000000000000000000000000000000000000
1244;1385132.00000000000000000000000000000000000000000000000000
1245;1386960.00000000000000000000000000000000000000000000000000
1246;1388296.00000000000000000000000000000000000000000000000000
1247;1388908.00000000000000000000000000000000000000000000000000
1248;1391428.00000000000000000000000000000000000000000000000000
1249;1394660.00000000000000000000000000000000000000000000000000
1250;1398392.00000000000000000000000000000000000000000000000000
1251;1398908.00000000000000000000000000000000000000000000000000
1252;1401188.00000000000000000000000000000000000000000000000000
1253;1403984.00000000000000000000000000000000000000000000000000
1254;1406336.00000000000000000000000000000000000000000000000000
1255;1408936.00000000000000000000000000000000000000000000000000
1256;1411884.00000000000000000000000000000000000000000000000000
1257;1413544.00000000000000000000000000000000000000000000000000
1258;1417120.00000000000000000000000000000000000000000000000000
1259;1417760.00000000000000000000000000000000000000000000000000
1260;1419368.00000000000000000000000000000000000000000000000000
1261;1429328.00000000000000000000000000000000000000000000000000
1262;1430880.00000000000000000000000000000000000000000000000000
1263;1433496.00000000000000000000000000000000000000000000000000
1264;1434696.00000000000000000000000000000000000000000000000000
1265;1440104.00000000000000000000000000000000000000000000000000
1266;1439956.00000000000000000000000000000000000000000000000000
1267;1443128.00000000000000000000000000000000000000000000000000
1268;1443392.00000000000000000000000000000000000000000000000000
1269;1449092.00000000000000000000000000000000000000000000000000
1270;1450864.00000000000000000000000000000000000000000000000000
1271;1454552.00000000000000000000000000000000000000000000000000
1272;1456252.00000000000000000000000000000000000000000000000000
1273;1455716.00000000000000000000000000000000000000000000000000
1274;1456228.00000000000000000000000000000000000000000000000000
1275;1456416.00000000000000000000000000000000000000000000000000
1276;1456416.00000000000000000000000000000000000000000000000000
1277;1455712.00000000000000000000000000000000000000000000000000
1278;1456228.00000000000000000000000000000000000000000000000000
1279;1456192.00000000000000000000000000000000000000000000000000
1280;1456320.00000000000000000000000000000000000000000000000000
1281;1456344.00000000000000000000000000000000000000000000000000
1282;1456416.00000000000000000000000000000000000000000000000000
1283;1455904.00000000000000000000000000000000000000000000000000
1284;1456356.00000000000000000000000000000000000000000000000000
1285;1456380.00000000000000000000000000000000000000000000000000
1286;1456380.00000000000000000000000000000000000000000000000000
1287;1456228.00000000000000000000000000000000000000000000000000
1288;1456224.00000000000000000000000000000000000000000000000000
1289;1456292.00000000000000000000000000000000000000000000000000
1290;1456296.00000000000000000000000000000000000000000000000000
1291;1456228.00000000000000000000000000000000000000000000000000
1292;1455748.00000000000000000000000000000000000000000000000000
1293;1456352.00000000000000000000000000000000000000000000000000
1294;1456356.00000000000000000000000000000000000000000000000000
1295;1456228.00000000000000000000000000000000000000000000000000
1296;1456228.00000000000000000000000000000000000000000000000000
1297;1456356.00000000000000000000000000000000000000000000000000
1298;1456264.00000000000000000000000000000000000000000000000000
1299;1455944.00000000000000000000000000000000000000000000000000
1300;1456264.00000000000000000000000000000000000000000000000000
1301;1456348.00000000000000000000000000000000000000000000000000
1302;1456344.00000000000000000000000000000000000000000000000000
1303;1456228.00000000000000000000000000000000000000000000000000
1304;1456352.00000000000000000000000000000000000000000000000000
1305;1456292.00000000000000000000000000000000000000000000000000
1306;1456296.00000000000000000000000000000000000000000000000000
1307;1456264.00000000000000000000000000000000000000000000000000
1308;1455748.00000000000000000000000000000000000000000000000000
1309;1456224.00000000000000000000000000000000000000000000000000
1310;1368804.00000000000000000000000000000000000000000000000000
1311;1369028.00000000000000000000000000000000000000000000000000
1312;1369460.00000000000000000000000000000000000000000000000000
1313;1370792.00000000000000000000000000000000000000000000000000
1314;1371672.00000000000000000000000000000000000000000000000000
1315;1372500.00000000000000000000000000000000000000000000000000
1316;1372576.00000000000000000000000000000000000000000000000000
1317;1372440.00000000000000000000000000000000000000000000000000
1318;1373148.00000000000000000000000000000000000000000000000000
1319;1374132.00000000000000000000000000000000000000000000000000
1320;1373624.00000000000000000000000000000000000000000000000000
1321;1374212.00000000000000000000000000000000000000000000000000
1322;1375484.00000000000000000000000000000000000000000000000000
1323;1377344.00000000000000000000000000000000000000000000000000
1324;1379440.00000000000000000000000000000000000000000000000000
1325;1384780.00000000000000000000000000000000000000000000000000
1326;1386152.00000000000000000000000000000000000000000000000000
1327;1388616.00000000000000000000000000000000000000000000000000
1328;1390688.00000000000000000000000000000000000000000000000000
1329;1393040.00000000000000000000000000000000000000000000000000
1330;1395204.00000000000000000000000000000000000000000000000000
1331;1398340.00000000000000000000000000000000000000000000000000
1332;1400800.00000000000000000000000000000000000000000000000000
1333;1403308.00000000000000000000000000000000000000000000000000
1334;1404528.00000000000000000000000000000000000000000000000000
1335;1410040.00000000000000000000000000000000000000000000000000
1336;1411968.00000000000000000000000000000000000000000000000000
1337;1414776.00000000000000000000000000000000000000000000000000
1338;1418808.00000000000000000000000000000000000000000000000000
1339;1420608.00000000000000000000000000000000000000000000000000
1340;1423004.00000000000000000000000000000000000000000000000000
1341;1432540.00000000000000000000000000000000000000000000000000
1342;1436124.00000000000000000000000000000000000000000000000000
1343;1437840.00000000000000000000000000000000000000000000000000
1344;1438916.00000000000000000000000000000000000000000000000000
1345;1444152.00000000000000000000000000000000000000000000000000
1346;1444380.00000000000000000000000000000000000000000000000000
1347;1444756.00000000000000000000000000000000000000000000000000
1348;1447384.00000000000000000000000000000000000000000000000000
1349;1453324.00000000000000000000000000000000000000000000000000
1350;1455160.00000000000000000000000000000000000000000000000000
1351;1455160.00000000000000000000000000000000000000000000000000
1352;1456728.00000000000000000000000000000000000000000000000000
1353;1456832.00000000000000000000000000000000000000000000000000
1354;1456608.00000000000000000000000000000000000000000000000000
1355;1456736.00000000000000000000000000000000000000000000000000
1356;1456320.00000000000000000000000000000000000000000000000000
1357;1456672.00000000000000000000000000000000000000000000000000
1358;1456672.00000000000000000000000000000000000000000000000000
1359;1456736.00000000000000000000000000000000000000000000000000
1360;1456736.00000000000000000000000000000000000000000000000000
1361;1456736.00000000000000000000000000000000000000000000000000
1362;1456608.00000000000000000000000000000000000000000000000000
1363;1456968.00000000000000000000000000000000000000000000000000
1364;1456968.00000000000000000000000000000000000000000000000000
1365;1456840.00000000000000000000000000000000000000000000000000
1366;1456360.00000000000000000000000000000000000000000000000000
1367;1456840.00000000000000000000000000000000000000000000000000
1368;1456968.00000000000000000000000000000000000000000000000000
1369;1456960.00000000000000000000000000000000000000000000000000
1370;1456968.00000000000000000000000000000000000000000000000000
1371;1456968.00000000000000000000000000000000000000000000000000
1372;1456840.00000000000000000000000000000000000000000000000000
1373;1456872.00000000000000000000000000000000000000000000000000
1374;1456904.00000000000000000000000000000000000000000000000000
1375;1456620.00000000000000000000000000000000000000000000000000
1376;1456992.00000000000000000000000000000000000000000000000000
1377;1456968.00000000000000000000000000000000000000000000000000
1378;1456904.00000000000000000000000000000000000000000000000000
1379;1456840.00000000000000000000000000000000000000000000000000
1380;1456968.00000000000000000000000000000000000000000000000000
1381;1456992.00000000000000000000000000000000000000000000000000
1382;1456960.00000000000000000000000000000000000000000000000000
1383;1456904.00000000000000000000000000000000000000000000000000
1384;1456876.00000000000000000000000000000000000000000000000000
1385;1456968.00000000000000000000000000000000000000000000000000
1386;1456648.00000000000000000000000000000000000000000000000000
1387;1456872.00000000000000000000000000000000000000000000000000
1388;1456552.00000000000000000000000000000000000000000000000000
1389;1456968.00000000000000000000000000000000000000000000000000
1390;1443520.00000000000000000000000000000000000000000000000000
1391;1440556.00000000000000000000000000000000000000000000000000
1392;1440496.00000000000000000000000000000000000000000000000000
1393;1441112.00000000000000000000000000000000000000000000000000
1394;1441860.00000000000000000000000000000000000000000000000000
1395;1441304.00000000000000000000000000000000000000000000000000
1396;1441444.00000000000000000000000000000000000000000000000000
1397;1441440.00000000000000000000000000000000000000000000000000
1398;1441088.00000000000000000000000000000000000000000000000000
1399;1441968.00000000000000000000000000000000000000000000000000
1400;1441156.00000000000000000000000000000000000000000000000000
1401;1441108.00000000000000000000000000000000000000000000000000
1402;1441836.00000000000000000000000000000000000000000000000000
1403;1441480.00000000000000000000000000000000000000000000000000
1404;1442184.00000000000000000000000000000000000000000000000000
1405;1442168.00000000000000000000000000000000000000000000000000
1406;1442612.00000000000000000000000000000000000000000000000000
1407;1442048.00000000000000000000000000000000000000000000000000
1408;1441696.00000000000000000000000000000000000000000000000000
1409;1441248.00000000000000000000000000000000000000000000000000
1410;1441444.00000000000000000000000000000000000000000000000000
1411;1441416.00000000000000000000000000000000000000000000000000
1412;1442532.00000000000000000000000000000000000000000000000000
1413;1441620.00000000000000000000000000000000000000000000000000
1414;1441764.00000000000000000000000000000000000000000000000000
1415;1442204.00000000000000000000000000000000000000000000000000
1416;1442208.00000000000000000000000000000000000000000000000000
1417;1442320.00000000000000000000000000000000000000000000000000
1418;1442508.00000000000000000000000000000000000000000000000000
1419;1443068.00000000000000000000000000000000000000000000000000
1420;1443004.00000000000000000000000000000000000000000000000000
1421;1443252.00000000000000000000000000000000000000000000000000
1422;1443348.00000000000000000000000000000000000000000000000000
1423;1443676.00000000000000000000000000000000000000000000000000
1424;1443672.00000000000000000000000000000000000000000000000000
1425;1443408.00000000000000000000000000000000000000000000000000
1426;1448460.00000000000000000000000000000000000000000000000000
1427;1448964.00000000000000000000000000000000000000000000000000
1428;1448884.00000000000000000000000000000000000000000000000000
1429;1450108.00000000000000000000000000000000000000000000000000
1430;1454140.00000000000000000000000000000000000000000000000000
1431;1454140.00000000000000000000000000000000000000000000000000
1432;1456312.00000000000000000000000000000000000000000000000000
1433;1456428.00000000000000000000000000000000000000000000000000
1434;1456348.00000000000000000000000000000000000000000000000000
1435;1456092.00000000000000000000000000000000000000000000000000
1436;1456352.00000000000000000000000000000000000000000000000000
1437;1456492.00000000000000000000000000000000000000000000000000
1438;1456492.00000000000000000000000000000000000000000000000000
1439;1456524.00000000000000000000000000000000000000000000000000
1440;1456428.00000000000000000000000000000000000000000000000000
1441;1455840.00000000000000000000000000000000000000000000000000
1442;1456312.00000000000000000000000000000000000000000000000000
1443;1456316.00000000000000000000000000000000000000000000000000
1444;1456504.00000000000000000000000000000000000000000000000000
1445;1456504.00000000000000000000000000000000000000000000000000
1446;1455852.00000000000000000000000000000000000000000000000000
1447;1456536.00000000000000000000000000000000000000000000000000
1448;1456440.00000000000000000000000000000000000000000000000000
1449;1455848.00000000000000000000000000000000000000000000000000
1450;1456324.00000000000000000000000000000000000000000000000000
1451;1456504.00000000000000000000000000000000000000000000000000
1452;1455848.00000000000000000000000000000000000000000000000000
1453;1456536.00000000000000000000000000000000000000000000000000
1454;1456504.00000000000000000000000000000000000000000000000000
1455;1456444.00000000000000000000000000000000000000000000000000
1456;1456440.00000000000000000000000000000000000000000000000000
1457;1456504.00000000000000000000000000000000000000000000000000
1458;1456504.00000000000000000000000000000000000000000000000000
1459;1456312.00000000000000000000000000000000000000000000000000
1460;1456324.00000000000000000000000000000000000000000000000000
1461;1456400.00000000000000000000000000000000000000000000000000
1462;1456500.00000000000000000000000000000000000000000000000000
1463;1456388.00000000000000000000000000000000000000000000000000
1464;1456500.00000000000000000000000000000000000000000000000000
1465;1456324.00000000000000000000000000000000000000000000000000
1466;1456356.00000000000000000000000000000000000000000000000000
1467;1456400.00000000000000000000000000000000000000000000000000
1468;1456500.00000000000000000000000000000000000000000000000000
1469;1456104.00000000000000000000000000000000000000000000000000
1470;1456532.00000000000000000000000000000000000000000000000000
1471;1456324.00000000000000000000000000000000000000000000000000
1472;1449976.00000000000000000000000000000000000000000000000000
1473;1449956.00000000000000000000000000000000000000000000000000
1474;1449276.00000000000000000000000000000000000000000000000000
1475;1450144.00000000000000000000000000000000000000000000000000
1476;1449332.00000000000000000000000000000000000000000000000000
1477;1449780.00000000000000000000000000000000000000000000000000
1478;1449376.00000000000000000000000000000000000000000000000000
1479;1449444.00000000000000000000000000000000000000000000000000
1480;1449540.00000000000000000000000000000000000000000000000000
1481;1449196.00000000000000000000000000000000000000000000000000
1482;1449196.00000000000000000000000000000000000000000000000000
1483;1449060.00000000000000000000000000000000000000000000000000
1484;1449004.00000000000000000000000000000000000000000000000000
1485;1449164.00000000000000000000000000000000000000000000000000
1486;1449244.00000000000000000000000000000000000000000000000000
1487;1449396.00000000000000000000000000000000000000000000000000
1488;1450316.00000000000000000000000000000000000000000000000000
1489;1450160.00000000000000000000000000000000000000000000000000
1490;1449788.00000000000000000000000000000000000000000000000000
1491;1449764.00000000000000000000000000000000000000000000000000
1492;1449888.00000000000000000000000000000000000000000000000000
1493;1449636.00000000000000000000000000000000000000000000000000
1494;1449848.00000000000000000000000000000000000000000000000000
1495;1449972.00000000000000000000000000000000000000000000000000
1496;1450112.00000000000000000000000000000000000000000000000000
1497;1450084.00000000000000000000000000000000000000000000000000
1498;1450096.00000000000000000000000000000000000000000000000000
1499;1450140.00000000000000000000000000000000000000000000000000
1500;1450264.00000000000000000000000000000000000000000000000000
1501;1450332.00000000000000000000000000000000000000000000000000
1502;1450260.00000000000000000000000000000000000000000000000000
1503;1450236.00000000000000000000000000000000000000000000000000
1504;1450292.00000000000000000000000000000000000000000000000000
1505;1450248.00000000000000000000000000000000000000000000000000
1506;1450208.00000000000000000000000000000000000000000000000000
1507;1450336.00000000000000000000000000000000000000000000000000
1508;1450912.00000000000000000000000000000000000000000000000000
1509;1450676.00000000000000000000000000000000000000000000000000
1510;1450760.00000000000000000000000000000000000000000000000000
1511;1451244.00000000000000000000000000000000000000000000000000
1512;1451136.00000000000000000000000000000000000000000000000000
1513;1451304.00000000000000000000000000000000000000000000000000
1514;1450904.00000000000000000000000000000000000000000000000000
1515;1450628.00000000000000000000000000000000000000000000000000
1516;1450740.00000000000000000000000000000000000000000000000000
1517;1450576.00000000000000000000000000000000000000000000000000
1518;1450604.00000000000000000000000000000000000000000000000000
1519;1452188.00000000000000000000000000000000000000000000000000
1520;1451132.00000000000000000000000000000000000000000000000000
1521;1451928.00000000000000000000000000000000000000000000000000
1522;1451644.00000000000000000000000000000000000000000000000000
1523;1451632.00000000000000000000000000000000000000000000000000
1524;1451608.00000000000000000000000000000000000000000000000000
1525;1452204.00000000000000000000000000000000000000000000000000
1526;1451764.00000000000000000000000000000000000000000000000000
1527;1456456.00000000000000000000000000000000000000000000000000
1528;1456776.00000000000000000000000000000000000000000000000000
1529;1457064.00000000000000000000000000000000000000000000000000
1530;1456848.00000000000000000000000000000000000000000000000000
1531;1456848.00000000000000000000000000000000000000000000000000
1532;1458148.00000000000000000000000000000000000000000000000000
1533;1458020.00000000000000000000000000000000000000000000000000
1534;1457668.00000000000000000000000000000000000000000000000000
1535;1458212.00000000000000000000000000000000000000000000000000
1536;1458148.00000000000000000000000000000000000000000000000000
1537;1458148.00000000000000000000000000000000000000000000000000
1538;1458148.00000000000000000000000000000000000000000000000000
1539;1458372.00000000000000000000000000000000000000000000000000
1540;1458372.00000000000000000000000000000000000000000000000000
1541;1458268.00000000000000000000000000000000000000000000000000
1542;1458212.00000000000000000000000000000000000000000000000000
1543;1458276.00000000000000000000000000000000000000000000000000
1544;1458212.00000000000000000000000000000000000000000000000000
1545;1458276.00000000000000000000000000000000000000000000000000
1546;1458276.00000000000000000000000000000000000000000000000000
1547;1458268.00000000000000000000000000000000000000000000000000
1548;1458300.00000000000000000000000000000000000000000000000000
1549;1458148.00000000000000000000000000000000000000000000000000
1550;1458148.00000000000000000000000000000000000000000000000000
1551;1458180.00000000000000000000000000000000000000000000000000
1552;1458372.00000000000000000000000000000000000000000000000000
1553;1458180.00000000000000000000000000000000000000000000000000
1554;1458180.00000000000000000000000000000000000000000000000000
1555;1458148.00000000000000000000000000000000000000000000000000
1556;1458212.00000000000000000000000000000000000000000000000000
1557;1458212.00000000000000000000000000000000000000000000000000
1558;1458180.00000000000000000000000000000000000000000000000000
1559;1458148.00000000000000000000000000000000000000000000000000
1560;1458276.00000000000000000000000000000000000000000000000000
1561;1458276.00000000000000000000000000000000000000000000000000
1562;1458300.00000000000000000000000000000000000000000000000000
1563;1458276.00000000000000000000000000000000000000000000000000
1564;1458020.00000000000000000000000000000000000000000000000000
1565;1457860.00000000000000000000000000000000000000000000000000
1566;1458212.00000000000000000000000000000000000000000000000000
1567;1458212.00000000000000000000000000000000000000000000000000
1568;1458300.00000000000000000000000000000000000000000000000000
1569;1458212.00000000000000000000000000000000000000000000000000
1570;1458212.00000000000000000000000000000000000000000000000000
1571;1458276.00000000000000000000000000000000000000000000000000
1572;1458180.00000000000000000000000000000000000000000000000000
1573;1458184.00000000000000000000000000000000000000000000000000
1574;1458148.00000000000000000000000000000000000000000000000000
1575;1365068.00000000000000000000000000000000000000000000000000
1576;1365320.00000000000000000000000000000000000000000000000000
1577;1365304.00000000000000000000000000000000000000000000000000
1578;1365732.00000000000000000000000000000000000000000000000000
1579;1366128.00000000000000000000000000000000000000000000000000
1580;1367208.00000000000000000000000000000000000000000000000000
1581;1367664.00000000000000000000000000000000000000000000000000
1582;1368908.00000000000000000000000000000000000000000000000000
1583;1368284.00000000000000000000000000000000000000000000000000
1584;1368340.00000000000000000000000000000000000000000000000000
1585;1368808.00000000000000000000000000000000000000000000000000
1586;1368716.00000000000000000000000000000000000000000000000000
1587;1369912.00000000000000000000000000000000000000000000000000
1588;1370312.00000000000000000000000000000000000000000000000000
1589;1370888.00000000000000000000000000000000000000000000000000
1590;1371220.00000000000000000000000000000000000000000000000000
1591;1372284.00000000000000000000000000000000000000000000000000
1592;1373668.00000000000000000000000000000000000000000000000000
1593;1375260.00000000000000000000000000000000000000000000000000
1594;1377324.00000000000000000000000000000000000000000000000000
1595;1378776.00000000000000000000000000000000000000000000000000
1596;1383248.00000000000000000000000000000000000000000000000000
1597;1384552.00000000000000000000000000000000000000000000000000
1598;1386192.00000000000000000000000000000000000000000000000000
1599;1388564.00000000000000000000000000000000000000000000000000
1600;1390224.00000000000000000000000000000000000000000000000000
1601;1391820.00000000000000000000000000000000000000000000000000
1602;1393332.00000000000000000000000000000000000000000000000000
1603;1395000.00000000000000000000000000000000000000000000000000
1604;1396720.00000000000000000000000000000000000000000000000000
1605;1398196.00000000000000000000000000000000000000000000000000
1606;1401056.00000000000000000000000000000000000000000000000000
1607;1402596.00000000000000000000000000000000000000000000000000
1608;1403540.00000000000000000000000000000000000000000000000000
1609;1406152.00000000000000000000000000000000000000000000000000
1610;1409804.00000000000000000000000000000000000000000000000000
1611;1410996.00000000000000000000000000000000000000000000000000
1612;1412712.00000000000000000000000000000000000000000000000000
1613;1413988.00000000000000000000000000000000000000000000000000
1614;1416372.00000000000000000000000000000000000000000000000000
1615;1418668.00000000000000000000000000000000000000000000000000
1616;1419480.00000000000000000000000000000000000000000000000000
1617;1420384.00000000000000000000000000000000000000000000000000
1618;1422752.00000000000000000000000000000000000000000000000000
1619;1423244.00000000000000000000000000000000000000000000000000
1620;1433812.00000000000000000000000000000000000000000000000000
1621;1435560.00000000000000000000000000000000000000000000000000
1622;1436168.00000000000000000000000000000000000000000000000000
1623;1437652.00000000000000000000000000000000000000000000000000
1624;1438580.00000000000000000000000000000000000000000000000000
1625;1444156.00000000000000000000000000000000000000000000000000
1626;1444732.00000000000000000000000000000000000000000000000000
1627;1446800.00000000000000000000000000000000000000000000000000
1628;1445616.00000000000000000000000000000000000000000000000000
1629;1447580.00000000000000000000000000000000000000000000000000
1630;1449156.00000000000000000000000000000000000000000000000000
1631;1450356.00000000000000000000000000000000000000000000000000
1632;1452780.00000000000000000000000000000000000000000000000000
1633;1453956.00000000000000000000000000000000000000000000000000
1634;1455420.00000000000000000000000000000000000000000000000000
1635;1455160.00000000000000000000000000000000000000000000000000
1636;1454904.00000000000000000000000000000000000000000000000000
1637;1455352.00000000000000000000000000000000000000000000000000
1638;1455352.00000000000000000000000000000000000000000000000000
1639;1455480.00000000000000000000000000000000000000000000000000
1640;1455416.00000000000000000000000000000000000000000000000000
1641;1455356.00000000000000000000000000000000000000000000000000
1642;1455484.00000000000000000000000000000000000000000000000000
1643;1455424.00000000000000000000000000000000000000000000000000
1644;1455484.00000000000000000000000000000000000000000000000000
1645;1454908.00000000000000000000000000000000000000000000000000
1646;1455476.00000000000000000000000000000000000000000000000000
1647;1455484.00000000000000000000000000000000000000000000000000
1648;1455928.00000000000000000000000000000000000000000000000000
1649;1455672.00000000000000000000000000000000000000000000000000
1650;1455736.00000000000000000000000000000000000000000000000000
1651;1455800.00000000000000000000000000000000000000000000000000
1652;1455864.00000000000000000000000000000000000000000000000000
1653;1455800.00000000000000000000000000000000000000000000000000
1654;1455864.00000000000000000000000000000000000000000000000000
1655;1455800.00000000000000000000000000000000000000000000000000
1656;1455864.00000000000000000000000000000000000000000000000000
1657;1455984.00000000000000000000000000000000000000000000000000
1658;1455928.00000000000000000000000000000000000000000000000000
1659;1455352.00000000000000000000000000000000000000000000000000
1660;1455864.00000000000000000000000000000000000000000000000000
1661;1455928.00000000000000000000000000000000000000000000000000
1662;1455868.00000000000000000000000000000000000000000000000000
1663;1455928.00000000000000000000000000000000000000000000000000
1664;1455928.00000000000000000000000000000000000000000000000000
1665;1455864.00000000000000000000000000000000000000000000000000
1666;1455928.00000000000000000000000000000000000000000000000000
1667;1455800.00000000000000000000000000000000000000000000000000
1668;1455984.00000000000000000000000000000000000000000000000000
1669;1455864.00000000000000000000000000000000000000000000000000
1670;1455916.00000000000000000000000000000000000000000000000000
1671;1455924.00000000000000000000000000000000000000000000000000
1672;1455868.00000000000000000000000000000000000000000000000000
1673;1455928.00000000000000000000000000000000000000000000000000
1674;1455352.00000000000000000000000000000000000000000000000000
1675;1455800.00000000000000000000000000000000000000000000000000
1676;1455864.00000000000000000000000000000000000000000000000000
1677;1455928.00000000000000000000000000000000000000000000000000
1678;1455864.00000000000000000000000000000000000000000000000000
1679;1445580.00000000000000000000000000000000000000000000000000
1680;1444628.00000000000000000000000000000000000000000000000000
1681;1444660.00000000000000000000000000000000000000000000000000
1682;1444772.00000000000000000000000000000000000000000000000000
1683;1444888.00000000000000000000000000000000000000000000000000
1684;1444816.00000000000000000000000000000000000000000000000000
1685;1444744.00000000000000000000000000000000000000000000000000
1686;1444572.00000000000000000000000000000000000000000000000000
1687;1444700.00000000000000000000000000000000000000000000000000
1688;1444728.00000000000000000000000000000000000000000000000000
1689;1444452.00000000000000000000000000000000000000000000000000
1690;1444988.00000000000000000000000000000000000000000000000000
1691;1444988.00000000000000000000000000000000000000000000000000
1692;1445612.00000000000000000000000000000000000000000000000000
1693;1444576.00000000000000000000000000000000000000000000000000
1694;1445344.00000000000000000000000000000000000000000000000000
1695;1445068.00000000000000000000000000000000000000000000000000
1696;1445436.00000000000000000000000000000000000000000000000000
1697;1444844.00000000000000000000000000000000000000000000000000
1698;1445048.00000000000000000000000000000000000000000000000000
1699;1445064.00000000000000000000000000000000000000000000000000
1700;1445156.00000000000000000000000000000000000000000000000000
1701;1445148.00000000000000000000000000000000000000000000000000
1702;1445148.00000000000000000000000000000000000000000000000000
1703;1445884.00000000000000000000000000000000000000000000000000
1704;1445656.00000000000000000000000000000000000000000000000000
1705;1445652.00000000000000000000000000000000000000000000000000
1706;1446184.00000000000000000000000000000000000000000000000000
1707;1445740.00000000000000000000000000000000000000000000000000
1708;1446552.00000000000000000000000000000000000000000000000000
1709;1445460.00000000000000000000000000000000000000000000000000
1710;1445456.00000000000000000000000000000000000000000000000000
1711;1445496.00000000000000000000000000000000000000000000000000
1712;1446316.00000000000000000000000000000000000000000000000000
1713;1446332.00000000000000000000000000000000000000000000000000
1714;1446176.00000000000000000000000000000000000000000000000000
1715;1446064.00000000000000000000000000000000000000000000000000
1716;1446420.00000000000000000000000000000000000000000000000000
1717;1446772.00000000000000000000000000000000000000000000000000
1718;1447328.00000000000000000000000000000000000000000000000000
1719;1447484.00000000000000000000000000000000000000000000000000
1720;1448960.00000000000000000000000000000000000000000000000000
1721;1448200.00000000000000000000000000000000000000000000000000
1722;1448272.00000000000000000000000000000000000000000000000000
1723;1447832.00000000000000000000000000000000000000000000000000
1724;1447436.00000000000000000000000000000000000000000000000000
1725;1448004.00000000000000000000000000000000000000000000000000
1726;1448536.00000000000000000000000000000000000000000000000000
1727;1448508.00000000000000000000000000000000000000000000000000
1728;1449020.00000000000000000000000000000000000000000000000000
1729;1455700.00000000000000000000000000000000000000000000000000
1730;1455684.00000000000000000000000000000000000000000000000000
1731;1456132.00000000000000000000000000000000000000000000000000
1732;1456580.00000000000000000000000000000000000000000000000000
1733;1457432.00000000000000000000000000000000000000000000000000
1734;1459876.00000000000000000000000000000000000000000000000000
1735;1460272.00000000000000000000000000000000000000000000000000
1736;1461364.00000000000000000000000000000000000000000000000000
1737;1461576.00000000000000000000000000000000000000000000000000
1738;1461400.00000000000000000000000000000000000000000000000000
1739;1461400.00000000000000000000000000000000000000000000000000
1740;1461368.00000000000000000000000000000000000000000000000000
1741;1461368.00000000000000000000000000000000000000000000000000
1742;1461368.00000000000000000000000000000000000000000000000000
1743;1461400.00000000000000000000000000000000000000000000000000
1744;1461576.00000000000000000000000000000000000000000000000000
1745;1461544.00000000000000000000000000000000000000000000000000
1746;1461176.00000000000000000000000000000000000000000000000000
1747;1461064.00000000000000000000000000000000000000000000000000
1748;1461544.00000000000000000000000000000000000000000000000000
1749;1461368.00000000000000000000000000000000000000000000000000
1750;1461544.00000000000000000000000000000000000000000000000000
1751;1461544.00000000000000000000000000000000000000000000000000
1752;1461480.00000000000000000000000000000000000000000000000000
1753;1461544.00000000000000000000000000000000000000000000000000
1754;1461544.00000000000000000000000000000000000000000000000000
1755;1461544.00000000000000000000000000000000000000000000000000
1756;1461480.00000000000000000000000000000000000000000000000000
1757;1461480.00000000000000000000000000000000000000000000000000
1758;1461368.00000000000000000000000000000000000000000000000000
1759;1461480.00000000000000000000000000000000000000000000000000
1760;1461480.00000000000000000000000000000000000000000000000000
1761;1461544.00000000000000000000000000000000000000000000000000
1762;1461480.00000000000000000000000000000000000000000000000000
1763;1461544.00000000000000000000000000000000000000000000000000
1764;1461480.00000000000000000000000000000000000000000000000000
1765;1461544.00000000000000000000000000000000000000000000000000
1766;1461544.00000000000000000000000000000000000000000000000000
1767;1461480.00000000000000000000000000000000000000000000000000
1768;1461576.00000000000000000000000000000000000000000000000000
1769;1461404.00000000000000000000000000000000000000000000000000
1770;1461368.00000000000000000000000000000000000000000000000000
1771;1461480.00000000000000000000000000000000000000000000000000
1772;1461576.00000000000000000000000000000000000000000000000000
1773;1461400.00000000000000000000000000000000000000000000000000
1774;1461368.00000000000000000000000000000000000000000000000000
1775;1461368.00000000000000000000000000000000000000000000000000
1776;1461176.00000000000000000000000000000000000000000000000000
1777;1461544.00000000000000000000000000000000000000000000000000
1778;1461480.00000000000000000000000000000000000000000000000000
1779;1461480.00000000000000000000000000000000000000000000000000
1780;1461400.00000000000000000000000000000000000000000000000000
1781;1452728.00000000000000000000000000000000000000000000000000
1782;1451856.00000000000000000000000000000000000000000000000000
1783;1451860.00000000000000000000000000000000000000000000000000
1784;1452704.00000000000000000000000000000000000000000000000000
1785;1451596.00000000000000000000000000000000000000000000000000
1786;1452676.00000000000000000000000000000000000000000000000000
1787;1452040.00000000000000000000000000000000000000000000000000
1788;1451668.00000000000000000000000000000000000000000000000000
1789;1451928.00000000000000000000000000000000000000000000000000
1790;1451728.00000000000000000000000000000000000000000000000000
1791;1451960.00000000000000000000000000000000000000000000000000
1792;1452100.00000000000000000000000000000000000000000000000000
1793;1452112.00000000000000000000000000000000000000000000000000
1794;1452252.00000000000000000000000000000000000000000000000000
1795;1452156.00000000000000000000000000000000000000000000000000
1796;1451748.00000000000000000000000000000000000000000000000000
1797;1452488.00000000000000000000000000000000000000000000000000
1798;1452360.00000000000000000000000000000000000000000000000000
1799;1452344.00000000000000000000000000000000000000000000000000
1800;1452308.00000000000000000000000000000000000000000000000000
1801;1451900.00000000000000000000000000000000000000000000000000
1802;1452048.00000000000000000000000000000000000000000000000000
1803;1452048.00000000000000000000000000000000000000000000000000
1804;1451896.00000000000000000000000000000000000000000000000000
1805;1452432.00000000000000000000000000000000000000000000000000
1806;1452948.00000000000000000000000000000000000000000000000000
1807;1452304.00000000000000000000000000000000000000000000000000
1808;1452028.00000000000000000000000000000000000000000000000000
1809;1452372.00000000000000000000000000000000000000000000000000
1810;1452316.00000000000000000000000000000000000000000000000000
1811;1452160.00000000000000000000000000000000000000000000000000
1812;1452256.00000000000000000000000000000000000000000000000000
1813;1452160.00000000000000000000000000000000000000000000000000
1814;1452316.00000000000000000000000000000000000000000000000000
1815;1452620.00000000000000000000000000000000000000000000000000
1816;1452448.00000000000000000000000000000000000000000000000000
1817;1452588.00000000000000000000000000000000000000000000000000
1818;1452780.00000000000000000000000000000000000000000000000000
1819;1452612.00000000000000000000000000000000000000000000000000
1820;1452716.00000000000000000000000000000000000000000000000000
1821;1452848.00000000000000000000000000000000000000000000000000
1822;1453052.00000000000000000000000000000000000000000000000000
1823;1453472.00000000000000000000000000000000000000000000000000
1824;1453856.00000000000000000000000000000000000000000000000000
1825;1454236.00000000000000000000000000000000000000000000000000
1826;1453916.00000000000000000000000000000000000000000000000000
1827;1453892.00000000000000000000000000000000000000000000000000
1828;1454128.00000000000000000000000000000000000000000000000000
1829;1454108.00000000000000000000000000000000000000000000000000
1830;1454484.00000000000000000000000000000000000000000000000000
1831;1455244.00000000000000000000000000000000000000000000000000
1832;1454300.00000000000000000000000000000000000000000000000000
1833;1454424.00000000000000000000000000000000000000000000000000
1834;1454484.00000000000000000000000000000000000000000000000000
1835;1454280.00000000000000000000000000000000000000000000000000
1836;1454884.00000000000000000000000000000000000000000000000000
1837;1455288.00000000000000000000000000000000000000000000000000
1838;1455628.00000000000000000000000000000000000000000000000000
1839;1455100.00000000000000000000000000000000000000000000000000
1840;1455224.00000000000000000000000000000000000000000000000000
1841;1456836.00000000000000000000000000000000000000000000000000
1842;1463772.00000000000000000000000000000000000000000000000000
1843;1464276.00000000000000000000000000000000000000000000000000
1844;1464276.00000000000000000000000000000000000000000000000000
1845;1466008.00000000000000000000000000000000000000000000000000
1846;1466072.00000000000000000000000000000000000000000000000000
1847;1466008.00000000000000000000000000000000000000000000000000
1848;1465944.00000000000000000000000000000000000000000000000000
1849;1465496.00000000000000000000000000000000000000000000000000
1850;1466072.00000000000000000000000000000000000000000000000000
1851;1466200.00000000000000000000000000000000000000000000000000
1852;1466008.00000000000000000000000000000000000000000000000000
1853;1465880.00000000000000000000000000000000000000000000000000
1854;1465688.00000000000000000000000000000000000000000000000000
1855;1466072.00000000000000000000000000000000000000000000000000
1856;1466072.00000000000000000000000000000000000000000000000000
1857;1465944.00000000000000000000000000000000000000000000000000
1858;1466072.00000000000000000000000000000000000000000000000000
1859;1466076.00000000000000000000000000000000000000000000000000
1860;1466012.00000000000000000000000000000000000000000000000000
1861;1466076.00000000000000000000000000000000000000000000000000
1862;1465948.00000000000000000000000000000000000000000000000000
1863;1466012.00000000000000000000000000000000000000000000000000
1864;1465756.00000000000000000000000000000000000000000000000000
1865;1465756.00000000000000000000000000000000000000000000000000
1866;1465500.00000000000000000000000000000000000000000000000000
1867;1465948.00000000000000000000000000000000000000000000000000
1868;1466012.00000000000000000000000000000000000000000000000000
1869;1466076.00000000000000000000000000000000000000000000000000
1870;1465948.00000000000000000000000000000000000000000000000000
1871;1466012.00000000000000000000000000000000000000000000000000
1872;1465884.00000000000000000000000000000000000000000000000000
1873;1466012.00000000000000000000000000000000000000000000000000
1874;1466076.00000000000000000000000000000000000000000000000000
1875;1466076.00000000000000000000000000000000000000000000000000
1876;1466076.00000000000000000000000000000000000000000000000000
1877;1466204.00000000000000000000000000000000000000000000000000
1878;1466076.00000000000000000000000000000000000000000000000000
1879;1465756.00000000000000000000000000000000000000000000000000
1880;1465692.00000000000000000000000000000000000000000000000000
1881;1466012.00000000000000000000000000000000000000000000000000
1882;1465948.00000000000000000000000000000000000000000000000000
1883;1466008.00000000000000000000000000000000000000000000000000
1884;1465944.00000000000000000000000000000000000000000000000000
1885;1465496.00000000000000000000000000000000000000000000000000
1886;1465496.00000000000000000000000000000000000000000000000000
1887;1466072.00000000000000000000000000000000000000000000000000
1888;1466200.00000000000000000000000000000000000000000000000000
1889;1466072.00000000000000000000000000000000000000000000000000
1890;1454444.00000000000000000000000000000000000000000000000000
1891;1454712.00000000000000000000000000000000000000000000000000
1892;1453708.00000000000000000000000000000000000000000000000000
1893;1453812.00000000000000000000000000000000000000000000000000
1894;1453944.00000000000000000000000000000000000000000000000000
1895;1453828.00000000000000000000000000000000000000000000000000
1896;1453792.00000000000000000000000000000000000000000000000000
1897;1453580.00000000000000000000000000000000000000000000000000
1898;1453812.00000000000000000000000000000000000000000000000000
1899;1453828.00000000000000000000000000000000000000000000000000
1900;1452732.00000000000000000000000000000000000000000000000000
1901;1452436.00000000000000000000000000000000000000000000000000
1902;1452448.00000000000000000000000000000000000000000000000000
1903;1452344.00000000000000000000000000000000000000000000000000
1904;1452680.00000000000000000000000000000000000000000000000000
1905;1452744.00000000000000000000000000000000000000000000000000
1906;1452532.00000000000000000000000000000000000000000000000000
1907;1452892.00000000000000000000000000000000000000000000000000
1908;1453120.00000000000000000000000000000000000000000000000000
1909;1453132.00000000000000000000000000000000000000000000000000
1910;1453116.00000000000000000000000000000000000000000000000000
1911;1453220.00000000000000000000000000000000000000000000000000
1912;1454172.00000000000000000000000000000000000000000000000000
1913;1454196.00000000000000000000000000000000000000000000000000
1914;1453120.00000000000000000000000000000000000000000000000000
1915;1453244.00000000000000000000000000000000000000000000000000
1916;1453516.00000000000000000000000000000000000000000000000000
1917;1453620.00000000000000000000000000000000000000000000000000
1918;1453756.00000000000000000000000000000000000000000000000000
1919;1453752.00000000000000000000000000000000000000000000000000
1920;1453828.00000000000000000000000000000000000000000000000000
1921;1453856.00000000000000000000000000000000000000000000000000
1922;1453460.00000000000000000000000000000000000000000000000000
1923;1453320.00000000000000000000000000000000000000000000000000
1924;1454552.00000000000000000000000000000000000000000000000000
1925;1453612.00000000000000000000000000000000000000000000000000
1926;1453728.00000000000000000000000000000000000000000000000000
1927;1453888.00000000000000000000000000000000000000000000000000
1928;1453628.00000000000000000000000000000000000000000000000000
1929;1453508.00000000000000000000000000000000000000000000000000
1930;1454180.00000000000000000000000000000000000000000000000000
1931;1454200.00000000000000000000000000000000000000000000000000
1932;1454080.00000000000000000000000000000000000000000000000000
1933;1454200.00000000000000000000000000000000000000000000000000
1934;1454304.00000000000000000000000000000000000000000000000000
1935;1454384.00000000000000000000000000000000000000000000000000
1936;1454476.00000000000000000000000000000000000000000000000000
1937;1454912.00000000000000000000000000000000000000000000000000
1938;1454680.00000000000000000000000000000000000000000000000000
1939;1454788.00000000000000000000000000000000000000000000000000
1940;1454676.00000000000000000000000000000000000000000000000000
1941;1456836.00000000000000000000000000000000000000000000000000
1942;1457388.00000000000000000000000000000000000000000000000000
1943;1463352.00000000000000000000000000000000000000000000000000
1944;1463512.00000000000000000000000000000000000000000000000000
1945;1464852.00000000000000000000000000000000000000000000000000
1946;1465556.00000000000000000000000000000000000000000000000000
1947;1465364.00000000000000000000000000000000000000000000000000
1948;1465108.00000000000000000000000000000000000000000000000000
1949;1465420.00000000000000000000000000000000000000000000000000
1950;1465300.00000000000000000000000000000000000000000000000000
1951;1465300.00000000000000000000000000000000000000000000000000
1952;1465300.00000000000000000000000000000000000000000000000000
1953;1465556.00000000000000000000000000000000000000000000000000
1954;1465428.00000000000000000000000000000000000000000000000000
1955;1465364.00000000000000000000000000000000000000000000000000
1956;1465108.00000000000000000000000000000000000000000000000000
1957;1465428.00000000000000000000000000000000000000000000000000
1958;1465428.00000000000000000000000000000000000000000000000000
1959;1465364.00000000000000000000000000000000000000000000000000
1960;1465364.00000000000000000000000000000000000000000000000000
1961;1465428.00000000000000000000000000000000000000000000000000
1962;1465428.00000000000000000000000000000000000000000000000000
1963;1465364.00000000000000000000000000000000000000000000000000
1964;1465236.00000000000000000000000000000000000000000000000000
1965;1465364.00000000000000000000000000000000000000000000000000
1966;1465428.00000000000000000000000000000000000000000000000000
1967;1465108.00000000000000000000000000000000000000000000000000
1968;1465364.00000000000000000000000000000000000000000000000000
1969;1465380.00000000000000000000000000000000000000000000000000
1970;1465428.00000000000000000000000000000000000000000000000000
1971;1465428.00000000000000000000000000000000000000000000000000
1972;1465428.00000000000000000000000000000000000000000000000000
1973;1465300.00000000000000000000000000000000000000000000000000
1974;1465044.00000000000000000000000000000000000000000000000000
1975;1465556.00000000000000000000000000000000000000000000000000
1976;1464852.00000000000000000000000000000000000000000000000000
1977;1465556.00000000000000000000000000000000000000000000000000
1978;1465428.00000000000000000000000000000000000000000000000000
1979;1465236.00000000000000000000000000000000000000000000000000
1980;1465364.00000000000000000000000000000000000000000000000000
1981;1465300.00000000000000000000000000000000000000000000000000
1982;1465108.00000000000000000000000000000000000000000000000000
1983;1465364.00000000000000000000000000000000000000000000000000
1984;1453512.00000000000000000000000000000000000000000000000000
1985;1453452.00000000000000000000000000000000000000000000000000
1986;1453508.00000000000000000000000000000000000000000000000000
1987;1453564.00000000000000000000000000000000000000000000000000
1988;1453632.00000000000000000000000000000000000000000000000000
1989;1453936.00000000000000000000000000000000000000000000000000
1990;1453752.00000000000000000000000000000000000000000000000000
1991;1453760.00000000000000000000000000000000000000000000000000
1992;1453740.00000000000000000000000000000000000000000000000000
1993;1454024.00000000000000000000000000000000000000000000000000
1994;1453708.00000000000000000000000000000000000000000000000000
1995;1453208.00000000000000000000000000000000000000000000000000
1996;1453356.00000000000000000000000000000000000000000000000000
1997;1453964.00000000000000000000000000000000000000000000000000
1998;1453396.00000000000000000000000000000000000000000000000000
1999;1453428.00000000000000000000000000000000000000000000000000
2000;1453432.00000000000000000000000000000000000000000000000000
2001;1454500.00000000000000000000000000000000000000000000000000
2002;1453620.00000000000000000000000000000000000000000000000000
2003;1453612.00000000000000000000000000000000000000000000000000
2004;1453924.00000000000000000000000000000000000000000000000000
2005;1453684.00000000000000000000000000000000000000000000000000
2006;1453632.00000000000000000000000000000000000000000000000000
2007;1453716.00000000000000000000000000000000000000000000000000
2008;1454256.00000000000000000000000000000000000000000000000000
2009;1454160.00000000000000000000000000000000000000000000000000
2010;1454152.00000000000000000000000000000000000000000000000000
2011;1454500.00000000000000000000000000000000000000000000000000
2012;1454256.00000000000000000000000000000000000000000000000000
2013;1454948.00000000000000000000000000000000000000000000000000
2014;1454408.00000000000000000000000000000000000000000000000000
2015;1454584.00000000000000000000000000000000000000000000000000
2016;1454496.00000000000000000000000000000000000000000000000000
2017;1454628.00000000000000000000000000000000000000000000000000
2018;1454680.00000000000000000000000000000000000000000000000000
2019;1454860.00000000000000000000000000000000000000000000000000
2020;1454880.00000000000000000000000000000000000000000000000000
2021;1455304.00000000000000000000000000000000000000000000000000
2022;1455108.00000000000000000000000000000000000000000000000000
2023;1455040.00000000000000000000000000000000000000000000000000
2024;1455020.00000000000000000000000000000000000000000000000000
2025;1455252.00000000000000000000000000000000000000000000000000
2026;1455468.00000000000000000000000000000000000000000000000000
2027;1457556.00000000000000000000000000000000000000000000000000
2028;1459544.00000000000000000000000000000000000000000000000000
2029;1466948.00000000000000000000000000000000000000000000000000
2030;1468336.00000000000000000000000000000000000000000000000000
2031;1468344.00000000000000000000000000000000000000000000000000
2032;1468228.00000000000000000000000000000000000000000000000000
2033;1468224.00000000000000000000000000000000000000000000000000
2034;1468036.00000000000000000000000000000000000000000000000000
2035;1468436.00000000000000000000000000000000000000000000000000
2036;1468224.00000000000000000000000000000000000000000000000000
2037;1468344.00000000000000000000000000000000000000000000000000
2038;1468228.00000000000000000000000000000000000000000000000000
2039;1468436.00000000000000000000000000000000000000000000000000
2040;1468228.00000000000000000000000000000000000000000000000000
2041;1468436.00000000000000000000000000000000000000000000000000
2042;1468404.00000000000000000000000000000000000000000000000000
2043;1468404.00000000000000000000000000000000000000000000000000
2044;1468260.00000000000000000000000000000000000000000000000000
2045;1468404.00000000000000000000000000000000000000000000000000
2046;1468400.00000000000000000000000000000000000000000000000000
2047;1468436.00000000000000000000000000000000000000000000000000
2048;1468436.00000000000000000000000000000000000000000000000000
2049;1468036.00000000000000000000000000000000000000000000000000
2050;1468404.00000000000000000000000000000000000000000000000000
2051;1468436.00000000000000000000000000000000000000000000000000
2052;1468224.00000000000000000000000000000000000000000000000000
2053;1468304.00000000000000000000000000000000000000000000000000
2054;1468404.00000000000000000000000000000000000000000000000000
2055;1468400.00000000000000000000000000000000000000000000000000
2056;1467748.00000000000000000000000000000000000000000000000000
2057;1468404.00000000000000000000000000000000000000000000000000
2058;1468228.00000000000000000000000000000000000000000000000000
2059;1468224.00000000000000000000000000000000000000000000000000
2060;1467748.00000000000000000000000000000000000000000000000000
2061;1468404.00000000000000000000000000000000000000000000000000
2062;1468008.00000000000000000000000000000000000000000000000000
2063;1468344.00000000000000000000000000000000000000000000000000
2064;1468248.00000000000000000000000000000000000000000000000000
2065;1468400.00000000000000000000000000000000000000000000000000
2066;1467748.00000000000000000000000000000000000000000000000000
2067;1468228.00000000000000000000000000000000000000000000000000
2068;1468404.00000000000000000000000000000000000000000000000000
2069;1468344.00000000000000000000000000000000000000000000000000
2070;1468436.00000000000000000000000000000000000000000000000000
2071;1370592.00000000000000000000000000000000000000000000000000
2072;1369684.00000000000000000000000000000000000000000000000000
2073;1369688.00000000000000000000000000000000000000000000000000
2074;1371012.00000000000000000000000000000000000000000000000000
2075;1371504.00000000000000000000000000000000000000000000000000
2076;1373032.00000000000000000000000000000000000000000000000000
2077;1373092.00000000000000000000000000000000000000000000000000
2078;1372892.00000000000000000000000000000000000000000000000000
2079;1373000.00000000000000000000000000000000000000000000000000
2080;1373304.00000000000000000000000000000000000000000000000000
2081;1374248.00000000000000000000000000000000000000000000000000
2082;1376280.00000000000000000000000000000000000000000000000000
2083;1375076.00000000000000000000000000000000000000000000000000
2084;1375252.00000000000000000000000000000000000000000000000000
2085;1375284.00000000000000000000000000000000000000000000000000
2086;1375840.00000000000000000000000000000000000000000000000000
2087;1376516.00000000000000000000000000000000000000000000000000
2088;1377108.00000000000000000000000000000000000000000000000000
2089;830876.00000000000000000000000000000000000000000000000000
