Second;RAM_KB
0;1717043.19999999995343387126922607421875000000000000000000
1;55377920.00000000000000000000000000000000000000000000000000
2;72024064.00000000000000000000000000000000000000000000000000
3;87120281.59999999403953552246093750000000000000000000000000
4;146058444.80000001192092895507812500000000000000000000000000
5;159196774.40000000596046447753906250000000000000000000000000
6;164739481.59999999403953552246093750000000000000000000000000
7;168708505.59999999403953552246093750000000000000000000000000
8;168805990.40000000596046447753906250000000000000000000000000
9;168964915.19999998807907104492187500000000000000000000000000
10;169254092.80000001192092895507812500000000000000000000000000
11;169471180.80000001192092895507812500000000000000000000000000
12;169612902.40000000596046447753906250000000000000000000000000
13;170124083.19999998807907104492187500000000000000000000000000
14;181619097.59999999403953552246093750000000000000000000000000
15;187926118.40000000596046447753906250000000000000000000000000
16;187926937.59999999403953552246093750000000000000000000000000
17;189445734.40000000596046447753906250000000000000000000000000
18;190878515.19999998807907104492187500000000000000000000000000
19;191654297.59999999403953552246093750000000000000000000000000
20;199968358.40000000596046447753906250000000000000000000000000
21;200444313.59999999403953552246093750000000000000000000000000
22;201039872.00000000000000000000000000000000000000000000000000
23;201728000.00000000000000000000000000000000000000000000000000
24;202451353.59999999403953552246093750000000000000000000000000
25;202992025.59999999403953552246093750000000000000000000000000
26;203622809.59999999403953552246093750000000000000000000000000
27;204532121.59999999403953552246093750000000000000000000000000
28;204902400.00000000000000000000000000000000000000000000000000
29;205568409.59999999403953552246093750000000000000000000000000
30;206095974.40000000596046447753906250000000000000000000000000
31;206516224.00000000000000000000000000000000000000000000000000
32;207196979.19999998807907104492187500000000000000000000000000
33;208501145.59999999403953552246093750000000000000000000000000
34;209042636.80000001192092895507812500000000000000000000000000
35;209610342.40000000596046447753906250000000000000000000000000
36;210259148.80000001192092895507812500000000000000000000000000
37;210885017.59999999403953552246093750000000000000000000000000
38;211383091.19999998807907104492187500000000000000000000000000
39;212017971.19999998807907104492187500000000000000000000000000
40;213159116.80000001192092895507812500000000000000000000000000
41;213590016.00000000000000000000000000000000000000000000000000
42;214247014.40000000596046447753906250000000000000000000000000
43;214565683.19999998807907104492187500000000000000000000000000
44;215053107.19999998807907104492187500000000000000000000000000
45;215633100.80000001192092895507812500000000000000000000000000
46;217115033.59999999403953552246093750000000000000000000000000
47;217412403.19999998807907104492187500000000000000000000000000
48;218037452.80000001192092895507812500000000000000000000000000
49;218987724.80000001192092895507812500000000000000000000000000
50;219151564.80000001192092895507812500000000000000000000000000
51;219841331.19999998807907104492187500000000000000000000000000
52;221074227.19999998807907104492187500000000000000000000000000
53;221158604.80000001192092895507812500000000000000000000000000
54;221844275.19999998807907104492187500000000000000000000000000
55;222413619.19999998807907104492187500000000000000000000000000
56;223103385.59999999403953552246093750000000000000000000000000
57;223707955.19999998807907104492187500000000000000000000000000
58;224586956.80000001192092895507812500000000000000000000000000
59;225293926.40000000596046447753906250000000000000000000000000
60;225891942.40000000596046447753906250000000000000000000000000
61;226535014.40000000596046447753906250000000000000000000000000
62;227105177.59999999403953552246093750000000000000000000000000
63;227691724.80000001192092895507812500000000000000000000000000
64;228388864.00000000000000000000000000000000000000000000000000
65;229332582.40000000596046447753906250000000000000000000000000
66;230292684.80000001192092895507812500000000000000000000000000
67;230761267.19999998807907104492187500000000000000000000000000
68;231217561.59999999403953552246093750000000000000000000000000
69;231870464.00000000000000000000000000000000000000000000000000
70;232127692.80000001192092895507812500000000000000000000000000
71;233857843.19999998807907104492187500000000000000000000000000
72;234208460.80000001192092895507812500000000000000000000000000
73;234646732.80000001192092895507812500000000000000000000000000
74;235457740.80000001192092895507812500000000000000000000000000
75;236254003.19999998807907104492187500000000000000000000000000
76;236844646.40000000596046447753906250000000000000000000000000
77;238156185.59999999403953552246093750000000000000000000000000
78;238630502.40000000596046447753906250000000000000000000000000
79;239063040.00000000000000000000000000000000000000000000000000
80;239588966.40000000596046447753906250000000000000000000000000
81;240368025.59999999403953552246093750000000000000000000000000
82;240358195.19999998807907104492187500000000000000000000000000
83;241115955.19999998807907104492187500000000000000000000000000
84;241115955.19999998807907104492187500000000000000000000000000
85;289716633.60000002384185791015625000000000000000000000000000
86;289769881.60000002384185791015625000000000000000000000000000
87;289704345.60000002384185791015625000000000000000000000000000
88;289718272.00000000000000000000000000000000000000000000000000
89;289732198.39999997615814208984375000000000000000000000000000
90;289678950.39999997615814208984375000000000000000000000000000
91;289619968.00000000000000000000000000000000000000000000000000
92;289731379.19999998807907104492187500000000000000000000000000
93;289724825.60000002384185791015625000000000000000000000000000
94;289717452.80000001192092895507812500000000000000000000000000
95;289744486.39999997615814208984375000000000000000000000000000
96;289718272.00000000000000000000000000000000000000000000000000
97;289718272.00000000000000000000000000000000000000000000000000
98;289718272.00000000000000000000000000000000000000000000000000
99;289826406.39999997615814208984375000000000000000000000000000
100;289826406.39999997615814208984375000000000000000000000000000
101;289787904.00000000000000000000000000000000000000000000000000
102;289734656.00000000000000000000000000000000000000000000000000
103;289675673.60000002384185791015625000000000000000000000000000
104;289787084.80000001192092895507812500000000000000000000000000
105;289826406.39999997615814208984375000000000000000000000000000
106;289805107.19999998807907104492187500000000000000000000000000
107;289787084.80000001192092895507812500000000000000000000000000
108;289780531.19999998807907104492187500000000000000000000000000
109;289826406.39999997615814208984375000000000000000000000000000
110;289701888.00000000000000000000000000000000000000000000000000
111;289787084.80000001192092895507812500000000000000000000000000
112;289780531.19999998807907104492187500000000000000000000000000
113;289819852.80000001192092895507812500000000000000000000000000
114;289787904.00000000000000000000000000000000000000000000000000
115;289826406.39999997615814208984375000000000000000000000000000
116;289826406.39999997615814208984375000000000000000000000000000
117;289800192.00000000000000000000000000000000000000000000000000
118;289787084.80000001192092895507812500000000000000000000000000
119;289826406.39999997615814208984375000000000000000000000000000
120;289773977.60000002384185791015625000000000000000000000000000
121;289787084.80000001192092895507812500000000000000000000000000
122;289787904.00000000000000000000000000000000000000000000000000
123;289826406.39999997615814208984375000000000000000000000000000
124;289675673.60000002384185791015625000000000000000000000000000
125;289781350.39999997615814208984375000000000000000000000000000
126;289773158.39999997615814208984375000000000000000000000000000
127;289701888.00000000000000000000000000000000000000000000000000
128;289773977.60000002384185791015625000000000000000000000000000
129;289782169.60000002384185791015625000000000000000000000000000
130;289817395.19999998807907104492187500000000000000000000000000
131;289769881.60000002384185791015625000000000000000000000000000
132;268871270.39999997615814208984375000000000000000000000000000
133;268989235.19999998807907104492187500000000000000000000000000
134;269374259.19999998807907104492187500000000000000000000000000
135;269713408.00000000000000000000000000000000000000000000000000
136;269888716.80000001192092895507812500000000000000000000000000
137;270316339.19999998807907104492187500000000000000000000000000
138;270603059.19999998807907104492187500000000000000000000000000
139;270978252.80000001192092895507812500000000000000000000000000
140;271366553.60000002384185791015625000000000000000000000000000
141;271599206.39999997615814208984375000000000000000000000000000
142;272020275.19999998807907104492187500000000000000000000000000
143;272354508.80000001192092895507812500000000000000000000000000
144;272787865.60000002384185791015625000000000000000000000000000
145;272898457.60000002384185791015625000000000000000000000000000
146;273449779.19999998807907104492187500000000000000000000000000
147;273606246.39999997615814208984375000000000000000000000000000
148;274028953.60000002384185791015625000000000000000000000000000
149;274170675.19999998807907104492187500000000000000000000000000
150;274529484.80000001192092895507812500000000000000000000000000
151;274848153.60000002384185791015625000000000000000000000000000
152;275309363.19999998807907104492187500000000000000000000000000
153;275451904.00000000000000000000000000000000000000000000000000
154;275999948.80000001192092895507812500000000000000000000000000
155;276815052.80000001192092895507812500000000000000000000000000
156;277018214.39999997615814208984375000000000000000000000000000
157;277465497.60000002384185791015625000000000000000000000000000
158;277704704.00000000000000000000000000000000000000000000000000
159;278280601.60000002384185791015625000000000000000000000000000
160;278592716.80000001192092895507812500000000000000000000000000
161;278814720.00000000000000000000000000000000000000000000000000
162;279270195.19999998807907104492187500000000000000000000000000
163;279536435.19999998807907104492187500000000000000000000000000
164;279919001.60000002384185791015625000000000000000000000000000
165;280221286.39999997615814208984375000000000000000000000000000
166;280750489.60000002384185791015625000000000000000000000000000
167;280938905.60000002384185791015625000000000000000000000000000
168;281094553.60000002384185791015625000000000000000000000000000
169;281200230.39999997615814208984375000000000000000000000000000
170;282169344.00000000000000000000000000000000000000000000000000
171;282542080.00000000000000000000000000000000000000000000000000
172;282785382.39999997615814208984375000000000000000000000000000
173;283161395.19999998807907104492187500000000000000000000000000
174;283561164.80000001192092895507812500000000000000000000000000
175;284369715.19999998807907104492187500000000000000000000000000
176;284454092.80000001192092895507812500000000000000000000000000
177;284731801.60000002384185791015625000000000000000000000000000
178;284979200.00000000000000000000000000000000000000000000000000
179;285048832.00000000000000000000000000000000000000000000000000
180;285193830.39999997615814208984375000000000000000000000000000
181;286736384.00000000000000000000000000000000000000000000000000
182;286828134.39999997615814208984375000000000000000000000000000
183;286810931.19999998807907104492187500000000000000000000000000
184;287045222.39999997615814208984375000000000000000000000000000
185;287296716.80000001192092895507812500000000000000000000000000
186;287464652.80000001192092895507812500000000000000000000000000
187;288498483.19999998807907104492187500000000000000000000000000
188;288406732.80000001192092895507812500000000000000000000000000
189;288513228.80000001192092895507812500000000000000000000000000
190;288519782.39999997615814208984375000000000000000000000000000
191;288695091.19999998807907104492187500000000000000000000000000
192;288943308.80000001192092895507812500000000000000000000000000
193;289221017.60000002384185791015625000000000000000000000000000
194;290410496.00000000000000000000000000000000000000000000000000
195;291032268.80000001192092895507812500000000000000000000000000
196;291032268.80000001192092895507812500000000000000000000000000
197;291009331.19999998807907104492187500000000000000000000000000
198;290996224.00000000000000000000000000000000000000000000000000
199;291068313.60000002384185791015625000000000000000000000000000
200;291068313.60000002384185791015625000000000000000000000000000
201;291074867.19999998807907104492187500000000000000000000000000
202;291041280.00000000000000000000000000000000000000000000000000
203;291062579.19999998807907104492187500000000000000000000000000
204;291092070.39999997615814208984375000000000000000000000000000
205;290996224.00000000000000000000000000000000000000000000000000
206;291009331.19999998807907104492187500000000000000000000000000
207;290996224.00000000000000000000000000000000000000000000000000
208;291068313.60000002384185791015625000000000000000000000000000
209;291037184.00000000000000000000000000000000000000000000000000
210;291201843.19999998807907104492187500000000000000000000000000
211;291268198.39999997615814208984375000000000000000000000000000
212;291162521.60000002384185791015625000000000000000000000000000
213;291196108.80000001192092895507812500000000000000000000000000
214;291268198.39999997615814208984375000000000000000000000000000
215;291150233.60000002384185791015625000000000000000000000000000
216;291195289.60000002384185791015625000000000000000000000000000
217;291235430.39999997615814208984375000000000000000000000000000
218;291203481.60000002384185791015625000000000000000000000000000
219;291219865.60000002384185791015625000000000000000000000000000
220;291189555.19999998807907104492187500000000000000000000000000
221;291176448.00000000000000000000000000000000000000000000000000
222;291220684.80000001192092895507812500000000000000000000000000
223;291162521.60000002384185791015625000000000000000000000000000
224;291268198.39999997615814208984375000000000000000000000000000
225;291188736.00000000000000000000000000000000000000000000000000
226;291268198.39999997615814208984375000000000000000000000000000
227;291268198.39999997615814208984375000000000000000000000000000
228;291183820.80000001192092895507812500000000000000000000000000
229;291188736.00000000000000000000000000000000000000000000000000
230;291130572.80000001192092895507812500000000000000000000000000
231;291162521.60000002384185791015625000000000000000000000000000
232;291162521.60000002384185791015625000000000000000000000000000
233;291195289.60000002384185791015625000000000000000000000000000
234;291189555.19999998807907104492187500000000000000000000000000
235;291188736.00000000000000000000000000000000000000000000000000
236;291195289.60000002384185791015625000000000000000000000000000
237;291248537.60000002384185791015625000000000000000000000000000
238;291195289.60000002384185791015625000000000000000000000000000
239;291189555.19999998807907104492187500000000000000000000000000
240;291162521.60000002384185791015625000000000000000000000000000
241;291195289.60000002384185791015625000000000000000000000000000
242;269861683.19999998807907104492187500000000000000000000000000
243;270125465.60000002384185791015625000000000000000000000000000
244;270295040.00000000000000000000000000000000000000000000000000
245;270590771.19999998807907104492187500000000000000000000000000
246;271044608.00000000000000000000000000000000000000000000000000
247;271311667.19999998807907104492187500000000000000000000000000
248;271665561.60000002384185791015625000000000000000000000000000
249;271994880.00000000000000000000000000000000000000000000000000
250;272465920.00000000000000000000000000000000000000000000000000
251;272683827.19999998807907104492187500000000000000000000000000
252;273186816.00000000000000000000000000000000000000000000000000
253;273383424.00000000000000000000000000000000000000000000000000
254;273818419.19999998807907104492187500000000000000000000000000
255;274184601.60000002384185791015625000000000000000000000000000
256;274563072.00000000000000000000000000000000000000000000000000
257;274757222.39999997615814208984375000000000000000000000000000
258;275224985.60000002384185791015625000000000000000000000000000
259;275428966.39999997615814208984375000000000000000000000000000
260;275819724.80000001192092895507812500000000000000000000000000
261;275964723.19999998807907104492187500000000000000000000000000
262;276408729.60000002384185791015625000000000000000000000000000
263;276535705.60000002384185791015625000000000000000000000000000
264;277090304.00000000000000000000000000000000000000000000000000
265;277975040.00000000000000000000000000000000000000000000000000
266;278228992.00000000000000000000000000000000000000000000000000
267;278729523.19999998807907104492187500000000000000000000000000
268;279252172.80000001192092895507812500000000000000000000000000
269;279530700.80000001192092895507812500000000000000000000000000
270;279750246.39999997615814208984375000000000000000000000000000
271;280073011.19999998807907104492187500000000000000000000000000
272;280390041.60000002384185791015625000000000000000000000000000
273;280779161.60000002384185791015625000000000000000000000000000
274;281236275.19999998807907104492187500000000000000000000000000
275;281359974.39999997615814208984375000000000000000000000000000
276;281664716.80000001192092895507812500000000000000000000000000
277;282606796.80000001192092895507812500000000000000000000000000
278;282963148.80000001192092895507812500000000000000000000000000
279;283356364.80000001192092895507812500000000000000000000000000
280;283318681.60000002384185791015625000000000000000000000000000
281;283679948.80000001192092895507812500000000000000000000000000
282;283960934.39999997615814208984375000000000000000000000000000
283;284161638.39999997615814208984375000000000000000000000000000
284;284652339.19999998807907104492187500000000000000000000000000
285;285022617.60000002384185791015625000000000000000000000000000
286;285881139.19999998807907104492187500000000000000000000000000
287;286253056.00000000000000000000000000000000000000000000000000
288;286463590.39999997615814208984375000000000000000000000000000
289;286569267.19999998807907104492187500000000000000000000000000
290;286725734.39999997615814208984375000000000000000000000000000
291;286737203.19999998807907104492187500000000000000000000000000
292;287996313.60000002384185791015625000000000000000000000000000
293;288260915.19999998807907104492187500000000000000000000000000
294;288280576.00000000000000000000000000000000000000000000000000
295;288568115.19999998807907104492187500000000000000000000000000
296;288836812.80000001192092895507812500000000000000000000000000
297;288829440.00000000000000000000000000000000000000000000000000
298;289150566.39999997615814208984375000000000000000000000000000
299;290411315.19999998807907104492187500000000000000000000000000
300;290294169.60000002384185791015625000000000000000000000000000
301;290391654.39999997615814208984375000000000000000000000000000
302;290487500.80000001192092895507812500000000000000000000000000
303;290743910.39999997615814208984375000000000000000000000000000
304;290913484.80000001192092895507812500000000000000000000000000
305;291250995.19999998807907104492187500000000000000000000000000
306;291281305.60000002384185791015625000000000000000000000000000
307;291223142.39999997615814208984375000000000000000000000000000
308;291223961.60000002384185791015625000000000000000000000000000
309;291354214.39999997615814208984375000000000000000000000000000
310;291275571.19999998807907104492187500000000000000000000000000
311;291321446.39999997615814208984375000000000000000000000000000
312;291242803.19999998807907104492187500000000000000000000000000
313;291203481.60000002384185791015625000000000000000000000000000
314;291177267.19999998807907104492187500000000000000000000000000
315;291308339.19999998807907104492187500000000000000000000000000
316;291275571.19999998807907104492187500000000000000000000000000
317;291282124.80000001192092895507812500000000000000000000000000
318;291282124.80000001192092895507812500000000000000000000000000
319;291247718.39999997615814208984375000000000000000000000000000
320;291403366.39999997615814208984375000000000000000000000000000
321;291403366.39999997615814208984375000000000000000000000000000
322;291265740.80000001192092895507812500000000000000000000000000
323;291297689.60000002384185791015625000000000000000000000000000
324;291266560.00000000000000000000000000000000000000000000000000
325;291297689.60000002384185791015625000000000000000000000000000
326;291331276.80000001192092895507812500000000000000000000000000
327;291331276.80000001192092895507812500000000000000000000000000
328;291331276.80000001192092895507812500000000000000000000000000
329;291296870.39999997615814208984375000000000000000000000000000
330;291403366.39999997615814208984375000000000000000000000000000
331;291409920.00000000000000000000000000000000000000000000000000
332;291259187.19999998807907104492187500000000000000000000000000
333;291252633.60000002384185791015625000000000000000000000000000
334;291323904.00000000000000000000000000000000000000000000000000
335;291323904.00000000000000000000000000000000000000000000000000
336;291403366.39999997615814208984375000000000000000000000000000
337;291323904.00000000000000000000000000000000000000000000000000
338;291265740.80000001192092895507812500000000000000000000000000
339;291323904.00000000000000000000000000000000000000000000000000
340;291265740.80000001192092895507812500000000000000000000000000
341;291323904.00000000000000000000000000000000000000000000000000
342;291403366.39999997615814208984375000000000000000000000000000
343;291348480.00000000000000000000000000000000000000000000000000
344;291252633.60000002384185791015625000000000000000000000000000
345;291323904.00000000000000000000000000000000000000000000000000
346;291265740.80000001192092895507812500000000000000000000000000
347;291323904.00000000000000000000000000000000000000000000000000
348;291324723.19999998807907104492187500000000000000000000000000
349;291331276.80000001192092895507812500000000000000000000000000
350;291296870.39999997615814208984375000000000000000000000000000
351;271746662.39999997615814208984375000000000000000000000000000
352;271877734.39999997615814208984375000000000000000000000000000
353;272294707.19999998807907104492187500000000000000000000000000
354;272633856.00000000000000000000000000000000000000000000000000
355;272854220.80000001192092895507812500000000000000000000000000
356;273243340.80000001192092895507812500000000000000000000000000
357;273611161.60000002384185791015625000000000000000000000000000
358;273761894.39999997615814208984375000000000000000000000000000
359;273997004.80000001192092895507812500000000000000000000000000
360;274330419.19999998807907104492187500000000000000000000000000
361;274546688.00000000000000000000000000000000000000000000000000
362;274908774.39999997615814208984375000000000000000000000000000
363;275183206.39999997615814208984375000000000000000000000000000
364;275506790.39999997615814208984375000000000000000000000000000
365;275832832.00000000000000000000000000000000000000000000000000
366;276198195.19999998807907104492187500000000000000000000000000
367;276643840.00000000000000000000000000000000000000000000000000
368;276845363.19999998807907104492187500000000000000000000000000
369;277114060.80000001192092895507812500000000000000000000000000
370;277508096.00000000000000000000000000000000000000000000000000
371;277628518.39999997615814208984375000000000000000000000000000
372;277915238.39999997615814208984375000000000000000000000000000
373;278378905.60000002384185791015625000000000000000000000000000
374;278615654.39999997615814208984375000000000000000000000000000
375;279475814.39999997615814208984375000000000000000000000000000
376;279871488.00000000000000000000000000000000000000000000000000
377;280019763.19999998807907104492187500000000000000000000000000
378;280697241.60000002384185791015625000000000000000000000000000
379;280956108.80000001192092895507812500000000000000000000000000
380;281183846.39999997615814208984375000000000000000000000000000
381;281567232.00000000000000000000000000000000000000000000000000
382;281866240.00000000000000000000000000000000000000000000000000
383;282251264.00000000000000000000000000000000000000000000000000
384;282551910.39999997615814208984375000000000000000000000000000
385;282798489.60000002384185791015625000000000000000000000000000
386;283393228.80000001192092895507812500000000000000000000000000
387;283600486.39999997615814208984375000000000000000000000000000
388;283750400.00000000000000000000000000000000000000000000000000
389;283746304.00000000000000000000000000000000000000000000000000
390;284467200.00000000000000000000000000000000000000000000000000
391;284630220.80000001192092895507812500000000000000000000000000
392;284919398.39999997615814208984375000000000000000000000000000
393;285237248.00000000000000000000000000000000000000000000000000
394;285455155.19999998807907104492187500000000000000000000000000
395;286512742.39999997615814208984375000000000000000000000000000
396;286887936.00000000000000000000000000000000000000000000000000
397;287087820.80000001192092895507812500000000000000000000000000
398;287315558.39999997615814208984375000000000000000000000000000
399;287456460.80000001192092895507812500000000000000000000000000
400;287603916.80000001192092895507812500000000000000000000000000
401;288600883.19999998807907104492187500000000000000000000000000
402;288577945.60000002384185791015625000000000000000000000000000
403;288700006.39999997615814208984375000000000000000000000000000
404;288785203.19999998807907104492187500000000000000000000000000
405;289011302.39999997615814208984375000000000000000000000000000
406;289167769.60000002384185791015625000000000000000000000000000
407;289414348.80000001192092895507812500000000000000000000000000
408;290604646.39999997615814208984375000000000000000000000000000
409;290625945.60000002384185791015625000000000000000000000000000
410;290687385.60000002384185791015625000000000000000000000000000
411;290767667.19999998807907104492187500000000000000000000000000
412;290870886.39999997615814208984375000000000000000000000000000
413;291115827.19999998807907104492187500000000000000000000000000
414;291295232.00000000000000000000000000000000000000000000000000
415;291289497.60000002384185791015625000000000000000000000000000
416;291289497.60000002384185791015625000000000000000000000000000
417;291282944.00000000000000000000000000000000000000000000000000
418;291282944.00000000000000000000000000000000000000000000000000
419;291210854.39999997615814208984375000000000000000000000000000
420;291296051.19999998807907104492187500000000000000000000000000
421;291335372.80000001192092895507812500000000000000000000000000
422;291334553.60000002384185791015625000000000000000000000000000
423;291282124.80000001192092895507812500000000000000000000000000
424;291282124.80000001192092895507812500000000000000000000000000
425;291282124.80000001192092895507812500000000000000000000000000
426;291295232.00000000000000000000000000000000000000000000000000
427;291183820.80000001192092895507812500000000000000000000000000
428;291361587.19999998807907104492187500000000000000000000000000
429;291361587.19999998807907104492187500000000000000000000000000
430;291296051.19999998807907104492187500000000000000000000000000
431;291322265.60000002384185791015625000000000000000000000000000
432;291296051.19999998807907104492187500000000000000000000000000
433;291309158.39999997615814208984375000000000000000000000000000
434;291322265.60000002384185791015625000000000000000000000000000
435;291322265.60000002384185791015625000000000000000000000000000
436;291361587.19999998807907104492187500000000000000000000000000
437;291309158.39999997615814208984375000000000000000000000000000
438;291237068.80000001192092895507812500000000000000000000000000
439;291315712.00000000000000000000000000000000000000000000000000
440;291309158.39999997615814208984375000000000000000000000000000
441;291322265.60000002384185791015625000000000000000000000000000
442;291309158.39999997615814208984375000000000000000000000000000
443;291237068.80000001192092895507812500000000000000000000000000
444;291322265.60000002384185791015625000000000000000000000000000
445;291361587.19999998807907104492187500000000000000000000000000
446;291361587.19999998807907104492187500000000000000000000000000
447;291361587.19999998807907104492187500000000000000000000000000
448;291264102.39999997615814208984375000000000000000000000000000
449;291309158.39999997615814208984375000000000000000000000000000
450;291256729.60000002384185791015625000000000000000000000000000
451;291309158.39999997615814208984375000000000000000000000000000
452;291309158.39999997615814208984375000000000000000000000000000
453;291309158.39999997615814208984375000000000000000000000000000
454;291361587.19999998807907104492187500000000000000000000000000
455;291322265.60000002384185791015625000000000000000000000000000
456;291322265.60000002384185791015625000000000000000000000000000
457;291335372.80000001192092895507812500000000000000000000000000
458;291322265.60000002384185791015625000000000000000000000000000
459;291361587.19999998807907104492187500000000000000000000000000
460;291309158.39999997615814208984375000000000000000000000000000
461;291269836.80000001192092895507812500000000000000000000000000
462;291361587.19999998807907104492187500000000000000000000000000
463;291269836.80000001192092895507812500000000000000000000000000
464;272017817.60000002384185791015625000000000000000000000000000
465;272216883.19999998807907104492187500000000000000000000000000
466;272551116.80000001192092895507812500000000000000000000000000
467;272808345.60000002384185791015625000000000000000000000000000
468;273091788.80000001192092895507812500000000000000000000000000
469;273430118.39999997615814208984375000000000000000000000000000
470;273649664.00000000000000000000000000000000000000000000000000
471;273897062.39999997615814208984375000000000000000000000000000
472;274139545.60000002384185791015625000000000000000000000000000
473;274396774.39999997615814208984375000000000000000000000000000
474;274681856.00000000000000000000000000000000000000000000000000
475;274901401.60000002384185791015625000000000000000000000000000
476;275181568.00000000000000000000000000000000000000000000000000
477;275469926.39999997615814208984375000000000000000000000000000
478;275853312.00000000000000000000000000000000000000000000000000
479;276116275.19999998807907104492187500000000000000000000000000
480;276611072.00000000000000000000000000000000000000000000000000
481;276752793.60000002384185791015625000000000000000000000000000
482;277225472.00000000000000000000000000000000000000000000000000
483;277686681.60000002384185791015625000000000000000000000000000
484;277762048.00000000000000000000000000000000000000000000000000
485;277966028.80000001192092895507812500000000000000000000000000
486;278305177.60000002384185791015625000000000000000000000000000
487;279158784.00000000000000000000000000000000000000000000000000
488;279486464.00000000000000000000000000000000000000000000000000
489;279644569.60000002384185791015625000000000000000000000000000
490;280236851.19999998807907104492187500000000000000000000000000
491;280533401.60000002384185791015625000000000000000000000000000
492;280714444.80000001192092895507812500000000000000000000000000
493;280970854.39999997615814208984375000000000000000000000000000
494;281407488.00000000000000000000000000000000000000000000000000
495;281563136.00000000000000000000000000000000000000000000000000
496;281935872.00000000000000000000000000000000000000000000000000
497;282397081.60000002384185791015625000000000000000000000000000
498;282595328.00000000000000000000000000000000000000000000000000
499;282924646.39999997615814208984375000000000000000000000000000
500;283245772.80000001192092895507812500000000000000000000000000
501;283493990.39999997615814208984375000000000000000000000000000
502;284313190.39999997615814208984375000000000000000000000000000
503;284680192.00000000000000000000000000000000000000000000000000
504;284822732.80000001192092895507812500000000000000000000000000
505;284865331.19999998807907104492187500000000000000000000000000
506;285045555.19999998807907104492187500000000000000000000000000
507;285697638.39999997615814208984375000000000000000000000000000
508;286130995.19999998807907104492187500000000000000000000000000
509;286283366.39999997615814208984375000000000000000000000000000
510;286484070.39999997615814208984375000000000000000000000000000
511;286690508.80000001192092895507812500000000000000000000000000
512;286796185.60000002384185791015625000000000000000000000000000
513;287963545.60000002384185791015625000000000000000000000000000
514;288106905.60000002384185791015625000000000000000000000000000
515;288290406.39999997615814208984375000000000000000000000000000
516;288423936.00000000000000000000000000000000000000000000000000
517;288532889.60000002384185791015625000000000000000000000000000
518;288808140.80000001192092895507812500000000000000000000000000
519;289493811.19999998807907104492187500000000000000000000000000
520;289654374.39999997615814208984375000000000000000000000000000
521;289635532.80000001192092895507812500000000000000000000000000
522;289683046.39999997615814208984375000000000000000000000000000
523;290027110.39999997615814208984375000000000000000000000000000
524;290099200.00000000000000000000000000000000000000000000000000
525;290122137.60000002384185791015625000000000000000000000000000
526;291400908.80000001192092895507812500000000000000000000000000
527;291516416.00000000000000000000000000000000000000000000000000
528;291608166.39999997615814208984375000000000000000000000000000
529;291820339.19999998807907104492187500000000000000000000000000
530;291820339.19999998807907104492187500000000000000000000000000
531;291824435.19999998807907104492187500000000000000000000000000
532;291897344.00000000000000000000000000000000000000000000000000
533;291817881.60000002384185791015625000000000000000000000000000
534;291897344.00000000000000000000000000000000000000000000000000
535;291779379.19999998807907104492187500000000000000000000000000
536;291817881.60000002384185791015625000000000000000000000000000
537;291818700.80000001192092895507812500000000000000000000000000
538;291894886.39999997615814208984375000000000000000000000000000
539;291786752.00000000000000000000000000000000000000000000000000
540;291753984.00000000000000000000000000000000000000000000000000
541;291898163.19999998807907104492187500000000000000000000000000
542;291825254.39999997615814208984375000000000000000000000000000
543;291727769.60000002384185791015625000000000000000000000000000
544;291898163.19999998807907104492187500000000000000000000000000
545;291898163.19999998807907104492187500000000000000000000000000
546;291921920.00000000000000000000000000000000000000000000000000
547;291798220.80000001192092895507812500000000000000000000000000
548;291856384.00000000000000000000000000000000000000000000000000
549;291921920.00000000000000000000000000000000000000000000000000
550;291790848.00000000000000000000000000000000000000000000000000
551;291846553.60000002384185791015625000000000000000000000000000
552;291921920.00000000000000000000000000000000000000000000000000
553;291921920.00000000000000000000000000000000000000000000000000
554;291843276.80000001192092895507812500000000000000000000000000
555;291842457.60000002384185791015625000000000000000000000000000
556;291837542.39999997615814208984375000000000000000000000000000
557;291842457.60000002384185791015625000000000000000000000000000
558;291856384.00000000000000000000000000000000000000000000000000
559;291830169.60000002384185791015625000000000000000000000000000
560;291777740.80000001192092895507812500000000000000000000000000
561;291921920.00000000000000000000000000000000000000000000000000
562;291921920.00000000000000000000000000000000000000000000000000
563;291842457.60000002384185791015625000000000000000000000000000
564;291863756.80000001192092895507812500000000000000000000000000
565;291868672.00000000000000000000000000000000000000000000000000
566;291875225.60000002384185791015625000000000000000000000000000
567;291858022.39999997615814208984375000000000000000000000000000
568;291850649.60000002384185791015625000000000000000000000000000
569;291942400.00000000000000000000000000000000000000000000000000
570;291896524.80000001192092895507812500000000000000000000000000
571;291863756.80000001192092895507812500000000000000000000000000
572;291889152.00000000000000000000000000000000000000000000000000
573;291903078.39999997615814208984375000000000000000000000000000
574;291862937.60000002384185791015625000000000000000000000000000
575;291889971.19999998807907104492187500000000000000000000000000
576;291811328.00000000000000000000000000000000000000000000000000
577;285549363.19999998807907104492187500000000000000000000000000
578;272735436.80000001192092895507812500000000000000000000000000
579;272994304.00000000000000000000000000000000000000000000000000
580;273159782.39999997615814208984375000000000000000000000000000
581;273498931.19999998807907104492187500000000000000000000000000
582;273767628.80000001192092895507812500000000000000000000000000
583;274034688.00000000000000000000000000000000000000000000000000
584;274390220.80000001192092895507812500000000000000000000000000
585;274576998.39999997615814208984375000000000000000000000000000
586;274868633.60000002384185791015625000000000000000000000000000
587;274989875.19999998807907104492187500000000000000000000000000
588;275306086.39999997615814208984375000000000000000000000000000
589;275568230.39999997615814208984375000000000000000000000000000
590;275971276.80000001192092895507812500000000000000000000000000
591;276476723.19999998807907104492187500000000000000000000000000
592;276715929.60000002384185791015625000000000000000000000000000
593;277052620.80000001192092895507812500000000000000000000000000
594;277474508.80000001192092895507812500000000000000000000000000
595;277679308.80000001192092895507812500000000000000000000000000
596;277933260.80000001192092895507812500000000000000000000000000
597;278278963.19999998807907104492187500000000000000000000000000
598;278600089.60000002384185791015625000000000000000000000000000
599;278869606.39999997615814208984375000000000000000000000000000
600;279242342.39999997615814208984375000000000000000000000000000
601;280030412.80000001192092895507812500000000000000000000000000
602;280322867.19999998807907104492187500000000000000000000000000
603;280577638.39999997615814208984375000000000000000000000000000
604;280926617.60000002384185791015625000000000000000000000000000
605;281133056.00000000000000000000000000000000000000000000000000
606;281586892.80000001192092895507812500000000000000000000000000
607;281812992.00000000000000000000000000000000000000000000000000
608;281997312.00000000000000000000000000000000000000000000000000
609;282263552.00000000000000000000000000000000000000000000000000
610;282491289.60000002384185791015625000000000000000000000000000
611;282817331.19999998807907104492187500000000000000000000000000
612;283431731.19999998807907104492187500000000000000000000000000
613;283748761.60000002384185791015625000000000000000000000000000
614;283889664.00000000000000000000000000000000000000000000000000
615;283892121.60000002384185791015625000000000000000000000000000
616;284409036.80000001192092895507812500000000000000000000000000
617;284599091.19999998807907104492187500000000000000000000000000
618;284846489.60000002384185791015625000000000000000000000000000
619;285103718.39999997615814208984375000000000000000000000000000
620;285437132.80000001192092895507812500000000000000000000000000
621;285512499.19999998807907104492187500000000000000000000000000
622;286171136.00000000000000000000000000000000000000000000000000
623;286318592.00000000000000000000000000000000000000000000000000
624;286418534.39999997615814208984375000000000000000000000000000
625;286556979.19999998807907104492187500000000000000000000000000
626;286692966.39999997615814208984375000000000000000000000000000
627;286808473.60000002384185791015625000000000000000000000000000
628;288348569.60000002384185791015625000000000000000000000000000
629;288598425.60000002384185791015625000000000000000000000000000
630;288809779.19999998807907104492187500000000000000000000000000
631;288931020.80000001192092895507812500000000000000000000000000
632;288989184.00000000000000000000000000000000000000000000000000
633;289191526.39999997615814208984375000000000000000000000000000
634;289279180.80000001192092895507812500000000000000000000000000
635;290420326.39999997615814208984375000000000000000000000000000
636;290378547.19999998807907104492187500000000000000000000000000
637;290452275.19999998807907104492187500000000000000000000000000
638;290495692.80000001192092895507812500000000000000000000000000
639;290455552.00000000000000000000000000000000000000000000000000
640;290711961.60000002384185791015625000000000000000000000000000
641;290997862.39999997615814208984375000000000000000000000000000
642;291201843.19999998807907104492187500000000000000000000000000
643;292700160.00000000000000000000000000000000000000000000000000
644;292700160.00000000000000000000000000000000000000000000000000
645;292794368.00000000000000000000000000000000000000000000000000
646;292841881.60000002384185791015625000000000000000000000000000
647;292841881.60000002384185791015625000000000000000000000000000
648;292763238.39999997615814208984375000000000000000000000000000
649;292835328.00000000000000000000000000000000000000000000000000
650;292864819.19999998807907104492187500000000000000000000000000
651;292835328.00000000000000000000000000000000000000000000000000
652;292835328.00000000000000000000000000000000000000000000000000
653;292807475.19999998807907104492187500000000000000000000000000
654;292835328.00000000000000000000000000000000000000000000000000
655;292809113.60000002384185791015625000000000000000000000000000
656;292776345.60000002384185791015625000000000000000000000000000
657;292866457.60000002384185791015625000000000000000000000000000
658;292913971.19999998807907104492187500000000000000000000000000
659;292881203.19999998807907104492187500000000000000000000000000
660;292913971.19999998807907104492187500000000000000000000000000
661;292913971.19999998807907104492187500000000000000000000000000
662;292807475.19999998807907104492187500000000000000000000000000
663;292796006.39999997615814208984375000000000000000000000000000
664;292835328.00000000000000000000000000000000000000000000000000
665;292848435.19999998807907104492187500000000000000000000000000
666;292743577.60000002384185791015625000000000000000000000000000
667;292913971.19999998807907104492187500000000000000000000000000
668;292835328.00000000000000000000000000000000000000000000000000
669;292835328.00000000000000000000000000000000000000000000000000
670;292835328.00000000000000000000000000000000000000000000000000
671;292796006.39999997615814208984375000000000000000000000000000
672;292835328.00000000000000000000000000000000000000000000000000
673;292807475.19999998807907104492187500000000000000000000000000
674;292815667.19999998807907104492187500000000000000000000000000
675;292842700.80000001192092895507812500000000000000000000000000
676;292861542.39999997615814208984375000000000000000000000000000
677;292920524.80000001192092895507812500000000000000000000000000
678;292920524.80000001192092895507812500000000000000000000000000
679;292913971.19999998807907104492187500000000000000000000000000
680;292913971.19999998807907104492187500000000000000000000000000
681;292835328.00000000000000000000000000000000000000000000000000
682;292835328.00000000000000000000000000000000000000000000000000
683;292913971.19999998807907104492187500000000000000000000000000
684;292920524.80000001192092895507812500000000000000000000000000
685;292913971.19999998807907104492187500000000000000000000000000
686;292841881.60000002384185791015625000000000000000000000000000
687;292813209.60000002384185791015625000000000000000000000000000
688;292847616.00000000000000000000000000000000000000000000000000
689;292813209.60000002384185791015625000000000000000000000000000
690;292841062.39999997615814208984375000000000000000000000000000
691;292834508.80000001192092895507812500000000000000000000000000
692;292742758.39999997615814208984375000000000000000000000000000
693;292841062.39999997615814208984375000000000000000000000000000
694;272402022.39999997615814208984375000000000000000000000000000
695;272561766.39999997615814208984375000000000000000000000000000
696;272864051.19999998807907104492187500000000000000000000000000
697;273207296.00000000000000000000000000000000000000000000000000
698;273589043.19999998807907104492187500000000000000000000000000
699;273779097.60000002384185791015625000000000000000000000000000
700;273967513.60000002384185791015625000000000000000000000000000
701;274250137.60000002384185791015625000000000000000000000000000
702;274512281.60000002384185791015625000000000000000000000000000
703;274853068.80000001192092895507812500000000000000000000000000
704;275034931.19999998807907104492187500000000000000000000000000
705;275338035.19999998807907104492187500000000000000000000000000
706;275701760.00000000000000000000000000000000000000000000000000
707;276004044.80000001192092895507812500000000000000000000000000
708;276293222.39999997615814208984375000000000000000000000000000
709;276434124.80000001192092895507812500000000000000000000000000
710;276678246.39999997615814208984375000000000000000000000000000
711;277023948.80000001192092895507812500000000000000000000000000
712;277382758.39999997615814208984375000000000000000000000000000
713;277684224.00000000000000000000000000000000000000000000000000
714;278198681.60000002384185791015625000000000000000000000000000
715;278331392.00000000000000000000000000000000000000000000000000
716;278423142.39999997615814208984375000000000000000000000000000
717;278762291.19999998807907104492187500000000000000000000000000
718;279832166.39999997615814208984375000000000000000000000000000
719;279983718.39999997615814208984375000000000000000000000000000
720;280406425.60000002384185791015625000000000000000000000000000
721;280779980.80000001192092895507812500000000000000000000000000
722;281083904.00000000000000000000000000000000000000000000000000
723;281338675.19999998807907104492187500000000000000000000000000
724;281526272.00000000000000000000000000000000000000000000000000
725;282204569.60000002384185791015625000000000000000000000000000
726;282389708.80000001192092895507812500000000000000000000000000
727;282702643.19999998807907104492187500000000000000000000000000
728;282964787.19999998807907104492187500000000000000000000000000
729;283514470.39999997615814208984375000000000000000000000000000
730;283879833.60000002384185791015625000000000000000000000000000
731;284120678.39999997615814208984375000000000000000000000000000
732;284352512.00000000000000000000000000000000000000000000000000
733;284736716.80000001192092895507812500000000000000000000000000
734;285517414.39999997615814208984375000000000000000000000000000
735;285576396.80000001192092895507812500000000000000000000000000
736;285618176.00000000000000000000000000000000000000000000000000
737;285824614.39999997615814208984375000000000000000000000000000
738;286245683.19999998807907104492187500000000000000000000000000
739;286521753.60000002384185791015625000000000000000000000000000
740;286610227.19999998807907104492187500000000000000000000000000
741;286771609.60000002384185791015625000000000000000000000000000
742;286797004.80000001192092895507812500000000000000000000000000
743;286965760.00000000000000000000000000000000000000000000000000
744;288482099.19999998807907104492187500000000000000000000000000
745;288690995.19999998807907104492187500000000000000000000000000
746;288901529.60000002384185791015625000000000000000000000000000
747;289122713.60000002384185791015625000000000000000000000000000
748;289201356.80000001192092895507812500000000000000000000000000
749;289169408.00000000000000000000000000000000000000000000000000
750;289418444.80000001192092895507812500000000000000000000000000
751;290246656.00000000000000000000000000000000000000000000000000
752;290271232.00000000000000000000000000000000000000000000000000
753;290322841.60000002384185791015625000000000000000000000000000
754;290372812.80000001192092895507812500000000000000000000000000
755;290471116.80000001192092895507812500000000000000000000000000
756;290671820.80000001192092895507812500000000000000000000000000
757;291828531.19999998807907104492187500000000000000000000000000
758;291791667.19999998807907104492187500000000000000000000000000
759;291883417.60000002384185791015625000000000000000000000000000
760;291883417.60000002384185791015625000000000000000000000000000
761;291853926.39999997615814208984375000000000000000000000000000
762;291893248.00000000000000000000000000000000000000000000000000
763;291885875.19999998807907104492187500000000000000000000000000
764;292010393.60000002384185791015625000000000000000000000000000
765;291932569.60000002384185791015625000000000000000000000000000
766;291925196.80000001192092895507812500000000000000000000000000
767;291912089.60000002384185791015625000000000000000000000000000
768;291840000.00000000000000000000000000000000000000000000000000
769;291925196.80000001192092895507812500000000000000000000000000
770;291931750.39999997615814208984375000000000000000000000000000
771;291882598.39999997615814208984375000000000000000000000000000
772;291885875.19999998807907104492187500000000000000000000000000
773;291898982.39999997615814208984375000000000000000000000000000
774;291931750.39999997615814208984375000000000000000000000000000
775;292010393.60000002384185791015625000000000000000000000000000
776;292010393.60000002384185791015625000000000000000000000000000
777;291956326.39999997615814208984375000000000000000000000000000
778;291826892.80000001192092895507812500000000000000000000000000
779;291925196.80000001192092895507812500000000000000000000000000
780;291879321.60000002384185791015625000000000000000000000000000
781;291897344.00000000000000000000000000000000000000000000000000
782;291925196.80000001192092895507812500000000000000000000000000
783;291918643.19999998807907104492187500000000000000000000000000
784;291956326.39999997615814208984375000000000000000000000000000
785;291932569.60000002384185791015625000000000000000000000000000
786;291931750.39999997615814208984375000000000000000000000000000
787;291853107.19999998807907104492187500000000000000000000000000
788;291925196.80000001192092895507812500000000000000000000000000
789;291932569.60000002384185791015625000000000000000000000000000
790;291897344.00000000000000000000000000000000000000000000000000
791;291977625.60000002384185791015625000000000000000000000000000
792;292003840.00000000000000000000000000000000000000000000000000
793;291897344.00000000000000000000000000000000000000000000000000
794;292003840.00000000000000000000000000000000000000000000000000
795;291897344.00000000000000000000000000000000000000000000000000
796;291944857.60000002384185791015625000000000000000000000000000
797;291937484.80000001192092895507812500000000000000000000000000
798;291937484.80000001192092895507812500000000000000000000000000
799;291924377.60000002384185791015625000000000000000000000000000
800;291930931.19999998807907104492187500000000000000000000000000
801;291955507.19999998807907104492187500000000000000000000000000
802;291930931.19999998807907104492187500000000000000000000000000
803;291957145.60000002384185791015625000000000000000000000000000
804;291944857.60000002384185791015625000000000000000000000000000
805;291930931.19999998807907104492187500000000000000000000000000
806;291937484.80000001192092895507812500000000000000000000000000
807;291858841.60000002384185791015625000000000000000000000000000
808;272211148.80000001192092895507812500000000000000000000000000
809;272547840.00000000000000000000000000000000000000000000000000
810;272891904.00000000000000000000000000000000000000000000000000
811;273294131.19999998807907104492187500000000000000000000000000
812;273630822.39999997615814208984375000000000000000000000000000
813;273910988.80000001192092895507812500000000000000000000000000
814;274137088.00000000000000000000000000000000000000000000000000
815;274389401.60000002384185791015625000000000000000000000000000
816;274663833.60000002384185791015625000000000000000000000000000
817;274880102.39999997615814208984375000000000000000000000000000
818;275252838.39999997615814208984375000000000000000000000000000
819;275666534.39999997615814208984375000000000000000000000000000
820;275831193.60000002384185791015625000000000000000000000000000
821;276076134.39999997615814208984375000000000000000000000000000
822;276532428.80000001192092895507812500000000000000000000000000
823;276848640.00000000000000000000000000000000000000000000000000
824;277177139.19999998807907104492187500000000000000000000000000
825;277526937.60000002384185791015625000000000000000000000000000
826;277726003.19999998807907104492187500000000000000000000000000
827;278205235.19999998807907104492187500000000000000000000000000
828;278345318.39999997615814208984375000000000000000000000000000
829;279000678.39999997615814208984375000000000000000000000000000
830;279257907.19999998807907104492187500000000000000000000000000
831;279357030.39999997615814208984375000000000000000000000000000
832;280329420.80000001192092895507812500000000000000000000000000
833;280536678.39999997615814208984375000000000000000000000000000
834;280740659.19999998807907104492187500000000000000000000000000
835;281563136.00000000000000000000000000000000000000000000000000
836;281707315.19999998807907104492187500000000000000000000000000
837;281933414.39999997615814208984375000000000000000000000000000
838;282284851.19999998807907104492187500000000000000000000000000
839;282766540.80000001192092895507812500000000000000000000000000
840;283153203.19999998807907104492187500000000000000000000000000
841;283409612.80000001192092895507812500000000000000000000000000
842;283441561.60000002384185791015625000000000000000000000000000
843;283860992.00000000000000000000000000000000000000000000000000
844;283967488.00000000000000000000000000000000000000000000000000
845;284158361.60000002384185791015625000000000000000000000000000
846;284377088.00000000000000000000000000000000000000000000000000
847;284711321.60000002384185791015625000000000000000000000000000
848;285386342.39999997615814208984375000000000000000000000000000
849;285586227.19999998807907104492187500000000000000000000000000
850;285690265.60000002384185791015625000000000000000000000000000
851;285880320.00000000000000000000000000000000000000000000000000
852;286057267.19999998807907104492187500000000000000000000000000
853;287271321.60000002384185791015625000000000000000000000000000
854;287435980.80000001192092895507812500000000000000000000000000
855;287591628.80000001192092895507812500000000000000000000000000
856;287653068.80000001192092895507812500000000000000000000000000
857;287757107.19999998807907104492187500000000000000000000000000
858;287881625.60000002384185791015625000000000000000000000000000
859;289003929.60000002384185791015625000000000000000000000000000
860;289103052.80000001192092895507812500000000000000000000000000
861;289115340.80000001192092895507812500000000000000000000000000
862;289150566.39999997615814208984375000000000000000000000000000
863;289402880.00000000000000000000000000000000000000000000000000
864;289591296.00000000000000000000000000000000000000000000000000
865;289949286.39999997615814208984375000000000000000000000000000
866;291037184.00000000000000000000000000000000000000000000000000
867;291051110.39999997615814208984375000000000000000000000000000
868;291006873.60000002384185791015625000000000000000000000000000
869;291250995.19999998807907104492187500000000000000000000000000
870;291776921.60000002384185791015625000000000000000000000000000
871;291778560.00000000000000000000000000000000000000000000000000
872;291903078.39999997615814208984375000000000000000000000000000
873;291957145.60000002384185791015625000000000000000000000000000
874;291904716.80000001192092895507812500000000000000000000000000
875;291904716.80000001192092895507812500000000000000000000000000
876;291904716.80000001192092895507812500000000000000000000000000
877;291904716.80000001192092895507812500000000000000000000000000
878;291904716.80000001192092895507812500000000000000000000000000
879;291812966.39999997615814208984375000000000000000000000000000
880;291930112.00000000000000000000000000000000000000000000000000
881;291904716.80000001192092895507812500000000000000000000000000
882;291942400.00000000000000000000000000000000000000000000000000
883;291957145.60000002384185791015625000000000000000000000000000
884;291917824.00000000000000000000000000000000000000000000000000
885;291957145.60000002384185791015625000000000000000000000000000
886;291957145.60000002384185791015625000000000000000000000000000
887;291917824.00000000000000000000000000000000000000000000000000
888;291918643.19999998807907104492187500000000000000000000000000
889;291957964.80000001192092895507812500000000000000000000000000
890;291918643.19999998807907104492187500000000000000000000000000
891;291919462.39999997615814208984375000000000000000000000000000
892;291905536.00000000000000000000000000000000000000000000000000
893;291826892.80000001192092895507812500000000000000000000000000
894;291921100.80000001192092895507812500000000000000000000000000
895;291905536.00000000000000000000000000000000000000000000000000
896;291866214.39999997615814208984375000000000000000000000000000
897;291943219.19999998807907104492187500000000000000000000000000
898;291931750.39999997615814208984375000000000000000000000000000
899;291905536.00000000000000000000000000000000000000000000000000
900;291930931.19999998807907104492187500000000000000000000000000
901;291957964.80000001192092895507812500000000000000000000000000
902;291905536.00000000000000000000000000000000000000000000000000
903;291905536.00000000000000000000000000000000000000000000000000
904;291866214.39999997615814208984375000000000000000000000000000
905;291918643.19999998807907104492187500000000000000000000000000
906;291813785.60000002384185791015625000000000000000000000000000
907;291957964.80000001192092895507812500000000000000000000000000
908;291957964.80000001192092895507812500000000000000000000000000
909;291904716.80000001192092895507812500000000000000000000000000
910;291957964.80000001192092895507812500000000000000000000000000
911;291840000.00000000000000000000000000000000000000000000000000
912;291905536.00000000000000000000000000000000000000000000000000
913;291904716.80000001192092895507812500000000000000000000000000
914;291905536.00000000000000000000000000000000000000000000000000
915;291930931.19999998807907104492187500000000000000000000000000
916;291905536.00000000000000000000000000000000000000000000000000
917;291918643.19999998807907104492187500000000000000000000000000
918;291840000.00000000000000000000000000000000000000000000000000
919;291931750.39999997615814208984375000000000000000000000000000
920;291918643.19999998807907104492187500000000000000000000000000
921;291866214.39999997615814208984375000000000000000000000000000
922;291840000.00000000000000000000000000000000000000000000000000
923;291918643.19999998807907104492187500000000000000000000000000
924;272411852.80000001192092895507812500000000000000000000000000
925;272512614.39999997615814208984375000000000000000000000000000
926;272862412.80000001192092895507812500000000000000000000000000
927;273230233.60000002384185791015625000000000000000000000000000
928;273340825.60000002384185791015625000000000000000000000000000
929;273649664.00000000000000000000000000000000000000000000000000
930;273940480.00000000000000000000000000000000000000000000000000
931;274313216.00000000000000000000000000000000000000000000000000
932;274556518.39999997615814208984375000000000000000000000000000
933;274799001.60000002384185791015625000000000000000000000000000
934;275211059.19999998807907104492187500000000000000000000000000
935;275440435.19999998807907104492187500000000000000000000000000
936;275702579.19999998807907104492187500000000000000000000000000
937;275958169.60000002384185791015625000000000000000000000000000
938;276541440.00000000000000000000000000000000000000000000000000
939;276766720.00000000000000000000000000000000000000000000000000
940;277123891.19999998807907104492187500000000000000000000000000
941;277329510.39999997615814208984375000000000000000000000000000
942;277519564.80000001192092895507812500000000000000000000000000
943;277792358.39999997615814208984375000000000000000000000000000
944;278392012.80000001192092895507812500000000000000000000000000
945;278543564.80000001192092895507812500000000000000000000000000
946;278786048.00000000000000000000000000000000000000000000000000
947;279958323.19999998807907104492187500000000000000000000000000
948;280095948.80000001192092895507812500000000000000000000000000
949;280471142.39999997615814208984375000000000000000000000000000
950;281269043.19999998807907104492187500000000000000000000000000
951;281455001.60000002384185791015625000000000000000000000000000
952;281823641.60000002384185791015625000000000000000000000000000
953;281883443.19999998807907104492187500000000000000000000000000
954;282641203.19999998807907104492187500000000000000000000000000
955;282913177.60000002384185791015625000000000000000000000000000
956;283313766.39999997615814208984375000000000000000000000000000
957;283558707.19999998807907104492187500000000000000000000000000
958;284137881.60000002384185791015625000000000000000000000000000
959;284305817.60000002384185791015625000000000000000000000000000
960;284604825.60000002384185791015625000000000000000000000000000
961;284857958.39999997615814208984375000000000000000000000000000
962;285375692.80000001192092895507812500000000000000000000000000
963;285413376.00000000000000000000000000000000000000000000000000
964;285539532.80000001192092895507812500000000000000000000000000
965;285954048.00000000000000000000000000000000000000000000000000
966;285964697.60000002384185791015625000000000000000000000000000
967;286509465.60000002384185791015625000000000000000000000000000
968;286797004.80000001192092895507812500000000000000000000000000
969;286960844.80000001192092895507812500000000000000000000000000
970;287106662.39999997615814208984375000000000000000000000000000
971;287349964.80000001192092895507812500000000000000000000000000
972;288665600.00000000000000000000000000000000000000000000000000
973;288695910.39999997615814208984375000000000000000000000000000
974;288974438.39999997615814208984375000000000000000000000000000
975;289053081.60000002384185791015625000000000000000000000000000
976;289118617.60000002384185791015625000000000000000000000000000
977;289347993.60000002384185791015625000000000000000000000000000
978;290255667.19999998807907104492187500000000000000000000000000
979;290267136.00000000000000000000000000000000000000000000000000
980;290312192.00000000000000000000000000000000000000000000000000
981;290413772.80000001192092895507812500000000000000000000000000
982;290407219.19999998807907104492187500000000000000000000000000
983;290654617.60000002384185791015625000000000000000000000000000
984;290698854.39999997615814208984375000000000000000000000000000
985;290947891.19999998807907104492187500000000000000000000000000
986;292420812.80000001192092895507812500000000000000000000000000
987;292352000.00000000000000000000000000000000000000000000000000
988;292341350.39999997615814208984375000000000000000000000000000
989;292444569.60000002384185791015625000000000000000000000000000
990;292457676.80000001192092895507812500000000000000000000000000
991;292415897.60000002384185791015625000000000000000000000000000
992;292527308.80000001192092895507812500000000000000000000000000
993;292514201.60000002384185791015625000000000000000000000000000
994;292539596.80000001192092895507812500000000000000000000000000
995;292528128.00000000000000000000000000000000000000000000000000
996;292514201.60000002384185791015625000000000000000000000000000
997;292442112.00000000000000000000000000000000000000000000000000
998;292540416.00000000000000000000000000000000000000000000000000
999;292520755.19999998807907104492187500000000000000000000000000
1000;292528128.00000000000000000000000000000000000000000000000000
1001;292442112.00000000000000000000000000000000000000000000000000
1002;292527308.80000001192092895507812500000000000000000000000000
1003;292514201.60000002384185791015625000000000000000000000000000
1004;292524851.19999998807907104492187500000000000000000000000000
1005;292682137.60000002384185791015625000000000000000000000000000
1006;292675584.00000000000000000000000000000000000000000000000000
1007;292675584.00000000000000000000000000000000000000000000000000
1008;292643635.19999998807907104492187500000000000000000000000000
1009;292557619.19999998807907104492187500000000000000000000000000
1010;292682137.60000002384185791015625000000000000000000000000000
1011;292629708.80000001192092895507812500000000000000000000000000
1012;292675584.00000000000000000000000000000000000000000000000000
1013;292628889.60000002384185791015625000000000000000000000000000
1014;292603494.39999997615814208984375000000000000000000000000000
1015;292629708.80000001192092895507812500000000000000000000000000
1016;292682137.60000002384185791015625000000000000000000000000000
1017;292655104.00000000000000000000000000000000000000000000000000
1018;292603494.39999997615814208984375000000000000000000000000000
1019;292655923.19999998807907104492187500000000000000000000000000
1020;292682137.60000002384185791015625000000000000000000000000000
1021;292682137.60000002384185791015625000000000000000000000000000
1022;292629708.80000001192092895507812500000000000000000000000000
1023;292643635.19999998807907104492187500000000000000000000000000
1024;292584652.80000001192092895507812500000000000000000000000000
1025;292629708.80000001192092895507812500000000000000000000000000
1026;292642816.00000000000000000000000000000000000000000000000000
1027;292637081.60000002384185791015625000000000000000000000000000
1028;292557619.19999998807907104492187500000000000000000000000000
1029;292557619.19999998807907104492187500000000000000000000000000
1030;292570726.39999997615814208984375000000000000000000000000000
1031;292629708.80000001192092895507812500000000000000000000000000
1032;292643635.19999998807907104492187500000000000000000000000000
1033;292643635.19999998807907104492187500000000000000000000000000
1034;292584652.80000001192092895507812500000000000000000000000000
1035;292629708.80000001192092895507812500000000000000000000000000
1036;292655104.00000000000000000000000000000000000000000000000000
1037;272879616.00000000000000000000000000000000000000000000000000
1038;273152409.60000002384185791015625000000000000000000000000000
1039;273294131.19999998807907104492187500000000000000000000000000
1040;273587404.80000001192092895507812500000000000000000000000000
1041;274002739.19999998807907104492187500000000000000000000000000
1042;274178867.19999998807907104492187500000000000000000000000000
1043;274517196.80000001192092895507812500000000000000000000000000
1044;274742476.80000001192092895507812500000000000000000000000000
1045;275062784.00000000000000000000000000000000000000000000000000
1046;275329024.00000000000000000000000000000000000000000000000000
1047;275772211.19999998807907104492187500000000000000000000000000
1048;275995852.80000001192092895507812500000000000000000000000000
1049;276244889.60000002384185791015625000000000000000000000000000
1050;276647936.00000000000000000000000000000000000000000000000000
1051;277005926.39999997615814208984375000000000000000000000000000
1052;277200896.00000000000000000000000000000000000000000000000000
1053;277573632.00000000000000000000000000000000000000000000000000
1054;277964390.39999997615814208984375000000000000000000000000000
1055;278116761.60000002384185791015625000000000000000000000000000
1056;278732800.00000000000000000000000000000000000000000000000000
1057;278909747.19999998807907104492187500000000000000000000000000
1058;279242342.39999997615814208984375000000000000000000000000000
1059;279628185.60000002384185791015625000000000000000000000000000
1060;279629004.80000001192092895507812500000000000000000000000000
1061;279869030.39999997615814208984375000000000000000000000000000
1062;281003622.39999997615814208984375000000000000000000000000000
1063;281120768.00000000000000000000000000000000000000000000000000
1064;281440256.00000000000000000000000000000000000000000000000000
1065;281885081.60000002384185791015625000000000000000000000000000
1066;282227507.19999998807907104492187500000000000000000000000000
1067;282446233.60000002384185791015625000000000000000000000000000
1068;282750156.80000001192092895507812500000000000000000000000000
1069;283338342.39999997615814208984375000000000000000000000000000
1070;283751219.19999998807907104492187500000000000000000000000000
1071;284131328.00000000000000000000000000000000000000000000000000
1072;284170649.60000002384185791015625000000000000000000000000000
1073;284740812.80000001192092895507812500000000000000000000000000
1074;284921036.80000001192092895507812500000000000000000000000000
1075;285000499.19999998807907104492187500000000000000000000000000
1076;285088153.60000002384185791015625000000000000000000000000000
1077;285833625.60000002384185791015625000000000000000000000000000
1078;285997465.60000002384185791015625000000000000000000000000000
1079;286268620.80000001192092895507812500000000000000000000000000
1080;286744576.00000000000000000000000000000000000000000000000000
1081;286833049.60000002384185791015625000000000000000000000000000
1082;287132876.80000001192092895507812500000000000000000000000000
1083;287223808.00000000000000000000000000000000000000000000000000
1084;288559104.00000000000000000000000000000000000000000000000000
1085;288805683.19999998807907104492187500000000000000000000000000
1086;288876134.39999997615814208984375000000000000000000000000000
1087;288953139.19999998807907104492187500000000000000000000000000
1088;289035059.19999998807907104492187500000000000000000000000000
1089;289193164.80000001192092895507812500000000000000000000000000
1090;290159001.60000002384185791015625000000000000000000000000000
1091;290376089.60000002384185791015625000000000000000000000000000
1092;290600550.39999997615814208984375000000000000000000000000000
1093;290731622.39999997615814208984375000000000000000000000000000
1094;290827468.80000001192092895507812500000000000000000000000000
1095;290978201.60000002384185791015625000000000000000000000000000
1096;291019161.60000002384185791015625000000000000000000000000000
1097;291792486.39999997615814208984375000000000000000000000000000
1098;291894067.19999998807907104492187500000000000000000000000000
1099;292145561.60000002384185791015625000000000000000000000000000
1100;292003840.00000000000000000000000000000000000000000000000000
1101;292333977.60000002384185791015625000000000000000000000000000
1102;292418355.19999998807907104492187500000000000000000000000000
1103;292578099.19999998807907104492187500000000000000000000000000
1104;292578918.39999997615814208984375000000000000000000000000000
1105;292578099.19999998807907104492187500000000000000000000000000
1106;292564992.00000000000000000000000000000000000000000000000000
1107;292578918.39999997615814208984375000000000000000000000000000
1108;292499456.00000000000000000000000000000000000000000000000000
1109;292564992.00000000000000000000000000000000000000000000000000
1110;292564992.00000000000000000000000000000000000000000000000000
1111;292564172.80000001192092895507812500000000000000000000000000
1112;292551884.80000001192092895507812500000000000000000000000000
1113;292578099.19999998807907104492187500000000000000000000000000
1114;292564172.80000001192092895507812500000000000000000000000000
1115;292538777.60000002384185791015625000000000000000000000000000
1116;292591206.39999997615814208984375000000000000000000000000000
1117;292617420.80000001192092895507812500000000000000000000000000
1118;292633804.80000001192092895507812500000000000000000000000000
1119;292633804.80000001192092895507812500000000000000000000000000
1120;292594483.19999998807907104492187500000000000000000000000000
1121;292633804.80000001192092895507812500000000000000000000000000
1122;292633804.80000001192092895507812500000000000000000000000000
1123;292606771.19999998807907104492187500000000000000000000000000
1124;292515840.00000000000000000000000000000000000000000000000000
1125;292619059.19999998807907104492187500000000000000000000000000
1126;292581376.00000000000000000000000000000000000000000000000000
1127;292528947.19999998807907104492187500000000000000000000000000
1128;292581376.00000000000000000000000000000000000000000000000000
1129;292595302.39999997615814208984375000000000000000000000000000
1130;292581376.00000000000000000000000000000000000000000000000000
1131;292594483.19999998807907104492187500000000000000000000000000
1132;292633804.80000001192092895507812500000000000000000000000000
1133;292594483.19999998807907104492187500000000000000000000000000
1134;292633804.80000001192092895507812500000000000000000000000000
1135;292633804.80000001192092895507812500000000000000000000000000
1136;292594483.19999998807907104492187500000000000000000000000000
1137;292581376.00000000000000000000000000000000000000000000000000
1138;292605132.80000001192092895507812500000000000000000000000000
1139;292633804.80000001192092895507812500000000000000000000000000
1140;292581376.00000000000000000000000000000000000000000000000000
1141;292605132.80000001192092895507812500000000000000000000000000
1142;292580556.80000001192092895507812500000000000000000000000000
1143;292515840.00000000000000000000000000000000000000000000000000
1144;292633804.80000001192092895507812500000000000000000000000000
1145;292515840.00000000000000000000000000000000000000000000000000
1146;292581376.00000000000000000000000000000000000000000000000000
1147;292580556.80000001192092895507812500000000000000000000000000
1148;292633804.80000001192092895507812500000000000000000000000000
1149;292600217.60000002384185791015625000000000000000000000000000
1150;272616652.80000001192092895507812500000000000000000000000000
1151;272544563.19999998807907104492187500000000000000000000000000
1152;272935321.60000002384185791015625000000000000000000000000000
1153;272927948.80000001192092895507812500000000000000000000000000
1154;273340825.60000002384185791015625000000000000000000000000000
1155;273548083.19999998807907104492187500000000000000000000000000
1156;273947033.60000002384185791015625000000000000000000000000000
1157;274180505.60000002384185791015625000000000000000000000000000
1158;274343526.39999997615814208984375000000000000000000000000000
1159;274723635.19999998807907104492187500000000000000000000000000
1160;275014451.19999998807907104492187500000000000000000000000000
1161;275310182.39999997615814208984375000000000000000000000000000
1162;275496140.80000001192092895507812500000000000000000000000000
1163;275968000.00000000000000000000000000000000000000000000000000
1164;276307148.80000001192092895507812500000000000000000000000000
1165;276471808.00000000000000000000000000000000000000000000000000
1166;276730675.19999998807907104492187500000000000000000000000000
1167;277246771.19999998807907104492187500000000000000000000000000
1168;277381120.00000000000000000000000000000000000000000000000000
1169;277964390.39999997615814208984375000000000000000000000000000
1170;278342860.80000001192092895507812500000000000000000000000000
1171;278761472.00000000000000000000000000000000000000000000000000
1172;279085056.00000000000000000000000000000000000000000000000000
1173;279386521.60000002384185791015625000000000000000000000000000
1174;280302387.19999998807907104492187500000000000000000000000000
1175;280779161.60000002384185791015625000000000000000000000000000
1176;280971673.60000002384185791015625000000000000000000000000000
1177;281509888.00000000000000000000000000000000000000000000000000
1178;281841664.00000000000000000000000000000000000000000000000000
1179;282177536.00000000000000000000000000000000000000000000000000
1180;282451148.80000001192092895507812500000000000000000000000000
1181;283025408.00000000000000000000000000000000000000000000000000
1182;283289190.39999997615814208984375000000000000000000000000000
1183;283430092.80000001192092895507812500000000000000000000000000
1184;283505459.19999998807907104492187500000000000000000000000000
1185;283956838.39999997615814208984375000000000000000000000000000
1186;284060057.60000002384185791015625000000000000000000000000000
1187;284282060.80000001192092895507812500000000000000000000000000
1188;284595814.39999997615814208984375000000000000000000000000000
1189;285296230.39999997615814208984375000000000000000000000000000
1190;285771366.39999997615814208984375000000000000000000000000000
1191;285881139.19999998807907104492187500000000000000000000000000
1192;286054809.60000002384185791015625000000000000000000000000000
1193;286243225.60000002384185791015625000000000000000000000000000
1194;287458918.39999997615814208984375000000000000000000000000000
1195;287512166.39999997615814208984375000000000000000000000000000
1196;287647334.39999997615814208984375000000000000000000000000000
1197;287867699.19999998807907104492187500000000000000000000000000
1198;287887360.00000000000000000000000000000000000000000000000000
1199;289357824.00000000000000000000000000000000000000000000000000
1200;289622425.60000002384185791015625000000000000000000000000000
1201;289814118.39999997615814208984375000000000000000000000000000
1202;289799372.80000001192092895507812500000000000000000000000000
1203;289918976.00000000000000000000000000000000000000000000000000
1204;289936179.19999998807907104492187500000000000000000000000000
1205;290231910.39999997615814208984375000000000000000000000000000
1206;291617177.60000002384185791015625000000000000000000000000000
1207;291598336.00000000000000000000000000000000000000000000000000
1208;291636019.19999998807907104492187500000000000000000000000000
1209;291663872.00000000000000000000000000000000000000000000000000
1210;291816243.19999998807907104492187500000000000000000000000000
1211;292270899.19999998807907104492187500000000000000000000000000
1212;292270899.19999998807907104492187500000000000000000000000000
1213;292428185.60000002384185791015625000000000000000000000000000
1214;292414259.19999998807907104492187500000000000000000000000000
1215;292388864.00000000000000000000000000000000000000000000000000
1216;292375756.80000001192092895507812500000000000000000000000000
1217;292362649.60000002384185791015625000000000000000000000000000
1218;292500275.19999998807907104492187500000000000000000000000000
1219;292467507.19999998807907104492187500000000000000000000000000
1220;292414259.19999998807907104492187500000000000000000000000000
1221;292394598.39999997615814208984375000000000000000000000000000
1222;292388044.80000001192092895507812500000000000000000000000000
1223;292362649.60000002384185791015625000000000000000000000000000
1224;292362649.60000002384185791015625000000000000000000000000000
1225;292408524.80000001192092895507812500000000000000000000000000
1226;292387225.60000002384185791015625000000000000000000000000000
1227;292500275.19999998807907104492187500000000000000000000000000
1228;292500275.19999998807907104492187500000000000000000000000000
1229;292420812.80000001192092895507812500000000000000000000000000
1230;292414259.19999998807907104492187500000000000000000000000000
1231;292362649.60000002384185791015625000000000000000000000000000
1232;292415078.39999997615814208984375000000000000000000000000000
1233;292356096.00000000000000000000000000000000000000000000000000
1234;292493721.60000002384185791015625000000000000000000000000000
1235;292414259.19999998807907104492187500000000000000000000000000
1236;292409344.00000000000000000000000000000000000000000000000000
1237;292375756.80000001192092895507812500000000000000000000000000
1238;292421632.00000000000000000000000000000000000000000000000000
1239;292421632.00000000000000000000000000000000000000000000000000
1240;292415078.39999997615814208984375000000000000000000000000000
1241;292415078.39999997615814208984375000000000000000000000000000
1242;292420812.80000001192092895507812500000000000000000000000000
1243;292493721.60000002384185791015625000000000000000000000000000
1244;292493721.60000002384185791015625000000000000000000000000000
1245;292428185.60000002384185791015625000000000000000000000000000
1246;292428185.60000002384185791015625000000000000000000000000000
1247;292415078.39999997615814208984375000000000000000000000000000
1248;292362649.60000002384185791015625000000000000000000000000000
1249;292387225.60000002384185791015625000000000000000000000000000
1250;292421632.00000000000000000000000000000000000000000000000000
1251;292452761.60000002384185791015625000000000000000000000000000
1252;292420812.80000001192092895507812500000000000000000000000000
1253;292383129.60000002384185791015625000000000000000000000000000
1254;292349542.39999997615814208984375000000000000000000000000000
1255;292421632.00000000000000000000000000000000000000000000000000
1256;292415078.39999997615814208984375000000000000000000000000000
1257;292447846.39999997615814208984375000000000000000000000000000
1258;292441292.80000001192092895507812500000000000000000000000000
1259;272239820.80000001192092895507812500000000000000000000000000
1260;272636313.60000002384185791015625000000000000000000000000000
1261;272664985.60000002384185791015625000000000000000000000000000
1262;272792780.80000001192092895507812500000000000000000000000000
1263;273156505.60000002384185791015625000000000000000000000000000
1264;273437491.19999998807907104492187500000000000000000000000000
1265;273665228.80000001192092895507812500000000000000000000000000
1266;273996185.60000002384185791015625000000000000000000000000000
1267;274290278.39999997615814208984375000000000000000000000000000
1268;274720358.39999997615814208984375000000000000000000000000000
1269;274939904.00000000000000000000000000000000000000000000000000
1270;275272499.19999998807907104492187500000000000000000000000000
1271;275673907.19999998807907104492187500000000000000000000000000
1272;275843481.60000002384185791015625000000000000000000000000000
1273;276250624.00000000000000000000000000000000000000000000000000
1274;276474265.60000002384185791015625000000000000000000000000000
1275;276953497.60000002384185791015625000000000000000000000000000
1276;277080473.60000002384185791015625000000000000000000000000000
1277;277470412.80000001192092895507812500000000000000000000000000
1278;277770240.00000000000000000000000000000000000000000000000000
1279;278043852.80000001192092895507812500000000000000000000000000
1280;278346137.60000002384185791015625000000000000000000000000000
1281;279536435.19999998807907104492187500000000000000000000000000
1282;279687987.19999998807907104492187500000000000000000000000000
1283;280045158.39999997615814208984375000000000000000000000000000
1284;280267161.60000002384185791015625000000000000000000000000000
1285;280820121.60000002384185791015625000000000000000000000000000
1286;281237094.39999997615814208984375000000000000000000000000000
1287;281413222.39999997615814208984375000000000000000000000000000
1288;282057113.60000002384185791015625000000000000000000000000000
1289;282147225.60000002384185791015625000000000000000000000000000
1290;282619084.80000001192092895507812500000000000000000000000000
1291;282856652.80000001192092895507812500000000000000000000000000
1292;283307212.80000001192092895507812500000000000000000000000000
1293;283405516.80000001192092895507812500000000000000000000000000
1294;283529216.00000000000000000000000000000000000000000000000000
1295;283663564.80000001192092895507812500000000000000000000000000
1296;283696332.80000001192092895507812500000000000000000000000000
1297;284164915.19999998807907104492187500000000000000000000000000
1298;284347596.80000001192092895507812500000000000000000000000000
1299;284708864.00000000000000000000000000000000000000000000000000
1300;284774400.00000000000000000000000000000000000000000000000000
1301;285306880.00000000000000000000000000000000000000000000000000
1302;285738598.39999997615814208984375000000000000000000000000000
1303;285838540.80000001192092895507812500000000000000000000000000
1304;285949952.00000000000000000000000000000000000000000000000000
1305;286153932.80000001192092895507812500000000000000000000000000
1306;286391500.80000001192092895507812500000000000000000000000000
1307;287854592.00000000000000000000000000000000000000000000000000
1308;288007782.39999997615814208984375000000000000000000000000000
1309;288056115.19999998807907104492187500000000000000000000000000
1310;288222412.80000001192092895507812500000000000000000000000000
1311;288393625.60000002384185791015625000000000000000000000000000
1312;288477184.00000000000000000000000000000000000000000000000000
1313;288580403.19999998807907104492187500000000000000000000000000
1314;289683046.39999997615814208984375000000000000000000000000000
1315;289674035.19999998807907104492187500000000000000000000000000
1316;289690419.19999998807907104492187500000000000000000000000000
1317;289889484.80000001192092895507812500000000000000000000000000
1318;289962393.60000002384185791015625000000000000000000000000000
1319;290128691.19999998807907104492187500000000000000000000000000
1320;290526003.19999998807907104492187500000000000000000000000000
1321;292198809.60000002384185791015625000000000000000000000000000
1322;292198809.60000002384185791015625000000000000000000000000000
1323;292089036.80000001192092895507812500000000000000000000000000
1324;292089036.80000001192092895507812500000000000000000000000000
1325;292095590.39999997615814208984375000000000000000000000000000
1326;292095590.39999997615814208984375000000000000000000000000000
1327;292133273.60000002384185791015625000000000000000000000000000
1328;292102144.00000000000000000000000000000000000000000000000000
1329;292030054.39999997615814208984375000000000000000000000000000
1330;292108697.60000002384185791015625000000000000000000000000000
1331;292102144.00000000000000000000000000000000000000000000000000
1332;292067737.60000002384185791015625000000000000000000000000000
1333;292067737.60000002384185791015625000000000000000000000000000
1334;292056268.80000001192092895507812500000000000000000000000000
1335;292115251.19999998807907104492187500000000000000000000000000
1336;292089036.80000001192092895507812500000000000000000000000000
1337;292067737.60000002384185791015625000000000000000000000000000
1338;292095590.39999997615814208984375000000000000000000000000000
1339;292306124.80000001192092895507812500000000000000000000000000
1340;292306124.80000001192092895507812500000000000000000000000000
1341;292227481.60000002384185791015625000000000000000000000000000
1342;292234035.19999998807907104492187500000000000000000000000000
1343;292227481.60000002384185791015625000000000000000000000000000
1344;292240588.80000001192092895507812500000000000000000000000000
1345;292279910.39999997615814208984375000000000000000000000000000
1346;292234035.19999998807907104492187500000000000000000000000000
1347;292227481.60000002384185791015625000000000000000000000000000
1348;292142284.80000001192092895507812500000000000000000000000000
1349;292265164.80000001192092895507812500000000000000000000000000
1350;292227481.60000002384185791015625000000000000000000000000000
1351;292286464.00000000000000000000000000000000000000000000000000
1352;292240588.80000001192092895507812500000000000000000000000000
1353;292188160.00000000000000000000000000000000000000000000000000
1354;292238131.19999998807907104492187500000000000000000000000000
1355;292199628.80000001192092895507812500000000000000000000000000
1356;292234035.19999998807907104492187500000000000000000000000000
1357;292220928.00000000000000000000000000000000000000000000000000
1358;292312678.39999997615814208984375000000000000000000000000000
1359;292312678.39999997615814208984375000000000000000000000000000
1360;292252057.60000002384185791015625000000000000000000000000000
1361;292227481.60000002384185791015625000000000000000000000000000
1362;292188160.00000000000000000000000000000000000000000000000000
1363;292234035.19999998807907104492187500000000000000000000000000
1364;292227481.60000002384185791015625000000000000000000000000000
1365;292234035.19999998807907104492187500000000000000000000000000
1366;292265164.80000001192092895507812500000000000000000000000000
1367;292194713.60000002384185791015625000000000000000000000000000
1368;292240588.80000001192092895507812500000000000000000000000000
1369;292199628.80000001192092895507812500000000000000000000000000
1370;292312678.39999997615814208984375000000000000000000000000000
1371;292135731.19999998807907104492187500000000000000000000000000
1372;292240588.80000001192092895507812500000000000000000000000000
1373;292227481.60000002384185791015625000000000000000000000000000
1374;270296678.39999997615814208984375000000000000000000000000000
1375;270342553.60000002384185791015625000000000000000000000000000
1376;270703820.80000001192092895507812500000000000000000000000000
1377;271136358.39999997615814208984375000000000000000000000000000
1378;271361638.39999997615814208984375000000000000000000000000000
1379;271654912.00000000000000000000000000000000000000000000000000
1380;272024371.19999998807907104492187500000000000000000000000000
1381;272433971.19999998807907104492187500000000000000000000000000
1382;272714137.60000002384185791015625000000000000000000000000000
1383;273127833.60000002384185791015625000000000000000000000000000
1384;273525145.60000002384185791015625000000000000000000000000000
1385;273771724.80000001192092895507812500000000000000000000000000
1386;274025676.80000001192092895507812500000000000000000000000000
1387;276186726.39999997615814208984375000000000000000000000000000
1388;276529971.19999998807907104492187500000000000000000000000000
1389;276916633.60000002384185791015625000000000000000000000000000
1390;277214003.19999998807907104492187500000000000000000000000000
1391;277437644.80000001192092895507812500000000000000000000000000
1392;277621964.80000001192092895507812500000000000000000000000000
1393;278038118.39999997615814208984375000000000000000000000000000
1394;278520627.19999998807907104492187500000000000000000000000000
1395;278734438.39999997615814208984375000000000000000000000000000
1396;278856499.19999998807907104492187500000000000000000000000000
1397;279192371.19999998807907104492187500000000000000000000000000
1398;279388979.19999998807907104492187500000000000000000000000000
1399;279911628.80000001192092895507812500000000000000000000000000
1400;280623513.60000002384185791015625000000000000000000000000000
1401;280722636.80000001192092895507812500000000000000000000000000
1402;280852889.60000002384185791015625000000000000000000000000000
1403;281065062.39999997615814208984375000000000000000000000000000
1404;281348505.60000002384185791015625000000000000000000000000000
1405;281724518.39999997615814208984375000000000000000000000000000
1406;281735987.19999998807907104492187500000000000000000000000000
1407;282702643.19999998807907104492187500000000000000000000000000
1408;282917273.60000002384185791015625000000000000000000000000000
1409;283027865.60000002384185791015625000000000000000000000000000
1410;284132147.19999998807907104492187500000000000000000000000000
1411;284232089.60000002384185791015625000000000000000000000000000
1412;284614656.00000000000000000000000000000000000000000000000000
1413;284677734.39999997615814208984375000000000000000000000000000
1414;285367500.80000001192092895507812500000000000000000000000000
1415;285534617.60000002384185791015625000000000000000000000000000
1416;285852467.19999998807907104492187500000000000000000000000000
1417;285850009.60000002384185791015625000000000000000000000000000
1418;286105600.00000000000000000000000000000000000000000000000000
1419;286494720.00000000000000000000000000000000000000000000000000
1420;287562956.80000001192092895507812500000000000000000000000000
1421;287684198.39999997615814208984375000000000000000000000000000
1422;287728435.19999998807907104492187500000000000000000000000000
1423;288104448.00000000000000000000000000000000000000000000000000
1424;288252723.19999998807907104492187500000000000000000000000000
1425;288677888.00000000000000000000000000000000000000000000000000
1426;289900134.39999997615814208984375000000000000000000000000000
1427;289948467.19999998807907104492187500000000000000000000000000
1428;290172108.80000001192092895507812500000000000000000000000000
1429;290349875.19999998807907104492187500000000000000000000000000
1430;290675097.60000002384185791015625000000000000000000000000000
1431;291110092.80000001192092895507812500000000000000000000000000
1432;292099686.39999997615814208984375000000000000000000000000000
1433;292159488.00000000000000000000000000000000000000000000000000
1434;292254515.19999998807907104492187500000000000000000000000000
1435;292754227.19999998807907104492187500000000000000000000000000
1436;292861542.39999997615814208984375000000000000000000000000000
1437;293169561.60000002384185791015625000000000000000000000000000
1438;293499699.19999998807907104492187500000000000000000000000000
1439;295273267.19999998807907104492187500000000000000000000000000
1440;295428915.19999998807907104492187500000000000000000000000000
1441;295428915.19999998807907104492187500000000000000000000000000
1442;295600947.19999998807907104492187500000000000000000000000000
1443;295589478.39999997615814208984375000000000000000000000000000
1444;295510835.19999998807907104492187500000000000000000000000000
1445;295628800.00000000000000000000000000000000000000000000000000
1446;295589478.39999997615814208984375000000000000000000000000000
1447;295589478.39999997615814208984375000000000000000000000000000
1448;295614054.39999997615814208984375000000000000000000000000000
1449;295589478.39999997615814208984375000000000000000000000000000
1450;295576371.19999998807907104492187500000000000000000000000000
1451;295589478.39999997615814208984375000000000000000000000000000
1452;295576371.19999998807907104492187500000000000000000000000000
1453;295589478.39999997615814208984375000000000000000000000000000
1454;295589478.39999997615814208984375000000000000000000000000000
1455;295563264.00000000000000000000000000000000000000000000000000
1456;295628800.00000000000000000000000000000000000000000000000000
1457;295628800.00000000000000000000000000000000000000000000000000
1458;295589478.39999997615814208984375000000000000000000000000000
1459;295614054.39999997615814208984375000000000000000000000000000
1460;295563264.00000000000000000000000000000000000000000000000000
1461;295523942.39999997615814208984375000000000000000000000000000
1462;295576371.19999998807907104492187500000000000000000000000000
1463;295589478.39999997615814208984375000000000000000000000000000
1464;295589478.39999997615814208984375000000000000000000000000000
1465;295576371.19999998807907104492187500000000000000000000000000
1466;295576371.19999998807907104492187500000000000000000000000000
1467;295576371.19999998807907104492187500000000000000000000000000
1468;295589478.39999997615814208984375000000000000000000000000000
1469;295523942.39999997615814208984375000000000000000000000000000
1470;295589478.39999997615814208984375000000000000000000000000000
1471;295590297.60000002384185791015625000000000000000000000000000
1472;295601766.39999997615814208984375000000000000000000000000000
1473;295629619.19999998807907104492187500000000000000000000000000
1474;295590297.60000002384185791015625000000000000000000000000000
1475;295590297.60000002384185791015625000000000000000000000000000
1476;295629619.19999998807907104492187500000000000000000000000000
1477;295577190.39999997615814208984375000000000000000000000000000
1478;295590297.60000002384185791015625000000000000000000000000000
1479;295629619.19999998807907104492187500000000000000000000000000
1480;295577190.39999997615814208984375000000000000000000000000000
1481;295577190.39999997615814208984375000000000000000000000000000
1482;295590297.60000002384185791015625000000000000000000000000000
1483;295629619.19999998807907104492187500000000000000000000000000
1484;295524761.60000002384185791015625000000000000000000000000000
1485;295590297.60000002384185791015625000000000000000000000000000
1486;295590297.60000002384185791015625000000000000000000000000000
1487;295629619.19999998807907104492187500000000000000000000000000
1488;295629619.19999998807907104492187500000000000000000000000000
1489;276582400.00000000000000000000000000000000000000000000000000
1490;276929740.80000001192092895507812500000000000000000000000000
1491;277271347.19999998807907104492187500000000000000000000000000
1492;277494988.80000001192092895507812500000000000000000000000000
1493;277803008.00000000000000000000000000000000000000000000000000
1494;278406758.39999997615814208984375000000000000000000000000000
1495;278576332.80000001192092895507812500000000000000000000000000
1496;278904832.00000000000000000000000000000000000000000000000000
1497;279126016.00000000000000000000000000000000000000000000000000
1498;279633100.80000001192092895507812500000000000000000000000000
1499;280054169.60000002384185791015625000000000000000000000000000
1500;280290918.39999997615814208984375000000000000000000000000000
1501;280343347.19999998807907104492187500000000000000000000000000
1502;280657100.80000001192092895507812500000000000000000000000000
1503;280908595.19999998807907104492187500000000000000000000000000
1504;281200230.39999997615814208984375000000000000000000000000000
1505;281604915.19999998807907104492187500000000000000000000000000
1506;281908019.19999998807907104492187500000000000000000000000000
1507;282191462.39999997615814208984375000000000000000000000000000
1508;282373324.80000001192092895507812500000000000000000000000000
1509;282766540.80000001192092895507812500000000000000000000000000
1510;282989363.19999998807907104492187500000000000000000000000000
1511;283426816.00000000000000000000000000000000000000000000000000
1512;283728281.60000002384185791015625000000000000000000000000000
1513;284098560.00000000000000000000000000000000000000000000000000
1514;285168435.19999998807907104492187500000000000000000000000000
1515;285425664.00000000000000000000000000000000000000000000000000
1516;285732044.80000001192092895507812500000000000000000000000000
1517;286510284.80000001192092895507812500000000000000000000000000
1518;286682316.80000001192092895507812500000000000000000000000000
1519;286993612.80000001192092895507812500000000000000000000000000
1520;287413043.19999998807907104492187500000000000000000000000000
1521;287855411.19999998807907104492187500000000000000000000000000
1522;288084787.19999998807907104492187500000000000000000000000000
1523;288371507.19999998807907104492187500000000000000000000000000
1524;288579584.00000000000000000000000000000000000000000000000000
1525;288960512.00000000000000000000000000000000000000000000000000
1526;289312768.00000000000000000000000000000000000000000000000000
1527;289502822.39999997615814208984375000000000000000000000000000
1528;289737932.80000001192092895507812500000000000000000000000000
1529;289953382.39999997615814208984375000000000000000000000000000
1530;290599731.19999998807907104492187500000000000000000000000000
1531;290960998.39999997615814208984375000000000000000000000000000
1532;291116646.39999997615814208984375000000000000000000000000000
1533;291463168.00000000000000000000000000000000000000000000000000
1534;291779379.19999998807907104492187500000000000000000000000000
1535;291994828.80000001192092895507812500000000000000000000000000
1536;294289408.00000000000000000000000000000000000000000000000000
1537;294477004.80000001192092895507812500000000000000000000000000
1538;294685900.80000001192092895507812500000000000000000000000000
1539;295034060.80000001192092895507812500000000000000000000000000
1540;295149568.00000000000000000000000000000000000000000000000000
1541;295238860.80000001192092895507812500000000000000000000000000
1542;295740211.19999998807907104492187500000000000000000000000000
1543;295908966.39999997615814208984375000000000000000000000000000
1544;295940096.00000000000000000000000000000000000000000000000000
1545;296109670.39999997615814208984375000000000000000000000000000
1546;296316928.00000000000000000000000000000000000000000000000000
1547;296515993.60000002384185791015625000000000000000000000000000
1548;297208217.60000002384185791015625000000000000000000000000000
1549;297472819.19999998807907104492187500000000000000000000000000
1550;297798860.80000001192092895507812500000000000000000000000000
1551;297969254.39999997615814208984375000000000000000000000000000
1552;298372300.80000001192092895507812500000000000000000000000000
1553;298734387.19999998807907104492187500000000000000000000000000
1554;298734387.19999998807907104492187500000000000000000000000000
1555;298790912.00000000000000000000000000000000000000000000000000
1556;298738483.19999998807907104492187500000000000000000000000000
1557;298751590.39999997615814208984375000000000000000000000000000
1558;298745036.80000001192092895507812500000000000000000000000000
1559;298764697.60000002384185791015625000000000000000000000000000
1560;298666393.60000002384185791015625000000000000000000000000000
1561;298725376.00000000000000000000000000000000000000000000000000
1562;298738483.19999998807907104492187500000000000000000000000000
1563;298745036.80000001192092895507812500000000000000000000000000
1564;298745856.00000000000000000000000000000000000000000000000000
1565;298738483.19999998807907104492187500000000000000000000000000
1566;298725376.00000000000000000000000000000000000000000000000000
1567;298640179.19999998807907104492187500000000000000000000000000
1568;298738483.19999998807907104492187500000000000000000000000000
1569;298839244.80000001192092895507812500000000000000000000000000
1570;298793369.60000002384185791015625000000000000000000000000000
1571;298813030.39999997615814208984375000000000000000000000000000
1572;298714726.39999997615814208984375000000000000000000000000000
1573;298832691.19999998807907104492187500000000000000000000000000
1574;298734387.19999998807907104492187500000000000000000000000000
1575;298799923.19999998807907104492187500000000000000000000000000
1576;298839244.80000001192092895507812500000000000000000000000000
1577;298832691.19999998807907104492187500000000000000000000000000
1578;298839244.80000001192092895507812500000000000000000000000000
1579;298747494.39999997615814208984375000000000000000000000000000
1580;298811392.00000000000000000000000000000000000000000000000000
1581;298786816.00000000000000000000000000000000000000000000000000
1582;298811392.00000000000000000000000000000000000000000000000000
1583;298786816.00000000000000000000000000000000000000000000000000
1584;298839244.80000001192092895507812500000000000000000000000000
1585;298839244.80000001192092895507812500000000000000000000000000
1586;298786816.00000000000000000000000000000000000000000000000000
1587;298796646.39999997615814208984375000000000000000000000000000
1588;298714726.39999997615814208984375000000000000000000000000000
1589;298799923.19999998807907104492187500000000000000000000000000
1590;298839244.80000001192092895507812500000000000000000000000000
1591;298793369.60000002384185791015625000000000000000000000000000
1592;298832691.19999998807907104492187500000000000000000000000000
1593;298811392.00000000000000000000000000000000000000000000000000
1594;298714726.39999997615814208984375000000000000000000000000000
1595;298799923.19999998807907104492187500000000000000000000000000
1596;298832691.19999998807907104492187500000000000000000000000000
1597;298813030.39999997615814208984375000000000000000000000000000
1598;298813030.39999997615814208984375000000000000000000000000000
1599;298786816.00000000000000000000000000000000000000000000000000
1600;289717452.80000001192092895507812500000000000000000000000000
1601;276724121.60000002384185791015625000000000000000000000000000
1602;277019033.60000002384185791015625000000000000000000000000000
1603;277379481.60000002384185791015625000000000000000000000000000
1604;277591654.39999997615814208984375000000000000000000000000000
1605;277959475.19999998807907104492187500000000000000000000000000
1606;278222438.39999997615814208984375000000000000000000000000000
1607;278579609.60000002384185791015625000000000000000000000000000
1608;278930227.19999998807907104492187500000000000000000000000000
1609;279121100.80000001192092895507812500000000000000000000000000
1610;279742054.39999997615814208984375000000000000000000000000000
1611;279868211.19999998807907104492187500000000000000000000000000
1612;280125440.00000000000000000000000000000000000000000000000000
1613;280482611.19999998807907104492187500000000000000000000000000
1614;280659558.39999997615814208984375000000000000000000000000000
1615;280937267.19999998807907104492187500000000000000000000000000
1616;281337856.00000000000000000000000000000000000000000000000000
1617;281595084.80000001192092895507812500000000000000000000000000
1618;282069401.60000002384185791015625000000000000000000000000000
1619;282315161.60000002384185791015625000000000000000000000000000
1620;282519142.39999997615814208984375000000000000000000000000000
1621;282896793.60000002384185791015625000000000000000000000000000
1622;283450572.80000001192092895507812500000000000000000000000000
1623;283456307.19999998807907104492187500000000000000000000000000
1624;283798732.80000001192092895507812500000000000000000000000000
1625;284928409.60000002384185791015625000000000000000000000000000
1626;285244620.80000001192092895507812500000000000000000000000000
1627;285537894.39999997615814208984375000000000000000000000000000
1628;286217830.39999997615814208984375000000000000000000000000000
1629;286489804.80000001192092895507812500000000000000000000000000
1630;286643814.39999997615814208984375000000000000000000000000000
1631;287240192.00000000000000000000000000000000000000000000000000
1632;287471206.39999997615814208984375000000000000000000000000000
1633;287712870.39999997615814208984375000000000000000000000000000
1634;288034816.00000000000000000000000000000000000000000000000000
1635;288683622.39999997615814208984375000000000000000000000000000
1636;288915456.00000000000000000000000000000000000000000000000000
1637;289169408.00000000000000000000000000000000000000000000000000
1638;289365196.80000001192092895507812500000000000000000000000000
1639;289813299.19999998807907104492187500000000000000000000000000
1640;289929625.60000002384185791015625000000000000000000000000000
1641;290489139.19999998807907104492187500000000000000000000000000
1642;290705408.00000000000000000000000000000000000000000000000000
1643;290879078.39999997615814208984375000000000000000000000000000
1644;291282944.00000000000000000000000000000000000000000000000000
1645;291646668.80000001192092895507812500000000000000000000000000
1646;292682956.80000001192092895507812500000000000000000000000000
1647;293118771.19999998807907104492187500000000000000000000000000
1648;293336678.39999997615814208984375000000000000000000000000000
1649;293734809.60000002384185791015625000000000000000000000000000
1650;293937152.00000000000000000000000000000000000000000000000000
1651;294071500.80000001192092895507812500000000000000000000000000
1652;295819673.60000002384185791015625000000000000000000000000000
1653;295900774.39999997615814208984375000000000000000000000000000
1654;295987609.60000002384185791015625000000000000000000000000000
1655;296085913.60000002384185791015625000000000000000000000000000
1656;296459468.80000001192092895507812500000000000000000000000000
1657;296973107.19999998807907104492187500000000000000000000000000
1658;297132851.19999998807907104492187500000000000000000000000000
1659;297822617.60000002384185791015625000000000000000000000000000
1660;297999564.80000001192092895507812500000000000000000000000000
1661;298270720.00000000000000000000000000000000000000000000000000
1662;298468966.39999997615814208984375000000000000000000000000000
1663;298672128.00000000000000000000000000000000000000000000000000
1664;298965401.60000002384185791015625000000000000000000000000000
1665;299348787.19999998807907104492187500000000000000000000000000
1666;299468390.39999997615814208984375000000000000000000000000000
1667;299483136.00000000000000000000000000000000000000000000000000
1668;299418419.19999998807907104492187500000000000000000000000000
1669;299404492.80000001192092895507812500000000000000000000000000
1670;299404492.80000001192092895507812500000000000000000000000000
1671;299411046.39999997615814208984375000000000000000000000000000
1672;299384832.00000000000000000000000000000000000000000000000000
1673;299483136.00000000000000000000000000000000000000000000000000
1674;299391385.60000002384185791015625000000000000000000000000000
1675;299345510.39999997615814208984375000000000000000000000000000
1676;299417600.00000000000000000000000000000000000000000000000000
1677;299411046.39999997615814208984375000000000000000000000000000
1678;299378278.39999997615814208984375000000000000000000000000000
1679;299411046.39999997615814208984375000000000000000000000000000
1680;299456921.60000002384185791015625000000000000000000000000000
1681;299483136.00000000000000000000000000000000000000000000000000
1682;299483136.00000000000000000000000000000000000000000000000000
1683;299352064.00000000000000000000000000000000000000000000000000
1684;299397939.19999998807907104492187500000000000000000000000000
1685;299404492.80000001192092895507812500000000000000000000000000
1686;299365171.19999998807907104492187500000000000000000000000000
1687;299420876.80000001192092895507812500000000000000000000000000
1688;299384832.00000000000000000000000000000000000000000000000000
1689;299404492.80000001192092895507812500000000000000000000000000
1690;299411046.39999997615814208984375000000000000000000000000000
1691;299450368.00000000000000000000000000000000000000000000000000
1692;299430707.19999998807907104492187500000000000000000000000000
1693;299404492.80000001192092895507812500000000000000000000000000
1694;299411046.39999997615814208984375000000000000000000000000000
1695;299450368.00000000000000000000000000000000000000000000000000
1696;299417600.00000000000000000000000000000000000000000000000000
1697;299489689.60000002384185791015625000000000000000000000000000
1698;299489689.60000002384185791015625000000000000000000000000000
1699;299404492.80000001192092895507812500000000000000000000000000
1700;299378278.39999997615814208984375000000000000000000000000000
1701;299376640.00000000000000000000000000000000000000000000000000
1702;299442176.00000000000000000000000000000000000000000000000000
1703;299404492.80000001192092895507812500000000000000000000000000
1704;299410227.19999998807907104492187500000000000000000000000000
1705;299344691.19999998807907104492187500000000000000000000000000
1706;299331584.00000000000000000000000000000000000000000000000000
1707;299403673.60000002384185791015625000000000000000000000000000
1708;299403673.60000002384185791015625000000000000000000000000000
1709;299428249.60000002384185791015625000000000000000000000000000
1710;299364352.00000000000000000000000000000000000000000000000000
1711;299456102.39999997615814208984375000000000000000000000000000
1712;299417600.00000000000000000000000000000000000000000000000000
1713;276750336.00000000000000000000000000000000000000000000000000
1714;276971520.00000000000000000000000000000000000000000000000000
1715;277210726.39999997615814208984375000000000000000000000000000
1716;277520384.00000000000000000000000000000000000000000000000000
1717;277823488.00000000000000000000000000000000000000000000000000
1718;278215884.80000001192092895507812500000000000000000000000000
1719;278582886.39999997615814208984375000000000000000000000000000
1720;278817177.60000002384185791015625000000000000000000000000000
1721;279111270.39999997615814208984375000000000000000000000000000
1722;279678976.00000000000000000000000000000000000000000000000000
1723;279814144.00000000000000000000000000000000000000000000000000
1724;280165580.80000001192092895507812500000000000000000000000000
1725;280581734.39999997615814208984375000000000000000000000000000
1726;280929894.39999997615814208984375000000000000000000000000000
1727;281161728.00000000000000000000000000000000000000000000000000
1728;281338675.19999998807907104492187500000000000000000000000000
1729;281664716.80000001192092895507812500000000000000000000000000
1730;281956352.00000000000000000000000000000000000000000000000000
1731;282175897.60000002384185791015625000000000000000000000000000
1732;282505216.00000000000000000000000000000000000000000000000000
1733;282885324.80000001192092895507812500000000000000000000000000
1734;283872460.80000001192092895507812500000000000000000000000000
1735;284073984.00000000000000000000000000000000000000000000000000
1736;284351692.80000001192092895507812500000000000000000000000000
1737;285042278.39999997615814208984375000000000000000000000000000
1738;285222502.39999997615814208984375000000000000000000000000000
1739;285620633.60000002384185791015625000000000000000000000000000
1740;286744576.00000000000000000000000000000000000000000000000000
1741;286833868.80000001192092895507812500000000000000000000000000
1742;287168921.60000002384185791015625000000000000000000000000000
1743;287342592.00000000000000000000000000000000000000000000000000
1744;287630131.19999998807907104492187500000000000000000000000000
1745;288119193.60000002384185791015625000000000000000000000000000
1746;288386252.80000001192092895507812500000000000000000000000000
1747;288561561.60000002384185791015625000000000000000000000000000
1748;288889241.60000002384185791015625000000000000000000000000000
1749;289669120.00000000000000000000000000000000000000000000000000
1750;289873920.00000000000000000000000000000000000000000000000000
1751;290105753.60000002384185791015625000000000000000000000000000
1752;290550579.19999998807907104492187500000000000000000000000000
1753;290693120.00000000000000000000000000000000000000000000000000
1754;291110092.80000001192092895507812500000000000000000000000000
1755;291618816.00000000000000000000000000000000000000000000000000
1756;291724492.80000001192092895507812500000000000000000000000000
1757;291923558.39999997615814208984375000000000000000000000000000
1758;292325785.60000002384185791015625000000000000000000000000000
1759;294341836.80000001192092895507812500000000000000000000000000
1760;294515507.19999998807907104492187500000000000000000000000000
1761;294865305.60000002384185791015625000000000000000000000000000
1762;295299481.60000002384185791015625000000000000000000000000000
1763;295414169.60000002384185791015625000000000000000000000000000
1764;295668121.60000002384185791015625000000000000000000000000000
1765;295826227.19999998807907104492187500000000000000000000000000
1766;296520089.60000002384185791015625000000000000000000000000000
1767;296526643.19999998807907104492187500000000000000000000000000
1768;296701952.00000000000000000000000000000000000000000000000000
1769;296828108.80000001192092895507812500000000000000000000000000
1770;296966553.60000002384185791015625000000000000000000000000000
1771;297125478.39999997615814208984375000000000000000000000000000
1772;297453158.39999997615814208984375000000000000000000000000000
1773;297683353.60000002384185791015625000000000000000000000000000
1774;297934028.80000001192092895507812500000000000000000000000000
1775;298772889.60000002384185791015625000000000000000000000000000
1776;299023564.80000001192092895507812500000000000000000000000000
1777;299058790.39999997615814208984375000000000000000000000000000
1778;299058790.39999997615814208984375000000000000000000000000000
1779;299149721.60000002384185791015625000000000000000000000000000
1780;299220992.00000000000000000000000000000000000000000000000000
1781;299234918.39999997615814208984375000000000000000000000000000
1782;299248025.60000002384185791015625000000000000000000000000000
1783;299252940.80000001192092895507812500000000000000000000000000
1784;299234918.39999997615814208984375000000000000000000000000000
1785;299235737.60000002384185791015625000000000000000000000000000
1786;299221811.19999998807907104492187500000000000000000000000000
1787;299252940.80000001192092895507812500000000000000000000000000
1788;299247206.39999997615814208984375000000000000000000000000000
1789;299274240.00000000000000000000000000000000000000000000000000
1790;299149721.60000002384185791015625000000000000000000000000000
1791;299220992.00000000000000000000000000000000000000000000000000
1792;299234918.39999997615814208984375000000000000000000000000000
1793;299123507.19999998807907104492187500000000000000000000000000
1794;299228364.80000001192092895507812500000000000000000000000000
1795;299366809.60000002384185791015625000000000000000000000000000
1796;299366809.60000002384185791015625000000000000000000000000000
1797;299340595.19999998807907104492187500000000000000000000000000
1798;299343872.00000000000000000000000000000000000000000000000000
1799;299340595.19999998807907104492187500000000000000000000000000
1800;299313561.60000002384185791015625000000000000000000000000000
1801;299345510.39999997615814208984375000000000000000000000000000
1802;299320934.39999997615814208984375000000000000000000000000000
1803;299255398.39999997615814208984375000000000000000000000000000
1804;299313561.60000002384185791015625000000000000000000000000000
1805;299360256.00000000000000000000000000000000000000000000000000
1806;299327488.00000000000000000000000000000000000000000000000000
1807;299360256.00000000000000000000000000000000000000000000000000
1808;299328307.19999998807907104492187500000000000000000000000000
1809;299301273.60000002384185791015625000000000000000000000000000
1810;299327488.00000000000000000000000000000000000000000000000000
1811;299320934.39999997615814208984375000000000000000000000000000
1812;299366809.60000002384185791015625000000000000000000000000000
1813;299366809.60000002384185791015625000000000000000000000000000
1814;299328307.19999998807907104492187500000000000000000000000000
1815;299313561.60000002384185791015625000000000000000000000000000
1816;299340595.19999998807907104492187500000000000000000000000000
1817;299314380.80000001192092895507812500000000000000000000000000
1818;299314380.80000001192092895507812500000000000000000000000000
1819;299328307.19999998807907104492187500000000000000000000000000
1820;299266048.00000000000000000000000000000000000000000000000000
1821;299314380.80000001192092895507812500000000000000000000000000
1822;299328307.19999998807907104492187500000000000000000000000000
1823;299313561.60000002384185791015625000000000000000000000000000
1824;299243110.39999997615814208984375000000000000000000000000000
1825;299314380.80000001192092895507812500000000000000000000000000
1826;299321753.60000002384185791015625000000000000000000000000000
1827;299314380.80000001192092895507812500000000000000000000000000
1828;290243379.19999998807907104492187500000000000000000000000000
1829;276447232.00000000000000000000000000000000000000000000000000
1830;276819148.80000001192092895507812500000000000000000000000000
1831;277134540.80000001192092895507812500000000000000000000000000
1832;277426995.19999998807907104492187500000000000000000000000000
1833;277712896.00000000000000000000000000000000000000000000000000
1834;278126592.00000000000000000000000000000000000000000000000000
1835;278454272.00000000000000000000000000000000000000000000000000
1836;278704947.19999998807907104492187500000000000000000000000000
1837;279035084.80000001192092895507812500000000000000000000000000
1838;279198105.60000002384185791015625000000000000000000000000000
1839;279488102.39999997615814208984375000000000000000000000000000
1840;279864934.39999997615814208984375000000000000000000000000000
1841;280198348.80000001192092895507812500000000000000000000000000
1842;280479334.39999997615814208984375000000000000000000000000000
1843;280826675.19999998807907104492187500000000000000000000000000
1844;281075712.00000000000000000000000000000000000000000000000000
1845;281236275.19999998807907104492187500000000000000000000000000
1846;281660620.80000001192092895507812500000000000000000000000000
1847;281925222.39999997615814208984375000000000000000000000000000
1848;282297958.39999997615814208984375000000000000000000000000000
1849;282578124.80000001192092895507812500000000000000000000000000
1850;282835353.60000002384185791015625000000000000000000000000000
1851;283028684.80000001192092895507812500000000000000000000000000
1852;283492352.00000000000000000000000000000000000000000000000000
1853;283710259.19999998807907104492187500000000000000000000000000
1854;283973222.39999997615814208984375000000000000000000000000000
1855;285054566.39999997615814208984375000000000000000000000000000
1856;285406003.19999998807907104492187500000000000000000000000000
1857;285566566.39999997615814208984375000000000000000000000000000
1858;285802496.00000000000000000000000000000000000000000000000000
1859;286641356.80000001192092895507812500000000000000000000000000
1860;286806835.19999998807907104492187500000000000000000000000000
1861;287235276.80000001192092895507812500000000000000000000000000
1862;287355699.19999998807907104492187500000000000000000000000000
1863;287743180.80000001192092895507812500000000000000000000000000
1864;288103628.80000001192092895507812500000000000000000000000000
1865;288210124.80000001192092895507812500000000000000000000000000
1866;289033420.80000001192092895507812500000000000000000000000000
1867;289350451.19999998807907104492187500000000000000000000000000
1868;289552793.60000002384185791015625000000000000000000000000000
1869;289890304.00000000000000000000000000000000000000000000000000
1870;290140979.19999998807907104492187500000000000000000000000000
1871;290407219.19999998807907104492187500000000000000000000000000
1872;291208396.80000001192092895507812500000000000000000000000000
1873;291424665.60000002384185791015625000000000000000000000000000
1874;291842457.60000002384185791015625000000000000000000000000000
1875;292036608.00000000000000000000000000000000000000000000000000
1876;292225024.00000000000000000000000000000000000000000000000000
1877;292583833.60000002384185791015625000000000000000000000000000
1878;294286131.19999998807907104492187500000000000000000000000000
1879;294472908.80000001192092895507812500000000000000000000000000
1880;294526156.80000001192092895507812500000000000000000000000000
1881;294866944.00000000000000000000000000000000000000000000000000
1882;295015219.19999998807907104492187500000000000000000000000000
1883;295779532.80000001192092895507812500000000000000000000000000
1884;296232550.39999997615814208984375000000000000000000000000000
1885;296389836.80000001192092895507812500000000000000000000000000
1886;296674918.39999997615814208984375000000000000000000000000000
1887;296997683.19999998807907104492187500000000000000000000000000
1888;297171353.60000002384185791015625000000000000000000000000000
1889;297538355.19999998807907104492187500000000000000000000000000
1890;298416537.60000002384185791015625000000000000000000000000000
1891;298509926.39999997615814208984375000000000000000000000000000
1892;298610688.00000000000000000000000000000000000000000000000000
1893;298700800.00000000000000000000000000000000000000000000000000
1894;298700800.00000000000000000000000000000000000000000000000000
1895;298788454.39999997615814208984375000000000000000000000000000
1896;298765516.80000001192092895507812500000000000000000000000000
1897;298686873.60000002384185791015625000000000000000000000000000
1898;298811392.00000000000000000000000000000000000000000000000000
1899;298758963.19999998807907104492187500000000000000000000000000
1900;298765516.80000001192092895507812500000000000000000000000000
1901;298811392.00000000000000000000000000000000000000000000000000
1902;298811392.00000000000000000000000000000000000000000000000000
1903;298765516.80000001192092895507812500000000000000000000000000
1904;298804838.39999997615814208984375000000000000000000000000000
1905;298785177.60000002384185791015625000000000000000000000000000
1906;298686873.60000002384185791015625000000000000000000000000000
1907;298758144.00000000000000000000000000000000000000000000000000
1908;298782720.00000000000000000000000000000000000000000000000000
1909;298758963.19999998807907104492187500000000000000000000000000
1910;298813030.39999997615814208984375000000000000000000000000000
1911;298688512.00000000000000000000000000000000000000000000000000
1912;298701619.19999998807907104492187500000000000000000000000000
1913;298767155.19999998807907104492187500000000000000000000000000
1914;298785177.60000002384185791015625000000000000000000000000000
1915;298773708.80000001192092895507812500000000000000000000000000
1916;298688512.00000000000000000000000000000000000000000000000000
1917;298785996.80000001192092895507812500000000000000000000000000
1918;298760601.60000002384185791015625000000000000000000000000000
1919;298721280.00000000000000000000000000000000000000000000000000
1920;298759782.39999997615814208984375000000000000000000000000000
1921;298806476.80000001192092895507812500000000000000000000000000
1922;298688512.00000000000000000000000000000000000000000000000000
1923;298701619.19999998807907104492187500000000000000000000000000
1924;298759782.39999997615814208984375000000000000000000000000000
1925;298760601.60000002384185791015625000000000000000000000000000
1926;298813030.39999997615814208984375000000000000000000000000000
1927;298813030.39999997615814208984375000000000000000000000000000
1928;298791731.19999998807907104492187500000000000000000000000000
1929;298760601.60000002384185791015625000000000000000000000000000
1930;298760601.60000002384185791015625000000000000000000000000000
1931;298791731.19999998807907104492187500000000000000000000000000
1932;298773708.80000001192092895507812500000000000000000000000000
1933;298773708.80000001192092895507812500000000000000000000000000
1934;298760601.60000002384185791015625000000000000000000000000000
1935;298759782.39999997615814208984375000000000000000000000000000
1936;298774528.00000000000000000000000000000000000000000000000000
1937;298784358.39999997615814208984375000000000000000000000000000
1938;298761420.80000001192092895507812500000000000000000000000000
1939;298813849.60000002384185791015625000000000000000000000000000
1940;298768793.60000002384185791015625000000000000000000000000000
1941;298792550.39999997615814208984375000000000000000000000000000
1942;295449395.19999998807907104492187500000000000000000000000000
1943;295414169.60000002384185791015625000000000000000000000000000
1944;295459225.60000002384185791015625000000000000000000000000000
1945;295538688.00000000000000000000000000000000000000000000000000
1946;295482982.39999997615814208984375000000000000000000000000000
1947;295419904.00000000000000000000000000000000000000000000000000
1948;295636992.00000000000000000000000000000000000000000000000000
1949;295449395.19999998807907104492187500000000000000000000000000
1950;295547699.19999998807907104492187500000000000000000000000000
1951;295508377.60000002384185791015625000000000000000000000000000
1952;295504281.60000002384185791015625000000000000000000000000000
1953;295786086.39999997615814208984375000000000000000000000000000
1954;295600947.19999998807907104492187500000000000000000000000000
1955;295537049.60000002384185791015625000000000000000000000000000
1956;295614873.60000002384185791015625000000000000000000000000000
1957;295530496.00000000000000000000000000000000000000000000000000
1958;295624704.00000000000000000000000000000000000000000000000000
1959;295543603.19999998807907104492187500000000000000000000000000
1960;295545241.60000002384185791015625000000000000000000000000000
1961;295638630.39999997615814208984375000000000000000000000000000
1962;295758233.60000002384185791015625000000000000000000000000000
1963;295576371.19999998807907104492187500000000000000000000000000
1964;295621427.19999998807907104492187500000000000000000000000000
1965;295602585.60000002384185791015625000000000000000000000000000
1966;295640268.80000001192092895507812500000000000000000000000000
1967;295751680.00000000000000000000000000000000000000000000000000
1968;295736115.19999998807907104492187500000000000000000000000000
1969;295723827.19999998807907104492187500000000000000000000000000
1970;295828684.80000001192092895507812500000000000000000000000000
1971;295745126.39999997615814208984375000000000000000000000000000
1972;295813939.19999998807907104492187500000000000000000000000000
1973;295815577.60000002384185791015625000000000000000000000000000
1974;295803289.60000002384185791015625000000000000000000000000000
1975;295724646.39999997615814208984375000000000000000000000000000
1976;295863091.19999998807907104492187500000000000000000000000000
1977;295910604.80000001192092895507812500000000000000000000000000
1978;295935180.80000001192092895507812500000000000000000000000000
1979;295860633.60000002384185791015625000000000000000000000000000
1980;295860633.60000002384185791015625000000000000000000000000000
1981;295854080.00000000000000000000000000000000000000000000000000
1982;295855718.39999997615814208984375000000000000000000000000000
1983;295939276.80000001192092895507812500000000000000000000000000
1984;295868825.60000002384185791015625000000000000000000000000000
1985;295945830.39999997615814208984375000000000000000000000000000
1986;295973683.19999998807907104492187500000000000000000000000000
1987;295956480.00000000000000000000000000000000000000000000000000
1988;295991705.60000002384185791015625000000000000000000000000000
1989;295942553.60000002384185791015625000000000000000000000000000
1990;296017100.80000001192092895507812500000000000000000000000000
1991;296044134.39999997615814208984375000000000000000000000000000
1992;296349696.00000000000000000000000000000000000000000000000000
1993;296448000.00000000000000000000000000000000000000000000000000
1994;296710963.19999998807907104492187500000000000000000000000000
1995;296796160.00000000000000000000000000000000000000000000000000
1996;296901017.60000002384185791015625000000000000000000000000000
1997;297088614.39999997615814208984375000000000000000000000000000
1998;297769369.60000002384185791015625000000000000000000000000000
1999;297943040.00000000000000000000000000000000000000000000000000
2000;298013491.19999998807907104492187500000000000000000000000000
2001;298120806.39999997615814208984375000000000000000000000000000
2002;298303488.00000000000000000000000000000000000000000000000000
2003;298461593.60000002384185791015625000000000000000000000000000
2004;298310860.80000001192092895507812500000000000000000000000000
2005;298747494.39999997615814208984375000000000000000000000000000
2006;298871193.60000002384185791015625000000000000000000000000000
2007;298973593.60000002384185791015625000000000000000000000000000
2008;298986700.80000001192092895507812500000000000000000000000000
2009;299223449.60000002384185791015625000000000000000000000000000
2010;299384832.00000000000000000000000000000000000000000000000000
2011;299453644.80000001192092895507812500000000000000000000000000
2012;299475763.19999998807907104492187500000000000000000000000000
2013;299403673.60000002384185791015625000000000000000000000000000
2014;299410227.19999998807907104492187500000000000000000000000000
2015;299515084.80000001192092895507812500000000000000000000000000
2016;299402035.19999998807907104492187500000000000000000000000000
2017;299429888.00000000000000000000000000000000000000000000000000
2018;299370905.60000002384185791015625000000000000000000000000000
2019;299515084.80000001192092895507812500000000000000000000000000
2020;299402035.19999998807907104492187500000000000000000000000000
2021;299436441.60000002384185791015625000000000000000000000000000
2022;299429888.00000000000000000000000000000000000000000000000000
2023;299423334.39999997615814208984375000000000000000000000000000
2024;299515084.80000001192092895507812500000000000000000000000000
2025;299436441.60000002384185791015625000000000000000000000000000
2026;299402035.19999998807907104492187500000000000000000000000000
2027;299537203.19999998807907104492187500000000000000000000000000
2028;299360256.00000000000000000000000000000000000000000000000000
2029;299474944.00000000000000000000000000000000000000000000000000
2030;299458560.00000000000000000000000000000000000000000000000000
2031;299465932.80000001192092895507812500000000000000000000000000
2032;299504435.19999998807907104492187500000000000000000000000000
2033;299387289.60000002384185791015625000000000000000000000000000
2034;299465932.80000001192092895507812500000000000000000000000000
2035;299458560.00000000000000000000000000000000000000000000000000
2036;299386470.39999997615814208984375000000000000000000000000000
2037;299465932.80000001192092895507812500000000000000000000000000
2038;299438899.19999998807907104492187500000000000000000000000000
2039;299399577.60000002384185791015625000000000000000000000000000
2040;299458560.00000000000000000000000000000000000000000000000000
2041;299430707.19999998807907104492187500000000000000000000000000
2042;299430707.19999998807907104492187500000000000000000000000000
2043;299483136.00000000000000000000000000000000000000000000000000
2044;299537203.19999998807907104492187500000000000000000000000000
2045;299360256.00000000000000000000000000000000000000000000000000
2046;299537203.19999998807907104492187500000000000000000000000000
2047;299504435.19999998807907104492187500000000000000000000000000
2048;299386470.39999997615814208984375000000000000000000000000000
2049;299430707.19999998807907104492187500000000000000000000000000
2050;299458560.00000000000000000000000000000000000000000000000000
2051;299465113.60000002384185791015625000000000000000000000000000
2052;299496243.19999998807907104492187500000000000000000000000000
2053;299465113.60000002384185791015625000000000000000000000000000
2054;299431526.39999997615814208984375000000000000000000000000000
2055;299459379.19999998807907104492187500000000000000000000000000
2056;299505254.39999997615814208984375000000000000000000000000000
2057;299459379.19999998807907104492187500000000000000000000000000
2058;299431526.39999997615814208984375000000000000000000000000000
2059;299459379.19999998807907104492187500000000000000000000000000
2060;297077964.80000001192092895507812500000000000000000000000000
2061;297019801.60000002384185791015625000000000000000000000000000
2062;297104998.39999997615814208984375000000000000000000000000000
2063;297043558.39999997615814208984375000000000000000000000000000
2064;297043558.39999997615814208984375000000000000000000000000000
2065;297136947.19999998807907104492187500000000000000000000000000
2066;297146777.60000002384185791015625000000000000000000000000000
2067;297157427.19999998807907104492187500000000000000000000000000
2068;297134489.60000002384185791015625000000000000000000000000000
2069;297146777.60000002384185791015625000000000000000000000000000
2070;297225420.80000001192092895507812500000000000000000000000000
2071;297232793.60000002384185791015625000000000000000000000000000
2072;297245900.80000001192092895507812500000000000000000000000000
2073;297192652.80000001192092895507812500000000000000000000000000
2074;297186918.39999997615814208984375000000000000000000000000000
2075;297190195.19999998807907104492187500000000000000000000000000
2076;297192652.80000001192092895507812500000000000000000000000000
2077;297196748.80000001192092895507812500000000000000000000000000
2078;297283584.00000000000000000000000000000000000000000000000000
2079;297202483.19999998807907104492187500000000000000000000000000
2080;297221324.80000001192092895507812500000000000000000000000000
2081;297222963.19999998807907104492187500000000000000000000000000
2082;297329459.19999998807907104492187500000000000000000000000000
2083;297312256.00000000000000000000000000000000000000000000000000
2084;297326182.39999997615814208984375000000000000000000000000000
2085;297332736.00000000000000000000000000000000000000000000000000
2086;297335193.60000002384185791015625000000000000000000000000000
2087;297255731.19999998807907104492187500000000000000000000000000
2088;297337651.19999998807907104492187500000000000000000000000000
2089;297263104.00000000000000000000000000000000000000000000000000
2090;297345024.00000000000000000000000000000000000000000000000000
2091;297281126.39999997615814208984375000000000000000000000000000
2092;297286041.60000002384185791015625000000000000000000000000000
2093;297370419.19999998807907104492187500000000000000000000000000
2094;297363046.39999997615814208984375000000000000000000000000000
2095;297377792.00000000000000000000000000000000000000000000000000
2096;297302425.60000002384185791015625000000000000000000000000000
2097;297313894.39999997615814208984375000000000000000000000000000
2098;297327820.80000001192092895507812500000000000000000000000000
2099;297381068.80000001192092895507812500000000000000000000000000
2100;297380249.60000002384185791015625000000000000000000000000000
2101;297363046.39999997615814208984375000000000000000000000000000
2102;297377792.00000000000000000000000000000000000000000000000000
2103;297379430.39999997615814208984375000000000000000000000000000
2104;297388441.60000002384185791015625000000000000000000000000000
2105;297467904.00000000000000000000000000000000000000000000000000
2106;297471180.80000001192092895507812500000000000000000000000000
2107;297565388.80000001192092895507812500000000000000000000000000
2108;297583411.19999998807907104492187500000000000000000000000000
2109;297543270.39999997615814208984375000000000000000000000000000
2110;297654681.60000002384185791015625000000000000000000000000000
2111;297571942.39999997615814208984375000000000000000000000000000
2112;297966796.80000001192092895507812500000000000000000000000000
2113;297974169.60000002384185791015625000000000000000000000000000
2114;297995468.80000001192092895507812500000000000000000000000000
2115;298051993.60000002384185791015625000000000000000000000000000
2116;298006937.60000002384185791015625000000000000000000000000000
2117;298277273.60000002384185791015625000000000000000000000000000
2118;299183308.80000001192092895507812500000000000000000000000000
2119;299278336.00000000000000000000000000000000000000000000000000
2120;299320115.19999998807907104492187500000000000000000000000000
2121;299374182.39999997615814208984375000000000000000000000000000
2122;299542937.60000002384185791015625000000000000000000000000000
2123;299647795.19999998807907104492187500000000000000000000000000
2124;299906662.39999997615814208984375000000000000000000000000000
2125;299906662.39999997615814208984375000000000000000000000000000
2126;299970560.00000000000000000000000000000000000000000000000000
2127;299983667.19999998807907104492187500000000000000000000000000
2128;299945984.00000000000000000000000000000000000000000000000000
2129;299985305.60000002384185791015625000000000000000000000000000
2130;299972198.39999997615814208984375000000000000000000000000000
2131;299972198.39999997615814208984375000000000000000000000000000
2132;300024627.19999998807907104492187500000000000000000000000000
2133;299972198.39999997615814208984375000000000000000000000000000
2134;300024627.19999998807907104492187500000000000000000000000000
2135;299985305.60000002384185791015625000000000000000000000000000
2136;299972198.39999997615814208984375000000000000000000000000000
2137;299972198.39999997615814208984375000000000000000000000000000
2138;299972198.39999997615814208984375000000000000000000000000000
2139;299985305.60000002384185791015625000000000000000000000000000
2140;300024627.19999998807907104492187500000000000000000000000000
2141;300024627.19999998807907104492187500000000000000000000000000
2142;300024627.19999998807907104492187500000000000000000000000000
2143;299972198.39999997615814208984375000000000000000000000000000
2144;299985305.60000002384185791015625000000000000000000000000000
2145;299998412.80000001192092895507812500000000000000000000000000
2146;299972198.39999997615814208984375000000000000000000000000000
2147;299985305.60000002384185791015625000000000000000000000000000
2148;300009881.60000002384185791015625000000000000000000000000000
2149;299972198.39999997615814208984375000000000000000000000000000
2150;299998412.80000001192092895507812500000000000000000000000000
2151;300024627.19999998807907104492187500000000000000000000000000
2152;299985305.60000002384185791015625000000000000000000000000000
2153;300009881.60000002384185791015625000000000000000000000000000
2154;299919769.60000002384185791015625000000000000000000000000000
2155;299985305.60000002384185791015625000000000000000000000000000
2156;300024627.19999998807907104492187500000000000000000000000000
2157;300024627.19999998807907104492187500000000000000000000000000
2158;300024627.19999998807907104492187500000000000000000000000000
2159;299985305.60000002384185791015625000000000000000000000000000
2160;299972198.39999997615814208984375000000000000000000000000000
2161;299985305.60000002384185791015625000000000000000000000000000
2162;299985305.60000002384185791015625000000000000000000000000000
2163;299972198.39999997615814208984375000000000000000000000000000
2164;299906662.39999997615814208984375000000000000000000000000000
2165;299996774.39999997615814208984375000000000000000000000000000
2166;299972198.39999997615814208984375000000000000000000000000000
2167;299998412.80000001192092895507812500000000000000000000000000
2168;299985305.60000002384185791015625000000000000000000000000000
2169;299906662.39999997615814208984375000000000000000000000000000
2170;299998412.80000001192092895507812500000000000000000000000000
2171;299985305.60000002384185791015625000000000000000000000000000
2172;300024627.19999998807907104492187500000000000000000000000000
2173;300024627.19999998807907104492187500000000000000000000000000
2174;277269708.80000001192092895507812500000000000000000000000000
2175;277722726.39999997615814208984375000000000000000000000000000
2176;278076620.80000001192092895507812500000000000000000000000000
2177;278272409.60000002384185791015625000000000000000000000000000
2178;278494412.80000001192092895507812500000000000000000000000000
2179;278994944.00000000000000000000000000000000000000000000000000
2180;279275929.60000002384185791015625000000000000000000000000000
2181;279514316.80000001192092895507812500000000000000000000000000
2182;279854284.80000001192092895507812500000000000000000000000000
2183;280113152.00000000000000000000000000000000000000000000000000
2184;280506368.00000000000000000000000000000000000000000000000000
2185;280983142.39999997615814208984375000000000000000000000000000
2186;281368985.60000002384185791015625000000000000000000000000000
2187;281459916.80000001192092895507812500000000000000000000000000
2188;281748275.19999998807907104492187500000000000000000000000000
2189;282044825.60000002384185791015625000000000000000000000000000
2190;282433126.39999997615814208984375000000000000000000000000000
2191;282696089.60000002384185791015625000000000000000000000000000
2192;283000012.80000001192092895507812500000000000000000000000000
2193;283404697.60000002384185791015625000000000000000000000000000
2194;283475968.00000000000000000000000000000000000000000000000000
2195;283774156.80000001192092895507812500000000000000000000000000
2196;283966668.80000001192092895507812500000000000000000000000000
2197;284790784.00000000000000000000000000000000000000000000000000
2198;285322444.80000001192092895507812500000000000000000000000000
2199;285343744.00000000000000000000000000000000000000000000000000
2200;285813964.80000001192092895507812500000000000000000000000000
2201;286101504.00000000000000000000000000000000000000000000000000
2202;286312857.60000002384185791015625000000000000000000000000000
2203;286845337.60000002384185791015625000000000000000000000000000
2204;287059968.00000000000000000000000000000000000000000000000000
2205;287257395.19999998807907104492187500000000000000000000000000
2206;287576883.19999998807907104492187500000000000000000000000000
2207;287993036.80000001192092895507812500000000000000000000000000
2208;288165068.80000001192092895507812500000000000000000000000000
2209;288548454.39999997615814208984375000000000000000000000000000
2210;288713113.60000002384185791015625000000000000000000000000000
2211;289782169.60000002384185791015625000000000000000000000000000
2212;290014822.39999997615814208984375000000000000000000000000000
2213;290430976.00000000000000000000000000000000000000000000000000
2214;290610380.80000001192092895507812500000000000000000000000000
2215;290804531.19999998807907104492187500000000000000000000000000
2216;291234611.19999998807907104492187500000000000000000000000000
2217;291870310.39999997615814208984375000000000000000000000000000
2218;291963699.19999998807907104492187500000000000000000000000000
2219;292341350.39999997615814208984375000000000000000000000000000
2220;292504371.19999998807907104492187500000000000000000000000000
2221;292817305.60000002384185791015625000000000000000000000000000
2222;293000806.39999997615814208984375000000000000000000000000000
2223;295143833.60000002384185791015625000000000000000000000000000
2224;295375667.19999998807907104492187500000000000000000000000000
2225;295493632.00000000000000000000000000000000000000000000000000
2226;295949107.19999998807907104492187500000000000000000000000000
2227;296099020.80000001192092895507812500000000000000000000000000
2228;296412774.39999997615814208984375000000000000000000000000000
2229;296482406.39999997615814208984375000000000000000000000000000
2230;297263923.19999998807907104492187500000000000000000000000000
2231;297450700.80000001192092895507812500000000000000000000000000
2232;297458073.60000002384185791015625000000000000000000000000000
2233;297675161.60000002384185791015625000000000000000000000000000
2234;297917644.80000001192092895507812500000000000000000000000000
2235;298132275.19999998807907104492187500000000000000000000000000
2236;298375577.60000002384185791015625000000000000000000000000000
2237;298516480.00000000000000000000000000000000000000000000000000
2238;299065344.00000000000000000000000000000000000000000000000000
2239;299253760.00000000000000000000000000000000000000000000000000
2240;299501158.39999997615814208984375000000000000000000000000000
2241;299511808.00000000000000000000000000000000000000000000000000
2242;299616665.60000002384185791015625000000000000000000000000000
2243;299564236.80000001192092895507812500000000000000000000000000
2244;299629772.80000001192092895507812500000000000000000000000000
2245;299524915.19999998807907104492187500000000000000000000000000
2246;299629772.80000001192092895507812500000000000000000000000000
2247;299669913.60000002384185791015625000000000000000000000000000
2248;299669094.39999997615814208984375000000000000000000000000000
2249;299632230.39999997615814208984375000000000000000000000000000
2250;299633049.60000002384185791015625000000000000000000000000000
2251;299669094.39999997615814208984375000000000000000000000000000
2252;299669094.39999997615814208984375000000000000000000000000000
2253;299629772.80000001192092895507812500000000000000000000000000
2254;299642880.00000000000000000000000000000000000000000000000000
2255;299577344.00000000000000000000000000000000000000000000000000
2256;299616665.60000002384185791015625000000000000000000000000000
2257;299615846.39999997615814208984375000000000000000000000000000
2258;299669913.60000002384185791015625000000000000000000000000000
2259;299669913.60000002384185791015625000000000000000000000000000
2260;299617484.80000001192092895507812500000000000000000000000000
2261;299641241.60000002384185791015625000000000000000000000000000
2262;299630592.00000000000000000000000000000000000000000000000000
2263;299617484.80000001192092895507812500000000000000000000000000
2264;299630592.00000000000000000000000000000000000000000000000000
2265;299669913.60000002384185791015625000000000000000000000000000
2266;299591270.39999997615814208984375000000000000000000000000000
2267;299669913.60000002384185791015625000000000000000000000000000
2268;299669913.60000002384185791015625000000000000000000000000000
2269;299617484.80000001192092895507812500000000000000000000000000
2270;299669913.60000002384185791015625000000000000000000000000000
2271;299616665.60000002384185791015625000000000000000000000000000
2272;299642880.00000000000000000000000000000000000000000000000000
2273;299631411.19999998807907104492187500000000000000000000000000
2274;299670732.80000001192092895507812500000000000000000000000000
2275;299670732.80000001192092895507812500000000000000000000000000
2276;299578163.19999998807907104492187500000000000000000000000000
2277;299616665.60000002384185791015625000000000000000000000000000
2278;299669913.60000002384185791015625000000000000000000000000000
2279;299617484.80000001192092895507812500000000000000000000000000
2280;299617484.80000001192092895507812500000000000000000000000000
2281;299617484.80000001192092895507812500000000000000000000000000
2282;299617484.80000001192092895507812500000000000000000000000000
2283;299617484.80000001192092895507812500000000000000000000000000
2284;299630592.00000000000000000000000000000000000000000000000000
2285;299578163.19999998807907104492187500000000000000000000000000
2286;299631411.19999998807907104492187500000000000000000000000000
2287;299627315.19999998807907104492187500000000000000000000000000
2288;299643699.19999998807907104492187500000000000000000000000000
2289;299669913.60000002384185791015625000000000000000000000000000
2290;296647065.60000002384185791015625000000000000000000000000000
2291;296719974.39999997615814208984375000000000000000000000000000
2292;296719974.39999997615814208984375000000000000000000000000000
2293;296660992.00000000000000000000000000000000000000000000000000
2294;296731443.19999998807907104492187500000000000000000000000000
2295;296732262.39999997615814208984375000000000000000000000000000
2296;296733900.80000001192092895507812500000000000000000000000000
2297;296790425.60000002384185791015625000000000000000000000000000
2298;296675737.60000002384185791015625000000000000000000000000000
2299;296688025.60000002384185791015625000000000000000000000000000
2300;296750284.80000001192092895507812500000000000000000000000000
2301;296671641.60000002384185791015625000000000000000000000000000
2302;296751923.19999998807907104492187500000000000000000000000000
2303;296810086.39999997615814208984375000000000000000000000000000
2304;296809267.19999998807907104492187500000000000000000000000000
2305;296730624.00000000000000000000000000000000000000000000000000
2306;296720793.60000002384185791015625000000000000000000000000000
2307;296781414.39999997615814208984375000000000000000000000000000
2308;296824832.00000000000000000000000000000000000000000000000000
2309;296800256.00000000000000000000000000000000000000000000000000
2310;296816640.00000000000000000000000000000000000000000000000000
2311;296740454.39999997615814208984375000000000000000000000000000
2312;296821555.19999998807907104492187500000000000000000000000000
2313;296844492.80000001192092895507812500000000000000000000000000
2314;296827289.60000002384185791015625000000000000000000000000000
2315;296789606.39999997615814208984375000000000000000000000000000
2316;296873164.80000001192092895507812500000000000000000000000000
2317;296874803.19999998807907104492187500000000000000000000000000
2318;296847769.60000002384185791015625000000000000000000000000000
2319;296835481.60000002384185791015625000000000000000000000000000
2320;296810905.60000002384185791015625000000000000000000000000000
2321;296822374.39999997615814208984375000000000000000000000000000
2322;296910028.80000001192092895507812500000000000000000000000000
2323;296929689.60000002384185791015625000000000000000000000000000
2324;297011609.60000002384185791015625000000000000000000000000000
2325;296930508.80000001192092895507812500000000000000000000000000
2326;296923955.19999998807907104492187500000000000000000000000000
2327;296923955.19999998807907104492187500000000000000000000000000
2328;296927232.00000000000000000000000000000000000000000000000000
2329;296947712.00000000000000000000000000000000000000000000000000
2330;296950169.60000002384185791015625000000000000000000000000000
2331;297027174.39999997615814208984375000000000000000000000000000
2332;296957542.39999997615814208984375000000000000000000000000000
2333;296974745.60000002384185791015625000000000000000000000000000
2334;297059942.39999997615814208984375000000000000000000000000000
2335;297082060.80000001192092895507812500000000000000000000000000
2336;297086976.00000000000000000000000000000000000000000000000000
2337;297442508.80000001192092895507812500000000000000000000000000
2338;297410560.00000000000000000000000000000000000000000000000000
2339;297571942.39999997615814208984375000000000000000000000000000
2340;297600614.39999997615814208984375000000000000000000000000000
2341;297549824.00000000000000000000000000000000000000000000000000
2342;297596518.39999997615814208984375000000000000000000000000000
2343;297810329.60000002384185791015625000000000000000000000000000
2344;298015948.80000001192092895507812500000000000000000000000000
2345;297985638.39999997615814208984375000000000000000000000000000
2346;298112614.39999997615814208984375000000000000000000000000000
2347;298123264.00000000000000000000000000000000000000000000000000
2348;298387865.60000002384185791015625000000000000000000000000000
2349;298452582.39999997615814208984375000000000000000000000000000
2350;299467571.19999998807907104492187500000000000000000000000000
2351;299406131.19999998807907104492187500000000000000000000000000
2352;299406950.39999997615814208984375000000000000000000000000000
2353;299628134.39999997615814208984375000000000000000000000000000
2354;299931238.39999997615814208984375000000000000000000000000000
2355;299933696.00000000000000000000000000000000000000000000000000
2356;300099174.39999997615814208984375000000000000000000000000000
2357;300099993.60000002384185791015625000000000000000000000000000
2358;299987763.19999998807907104492187500000000000000000000000000
2359;300099174.39999997615814208984375000000000000000000000000000
2360;300099174.39999997615814208984375000000000000000000000000000
2361;300099993.60000002384185791015625000000000000000000000000000
2362;300041011.19999998807907104492187500000000000000000000000000
2363;300086067.19999998807907104492187500000000000000000000000000
2364;300112281.60000002384185791015625000000000000000000000000000
2365;300085248.00000000000000000000000000000000000000000000000000
2366;300138496.00000000000000000000000000000000000000000000000000
2367;300086067.19999998807907104492187500000000000000000000000000
2368;300099174.39999997615814208984375000000000000000000000000000
2369;300099993.60000002384185791015625000000000000000000000000000
2370;300138496.00000000000000000000000000000000000000000000000000
2371;300140134.39999997615814208984375000000000000000000000000000
2372;300140134.39999997615814208984375000000000000000000000000000
2373;300015616.00000000000000000000000000000000000000000000000000
2374;300087705.60000002384185791015625000000000000000000000000000
2375;300101632.00000000000000000000000000000000000000000000000000
2376;300087705.60000002384185791015625000000000000000000000000000
2377;300087705.60000002384185791015625000000000000000000000000000
2378;300125388.80000001192092895507812500000000000000000000000000
2379;300087705.60000002384185791015625000000000000000000000000000
2380;300028723.19999998807907104492187500000000000000000000000000
2381;300100812.80000001192092895507812500000000000000000000000000
2382;300087705.60000002384185791015625000000000000000000000000000
2383;300100812.80000001192092895507812500000000000000000000000000
2384;300094259.19999998807907104492187500000000000000000000000000
2385;300133580.80000001192092895507812500000000000000000000000000
2386;300101632.00000000000000000000000000000000000000000000000000
2387;300140134.39999997615814208984375000000000000000000000000000
2388;300140134.39999997615814208984375000000000000000000000000000
2389;300100812.80000001192092895507812500000000000000000000000000
2390;300094259.19999998807907104492187500000000000000000000000000
2391;300015616.00000000000000000000000000000000000000000000000000
2392;300113920.00000000000000000000000000000000000000000000000000
2393;300100812.80000001192092895507812500000000000000000000000000
2394;300087705.60000002384185791015625000000000000000000000000000
2395;300015616.00000000000000000000000000000000000000000000000000
2396;300100812.80000001192092895507812500000000000000000000000000
2397;300087705.60000002384185791015625000000000000000000000000000
2398;300133580.80000001192092895507812500000000000000000000000000
2399;300140134.39999997615814208984375000000000000000000000000000
2400;300074598.39999997615814208984375000000000000000000000000000
2401;300087705.60000002384185791015625000000000000000000000000000
2402;300095078.39999997615814208984375000000000000000000000000000
2403;300086886.39999997615814208984375000000000000000000000000000
2404;276790476.80000001192092895507812500000000000000000000000000
2405;277105049.60000002384185791015625000000000000000000000000000
2406;277245952.00000000000000000000000000000000000000000000000000
2407;277493350.39999997615814208984375000000000000000000000000000
2408;277725184.00000000000000000000000000000000000000000000000000
2409;278109388.80000001192092895507812500000000000000000000000000
2410;278505881.60000002384185791015625000000000000000000000000000
2411;278722150.39999997615814208984375000000000000000000000000000
2412;279121920.00000000000000000000000000000000000000000000000000
2413;279699456.00000000000000000000000000000000000000000000000000
2414;279918182.39999997615814208984375000000000000000000000000000
2415;280297472.00000000000000000000000000000000000000000000000000
2416;280706252.80000001192092895507812500000000000000000000000000
2417;280897945.60000002384185791015625000000000000000000000000000
2418;281368166.39999997615814208984375000000000000000000000000000
2419;281654886.39999997615814208984375000000000000000000000000000
2420;281834291.19999998807907104492187500000000000000000000000000
2421;282188185.60000002384185791015625000000000000000000000000000
2422;282452787.19999998807907104492187500000000000000000000000000
2423;282687078.39999997615814208984375000000000000000000000000000
2424;283103232.00000000000000000000000000000000000000000000000000
2425;283348172.80000001192092895507812500000000000000000000000000
2426;283579187.19999998807907104492187500000000000000000000000000
2427;284059238.39999997615814208984375000000000000000000000000000
2428;284217344.00000000000000000000000000000000000000000000000000
2429;285239705.60000002384185791015625000000000000000000000000000
2430;285540352.00000000000000000000000000000000000000000000000000
2431;285862297.60000002384185791015625000000000000000000000000000
2432;286236672.00000000000000000000000000000000000000000000000000
2433;286539776.00000000000000000000000000000000000000000000000000
2434;286710169.60000002384185791015625000000000000000000000000000
2435;287067340.80000001192092895507812500000000000000000000000000
2436;287344230.39999997615814208984375000000000000000000000000000
2437;287596544.00000000000000000000000000000000000000000000000000
2438;287871795.19999998807907104492187500000000000000000000000000
2439;288139673.60000002384185791015625000000000000000000000000000
2440;289014579.19999998807907104492187500000000000000000000000000
2441;289251328.00000000000000000000000000000000000000000000000000
2442;289474969.60000002384185791015625000000000000000000000000000
2443;289690419.19999998807907104492187500000000000000000000000000
2444;290150809.60000002384185791015625000000000000000000000000000
2445;290477670.39999997615814208984375000000000000000000000000000
2446;290911027.19999998807907104492187500000000000000000000000000
2447;291178086.39999997615814208984375000000000000000000000000000
2448;291564748.80000001192092895507812500000000000000000000000000
2449;291933388.80000001192092895507812500000000000000000000000000
2450;292873011.19999998807907104492187500000000000000000000000000
2451;293056512.00000000000000000000000000000000000000000000000000
2452;293321113.60000002384185791015625000000000000000000000000000
2453;293609472.00000000000000000000000000000000000000000000000000
2454;293926502.39999997615814208984375000000000000000000000000000
2455;294167347.19999998807907104492187500000000000000000000000000
2456;294451609.60000002384185791015625000000000000000000000000000
2457;296403763.19999998807907104492187500000000000000000000000000
2458;296516812.80000001192092895507812500000000000000000000000000
2459;296620851.19999998807907104492187500000000000000000000000000
2460;296846131.19999998807907104492187500000000000000000000000000
2461;297031270.39999997615814208984375000000000000000000000000000
2462;297090252.80000001192092895507812500000000000000000000000000
2463;297424486.39999997615814208984375000000000000000000000000000
2464;298351001.60000002384185791015625000000000000000000000000000
2465;298676224.00000000000000000000000000000000000000000000000000
2466;298834329.60000002384185791015625000000000000000000000000000
2467;299157913.60000002384185791015625000000000000000000000000000
2468;299518361.60000002384185791015625000000000000000000000000000
2469;299698585.60000002384185791015625000000000000000000000000000
2470;300004147.19999998807907104492187500000000000000000000000000
2471;300088524.80000001192092895507812500000000000000000000000000
2472;300121292.80000001192092895507812500000000000000000000000000
2473;300075417.60000002384185791015625000000000000000000000000000
2474;300028723.19999998807907104492187500000000000000000000000000
2475;300120473.60000002384185791015625000000000000000000000000000
2476;300068044.80000001192092895507812500000000000000000000000000
2477;300113920.00000000000000000000000000000000000000000000000000
2478;300068044.80000001192092895507812500000000000000000000000000
2479;300092620.80000001192092895507812500000000000000000000000000
2480;300120473.60000002384185791015625000000000000000000000000000
2481;300099174.39999997615814208984375000000000000000000000000000
2482;300120473.60000002384185791015625000000000000000000000000000
2483;300081971.19999998807907104492187500000000000000000000000000
2484;300074598.39999997615814208984375000000000000000000000000000
2485;300068044.80000001192092895507812500000000000000000000000000
2486;300121292.80000001192092895507812500000000000000000000000000
2487;300121292.80000001192092895507812500000000000000000000000000
2488;300095078.39999997615814208984375000000000000000000000000000
2489;300121292.80000001192092895507812500000000000000000000000000
2490;300023808.00000000000000000000000000000000000000000000000000
2491;300068864.00000000000000000000000000000000000000000000000000
2492;300095078.39999997615814208984375000000000000000000000000000
2493;300068864.00000000000000000000000000000000000000000000000000
2494;300068044.80000001192092895507812500000000000000000000000000
2495;300068864.00000000000000000000000000000000000000000000000000
2496;300075417.60000002384185791015625000000000000000000000000000
2497;300081971.19999998807907104492187500000000000000000000000000
2498;300023808.00000000000000000000000000000000000000000000000000
2499;300121292.80000001192092895507812500000000000000000000000000
2500;300068864.00000000000000000000000000000000000000000000000000
2501;300068864.00000000000000000000000000000000000000000000000000
2502;300121292.80000001192092895507812500000000000000000000000000
2503;300121292.80000001192092895507812500000000000000000000000000
2504;300075417.60000002384185791015625000000000000000000000000000
2505;300093440.00000000000000000000000000000000000000000000000000
2506;300095078.39999997615814208984375000000000000000000000000000
2507;300023808.00000000000000000000000000000000000000000000000000
2508;300068864.00000000000000000000000000000000000000000000000000
2509;300114739.19999998807907104492187500000000000000000000000000
2510;300081971.19999998807907104492187500000000000000000000000000
2511;300068864.00000000000000000000000000000000000000000000000000
2512;300098355.19999998807907104492187500000000000000000000000000
2513;300068864.00000000000000000000000000000000000000000000000000
2514;300082790.39999997615814208984375000000000000000000000000000
2515;300075417.60000002384185791015625000000000000000000000000000
2516;300068864.00000000000000000000000000000000000000000000000000
2517;300068864.00000000000000000000000000000000000000000000000000
2518;298284646.39999997615814208984375000000000000000000000000000
2519;298421452.80000001192092895507812500000000000000000000000000
2520;298387046.39999997615814208984375000000000000000000000000000
2521;298459136.00000000000000000000000000000000000000000000000000
2522;298412441.60000002384185791015625000000000000000000000000000
2523;298479616.00000000000000000000000000000000000000000000000000
2524;298483712.00000000000000000000000000000000000000000000000000
2525;298406707.19999998807907104492187500000000000000000000000000
2526;298414080.00000000000000000000000000000000000000000000000000
2527;298418176.00000000000000000000000000000000000000000000000000
2528;298523852.80000001192092895507812500000000000000000000000000
2529;298507468.80000001192092895507812500000000000000000000000000
2530;298526310.39999997615814208984375000000000000000000000000000
2531;298653286.39999997615814208984375000000000000000000000000000
2532;298600857.60000002384185791015625000000000000000000000000000
2533;298617241.60000002384185791015625000000000000000000000000000
2534;298619699.19999998807907104492187500000000000000000000000000
2535;298612326.39999997615814208984375000000000000000000000000000
2536;298728652.80000001192092895507812500000000000000000000000000
2537;298616422.39999997615814208984375000000000000000000000000000
2538;298591846.39999997615814208984375000000000000000000000000000
2539;298630348.80000001192092895507812500000000000000000000000000
2540;298700800.00000000000000000000000000000000000000000000000000
2541;298723737.60000002384185791015625000000000000000000000000000
2542;298736844.80000001192092895507812500000000000000000000000000
2543;298658201.60000002384185791015625000000000000000000000000000
2544;298679500.80000001192092895507812500000000000000000000000000
2545;298625433.60000002384185791015625000000000000000000000000000
2546;298773708.80000001192092895507812500000000000000000000000000
2547;298712268.80000001192092895507812500000000000000000000000000
2548;298695065.60000002384185791015625000000000000000000000000000
2549;298690969.60000002384185791015625000000000000000000000000000
2550;298708172.80000001192092895507812500000000000000000000000000
2551;298795008.00000000000000000000000000000000000000000000000000
2552;298823680.00000000000000000000000000000000000000000000000000
2553;298801561.60000002384185791015625000000000000000000000000000
2554;298816307.19999998807907104492187500000000000000000000000000
2555;298761420.80000001192092895507812500000000000000000000000000
2556;298894131.19999998807907104492187500000000000000000000000000
2557;298767155.19999998807907104492187500000000000000000000000000
2558;298764697.60000002384185791015625000000000000000000000000000
2559;298863001.60000002384185791015625000000000000000000000000000
2560;298780262.39999997615814208984375000000000000000000000000000
2561;298894131.19999998807907104492187500000000000000000000000000
2562;298895769.60000002384185791015625000000000000000000000000000
2563;299031756.80000001192092895507812500000000000000000000000000
2564;298980147.19999998807907104492187500000000000000000000000000
2565;298908057.60000002384185791015625000000000000000000000000000
2566;299042406.39999997615814208984375000000000000000000000000000
2567;299088281.60000002384185791015625000000000000000000000000000
2568;299116134.39999997615814208984375000000000000000000000000000
2569;299012915.19999998807907104492187500000000000000000000000000
2570;299024384.00000000000000000000000000000000000000000000000000
2571;299078451.19999998807907104492187500000000000000000000000000
2572;299113676.80000001192092895507812500000000000000000000000000
2573;299066163.19999998807907104492187500000000000000000000000000
2574;299070259.19999998807907104492187500000000000000000000000000
2575;299172659.19999998807907104492187500000000000000000000000000
2576;299331584.00000000000000000000000000000000000000000000000000
2577;299375001.60000002384185791015625000000000000000000000000000
2578;299606835.19999998807907104492187500000000000000000000000000
2579;299587993.60000002384185791015625000000000000000000000000000
2580;300726681.60000002384185791015625000000000000000000000000000
2581;300634112.00000000000000000000000000000000000000000000000000
2582;300649676.80000001192092895507812500000000000000000000000000
2583;300698828.80000001192092895507812500000000000000000000000000
2584;300910182.39999997615814208984375000000000000000000000000000
2585;300879052.80000001192092895507812500000000000000000000000000
2586;300923289.60000002384185791015625000000000000000000000000000
2587;300923289.60000002384185791015625000000000000000000000000000
2588;300930662.39999997615814208984375000000000000000000000000000
2589;300952780.80000001192092895507812500000000000000000000000000
2590;300975718.39999997615814208984375000000000000000000000000000
2591;300949504.00000000000000000000000000000000000000000000000000
2592;300883968.00000000000000000000000000000000000000000000000000
2593;300936396.80000001192092895507812500000000000000000000000000
2594;300975718.39999997615814208984375000000000000000000000000000
2595;300923289.60000002384185791015625000000000000000000000000000
2596;300923289.60000002384185791015625000000000000000000000000000
2597;300975718.39999997615814208984375000000000000000000000000000
2598;300975718.39999997615814208984375000000000000000000000000000
2599;301008486.39999997615814208984375000000000000000000000000000
2600;301008486.39999997615814208984375000000000000000000000000000
2601;300969164.80000001192092895507812500000000000000000000000000
2602;300969164.80000001192092895507812500000000000000000000000000
2603;300956057.60000002384185791015625000000000000000000000000000
2604;300942950.39999997615814208984375000000000000000000000000000
2605;300897075.19999998807907104492187500000000000000000000000000
2606;300956057.60000002384185791015625000000000000000000000000000
2607;300962611.19999998807907104492187500000000000000000000000000
2608;300956057.60000002384185791015625000000000000000000000000000
2609;300982272.00000000000000000000000000000000000000000000000000
2610;300969164.80000001192092895507812500000000000000000000000000
2611;300956057.60000002384185791015625000000000000000000000000000
2612;300956057.60000002384185791015625000000000000000000000000000
2613;300956057.60000002384185791015625000000000000000000000000000
2614;300884787.19999998807907104492187500000000000000000000000000
2615;301008486.39999997615814208984375000000000000000000000000000
2616;301008486.39999997615814208984375000000000000000000000000000
2617;300956057.60000002384185791015625000000000000000000000000000
2618;300982272.00000000000000000000000000000000000000000000000000
2619;300962611.19999998807907104492187500000000000000000000000000
2620;301008486.39999997615814208984375000000000000000000000000000
2621;300897075.19999998807907104492187500000000000000000000000000
2622;300982272.00000000000000000000000000000000000000000000000000
2623;300870860.80000001192092895507812500000000000000000000000000
2624;300969164.80000001192092895507812500000000000000000000000000
2625;300987187.19999998807907104492187500000000000000000000000000
2626;300883968.00000000000000000000000000000000000000000000000000
2627;300962611.19999998807907104492187500000000000000000000000000
2628;300942950.39999997615814208984375000000000000000000000000000
2629;300956057.60000002384185791015625000000000000000000000000000
2630;300962611.19999998807907104492187500000000000000000000000000
2631;300956057.60000002384185791015625000000000000000000000000000
2632;299554406.39999997615814208984375000000000000000000000000000
2633;299534745.60000002384185791015625000000000000000000000000000
2634;299607654.39999997615814208984375000000000000000000000000000
2635;299529830.39999997615814208984375000000000000000000000000000
2636;299542937.60000002384185791015625000000000000000000000000000
2637;299529011.19999998807907104492187500000000000000000000000000
2638;299601100.80000001192092895507812500000000000000000000000000
2639;299524096.00000000000000000000000000000000000000000000000000
2640;299529011.19999998807907104492187500000000000000000000000000
2641;299520000.00000000000000000000000000000000000000000000000000
2642;299620761.60000002384185791015625000000000000000000000000000
2643;299532288.00000000000000000000000000000000000000000000000000
2644;299521638.39999997615814208984375000000000000000000000000000
2645;299599462.39999997615814208984375000000000000000000000000000
2646;299527372.80000001192092895507812500000000000000000000000000
2647;299532288.00000000000000000000000000000000000000000000000000
2648;299615846.39999997615814208984375000000000000000000000000000
2649;299477401.60000002384185791015625000000000000000000000000000
2650;299616665.60000002384185791015625000000000000000000000000000
2651;299532288.00000000000000000000000000000000000000000000000000
2652;299562598.39999997615814208984375000000000000000000000000000
2653;299557683.19999998807907104492187500000000000000000000000000
2654;299626496.00000000000000000000000000000000000000000000000000
2655;299609292.80000001192092895507812500000000000000000000000000
2656;299535564.80000001192092895507812500000000000000000000000000
2657;299551129.60000002384185791015625000000000000000000000000000
2658;299552768.00000000000000000000000000000000000000000000000000
2659;299555225.60000002384185791015625000000000000000000000000000
2660;299669913.60000002384185791015625000000000000000000000000000
2661;299673190.39999997615814208984375000000000000000000000000000
2662;299643699.19999998807907104492187500000000000000000000000000
2663;299656806.39999997615814208984375000000000000000000000000000
2664;299696128.00000000000000000000000000000000000000000000000000
2665;299578163.19999998807907104492187500000000000000000000000000
2666;299578163.19999998807907104492187500000000000000000000000000
2667;299677286.39999997615814208984375000000000000000000000000000
2668;299568332.80000001192092895507812500000000000000000000000000
2669;299487232.00000000000000000000000000000000000000000000000000
2670;299585536.00000000000000000000000000000000000000000000000000
2671;299589632.00000000000000000000000000000000000000000000000000
2672;299589632.00000000000000000000000000000000000000000000000000
2673;299710054.39999997615814208984375000000000000000000000000000
2674;299779686.39999997615814208984375000000000000000000000000000
2675;299719884.80000001192092895507812500000000000000000000000000
2676;299646156.80000001192092895507812500000000000000000000000000
2677;299696947.19999998807907104492187500000000000000000000000000
2678;299758387.19999998807907104492187500000000000000000000000000
2679;299719065.60000002384185791015625000000000000000000000000000
2680;299680563.19999998807907104492187500000000000000000000000000
2681;299682201.60000002384185791015625000000000000000000000000000
2682;299760844.80000001192092895507812500000000000000000000000000
2683;299682201.60000002384185791015625000000000000000000000000000
2684;299792793.60000002384185791015625000000000000000000000000000
2685;299696947.19999998807907104492187500000000000000000000000000
2686;299782144.00000000000000000000000000000000000000000000000000
2687;299695308.80000001192092895507812500000000000000000000000000
2688;299766579.19999998807907104492187500000000000000000000000000
2689;299832934.39999997615814208984375000000000000000000000000000
2690;299832934.39999997615814208984375000000000000000000000000000
2691;299753472.00000000000000000000000000000000000000000000000000
2692;299822284.80000001192092895507812500000000000000000000000000
2693;299837030.39999997615814208984375000000000000000000000000000
2694;299838668.80000001192092895507812500000000000000000000000000
2695;300827443.19999998807907104492187500000000000000000000000000
2696;300803686.39999997615814208984375000000000000000000000000000
2697;300820889.60000002384185791015625000000000000000000000000000
2698;300786483.19999998807907104492187500000000000000000000000000
2699;300838092.80000001192092895507812500000000000000000000000000
2700;300766003.19999998807907104492187500000000000000000000000000
2701;300852838.39999997615814208984375000000000000000000000000000
2702;301558169.60000002384185791015625000000000000000000000000000
2703;301558169.60000002384185791015625000000000000000000000000000
2704;301519667.19999998807907104492187500000000000000000000000000
2705;301624524.80000001192092895507812500000000000000000000000000
2706;301532774.39999997615814208984375000000000000000000000000000
2707;301585203.19999998807907104492187500000000000000000000000000
2708;301591756.80000001192092895507812500000000000000000000000000
2709;301624524.80000001192092895507812500000000000000000000000000
2710;301578649.60000002384185791015625000000000000000000000000000
2711;301657292.80000001192092895507812500000000000000000000000000
2712;301550796.80000001192092895507812500000000000000000000000000
2713;301578649.60000002384185791015625000000000000000000000000000
2714;301624524.80000001192092895507812500000000000000000000000000
2715;301550796.80000001192092895507812500000000000000000000000000
2716;301480345.60000002384185791015625000000000000000000000000000
2717;301657292.80000001192092895507812500000000000000000000000000
2718;301657292.80000001192092895507812500000000000000000000000000
2719;301657292.80000001192092895507812500000000000000000000000000
2720;301585203.19999998807907104492187500000000000000000000000000
2721;301585203.19999998807907104492187500000000000000000000000000
2722;301578649.60000002384185791015625000000000000000000000000000
2723;301550796.80000001192092895507812500000000000000000000000000
2724;301609779.19999998807907104492187500000000000000000000000000
2725;301586022.39999997615814208984375000000000000000000000000000
2726;301585203.19999998807907104492187500000000000000000000000000
2727;301550796.80000001192092895507812500000000000000000000000000
2728;301657292.80000001192092895507812500000000000000000000000000
2729;301585203.19999998807907104492187500000000000000000000000000
2730;301545881.60000002384185791015625000000000000000000000000000
2731;301513113.60000002384185791015625000000000000000000000000000
2732;301603225.60000002384185791015625000000000000000000000000000
2733;301550796.80000001192092895507812500000000000000000000000000
2734;301657292.80000001192092895507812500000000000000000000000000
2735;301657292.80000001192092895507812500000000000000000000000000
2736;301657292.80000001192092895507812500000000000000000000000000
2737;301585203.19999998807907104492187500000000000000000000000000
2738;301585203.19999998807907104492187500000000000000000000000000
2739;301533593.60000002384185791015625000000000000000000000000000
2740;301506560.00000000000000000000000000000000000000000000000000
2741;301480345.60000002384185791015625000000000000000000000000000
2742;301550796.80000001192092895507812500000000000000000000000000
2743;301578649.60000002384185791015625000000000000000000000000000
2744;301585203.19999998807907104492187500000000000000000000000000
2745;301585203.19999998807907104492187500000000000000000000000000
2746;301578649.60000002384185791015625000000000000000000000000000
2747;301506560.00000000000000000000000000000000000000000000000000
2748;301506560.00000000000000000000000000000000000000000000000000
2749;301250969.60000002384185791015625000000000000000000000000000
2750;276284211.19999998807907104492187500000000000000000000000000
2751;276471808.00000000000000000000000000000000000000000000000000
2752;277006745.60000002384185791015625000000000000000000000000000
2753;277163212.80000001192092895507812500000000000000000000000000
2754;277550694.39999997615814208984375000000000000000000000000000
2755;277880012.80000001192092895507812500000000000000000000000000
2756;278265856.00000000000000000000000000000000000000000000000000
2757;278490316.80000001192092895507812500000000000000000000000000
2758;279003136.00000000000000000000000000000000000000000000000000
2759;279219404.80000001192092895507812500000000000000000000000000
2760;279396352.00000000000000000000000000000000000000000000000000
2761;279787929.60000002384185791015625000000000000000000000000000
2762;280102502.39999997615814208984375000000000000000000000000000
2763;280387584.00000000000000000000000000000000000000000000000000
2764;280822579.19999998807907104492187500000000000000000000000000
2765;281069158.39999997615814208984375000000000000000000000000000
2766;281310003.19999998807907104492187500000000000000000000000000
2767;281771212.80000001192092895507812500000000000000000000000000
2768;282102169.60000002384185791015625000000000000000000000000000
2769;282368409.60000002384185791015625000000000000000000000000000
2770;282755072.00000000000000000000000000000000000000000000000000
2771;282932019.19999998807907104492187500000000000000000000000000
2772;283441561.60000002384185791015625000000000000000000000000000
2773;283550515.19999998807907104492187500000000000000000000000000
2774;167165952.00000000000000000000000000000000000000000000000000
