Second;RAM_KB
0;2589491.20000000018626451492309570312500000000000000000000
1;65708851.20000000298023223876953125000000000000000000000000
2;76638617.59999999403953552246093750000000000000000000000000
3;140676300.80000001192092895507812500000000000000000000000000
4;152726732.80000001192092895507812500000000000000000000000000
5;167168409.59999999403953552246093750000000000000000000000000
6;185247334.40000000596046447753906250000000000000000000000000
7;191055462.40000000596046447753906250000000000000000000000000
8;192054067.19999998807907104492187500000000000000000000000000
9;200551628.80000001192092895507812500000000000000000000000000
10;201254502.40000000596046447753906250000000000000000000000000
11;202268672.00000000000000000000000000000000000000000000000000
12;202824908.80000001192092895507812500000000000000000000000000
13;203742412.80000001192092895507812500000000000000000000000000
14;204792627.19999998807907104492187500000000000000000000000000
15;205563494.40000000596046447753906250000000000000000000000000
16;206740684.80000001192092895507812500000000000000000000000000
17;207523020.80000001192092895507812500000000000000000000000000
18;208708403.19999998807907104492187500000000000000000000000000
19;209271193.59999999403953552246093750000000000000000000000000
20;210873548.80000001192092895507812500000000000000000000000000
21;211734528.00000000000000000000000000000000000000000000000000
22;212234240.00000000000000000000000000000000000000000000000000
23;212358758.40000000596046447753906250000000000000000000000000
24;214071705.59999999403953552246093750000000000000000000000000
25;215339008.00000000000000000000000000000000000000000000000000
26;216072192.00000000000000000000000000000000000000000000000000
27;217061785.59999999403953552246093750000000000000000000000000
28;217459097.59999999403953552246093750000000000000000000000000
29;218699366.40000000596046447753906250000000000000000000000000
30;219401420.80000001192092895507812500000000000000000000000000
31;219910144.00000000000000000000000000000000000000000000000000
32;220978380.80000001192092895507812500000000000000000000000000
33;221655040.00000000000000000000000000000000000000000000000000
34;222321049.59999999403953552246093750000000000000000000000000
35;222712627.19999998807907104492187500000000000000000000000000
36;223950438.40000000596046447753906250000000000000000000000000
37;225315225.59999999403953552246093750000000000000000000000000
38;225797734.40000000596046447753906250000000000000000000000000
39;227131392.00000000000000000000000000000000000000000000000000
40;227667148.80000001192092895507812500000000000000000000000000
41;228268441.59999999403953552246093750000000000000000000000000
42;229139251.19999998807907104492187500000000000000000000000000
43;230508953.59999999403953552246093750000000000000000000000000
44;231346176.00000000000000000000000000000000000000000000000000
45;231434649.59999999403953552246093750000000000000000000000000
46;232552038.40000000596046447753906250000000000000000000000000
47;233144320.00000000000000000000000000000000000000000000000000
48;234295296.00000000000000000000000000000000000000000000000000
49;235096473.59999999403953552246093750000000000000000000000000
50;235928780.80000001192092895507812500000000000000000000000000
51;236767641.59999999403953552246093750000000000000000000000000
52;237383680.00000000000000000000000000000000000000000000000000
53;238695219.19999998807907104492187500000000000000000000000000
54;239208857.59999999403953552246093750000000000000000000000000
55;239960883.19999998807907104492187500000000000000000000000000
56;240736665.59999999403953552246093750000000000000000000000000
57;241439539.19999998807907104492187500000000000000000000000000
58;241765580.80000001192092895507812500000000000000000000000000
59;282714112.00000000000000000000000000000000000000000000000000
60;282624000.00000000000000000000000000000000000000000000000000
61;282613350.39999997615814208984375000000000000000000000000000
62;282645299.19999998807907104492187500000000000000000000000000
63;282587955.19999998807907104492187500000000000000000000000000
64;282569113.60000002384185791015625000000000000000000000000000
65;282556006.39999997615814208984375000000000000000000000000000
66;282451148.80000001192092895507812500000000000000000000000000
67;282634649.60000002384185791015625000000000000000000000000000
68;282645299.19999998807907104492187500000000000000000000000000
69;282659225.60000002384185791015625000000000000000000000000000
70;282620723.19999998807907104492187500000000000000000000000000
71;282620723.19999998807907104492187500000000000000000000000000
72;282661683.19999998807907104492187500000000000000000000000000
73;282661683.19999998807907104492187500000000000000000000000000
74;282733772.80000001192092895507812500000000000000000000000000
75;282748518.39999997615814208984375000000000000000000000000000
76;282460160.00000000000000000000000000000000000000000000000000
77;282654310.39999997615814208984375000000000000000000000000000
78;282460160.00000000000000000000000000000000000000000000000000
79;282604339.19999998807907104492187500000000000000000000000000
80;282668236.80000001192092895507812500000000000000000000000000
81;282565017.60000002384185791015625000000000000000000000000000
82;282565017.60000002384185791015625000000000000000000000000000
83;282460160.00000000000000000000000000000000000000000000000000
84;282565017.60000002384185791015625000000000000000000000000000
85;282661683.19999998807907104492187500000000000000000000000000
86;282604339.19999998807907104492187500000000000000000000000000
87;282661683.19999998807907104492187500000000000000000000000000
88;282661683.19999998807907104492187500000000000000000000000000
89;282661683.19999998807907104492187500000000000000000000000000
90;282648576.00000000000000000000000000000000000000000000000000
91;282630553.60000002384185791015625000000000000000000000000000
92;282748518.39999997615814208984375000000000000000000000000000
93;282460160.00000000000000000000000000000000000000000000000000
94;282591232.00000000000000000000000000000000000000000000000000
95;282661683.19999998807907104492187500000000000000000000000000
96;282650214.39999997615814208984375000000000000000000000000000
97;282733772.80000001192092895507812500000000000000000000000000
98;282525696.00000000000000000000000000000000000000000000000000
99;282648576.00000000000000000000000000000000000000000000000000
100;282630553.60000002384185791015625000000000000000000000000000
101;282661683.19999998807907104492187500000000000000000000000000
102;261880217.59999999403953552246093750000000000000000000000000
103;261695078.40000000596046447753906250000000000000000000000000
104;262179225.59999999403953552246093750000000000000000000000000
105;262571622.40000000596046447753906250000000000000000000000000
106;262897664.00000000000000000000000000000000000000000000000000
107;263362969.59999999403953552246093750000000000000000000000000
108;263687372.80000001192092895507812500000000000000000000000000
109;263948697.59999999403953552246093750000000000000000000000000
110;264402534.40000000596046447753906250000000000000000000000000
111;264685977.59999999403953552246093750000000000000000000000000
112;265166848.00000000000000000000000000000000000000000000000000
113;265552691.19999998807907104492187500000000000000000000000000
114;265909862.40000000596046447753906250000000000000000000000000
115;266391552.00000000000000000000000000000000000000000000000000
116;266379264.00000000000000000000000000000000000000000000000000
117;267015782.40000000596046447753906250000000000000000000000000
118;267230412.80000001192092895507812500000000000000000000000000
119;267762073.59999999403953552246093750000000000000000000000000
120;268315852.80000001192092895507812500000000000000000000000000
121;268578816.00000000000000000000000000000000000000000000000000
122;269046579.19999998807907104492187500000000000000000000000000
123;269936230.39999997615814208984375000000000000000000000000000
124;270325350.39999997615814208984375000000000000000000000000000
125;270932377.60000002384185791015625000000000000000000000000000
126;271262515.19999998807907104492187500000000000000000000000000
127;271796633.60000002384185791015625000000000000000000000000000
128;271902310.39999997615814208984375000000000000000000000000000
129;273029529.60000002384185791015625000000000000000000000000000
130;273301504.00000000000000000000000000000000000000000000000000
131;273701273.60000002384185791015625000000000000000000000000000
132;274422169.60000002384185791015625000000000000000000000000000
133;274830131.19999998807907104492187500000000000000000000000000
134;275145523.19999998807907104492187500000000000000000000000000
135;275595264.00000000000000000000000000000000000000000000000000
136;276530790.39999997615814208984375000000000000000000000000000
137;276842086.39999997615814208984375000000000000000000000000000
138;277195161.60000002384185791015625000000000000000000000000000
139;277404057.60000002384185791015625000000000000000000000000000
140;278420684.80000001192092895507812500000000000000000000000000
141;278727065.60000002384185791015625000000000000000000000000000
142;279094886.39999997615814208984375000000000000000000000000000
143;279384064.00000000000000000000000000000000000000000000000000
144;279755980.80000001192092895507812500000000000000000000000000
145;280641536.00000000000000000000000000000000000000000000000000
146;280988057.60000002384185791015625000000000000000000000000000
147;281481216.00000000000000000000000000000000000000000000000000
148;281747456.00000000000000000000000000000000000000000000000000
149;282054656.00000000000000000000000000000000000000000000000000
150;282338918.39999997615814208984375000000000000000000000000000
151;283432550.39999997615814208984375000000000000000000000000000
152;283634073.60000002384185791015625000000000000000000000000000
153;283729920.00000000000000000000000000000000000000000000000000
154;283427635.19999998807907104492187500000000000000000000000000
155;283558707.19999998807907104492187500000000000000000000000000
156;283571814.39999997615814208984375000000000000000000000000000
157;283629158.39999997615814208984375000000000000000000000000000
158;283629158.39999997615814208984375000000000000000000000000000
159;283616051.19999998807907104492187500000000000000000000000000
160;283598028.80000001192092895507812500000000000000000000000000
161;283427635.19999998807907104492187500000000000000000000000000
162;283629158.39999997615814208984375000000000000000000000000000
163;283623424.00000000000000000000000000000000000000000000000000
164;283621785.60000002384185791015625000000000000000000000000000
165;283388313.60000002384185791015625000000000000000000000000000
166;283704524.80000001192092895507812500000000000000000000000000
167;283704524.80000001192092895507812500000000000000000000000000
168;283489894.39999997615814208984375000000000000000000000000000
169;283607859.19999998807907104492187500000000000000000000000000
170;283706982.39999997615814208984375000000000000000000000000000
171;283694694.39999997615814208984375000000000000000000000000000
172;283706163.19999998807907104492187500000000000000000000000000
173;283754496.00000000000000000000000000000000000000000000000000
174;283492352.00000000000000000000000000000000000000000000000000
175;283610316.80000001192092895507812500000000000000000000000000
176;283610316.80000001192092895507812500000000000000000000000000
177;283649638.39999997615814208984375000000000000000000000000000
178;283706982.39999997615814208984375000000000000000000000000000
179;283706982.39999997615814208984375000000000000000000000000000
180;283693875.19999998807907104492187500000000000000000000000000
181;283706982.39999997615814208984375000000000000000000000000000
182;283694694.39999997615814208984375000000000000000000000000000
183;283694694.39999997615814208984375000000000000000000000000000
184;283694694.39999997615814208984375000000000000000000000000000
185;283706163.19999998807907104492187500000000000000000000000000
186;283699609.60000002384185791015625000000000000000000000000000
187;283505459.19999998807907104492187500000000000000000000000000
188;283649638.39999997615814208984375000000000000000000000000000
189;283706982.39999997615814208984375000000000000000000000000000
190;283649638.39999997615814208984375000000000000000000000000000
191;283610316.80000001192092895507812500000000000000000000000000
192;283636531.19999998807907104492187500000000000000000000000000
193;283706982.39999997615814208984375000000000000000000000000000
194;283693875.19999998807907104492187500000000000000000000000000
195;283693875.19999998807907104492187500000000000000000000000000
196;262410240.00000000000000000000000000000000000000000000000000
197;262649446.40000000596046447753906250000000000000000000000000
198;262992691.19999998807907104492187500000000000000000000000000
199;263459635.19999998807907104492187500000000000000000000000000
200;263826636.80000001192092895507812500000000000000000000000000
201;264199372.80000001192092895507812500000000000000000000000000
202;264605696.00000000000000000000000000000000000000000000000000
203;264966144.00000000000000000000000000000000000000000000000000
204;265153740.80000001192092895507812500000000000000000000000000
205;265435545.59999999403953552246093750000000000000000000000000
206;265877094.40000000596046447753906250000000000000000000000000
207;266341580.80000001192092895507812500000000000000000000000000
208;266770022.40000000596046447753906250000000000000000000000000
209;267111628.80000001192092895507812500000000000000000000000000
210;267565465.59999999403953552246093750000000000000000000000000
211;267848089.59999999403953552246093750000000000000000000000000
212;268432179.19999998807907104492187500000000000000000000000000
213;268761497.60000002384185791015625000000000000000000000000000
214;269037568.00000000000000000000000000000000000000000000000000
215;269531545.60000002384185791015625000000000000000000000000000
216;270204108.80000001192092895507812500000000000000000000000000
217;270578483.19999998807907104492187500000000000000000000000000
218;270958592.00000000000000000000000000000000000000000000000000
219;271693414.39999997615814208984375000000000000000000000000000
220;272112844.80000001192092895507812500000000000000000000000000
221;272186572.80000001192092895507812500000000000000000000000000
222;273151590.39999997615814208984375000000000000000000000000000
223;273690624.00000000000000000000000000000000000000000000000000
224;274003558.39999997615814208984375000000000000000000000000000
225;274808832.00000000000000000000000000000000000000000000000000
226;275156172.80000001192092895507812500000000000000000000000000
227;275428147.19999998807907104492187500000000000000000000000000
228;275777945.60000002384185791015625000000000000000000000000000
229;276048281.60000002384185791015625000000000000000000000000000
230;277281996.80000001192092895507812500000000000000000000000000
231;277494988.80000001192092895507812500000000000000000000000000
232;277778432.00000000000000000000000000000000000000000000000000
233;278070886.39999997615814208984375000000000000000000000000000
234;278966272.00000000000000000000000000000000000000000000000000
235;279311974.39999997615814208984375000000000000000000000000000
236;279822336.00000000000000000000000000000000000000000000000000
237;280081203.19999998807907104492187500000000000000000000000000
238;280457216.00000000000000000000000000000000000000000000000000
239;281345228.80000001192092895507812500000000000000000000000000
240;281515622.39999997615814208984375000000000000000000000000000
241;281662259.19999998807907104492187500000000000000000000000000
242;282111180.80000001192092895507812500000000000000000000000000
243;282424934.39999997615814208984375000000000000000000000000000
244;283759411.19999998807907104492187500000000000000000000000000
245;283775795.19999998807907104492187500000000000000000000000000
246;283980595.19999998807907104492187500000000000000000000000000
247;284196864.00000000000000000000000000000000000000000000000000
248;284196864.00000000000000000000000000000000000000000000000000
249;284214886.39999997615814208984375000000000000000000000000000
250;284208332.80000001192092895507812500000000000000000000000000
251;284000256.00000000000000000000000000000000000000000000000000
252;284013363.19999998807907104492187500000000000000000000000000
253;284013363.19999998807907104492187500000000000000000000000000
254;284013363.19999998807907104492187500000000000000000000000000
255;284214886.39999997615814208984375000000000000000000000000000
256;284202598.39999997615814208984375000000000000000000000000000
257;284013363.19999998807907104492187500000000000000000000000000
258;284013363.19999998807907104492187500000000000000000000000000
259;284000256.00000000000000000000000000000000000000000000000000
260;284247654.39999997615814208984375000000000000000000000000000
261;284202598.39999997615814208984375000000000000000000000000000
262;284346777.60000002384185791015625000000000000000000000000000
263;284346777.60000002384185791015625000000000000000000000000000
264;284418867.19999998807907104492187500000000000000000000000000
265;284335308.80000001192092895507812500000000000000000000000000
266;284315648.00000000000000000000000000000000000000000000000000
267;284333670.39999997615814208984375000000000000000000000000000
268;284250112.00000000000000000000000000000000000000000000000000
269;284314828.80000001192092895507812500000000000000000000000000
270;284250112.00000000000000000000000000000000000000000000000000
271;284333670.39999997615814208984375000000000000000000000000000
272;284145254.39999997615814208984375000000000000000000000000000
273;284334489.60000002384185791015625000000000000000000000000000
274;284250112.00000000000000000000000000000000000000000000000000
275;284315648.00000000000000000000000000000000000000000000000000
276;284289433.60000002384185791015625000000000000000000000000000
277;284250112.00000000000000000000000000000000000000000000000000
278;284346777.60000002384185791015625000000000000000000000000000
279;284346777.60000002384185791015625000000000000000000000000000
280;284145254.39999997615814208984375000000000000000000000000000
281;284276326.39999997615814208984375000000000000000000000000000
282;284263219.19999998807907104492187500000000000000000000000000
283;284416409.60000002384185791015625000000000000000000000000000
284;284403302.39999997615814208984375000000000000000000000000000
285;284382822.39999997615814208984375000000000000000000000000000
286;284369715.19999998807907104492187500000000000000000000000000
287;284440985.60000002384185791015625000000000000000000000000000
288;284572876.80000001192092895507812500000000000000000000000000
289;284299264.00000000000000000000000000000000000000000000000000
290;284299264.00000000000000000000000000000000000000000000000000
291;284493414.39999997615814208984375000000000000000000000000000
292;284499968.00000000000000000000000000000000000000000000000000
293;284497510.39999997615814208984375000000000000000000000000000
294;264206745.59999999403953552246093750000000000000000000000000
295;264265728.00000000000000000000000000000000000000000000000000
296;264495104.00000000000000000000000000000000000000000000000000
297;264440217.59999999403953552246093750000000000000000000000000
298;264595865.59999999403953552246093750000000000000000000000000
299;265030860.80000001192092895507812500000000000000000000000000
300;265338880.00000000000000000000000000000000000000000000000000
301;265786163.19999998807907104492187500000000000000000000000000
302;266251468.80000001192092895507812500000000000000000000000000
303;266504601.59999999403953552246093750000000000000000000000000
304;267031347.19999998807907104492187500000000000000000000000000
305;267305779.19999998807907104492187500000000000000000000000000
306;267585126.40000000596046447753906250000000000000000000000000
307;267848089.59999999403953552246093750000000000000000000000000
308;268267520.00000000000000000000000000000000000000000000000000
309;268563251.19999998807907104492187500000000000000000000000000
310;269050675.19999998807907104492187500000000000000000000000000
311;269396377.60000002384185791015625000000000000000000000000000
312;269638041.60000002384185791015625000000000000000000000000000
313;270376140.80000001192092895507812500000000000000000000000000
314;270599782.39999997615814208984375000000000000000000000000000
315;270993817.60000002384185791015625000000000000000000000000000
316;271438643.19999998807907104492187500000000000000000000000000
317;271852339.19999998807907104492187500000000000000000000000000
318;272089907.19999998807907104492187500000000000000000000000000
319;272664166.39999997615814208984375000000000000000000000000000
320;272939417.60000002384185791015625000000000000000000000000000
321;273255628.80000001192092895507812500000000000000000000000000
322;273820876.80000001192092895507812500000000000000000000000000
323;274388582.39999997615814208984375000000000000000000000000000
324;274764595.19999998807907104492187500000000000000000000000000
325;275071795.19999998807907104492187500000000000000000000000000
326;276067942.39999997615814208984375000000000000000000000000000
327;276329267.19999998807907104492187500000000000000000000000000
328;276791296.00000000000000000000000000000000000000000000000000
329;277141913.60000002384185791015625000000000000000000000000000
330;277812019.19999998807907104492187500000000000000000000000000
331;278036480.00000000000000000000000000000000000000000000000000
332;278365798.39999997615814208984375000000000000000000000000000
333;278731980.80000001192092895507812500000000000000000000000000
334;280371200.00000000000000000000000000000000000000000000000000
335;280766873.60000002384185791015625000000000000000000000000000
336;280906137.60000002384185791015625000000000000000000000000000
337;281315737.60000002384185791015625000000000000000000000000000
338;281600819.19999998807907104492187500000000000000000000000000
339;282218496.00000000000000000000000000000000000000000000000000
340;283090124.80000001192092895507812500000000000000000000000000
341;283185971.19999998807907104492187500000000000000000000000000
342;283484979.19999998807907104492187500000000000000000000000000
343;283909324.80000001192092895507812500000000000000000000000000
344;284314828.80000001192092895507812500000000000000000000000000
345;284629401.60000002384185791015625000000000000000000000000000
346;286100684.80000001192092895507812500000000000000000000000000
347;286100684.80000001192092895507812500000000000000000000000000
348;285769728.00000000000000000000000000000000000000000000000000
349;285782835.19999998807907104492187500000000000000000000000000
350;285782835.19999998807907104492187500000000000000000000000000
351;285927014.39999997615814208984375000000000000000000000000000
352;285952409.60000002384185791015625000000000000000000000000000
353;285782835.19999998807907104492187500000000000000000000000000
354;285971251.19999998807907104492187500000000000000000000000000
355;285990912.00000000000000000000000000000000000000000000000000
356;285991731.19999998807907104492187500000000000000000000000000
357;285744332.80000001192092895507812500000000000000000000000000
358;285783654.39999997615814208984375000000000000000000000000000
359;285770547.19999998807907104492187500000000000000000000000000
360;285757440.00000000000000000000000000000000000000000000000000
361;285985177.60000002384185791015625000000000000000000000000000
362;285953228.80000001192092895507812500000000000000000000000000
363;285770547.19999998807907104492187500000000000000000000000000
364;285757440.00000000000000000000000000000000000000000000000000
365;285888512.00000000000000000000000000000000000000000000000000
366;285888512.00000000000000000000000000000000000000000000000000
367;285927833.60000002384185791015625000000000000000000000000000
368;285985177.60000002384185791015625000000000000000000000000000
369;285972070.39999997615814208984375000000000000000000000000000
370;285954048.00000000000000000000000000000000000000000000000000
371;285978624.00000000000000000000000000000000000000000000000000
372;285796761.60000002384185791015625000000000000000000000000000
373;285783654.39999997615814208984375000000000000000000000000000
374;285875404.80000001192092895507812500000000000000000000000000
375;285985177.60000002384185791015625000000000000000000000000000
376;285985177.60000002384185791015625000000000000000000000000000
377;286004838.39999997615814208984375000000000000000000000000000
378;286057267.19999998807907104492187500000000000000000000000000
379;285771366.39999997615814208984375000000000000000000000000000
380;285876224.00000000000000000000000000000000000000000000000000
381;285829529.60000002384185791015625000000000000000000000000000
382;285908172.80000001192092895507812500000000000000000000000000
383;285965516.80000001192092895507812500000000000000000000000000
384;285895884.80000001192092895507812500000000000000000000000000
385;285895884.80000001192092895507812500000000000000000000000000
386;285953228.80000001192092895507812500000000000000000000000000
387;285940121.60000002384185791015625000000000000000000000000000
388;285946675.19999998807907104492187500000000000000000000000000
389;285922099.19999998807907104492187500000000000000000000000000
390;264853913.59999999403953552246093750000000000000000000000000
391;264919449.59999999403953552246093750000000000000000000000000
392;264938291.19999998807907104492187500000000000000000000000000
393;264982528.00000000000000000000000000000000000000000000000000
394;265107046.40000000596046447753906250000000000000000000000000
395;265305292.80000001192092895507812500000000000000000000000000
396;265664921.59999999403953552246093750000000000000000000000000
397;265990963.19999998807907104492187500000000000000000000000000
398;266307993.59999999403953552246093750000000000000000000000000
399;266575872.00000000000000000000000000000000000000000000000000
400;266864230.40000000596046447753906250000000000000000000000000
401;267263180.80000001192092895507812500000000000000000000000000
402;267773542.40000000596046447753906250000000000000000000000000
403;268033228.80000001192092895507812500000000000000000000000000
404;268419891.19999998807907104492187500000000000000000000000000
405;268649267.19999998807907104492187500000000000000000000000000
406;269133414.39999997615814208984375000000000000000000000000000
407;269486489.60000002384185791015625000000000000000000000000000
408;269887897.60000002384185791015625000000000000000000000000000
409;270251622.39999997615814208984375000000000000000000000000000
410;270955315.19999998807907104492187500000000000000000000000000
411;271223193.60000002384185791015625000000000000000000000000000
412;271701606.39999997615814208984375000000000000000000000000000
413;271967846.39999997615814208984375000000000000000000000000000
414;272299622.39999997615814208984375000000000000000000000000000
415;272929587.19999998807907104492187500000000000000000000000000
416;273183539.19999998807907104492187500000000000000000000000000
417;273491558.39999997615814208984375000000000000000000000000000
418;273708646.39999997615814208984375000000000000000000000000000
419;274676940.80000001192092895507812500000000000000000000000000
420;274933350.39999997615814208984375000000000000000000000000000
421;276142489.60000002384185791015625000000000000000000000000000
422;276549632.00000000000000000000000000000000000000000000000000
423;276972339.19999998807907104492187500000000000000000000000000
424;277187788.80000001192092895507812500000000000000000000000000
425;277495808.00000000000000000000000000000000000000000000000000
426;278565683.19999998807907104492187500000000000000000000000000
427;278901555.19999998807907104492187500000000000000000000000000
428;279277568.00000000000000000000000000000000000000000000000000
429;279714201.60000002384185791015625000000000000000000000000000
430;279892787.19999998807907104492187500000000000000000000000000
431;281193676.80000001192092895507812500000000000000000000000000
432;281572966.39999997615814208984375000000000000000000000000000
433;281849856.00000000000000000000000000000000000000000000000000
434;282100531.19999998807907104492187500000000000000000000000000
435;282501939.19999998807907104492187500000000000000000000000000
436;283630796.80000001192092895507812500000000000000000000000000
437;283691417.60000002384185791015625000000000000000000000000000
438;283802009.60000002384185791015625000000000000000000000000000
439;284126412.80000001192092895507812500000000000000000000000000
440;284508979.19999998807907104492187500000000000000000000000000
441;284889907.19999998807907104492187500000000000000000000000000
442;285976166.39999997615814208984375000000000000000000000000000
443;286082662.39999997615814208984375000000000000000000000000000
444;286161305.60000002384185791015625000000000000000000000000000
445;285980262.39999997615814208984375000000000000000000000000000
446;286083481.60000002384185791015625000000000000000000000000000
447;286094950.39999997615814208984375000000000000000000000000000
448;285887692.80000001192092895507812500000000000000000000000000
449;286088396.80000001192092895507812500000000000000000000000000
450;285887692.80000001192092895507812500000000000000000000000000
451;285887692.80000001192092895507812500000000000000000000000000
452;286038425.60000002384185791015625000000000000000000000000000
453;286095769.60000002384185791015625000000000000000000000000000
454;286082662.39999997615814208984375000000000000000000000000000
455;286064640.00000000000000000000000000000000000000000000000000
456;286095769.60000002384185791015625000000000000000000000000000
457;286095769.60000002384185791015625000000000000000000000000000
458;286038425.60000002384185791015625000000000000000000000000000
459;285999104.00000000000000000000000000000000000000000000000000
460;285887692.80000001192092895507812500000000000000000000000000
461;286095769.60000002384185791015625000000000000000000000000000
462;286095769.60000002384185791015625000000000000000000000000000
463;285887692.80000001192092895507812500000000000000000000000000
464;286038425.60000002384185791015625000000000000000000000000000
465;286095769.60000002384185791015625000000000000000000000000000
466;286083481.60000002384185791015625000000000000000000000000000
467;286063820.80000001192092895507812500000000000000000000000000
468;286063820.80000001192092895507812500000000000000000000000000
469;286088396.80000001192092895507812500000000000000000000000000
470;285874585.60000002384185791015625000000000000000000000000000
471;286095769.60000002384185791015625000000000000000000000000000
472;285887692.80000001192092895507812500000000000000000000000000
473;285887692.80000001192092895507812500000000000000000000000000
474;285887692.80000001192092895507812500000000000000000000000000
475;285993369.60000002384185791015625000000000000000000000000000
476;286095769.60000002384185791015625000000000000000000000000000
477;286083481.60000002384185791015625000000000000000000000000000
478;286083481.60000002384185791015625000000000000000000000000000
479;286083481.60000002384185791015625000000000000000000000000000
480;286083481.60000002384185791015625000000000000000000000000000
481;286083481.60000002384185791015625000000000000000000000000000
482;286083481.60000002384185791015625000000000000000000000000000
483;286095769.60000002384185791015625000000000000000000000000000
484;286094131.19999998807907104492187500000000000000000000000000
485;279811686.39999997615814208984375000000000000000000000000000
486;264420556.80000001192092895507812500000000000000000000000000
487;264410726.40000000596046447753906250000000000000000000000000
488;264495104.00000000000000000000000000000000000000000000000000
489;264622080.00000000000000000000000000000000000000000000000000
490;264763801.59999999403953552246093750000000000000000000000000
491;265038233.59999999403953552246093750000000000000000000000000
492;265449472.00000000000000000000000000000000000000000000000000
493;265723904.00000000000000000000000000000000000000000000000000
494;266493952.00000000000000000000000000000000000000000000000000
495;266567680.00000000000000000000000000000000000000000000000000
496;266964992.00000000000000000000000000000000000000000000000000
497;267273011.19999998807907104492187500000000000000000000000000
498;267770265.59999999403953552246093750000000000000000000000000
499;268128256.00000000000000000000000000000000000000000000000000
500;268419072.00000000000000000000000000000000000000000000000000
501;268980224.00000000000000000000000000000000000000000000000000
502;269241548.80000001192092895507812500000000000000000000000000
503;269859225.60000002384185791015625000000000000000000000000000
504;270127923.19999998807907104492187500000000000000000000000000
505;270754611.19999998807907104492187500000000000000000000000000
506;270977433.60000002384185791015625000000000000000000000000000
507;271348531.19999998807907104492187500000000000000000000000000
508;271859712.00000000000000000000000000000000000000000000000000
509;272233267.19999998807907104492187500000000000000000000000000
510;272602726.39999997615814208984375000000000000000000000000000
511;273393254.39999997615814208984375000000000000000000000000000
512;273612800.00000000000000000000000000000000000000000000000000
513;273964236.80000001192092895507812500000000000000000000000000
514;274787532.80000001192092895507812500000000000000000000000000
515;275231539.19999998807907104492187500000000000000000000000000
516;275394560.00000000000000000000000000000000000000000000000000
517;275852492.80000001192092895507812500000000000000000000000000
518;276552908.80000001192092895507812500000000000000000000000000
519;276693811.19999998807907104492187500000000000000000000000000
520;277050982.39999997615814208984375000000000000000000000000000
521;277370470.39999997615814208984375000000000000000000000000000
522;278371532.80000001192092895507812500000000000000000000000000
523;278740992.00000000000000000000000000000000000000000000000000
524;279012966.39999997615814208984375000000000000000000000000000
525;279396352.00000000000000000000000000000000000000000000000000
526;279670784.00000000000000000000000000000000000000000000000000
527;280930713.60000002384185791015625000000000000000000000000000
528;281133875.19999998807907104492187500000000000000000000000000
529;281500057.60000002384185791015625000000000000000000000000000
530;281812172.80000001192092895507812500000000000000000000000000
531;282065305.60000002384185791015625000000000000000000000000000
532;282380697.60000002384185791015625000000000000000000000000000
533;283466956.80000001192092895507812500000000000000000000000000
534;283772518.39999997615814208984375000000000000000000000000000
535;284203417.60000002384185791015625000000000000000000000000000
536;284638412.80000001192092895507812500000000000000000000000000
537;285124198.39999997615814208984375000000000000000000000000000
538;285124198.39999997615814208984375000000000000000000000000000
539;284862873.60000002384185791015625000000000000000000000000000
540;285070950.39999997615814208984375000000000000000000000000000
541;285039820.80000001192092895507812500000000000000000000000000
542;284862873.60000002384185791015625000000000000000000000000000
543;285070950.39999997615814208984375000000000000000000000000000
544;285057843.19999998807907104492187500000000000000000000000000
545;285136486.39999997615814208984375000000000000000000000000000
546;285084057.60000002384185791015625000000000000000000000000000
547;284863692.80000001192092895507812500000000000000000000000000
548;285013606.39999997615814208984375000000000000000000000000000
549;285057843.19999998807907104492187500000000000000000000000000
550;285039820.80000001192092895507812500000000000000000000000000
551;285070950.39999997615814208984375000000000000000000000000000
552;285070950.39999997615814208984375000000000000000000000000000
553;285013606.39999997615814208984375000000000000000000000000000
554;285057843.19999998807907104492187500000000000000000000000000
555;284849766.39999997615814208984375000000000000000000000000000
556;285013606.39999997615814208984375000000000000000000000000000
557;285070950.39999997615814208984375000000000000000000000000000
558;285057843.19999998807907104492187500000000000000000000000000
559;285084057.60000002384185791015625000000000000000000000000000
560;284974284.80000001192092895507812500000000000000000000000000
561;285070950.39999997615814208984375000000000000000000000000000
562;285057843.19999998807907104492187500000000000000000000000000
563;285070950.39999997615814208984375000000000000000000000000000
564;285069312.00000000000000000000000000000000000000000000000000
565;284862873.60000002384185791015625000000000000000000000000000
566;285110272.00000000000000000000000000000000000000000000000000
567;285110272.00000000000000000000000000000000000000000000000000
568;285102899.19999998807907104492187500000000000000000000000000
569;285102899.19999998807907104492187500000000000000000000000000
570;285102080.00000000000000000000000000000000000000000000000000
571;284925132.80000001192092895507812500000000000000000000000000
572;285102080.00000000000000000000000000000000000000000000000000
573;285102080.00000000000000000000000000000000000000000000000000
574;284925132.80000001192092895507812500000000000000000000000000
575;285102080.00000000000000000000000000000000000000000000000000
576;285126656.00000000000000000000000000000000000000000000000000
577;285172531.19999998807907104492187500000000000000000000000000
578;284925132.80000001192092895507812500000000000000000000000000
579;285030809.60000002384185791015625000000000000000000000000000
580;285036544.00000000000000000000000000000000000000000000000000
581;264557363.19999998807907104492187500000000000000000000000000
582;264717926.40000000596046447753906250000000000000000000000000
583;264772812.80000001192092895507812500000000000000000000000000
584;264988262.40000000596046447753906250000000000000000000000000
585;265071820.80000001192092895507812500000000000000000000000000
586;265447014.40000000596046447753906250000000000000000000000000
587;265635430.40000000596046447753906250000000000000000000000000
588;265876275.19999998807907104492187500000000000000000000000000
589;266176921.59999999403953552246093750000000000000000000000000
590;266686464.00000000000000000000000000000000000000000000000000
591;266797056.00000000000000000000000000000000000000000000000000
592;267315609.59999999403953552246093750000000000000000000000000
593;267840716.80000001192092895507812500000000000000000000000000
594;268228198.40000000596046447753906250000000000000000000000000
595;268664832.00000000000000000000000000000000000000000000000000
596;269098188.80000001192092895507812500000000000000000000000000
597;269459456.00000000000000000000000000000000000000000000000000
598;269765017.60000002384185791015625000000000000000000000000000
599;270165606.39999997615814208984375000000000000000000000000000
600;270650572.80000001192092895507812500000000000000000000000000
601;271208448.00000000000000000000000000000000000000000000000000
602;271479603.19999998807907104492187500000000000000000000000000
603;271853977.60000002384185791015625000000000000000000000000000
604;272513433.60000002384185791015625000000000000000000000000000
605;272922214.39999997615814208984375000000000000000000000000000
606;273172070.39999997615814208984375000000000000000000000000000
607;273726668.80000001192092895507812500000000000000000000000000
608;274062540.80000001192092895507812500000000000000000000000000
609;274350080.00000000000000000000000000000000000000000000000000
610;275664896.00000000000000000000000000000000000000000000000000
611;276020428.80000001192092895507812500000000000000000000000000
612;276426752.00000000000000000000000000000000000000000000000000
613;276694630.39999997615814208984375000000000000000000000000000
614;277490073.60000002384185791015625000000000000000000000000000
615;277946368.00000000000000000000000000000000000000000000000000
616;278494412.80000001192092895507812500000000000000000000000000
617;278792601.60000002384185791015625000000000000000000000000000
618;280048435.19999998807907104492187500000000000000000000000000
619;280254873.60000002384185791015625000000000000000000000000000
620;280759500.80000001192092895507812500000000000000000000000000
621;281202688.00000000000000000000000000000000000000000000000000
622;281595084.80000001192092895507812500000000000000000000000000
623;282478182.39999997615814208984375000000000000000000000000000
624;282585497.60000002384185791015625000000000000000000000000000
625;282933657.60000002384185791015625000000000000000000000000000
626;283299840.00000000000000000000000000000000000000000000000000
627;283697152.00000000000000000000000000000000000000000000000000
628;284755558.39999997615814208984375000000000000000000000000000
629;284848128.00000000000000000000000000000000000000000000000000
630;285064396.80000001192092895507812500000000000000000000000000
631;285392896.00000000000000000000000000000000000000000000000000
632;285384704.00000000000000000000000000000000000000000000000000
633;285226598.39999997615814208984375000000000000000000000000000
634;285312614.39999997615814208984375000000000000000000000000000
635;285314252.80000001192092895507812500000000000000000000000000
636;285340467.19999998807907104492187500000000000000000000000000
637;285397811.19999998807907104492187500000000000000000000000000
638;285384704.00000000000000000000000000000000000000000000000000
639;285366681.60000002384185791015625000000000000000000000000000
640;285469900.80000001192092895507812500000000000000000000000000
641;285196288.00000000000000000000000000000000000000000000000000
642;285301145.60000002384185791015625000000000000000000000000000
643;285301145.60000002384185791015625000000000000000000000000000
644;285301145.60000002384185791015625000000000000000000000000000
645;285301145.60000002384185791015625000000000000000000000000000
646;285397811.19999998807907104492187500000000000000000000000000
647;285170073.60000002384185791015625000000000000000000000000000
648;285297868.80000001192092895507812500000000000000000000000000
649;285340467.19999998807907104492187500000000000000000000000000
650;285384704.00000000000000000000000000000000000000000000000000
651;285397811.19999998807907104492187500000000000000000000000000
652;285366681.60000002384185791015625000000000000000000000000000
653;285366681.60000002384185791015625000000000000000000000000000
654;285288038.39999997615814208984375000000000000000000000000000
655;285301145.60000002384185791015625000000000000000000000000000
656;285397811.19999998807907104492187500000000000000000000000000
657;285384704.00000000000000000000000000000000000000000000000000
658;285391257.60000002384185791015625000000000000000000000000000
659;285183180.80000001192092895507812500000000000000000000000000
660;285397811.19999998807907104492187500000000000000000000000000
661;285397811.19999998807907104492187500000000000000000000000000
662;285196288.00000000000000000000000000000000000000000000000000
663;285274931.19999998807907104492187500000000000000000000000000
664;285327360.00000000000000000000000000000000000000000000000000
665;285384704.00000000000000000000000000000000000000000000000000
666;285397811.19999998807907104492187500000000000000000000000000
667;285397811.19999998807907104492187500000000000000000000000000
668;285384704.00000000000000000000000000000000000000000000000000
669;285384704.00000000000000000000000000000000000000000000000000
670;285366681.60000002384185791015625000000000000000000000000000
671;285183180.80000001192092895507812500000000000000000000000000
672;285196288.00000000000000000000000000000000000000000000000000
673;285301145.60000002384185791015625000000000000000000000000000
674;285340467.19999998807907104492187500000000000000000000000000
675;264476262.40000000596046447753906250000000000000000000000000
676;264614707.19999998807907104492187500000000000000000000000000
677;264767078.40000000596046447753906250000000000000000000000000
678;264863744.00000000000000000000000000000000000000000000000000
679;264734310.40000000596046447753906250000000000000000000000000
680;264871936.00000000000000000000000000000000000000000000000000
681;265301196.80000001192092895507812500000000000000000000000000
682;265601843.19999998807907104492187500000000000000000000000000
683;266031923.19999998807907104492187500000000000000000000000000
684;266246553.59999999403953552246093750000000000000000000000000
685;266545561.59999999403953552246093750000000000000000000000000
686;267174707.19999998807907104492187500000000000000000000000000
687;267491737.59999999403953552246093750000000000000000000000000
688;267795660.80000001192092895507812500000000000000000000000000
689;268302745.59999999403953552246093750000000000000000000000000
690;268653363.19999998807907104492187500000000000000000000000000
691;269099827.19999998807907104492187500000000000000000000000000
692;269480755.19999998807907104492187500000000000000000000000000
693;269879705.60000002384185791015625000000000000000000000000000
694;270249164.80000001192092895507812500000000000000000000000000
695;270741504.00000000000000000000000000000000000000000000000000
696;271286272.00000000000000000000000000000000000000000000000000
697;271525478.39999997615814208984375000000000000000000000000000
698;271907225.60000002384185791015625000000000000000000000000000
699;272034201.60000002384185791015625000000000000000000000000000
700;272370073.60000002384185791015625000000000000000000000000000
701;273140121.60000002384185791015625000000000000000000000000000
702;273371136.00000000000000000000000000000000000000000000000000
703;273776640.00000000000000000000000000000000000000000000000000
704;274576998.39999997615814208984375000000000000000000000000000
705;274816204.80000001192092895507812500000000000000000000000000
706;275270041.60000002384185791015625000000000000000000000000000
707;276272742.39999997615814208984375000000000000000000000000000
708;276820787.19999998807907104492187500000000000000000000000000
709;276986265.60000002384185791015625000000000000000000000000000
710;277401600.00000000000000000000000000000000000000000000000000
711;278166732.80000001192092895507812500000000000000000000000000
712;278487040.00000000000000000000000000000000000000000000000000
713;278910566.39999997615814208984375000000000000000000000000000
714;279143219.19999998807907104492187500000000000000000000000000
715;279692902.39999997615814208984375000000000000000000000000000
716;280996249.60000002384185791015625000000000000000000000000000
717;281137971.19999998807907104492187500000000000000000000000000
718;281593446.39999997615814208984375000000000000000000000000000
719;281916211.19999998807907104492187500000000000000000000000000
720;282167705.60000002384185791015625000000000000000000000000000
721;283196620.80000001192092895507812500000000000000000000000000
722;283220377.60000002384185791015625000000000000000000000000000
723;283495628.80000001192092895507812500000000000000000000000000
724;283901132.80000001192092895507812500000000000000000000000000
725;284173107.19999998807907104492187500000000000000000000000000
726;284911206.39999997615814208984375000000000000000000000000000
727;284911206.39999997615814208984375000000000000000000000000000
728;284818636.80000001192092895507812500000000000000000000000000
729;284818636.80000001192092895507812500000000000000000000000000
730;284617113.60000002384185791015625000000000000000000000000000
731;284617113.60000002384185791015625000000000000000000000000000
732;284604006.39999997615814208984375000000000000000000000000000
733;284604006.39999997615814208984375000000000000000000000000000
734;284617113.60000002384185791015625000000000000000000000000000
735;284617113.60000002384185791015625000000000000000000000000000
736;284838297.60000002384185791015625000000000000000000000000000
737;284890726.39999997615814208984375000000000000000000000000000
738;284617113.60000002384185791015625000000000000000000000000000
739;284735078.39999997615814208984375000000000000000000000000000
740;284761292.80000001192092895507812500000000000000000000000000
741;284853043.19999998807907104492187500000000000000000000000000
742;284853043.19999998807907104492187500000000000000000000000000
743;284651520.00000000000000000000000000000000000000000000000000
744;284651520.00000000000000000000000000000000000000000000000000
745;284638412.80000001192092895507812500000000000000000000000000
746;284846489.60000002384185791015625000000000000000000000000000
747;284846489.60000002384185791015625000000000000000000000000000
748;284821913.60000002384185791015625000000000000000000000000000
749;284821913.60000002384185791015625000000000000000000000000000
750;284821913.60000002384185791015625000000000000000000000000000
751;284821913.60000002384185791015625000000000000000000000000000
752;284821913.60000002384185791015625000000000000000000000000000
753;284853043.19999998807907104492187500000000000000000000000000
754;284839936.00000000000000000000000000000000000000000000000000
755;284853043.19999998807907104492187500000000000000000000000000
756;284853043.19999998807907104492187500000000000000000000000000
757;284853043.19999998807907104492187500000000000000000000000000
758;284703948.80000001192092895507812500000000000000000000000000
759;284651520.00000000000000000000000000000000000000000000000000
760;284651520.00000000000000000000000000000000000000000000000000
761;284651520.00000000000000000000000000000000000000000000000000
762;284651520.00000000000000000000000000000000000000000000000000
763;284651520.00000000000000000000000000000000000000000000000000
764;284743270.39999997615814208984375000000000000000000000000000
765;284779315.19999998807907104492187500000000000000000000000000
766;284782592.00000000000000000000000000000000000000000000000000
767;284756377.60000002384185791015625000000000000000000000000000
768;284795699.19999998807907104492187500000000000000000000000000
769;284839936.00000000000000000000000000000000000000000000000000
770;284939878.39999997615814208984375000000000000000000000000000
771;264517222.40000000596046447753906250000000000000000000000000
772;264552448.00000000000000000000000000000000000000000000000000
773;264736768.00000000000000000000000000000000000000000000000000
774;264895692.80000001192092895507812500000000000000000000000000
775;264978432.00000000000000000000000000000000000000000000000000
776;265033318.40000000596046447753906250000000000000000000000000
777;265368371.19999998807907104492187500000000000000000000000000
778;265716531.19999998807907104492187500000000000000000000000000
779;266144153.59999999403953552246093750000000000000000000000000
780;266553753.59999999403953552246093750000000000000000000000000
781;266771660.80000001192092895507812500000000000000000000000000
782;267404902.40000000596046447753906250000000000000000000000000
783;267785011.19999998807907104492187500000000000000000000000000
784;268374016.00000000000000000000000000000000000000000000000000
785;268562432.00000000000000000000000000000000000000000000000000
786;269005619.19999998807907104492187500000000000000000000000000
787;269334937.60000002384185791015625000000000000000000000000000
788;269915750.39999997615814208984375000000000000000000000000000
789;270304051.19999998807907104492187500000000000000000000000000
790;270531788.80000001192092895507812500000000000000000000000000
791;271175680.00000000000000000000000000000000000000000000000000
792;271501721.60000002384185791015625000000000000000000000000000
793;272093184.00000000000000000000000000000000000000000000000000
794;272442982.39999997615814208984375000000000000000000000000000
795;272846028.80000001192092895507812500000000000000000000000000
796;273166336.00000000000000000000000000000000000000000000000000
797;273619353.60000002384185791015625000000000000000000000000000
798;273894604.80000001192092895507812500000000000000000000000000
799;274137088.00000000000000000000000000000000000000000000000000
800;274984960.00000000000000000000000000000000000000000000000000
801;275045580.80000001192092895507812500000000000000000000000000
802;275598540.80000001192092895507812500000000000000000000000000
803;276235878.39999997615814208984375000000000000000000000000000
804;276674150.39999997615814208984375000000000000000000000000000
805;277055078.39999997615814208984375000000000000000000000000000
806;277431091.19999998807907104492187500000000000000000000000000
807;277902950.39999997615814208984375000000000000000000000000000
808;278831104.00000000000000000000000000000000000000000000000000
809;279024435.19999998807907104492187500000000000000000000000000
810;279521689.60000002384185791015625000000000000000000000000000
811;279755161.60000002384185791015625000000000000000000000000000
812;281216614.39999997615814208984375000000000000000000000000000
813;281556582.39999997615814208984375000000000000000000000000000
814;281803161.60000002384185791015625000000000000000000000000000
815;282056294.39999997615814208984375000000000000000000000000000
816;282374963.19999998807907104492187500000000000000000000000000
817;282741145.60000002384185791015625000000000000000000000000000
818;283958476.80000001192092895507812500000000000000000000000000
819;283918336.00000000000000000000000000000000000000000000000000
820;284277964.80000001192092895507812500000000000000000000000000
821;284699033.60000002384185791015625000000000000000000000000000
822;285229056.00000000000000000000000000000000000000000000000000
823;285287219.19999998807907104492187500000000000000000000000000
824;285341286.39999997615814208984375000000000000000000000000000
825;285323264.00000000000000000000000000000000000000000000000000
826;285323264.00000000000000000000000000000000000000000000000000
827;285323264.00000000000000000000000000000000000000000000000000
828;285426483.19999998807907104492187500000000000000000000000000
829;285354393.60000002384185791015625000000000000000000000000000
830;285341286.39999997615814208984375000000000000000000000000000
831;285257728.00000000000000000000000000000000000000000000000000
832;285297049.60000002384185791015625000000000000000000000000000
833;285297049.60000002384185791015625000000000000000000000000000
834;285297049.60000002384185791015625000000000000000000000000000
835;285231513.60000002384185791015625000000000000000000000000000
836;285218406.39999997615814208984375000000000000000000000000000
837;285356032.00000000000000000000000000000000000000000000000000
838;285356032.00000000000000000000000000000000000000000000000000
839;285259366.39999997615814208984375000000000000000000000000000
840;285356032.00000000000000000000000000000000000000000000000000
841;285343744.00000000000000000000000000000000000000000000000000
842;285324083.19999998807907104492187500000000000000000000000000
843;285324083.19999998807907104492187500000000000000000000000000
844;285324083.19999998807907104492187500000000000000000000000000
845;285324083.19999998807907104492187500000000000000000000000000
846;285388800.00000000000000000000000000000000000000000000000000
847;285141401.60000002384185791015625000000000000000000000000000
848;285154508.80000001192092895507812500000000000000000000000000
849;285180723.19999998807907104492187500000000000000000000000000
850;285154508.80000001192092895507812500000000000000000000000000
851;285428121.60000002384185791015625000000000000000000000000000
852;285356032.00000000000000000000000000000000000000000000000000
853;285356032.00000000000000000000000000000000000000000000000000
854;285154508.80000001192092895507812500000000000000000000000000
855;285154508.80000001192092895507812500000000000000000000000000
856;285272473.60000002384185791015625000000000000000000000000000
857;285356032.00000000000000000000000000000000000000000000000000
858;285356032.00000000000000000000000000000000000000000000000000
859;285343744.00000000000000000000000000000000000000000000000000
860;285324083.19999998807907104492187500000000000000000000000000
861;285154508.80000001192092895507812500000000000000000000000000
862;285259366.39999997615814208984375000000000000000000000000000
863;285342924.80000001192092895507812500000000000000000000000000
864;285356032.00000000000000000000000000000000000000000000000000
865;285349478.39999997615814208984375000000000000000000000000000
866;285154508.80000001192092895507812500000000000000000000000000
867;264542617.59999999403953552246093750000000000000000000000000
868;264606515.19999998807907104492187500000000000000000000000000
869;264812134.40000000596046447753906250000000000000000000000000
870;264998092.80000001192092895507812500000000000000000000000000
871;265113600.00000000000000000000000000000000000000000000000000
872;265537126.40000000596046447753906250000000000000000000000000
873;265626419.19999998807907104492187500000000000000000000000000
874;265979494.40000000596046447753906250000000000000000000000000
875;266403020.80000001192092895507812500000000000000000000000000
876;266807705.59999999403953552246093750000000000000000000000000
877;267245977.59999999403953552246093750000000000000000000000000
878;267602329.59999999403953552246093750000000000000000000000000
879;267930828.80000001192092895507812500000000000000000000000000
880;268378112.00000000000000000000000000000000000000000000000000
881;268581273.60000002384185791015625000000000000000000000000000
882;269090816.00000000000000000000000000000000000000000000000000
883;269452902.39999997615814208984375000000000000000000000000000
884;269635584.00000000000000000000000000000000000000000000000000
885;269992755.19999998807907104492187500000000000000000000000000
886;270220492.80000001192092895507812500000000000000000000000000
887;270966784.00000000000000000000000000000000000000000000000000
888;271113420.80000001192092895507812500000000000000000000000000
889;271447654.39999997615814208984375000000000000000000000000000
890;272084992.00000000000000000000000000000000000000000000000000
891;272540467.19999998807907104492187500000000000000000000000000
892;273108172.80000001192092895507812500000000000000000000000000
893;273272012.80000001192092895507812500000000000000000000000000
894;273671782.39999997615814208984375000000000000000000000000000
895;274111692.80000001192092895507812500000000000000000000000000
896;275361792.00000000000000000000000000000000000000000000000000
897;275678003.19999998807907104492187500000000000000000000000000
898;276054835.19999998807907104492187500000000000000000000000000
899;276242432.00000000000000000000000000000000000000000000000000
900;277253324.80000001192092895507812500000000000000000000000000
901;277610496.00000000000000000000000000000000000000000000000000
902;277988147.19999998807907104492187500000000000000000000000000
903;278310092.80000001192092895507812500000000000000000000000000
904;279400448.00000000000000000000000000000000000000000000000000
905;279538073.60000002384185791015625000000000000000000000000000
906;279946035.19999998807907104492187500000000000000000000000000
907;280202444.80000001192092895507812500000000000000000000000000
908;280602214.39999997615814208984375000000000000000000000000000
909;281787596.80000001192092895507812500000000000000000000000000
910;281794969.60000002384185791015625000000000000000000000000000
911;282021888.00000000000000000000000000000000000000000000000000
912;282419200.00000000000000000000000000000000000000000000000000
913;282721484.80000001192092895507812500000000000000000000000000
914;284054323.19999998807907104492187500000000000000000000000000
915;284165734.39999997615814208984375000000000000000000000000000
916;284359065.60000002384185791015625000000000000000000000000000
917;284529459.19999998807907104492187500000000000000000000000000
918;285311795.19999998807907104492187500000000000000000000000000
919;285343744.00000000000000000000000000000000000000000000000000
920;285402726.39999997615814208984375000000000000000000000000000
921;285371596.80000001192092895507812500000000000000000000000000
922;285194649.60000002384185791015625000000000000000000000000000
923;285332275.19999998807907104492187500000000000000000000000000
924;285345382.39999997615814208984375000000000000000000000000000
925;285389619.19999998807907104492187500000000000000000000000000
926;285402726.39999997615814208984375000000000000000000000000000
927;285387980.80000001192092895507812500000000000000000000000000
928;285483008.00000000000000000000000000000000000000000000000000
929;285194649.60000002384185791015625000000000000000000000000000
930;285194649.60000002384185791015625000000000000000000000000000
931;285194649.60000002384185791015625000000000000000000000000000
932;285345382.39999997615814208984375000000000000000000000000000
933;285402726.39999997615814208984375000000000000000000000000000
934;285389619.19999998807907104492187500000000000000000000000000
935;285402726.39999997615814208984375000000000000000000000000000
936;285306060.80000001192092895507812500000000000000000000000000
937;285402726.39999997615814208984375000000000000000000000000000
938;285402726.39999997615814208984375000000000000000000000000000
939;285389619.19999998807907104492187500000000000000000000000000
940;285389619.19999998807907104492187500000000000000000000000000
941;285371596.80000001192092895507812500000000000000000000000000
942;285194649.60000002384185791015625000000000000000000000000000
943;285194649.60000002384185791015625000000000000000000000000000
944;285194649.60000002384185791015625000000000000000000000000000
945;285306060.80000001192092895507812500000000000000000000000000
946;285300326.39999997615814208984375000000000000000000000000000
947;285402726.39999997615814208984375000000000000000000000000000
948;285402726.39999997615814208984375000000000000000000000000000
949;285401088.00000000000000000000000000000000000000000000000000
950;285194649.60000002384185791015625000000000000000000000000000
951;285371596.80000001192092895507812500000000000000000000000000
952;285402726.39999997615814208984375000000000000000000000000000
953;285389619.19999998807907104492187500000000000000000000000000
954;285389619.19999998807907104492187500000000000000000000000000
955;285371596.80000001192092895507812500000000000000000000000000
956;285396172.80000001192092895507812500000000000000000000000000
957;285194649.60000002384185791015625000000000000000000000000000
958;285195468.80000001192092895507812500000000000000000000000000
959;285319168.00000000000000000000000000000000000000000000000000
960;285300326.39999997615814208984375000000000000000000000000000
961;285306060.80000001192092895507812500000000000000000000000000
962;264400076.80000001192092895507812500000000000000000000000000
963;264645836.80000001192092895507812500000000000000000000000000
964;264705638.40000000596046447753906250000000000000000000000000
965;264871116.80000001192092895507812500000000000000000000000000
966;264916992.00000000000000000000000000000000000000000000000000
967;264989900.80000001192092895507812500000000000000000000000000
968;265356902.40000000596046447753906250000000000000000000000000
969;265720627.19999998807907104492187500000000000000000000000000
970;266049126.40000000596046447753906250000000000000000000000000
971;266500505.59999999403953552246093750000000000000000000000000
972;266813440.00000000000000000000000000000000000000000000000000
973;267227136.00000000000000000000000000000000000000000000000000
974;267718656.00000000000000000000000000000000000000000000000000
975;267959500.80000001192092895507812500000000000000000000000000
976;268389580.80000001192092895507812500000000000000000000000000
977;268592742.39999997615814208984375000000000000000000000000000
978;268888473.60000002384185791015625000000000000000000000000000
979;269197312.00000000000000000000000000000000000000000000000000
980;269709312.00000000000000000000000000000000000000000000000000
981;270043545.60000002384185791015625000000000000000000000000000
982;270694809.60000002384185791015625000000000000000000000000000
983;270973337.60000002384185791015625000000000000000000000000000
984;271715532.80000001192092895507812500000000000000000000000000
985;272056320.00000000000000000000000000000000000000000000000000
986;272312729.60000002384185791015625000000000000000000000000000
987;272427417.60000002384185791015625000000000000000000000000000
988;273058201.60000002384185791015625000000000000000000000000000
989;273318707.19999998807907104492187500000000000000000000000000
990;273428480.00000000000000000000000000000000000000000000000000
991;274462310.39999997615814208984375000000000000000000000000000
992;274750668.80000001192092895507812500000000000000000000000000
993;275095552.00000000000000000000000000000000000000000000000000
994;275406848.00000000000000000000000000000000000000000000000000
995;275927040.00000000000000000000000000000000000000000000000000
996;276463616.00000000000000000000000000000000000000000000000000
997;276741324.80000001192092895507812500000000000000000000000000
998;277117337.60000002384185791015625000000000000000000000000000
999;278001254.39999997615814208984375000000000000000000000000000
1000;278329753.60000002384185791015625000000000000000000000000000
1001;278642688.00000000000000000000000000000000000000000000000000
1002;278826188.80000001192092895507812500000000000000000000000000
1003;279112908.80000001192092895507812500000000000000000000000000
1004;280811929.60000002384185791015625000000000000000000000000000
1005;281604096.00000000000000000000000000000000000000000000000000
1006;281659801.60000002384185791015625000000000000000000000000000
1007;281940787.19999998807907104492187500000000000000000000000000
1008;282365952.00000000000000000000000000000000000000000000000000
1009;283738931.19999998807907104492187500000000000000000000000000
1010;283699609.60000002384185791015625000000000000000000000000000
1011;284106752.00000000000000000000000000000000000000000000000000
1012;284480307.19999998807907104492187500000000000000000000000000
1013;285165158.39999997615814208984375000000000000000000000000000
1014;285165158.39999997615814208984375000000000000000000000000000
1015;285028352.00000000000000000000000000000000000000000000000000
1016;284963635.19999998807907104492187500000000000000000000000000
1017;285060300.80000001192092895507812500000000000000000000000000
1018;285125836.80000001192092895507812500000000000000000000000000
1019;284976742.39999997615814208984375000000000000000000000000000
1020;285048012.80000001192092895507812500000000000000000000000000
1021;284852224.00000000000000000000000000000000000000000000000000
1022;284989849.60000002384185791015625000000000000000000000000000
1023;285048012.80000001192092895507812500000000000000000000000000
1024;285028352.00000000000000000000000000000000000000000000000000
1025;284853043.19999998807907104492187500000000000000000000000000
1026;284963635.19999998807907104492187500000000000000000000000000
1027;284963635.19999998807907104492187500000000000000000000000000
1028;285060300.80000001192092895507812500000000000000000000000000
1029;285073408.00000000000000000000000000000000000000000000000000
1030;284852224.00000000000000000000000000000000000000000000000000
1031;284852224.00000000000000000000000000000000000000000000000000
1032;284950528.00000000000000000000000000000000000000000000000000
1033;285059481.60000002384185791015625000000000000000000000000000
1034;284839116.80000001192092895507812500000000000000000000000000
1035;285099622.39999997615814208984375000000000000000000000000000
1036;284852224.00000000000000000000000000000000000000000000000000
1037;284853043.19999998807907104492187500000000000000000000000000
1038;285060300.80000001192092895507812500000000000000000000000000
1039;285028352.00000000000000000000000000000000000000000000000000
1040;284839116.80000001192092895507812500000000000000000000000000
1041;284852224.00000000000000000000000000000000000000000000000000
1042;285060300.80000001192092895507812500000000000000000000000000
1043;285060300.80000001192092895507812500000000000000000000000000
1044;285028352.00000000000000000000000000000000000000000000000000
1045;285059481.60000002384185791015625000000000000000000000000000
1046;285028352.00000000000000000000000000000000000000000000000000
1047;285028352.00000000000000000000000000000000000000000000000000
1048;284852224.00000000000000000000000000000000000000000000000000
1049;284976742.39999997615814208984375000000000000000000000000000
1050;285048012.80000001192092895507812500000000000000000000000000
1051;285048012.80000001192092895507812500000000000000000000000000
1052;285028352.00000000000000000000000000000000000000000000000000
1053;284852224.00000000000000000000000000000000000000000000000000
1054;284852224.00000000000000000000000000000000000000000000000000
1055;284976742.39999997615814208984375000000000000000000000000000
1056;284851404.80000001192092895507812500000000000000000000000000
1057;264916992.00000000000000000000000000000000000000000000000000
1058;264908800.00000000000000000000000000000000000000000000000000
1059;265010380.80000001192092895507812500000000000000000000000000
1060;265139814.40000000596046447753906250000000000000000000000000
1061;265194700.80000001192092895507812500000000000000000000000000
1062;265400320.00000000000000000000000000000000000000000000000000
1063;265432268.80000001192092895507812500000000000000000000000000
1064;265573171.19999998807907104492187500000000000000000000000000
1065;266100736.00000000000000000000000000000000000000000000000000
1066;266553753.59999999403953552246093750000000000000000000000000
1067;267078041.59999999403953552246093750000000000000000000000000
1068;267335270.40000000596046447753906250000000000000000000000000
1069;267754700.80000001192092895507812500000000000000000000000000
1070;268192972.80000001192092895507812500000000000000000000000000
1071;268890931.19999998807907104492187500000000000000000000000000
1072;268927795.19999998807907104492187500000000000000000000000000
1073;269248102.39999997615814208984375000000000000000000000000000
1074;269697843.19999998807907104492187500000000000000000000000000
1075;269945241.60000002384185791015625000000000000000000000000000
1076;270549811.19999998807907104492187500000000000000000000000000
1077;270829977.60000002384185791015625000000000000000000000000000
1078;271281356.80000001192092895507812500000000000000000000000000
1079;271681126.39999997615814208984375000000000000000000000000000
1080;271953920.00000000000000000000000000000000000000000000000000
1081;272232448.00000000000000000000000000000000000000000000000000
1082;272724787.19999998807907104492187500000000000000000000000000
1083;273043456.00000000000000000000000000000000000000000000000000
1084;273525145.60000002384185791015625000000000000000000000000000
1085;274137907.19999998807907104492187500000000000000000000000000
1086;274668748.80000001192092895507812500000000000000000000000000
1087;275136512.00000000000000000000000000000000000000000000000000
1088;275342950.39999997615814208984375000000000000000000000000000
1089;276404633.60000002384185791015625000000000000000000000000000
1090;276788019.19999998807907104492187500000000000000000000000000
1091;277113241.60000002384185791015625000000000000000000000000000
1092;277460582.39999997615814208984375000000000000000000000000000
1093;278605824.00000000000000000000000000000000000000000000000000
1094;278831923.19999998807907104492187500000000000000000000000000
1095;279095705.60000002384185791015625000000000000000000000000000
1096;279502028.80000001192092895507812500000000000000000000000000
1097;280792268.80000001192092895507812500000000000000000000000000
1098;281154355.19999998807907104492187500000000000000000000000000
1099;281395200.00000000000000000000000000000000000000000000000000
1100;281890816.00000000000000000000000000000000000000000000000000
1101;282311884.80000001192092895507812500000000000000000000000000
1102;283288371.19999998807907104492187500000000000000000000000000
1103;283419443.19999998807907104492187500000000000000000000000000
1104;283633254.39999997615814208984375000000000000000000000000000
1105;283987968.00000000000000000000000000000000000000000000000000
1106;284366438.39999997615814208984375000000000000000000000000000
1107;284667904.00000000000000000000000000000000000000000000000000
1108;286412800.00000000000000000000000000000000000000000000000000
1109;286414438.39999997615814208984375000000000000000000000000000
1110;286236672.00000000000000000000000000000000000000000000000000
1111;286374297.60000002384185791015625000000000000000000000000000
1112;286387404.80000001192092895507812500000000000000000000000000
1113;286444748.80000001192092895507812500000000000000000000000000
1114;286444748.80000001192092895507812500000000000000000000000000
1115;286237491.19999998807907104492187500000000000000000000000000
1116;286414438.39999997615814208984375000000000000000000000000000
1117;286439014.39999997615814208984375000000000000000000000000000
1118;286237491.19999998807907104492187500000000000000000000000000
1119;286237491.19999998807907104492187500000000000000000000000000
1120;286238310.39999997615814208984375000000000000000000000000000
1121;286348902.39999997615814208984375000000000000000000000000000
1122;286237491.19999998807907104492187500000000000000000000000000
1123;286534041.60000002384185791015625000000000000000000000000000
1124;286534041.60000002384185791015625000000000000000000000000000
1125;286534041.60000002384185791015625000000000000000000000000000
1126;286534041.60000002384185791015625000000000000000000000000000
1127;286534041.60000002384185791015625000000000000000000000000000
1128;286325964.80000001192092895507812500000000000000000000000000
1129;286450483.19999998807907104492187500000000000000000000000000
1130;286534041.60000002384185791015625000000000000000000000000000
1131;286533222.39999997615814208984375000000000000000000000000000
1132;286614323.19999998807907104492187500000000000000000000000000
1133;286325964.80000001192092895507812500000000000000000000000000
1134;286463590.39999997615814208984375000000000000000000000000000
1135;286325964.80000001192092895507812500000000000000000000000000
1136;286431641.60000002384185791015625000000000000000000000000000
1137;286365286.39999997615814208984375000000000000000000000000000
1138;286534041.60000002384185791015625000000000000000000000000000
1139;286502912.00000000000000000000000000000000000000000000000000
1140;286520934.39999997615814208984375000000000000000000000000000
1141;286502912.00000000000000000000000000000000000000000000000000
1142;286312857.60000002384185791015625000000000000000000000000000
1143;286437376.00000000000000000000000000000000000000000000000000
1144;286534041.60000002384185791015625000000000000000000000000000
1145;286534041.60000002384185791015625000000000000000000000000000
1146;286476697.60000002384185791015625000000000000000000000000000
1147;286476697.60000002384185791015625000000000000000000000000000
1148;286534041.60000002384185791015625000000000000000000000000000
1149;286521753.60000002384185791015625000000000000000000000000000
1150;286502092.80000001192092895507812500000000000000000000000000
1151;286599577.60000002384185791015625000000000000000000000000000
1152;266616832.00000000000000000000000000000000000000000000000000
1153;266654515.19999998807907104492187500000000000000000000000000
1154;266721689.59999999403953552246093750000000000000000000000000
1155;266943692.80000001192092895507812500000000000000000000000000
1156;267012505.59999999403953552246093750000000000000000000000000
1157;267007590.40000000596046447753906250000000000000000000000000
1158;267210752.00000000000000000000000000000000000000000000000000
1159;267210752.00000000000000000000000000000000000000000000000000
1160;267256627.19999998807907104492187500000000000000000000000000
1161;269699481.60000002384185791015625000000000000000000000000000
1162;270163968.00000000000000000000000000000000000000000000000000
1163;270462156.80000001192092895507812500000000000000000000000000
1164;270875033.60000002384185791015625000000000000000000000000000
1165;271242035.19999998807907104492187500000000000000000000000000
1166;271513190.39999997615814208984375000000000000000000000000000
1167;271947366.39999997615814208984375000000000000000000000000000
1168;272313548.80000001192092895507812500000000000000000000000000
1169;272630579.19999998807907104492187500000000000000000000000000
1170;273044275.19999998807907104492187500000000000000000000000000
1171;273515315.19999998807907104492187500000000000000000000000000
1172;274095308.80000001192092895507812500000000000000000000000000
1173;274524569.60000002384185791015625000000000000000000000000000
1174;274929254.39999997615814208984375000000000000000000000000000
1175;275623936.00000000000000000000000000000000000000000000000000
1176;275883622.39999997615814208984375000000000000000000000000000
1177;276274380.80000001192092895507812500000000000000000000000000
1178;277377024.00000000000000000000000000000000000000000000000000
1179;277689139.19999998807907104492187500000000000000000000000000
1180;277961113.60000002384185791015625000000000000000000000000000
1181;278953164.80000001192092895507812500000000000000000000000000
1182;279353753.60000002384185791015625000000000000000000000000000
1183;279788748.80000001192092895507812500000000000000000000000000
1184;280220467.19999998807907104492187500000000000000000000000000
1185;280888115.19999998807907104492187500000000000000000000000000
1186;281178112.00000000000000000000000000000000000000000000000000
1187;281512345.60000002384185791015625000000000000000000000000000
1188;281763840.00000000000000000000000000000000000000000000000000
1189;282687897.60000002384185791015625000000000000000000000000000
1190;283174502.39999997615814208984375000000000000000000000000000
1191;283499724.80000001192092895507812500000000000000000000000000
1192;283611136.00000000000000000000000000000000000000000000000000
1193;283930624.00000000000000000000000000000000000000000000000000
1194;284961996.80000001192092895507812500000000000000000000000000
1195;285388800.00000000000000000000000000000000000000000000000000
1196;285646848.00000000000000000000000000000000000000000000000000
1197;285922099.19999998807907104492187500000000000000000000000000
1198;286317772.80000001192092895507812500000000000000000000000000
1199;286597120.00000000000000000000000000000000000000000000000000
1200;287559680.00000000000000000000000000000000000000000000000000
1201;287681740.80000001192092895507812500000000000000000000000000
1202;287923404.80000001192092895507812500000000000000000000000000
1203;288224051.19999998807907104492187500000000000000000000000000
1204;288722124.80000001192092895507812500000000000000000000000000
1205;288722124.80000001192092895507812500000000000000000000000000
1206;288751616.00000000000000000000000000000000000000000000000000
1207;288772915.19999998807907104492187500000000000000000000000000
1208;288669696.00000000000000000000000000000000000000000000000000
1209;288766361.60000002384185791015625000000000000000000000000000
1210;288765542.39999997615814208984375000000000000000000000000000
1211;288564838.39999997615814208984375000000000000000000000000000
1212;288604160.00000000000000000000000000000000000000000000000000
1213;288564838.39999997615814208984375000000000000000000000000000
1214;288709017.60000002384185791015625000000000000000000000000000
1215;288766361.60000002384185791015625000000000000000000000000000
1216;288564838.39999997615814208984375000000000000000000000000000
1217;288766361.60000002384185791015625000000000000000000000000000
1218;288782745.60000002384185791015625000000000000000000000000000
1219;288782745.60000002384185791015625000000000000000000000000000
1220;288769638.39999997615814208984375000000000000000000000000000
1221;288854835.19999998807907104492187500000000000000000000000000
1222;288581222.39999997615814208984375000000000000000000000000000
1223;288699187.19999998807907104492187500000000000000000000000000
1224;288782745.60000002384185791015625000000000000000000000000000
1225;288770457.60000002384185791015625000000000000000000000000000
1226;288781926.39999997615814208984375000000000000000000000000000
1227;288789299.19999998807907104492187500000000000000000000000000
1228;288581222.39999997615814208984375000000000000000000000000000
1229;288686080.00000000000000000000000000000000000000000000000000
1230;288782745.60000002384185791015625000000000000000000000000000
1231;288769638.39999997615814208984375000000000000000000000000000
1232;288769638.39999997615814208984375000000000000000000000000000
1233;288782745.60000002384185791015625000000000000000000000000000
1234;288782745.60000002384185791015625000000000000000000000000000
1235;288789299.19999998807907104492187500000000000000000000000000
1236;288581222.39999997615814208984375000000000000000000000000000
1237;288712294.39999997615814208984375000000000000000000000000000
1238;288782745.60000002384185791015625000000000000000000000000000
1239;288781926.39999997615814208984375000000000000000000000000000
1240;288750796.80000001192092895507812500000000000000000000000000
1241;288775372.80000001192092895507812500000000000000000000000000
1242;288781926.39999997615814208984375000000000000000000000000000
1243;288770457.60000002384185791015625000000000000000000000000000
1244;288770457.60000002384185791015625000000000000000000000000000
1245;288750796.80000001192092895507812500000000000000000000000000
1246;288789299.19999998807907104492187500000000000000000000000000
1247;288541900.80000001192092895507812500000000000000000000000000
1248;268899123.19999998807907104492187500000000000000000000000000
1249;268958105.60000002384185791015625000000000000000000000000000
1250;269185843.19999998807907104492187500000000000000000000000000
1251;269393100.80000001192092895507812500000000000000000000000000
1252;269539737.60000002384185791015625000000000000000000000000000
1253;269555302.39999997615814208984375000000000000000000000000000
1254;269598720.00000000000000000000000000000000000000000000000000
1255;269764198.39999997615814208984375000000000000000000000000000
1256;269887078.39999997615814208984375000000000000000000000000000
1257;270303232.00000000000000000000000000000000000000000000000000
1258;270612070.39999997615814208984375000000000000000000000000000
1259;271272345.60000002384185791015625000000000000000000000000000
1260;271768780.80000001192092895507812500000000000000000000000000
1261;272103014.39999997615814208984375000000000000000000000000000
1262;272604364.80000001192092895507812500000000000000000000000000
1263;272894361.60000002384185791015625000000000000000000000000000
1264;273357209.60000002384185791015625000000000000000000000000000
1265;273718476.80000001192092895507812500000000000000000000000000
1266;274309939.19999998807907104492187500000000000000000000000000
1267;274644992.00000000000000000000000000000000000000000000000000
1268;274971033.60000002384185791015625000000000000000000000000000
1269;275637862.39999997615814208984375000000000000000000000000000
1270;275829555.19999998807907104492187500000000000000000000000000
1271;276480000.00000000000000000000000000000000000000000000000000
1272;276674150.39999997615814208984375000000000000000000000000000
1273;277035417.60000002384185791015625000000000000000000000000000
1274;277663744.00000000000000000000000000000000000000000000000000
1275;277792358.39999997615814208984375000000000000000000000000000
1276;278214246.39999997615814208984375000000000000000000000000000
1277;278802432.00000000000000000000000000000000000000000000000000
1278;278995763.19999998807907104492187500000000000000000000000000
1279;280140185.60000002384185791015625000000000000000000000000000
1280;280338432.00000000000000000000000000000000000000000000000000
1281;280766873.60000002384185791015625000000000000000000000000000
1282;281585254.39999997615814208984375000000000000000000000000000
1283;281985843.19999998807907104492187500000000000000000000000000
1284;282532249.60000002384185791015625000000000000000000000000000
1285;282952499.19999998807907104492187500000000000000000000000000
1286;283331788.80000001192092895507812500000000000000000000000000
1287;284841574.39999997615814208984375000000000000000000000000000
1288;285125017.60000002384185791015625000000000000000000000000000
1289;285711564.80000001192092895507812500000000000000000000000000
1290;285861478.39999997615814208984375000000000000000000000000000
1291;286219468.80000001192092895507812500000000000000000000000000
1292;287119769.60000002384185791015625000000000000000000000000000
1293;287224627.19999998807907104492187500000000000000000000000000
1294;287825920.00000000000000000000000000000000000000000000000000
1295;288076595.19999998807907104492187500000000000000000000000000
1296;288429670.39999997615814208984375000000000000000000000000000
1297;289366016.00000000000000000000000000000000000000000000000000
1298;289414348.80000001192092895507812500000000000000000000000000
1299;290094284.80000001192092895507812500000000000000000000000000
1300;290094284.80000001192092895507812500000000000000000000000000
1301;290081996.80000001192092895507812500000000000000000000000000
1302;290081996.80000001192092895507812500000000000000000000000000
1303;290108211.19999998807907104492187500000000000000000000000000
1304;290119680.00000000000000000000000000000000000000000000000000
1305;289898496.00000000000000000000000000000000000000000000000000
1306;289898496.00000000000000000000000000000000000000000000000000
1307;290199961.60000002384185791015625000000000000000000000000000
1308;289911603.19999998807907104492187500000000000000000000000000
1309;290016460.80000001192092895507812500000000000000000000000000
1310;289924710.39999997615814208984375000000000000000000000000000
1311;290016460.80000001192092895507812500000000000000000000000000
1312;290055782.39999997615814208984375000000000000000000000000000
1313;290113126.39999997615814208984375000000000000000000000000000
1314;290113945.60000002384185791015625000000000000000000000000000
1315;290100838.39999997615814208984375000000000000000000000000000
1316;290113945.60000002384185791015625000000000000000000000000000
1317;290099200.00000000000000000000000000000000000000000000000000
1318;289912422.39999997615814208984375000000000000000000000000000
1319;290113945.60000002384185791015625000000000000000000000000000
1320;290113945.60000002384185791015625000000000000000000000000000
1321;290101657.60000002384185791015625000000000000000000000000000
1322;290056601.60000002384185791015625000000000000000000000000000
1323;290101657.60000002384185791015625000000000000000000000000000
1324;290081996.80000001192092895507812500000000000000000000000000
1325;289938636.80000001192092895507812500000000000000000000000000
1326;290056601.60000002384185791015625000000000000000000000000000
1327;290101657.60000002384185791015625000000000000000000000000000
1328;290113945.60000002384185791015625000000000000000000000000000
1329;290113945.60000002384185791015625000000000000000000000000000
1330;290081996.80000001192092895507812500000000000000000000000000
1331;289912422.39999997615814208984375000000000000000000000000000
1332;290017280.00000000000000000000000000000000000000000000000000
1333;290113945.60000002384185791015625000000000000000000000000000
1334;290100838.39999997615814208984375000000000000000000000000000
1335;290082816.00000000000000000000000000000000000000000000000000
1336;290107392.00000000000000000000000000000000000000000000000000
1337;289912422.39999997615814208984375000000000000000000000000000
1338;289912422.39999997615814208984375000000000000000000000000000
1339;290056601.60000002384185791015625000000000000000000000000000
1340;290101657.60000002384185791015625000000000000000000000000000
1341;290113126.39999997615814208984375000000000000000000000000000
1342;290186035.19999998807907104492187500000000000000000000000000
1343;269334937.60000002384185791015625000000000000000000000000000
1344;269395558.39999997615814208984375000000000000000000000000000
1345;269529907.19999998807907104492187500000000000000000000000000
1346;269591347.19999998807907104492187500000000000000000000000000
1347;269692108.80000001192092895507812500000000000000000000000000
1348;269861683.19999998807907104492187500000000000000000000000000
1349;270100070.39999997615814208984375000000000000000000000000000
1350;270148403.19999998807907104492187500000000000000000000000000
1351;270170521.60000002384185791015625000000000000000000000000000
1352;270486732.80000001192092895507812500000000000000000000000000
1353;271016755.19999998807907104492187500000000000000000000000000
1354;271255961.60000002384185791015625000000000000000000000000000
1355;271751577.60000002384185791015625000000000000000000000000000
1356;272037478.39999997615814208984375000000000000000000000000000
1357;272464281.60000002384185791015625000000000000000000000000000
1358;272809164.80000001192092895507812500000000000000000000000000
1359;273132748.80000001192092895507812500000000000000000000000000
1360;273347379.19999998807907104492187500000000000000000000000000
1361;273566105.60000002384185791015625000000000000000000000000000
1362;273836441.60000002384185791015625000000000000000000000000000
1363;274021580.80000001192092895507812500000000000000000000000000
1364;274292736.00000000000000000000000000000000000000000000000000
1365;274729369.60000002384185791015625000000000000000000000000000
1366;275129139.19999998807907104492187500000000000000000000000000
1367;275397836.80000001192092895507812500000000000000000000000000
1368;275872972.80000001192092895507812500000000000000000000000000
1369;276021248.00000000000000000000000000000000000000000000000000
1370;276321894.39999997615814208984375000000000000000000000000000
1371;276465254.39999997615814208984375000000000000000000000000000
1372;277049344.00000000000000000000000000000000000000000000000000
1373;277314764.80000001192092895507812500000000000000000000000000
1374;277415526.39999997615814208984375000000000000000000000000000
1375;277744844.80000001192092895507812500000000000000000000000000
1376;277886566.39999997615814208984375000000000000000000000000000
1377;278480486.39999997615814208984375000000000000000000000000000
1378;278661529.60000002384185791015625000000000000000000000000000
1379;278926950.39999997615814208984375000000000000000000000000000
1380;279164518.39999997615814208984375000000000000000000000000000
1381;279460249.60000002384185791015625000000000000000000000000000
1382;280248320.00000000000000000000000000000000000000000000000000
1383;280417075.19999998807907104492187500000000000000000000000000
1384;280739840.00000000000000000000000000000000000000000000000000
1385;281006899.19999998807907104492187500000000000000000000000000
1386;281273958.39999997615814208984375000000000000000000000000000
1387;281976832.00000000000000000000000000000000000000000000000000
1388;282372505.60000002384185791015625000000000000000000000000000
1389;282702643.19999998807907104492187500000000000000000000000000
1390;282913996.80000001192092895507812500000000000000000000000000
1391;283040972.80000001192092895507812500000000000000000000000000
1392;283410432.00000000000000000000000000000000000000000000000000
1393;283604582.39999997615814208984375000000000000000000000000000
1394;285644390.39999997615814208984375000000000000000000000000000
1395;286094950.39999997615814208984375000000000000000000000000000
1396;286340710.39999997615814208984375000000000000000000000000000
1397;286629068.80000001192092895507812500000000000000000000000000
1398;287017369.60000002384185791015625000000000000000000000000000
1399;287167283.19999998807907104492187500000000000000000000000000
1400;288430489.60000002384185791015625000000000000000000000000000
1401;288518963.19999998807907104492187500000000000000000000000000
1402;288654131.19999998807907104492187500000000000000000000000000
1403;288811417.60000002384185791015625000000000000000000000000000
1404;289210368.00000000000000000000000000000000000000000000000000
1405;289527398.39999997615814208984375000000000000000000000000000
1406;289875558.39999997615814208984375000000000000000000000000000
1407;290101657.60000002384185791015625000000000000000000000000000
1408;290526822.39999997615814208984375000000000000000000000000000
1409;290457190.39999997615814208984375000000000000000000000000000
1410;290449817.60000002384185791015625000000000000000000000000000
1411;290450636.80000001192092895507812500000000000000000000000000
1412;290261401.60000002384185791015625000000000000000000000000000
1413;290340044.80000001192092895507812500000000000000000000000000
1414;290462924.80000001192092895507812500000000000000000000000000
1415;290431795.19999998807907104492187500000000000000000000000000
1416;290447360.00000000000000000000000000000000000000000000000000
1417;290462924.80000001192092895507812500000000000000000000000000
1418;290455552.00000000000000000000000000000000000000000000000000
1419;290449817.60000002384185791015625000000000000000000000000000
1420;290287616.00000000000000000000000000000000000000000000000000
1421;290405580.80000001192092895507812500000000000000000000000000
1422;290462924.80000001192092895507812500000000000000000000000000
1423;290469478.39999997615814208984375000000000000000000000000000
1424;290450636.80000001192092895507812500000000000000000000000000
1425;290466201.60000002384185791015625000000000000000000000000000
1426;290466201.60000002384185791015625000000000000000000000000000
1427;290466201.60000002384185791015625000000000000000000000000000
1428;290264678.39999997615814208984375000000000000000000000000000
1429;290466201.60000002384185791015625000000000000000000000000000
1430;290264678.39999997615814208984375000000000000000000000000000
1431;290369536.00000000000000000000000000000000000000000000000000
1432;290453094.39999997615814208984375000000000000000000000000000
1433;290408857.60000002384185791015625000000000000000000000000000
1434;290453094.39999997615814208984375000000000000000000000000000
1435;290264678.39999997615814208984375000000000000000000000000000
1436;290264678.39999997615814208984375000000000000000000000000000
1437;290264678.39999997615814208984375000000000000000000000000000
1438;290453094.39999997615814208984375000000000000000000000000000
1439;290277785.60000002384185791015625000000000000000000000000000
1440;290264678.39999997615814208984375000000000000000000000000000
1441;290472755.19999998807907104492187500000000000000000000000000
1442;290466201.60000002384185791015625000000000000000000000000000
1443;290466201.60000002384185791015625000000000000000000000000000
1444;290264678.39999997615814208984375000000000000000000000000000
1445;290251571.19999998807907104492187500000000000000000000000000
1446;290435072.00000000000000000000000000000000000000000000000000
1447;290434252.80000001192092895507812500000000000000000000000000
1448;290264678.39999997615814208984375000000000000000000000000000
1449;290466201.60000002384185791015625000000000000000000000000000
1450;290466201.60000002384185791015625000000000000000000000000000
1451;290453913.60000002384185791015625000000000000000000000000000
1452;290435072.00000000000000000000000000000000000000000000000000
1453;290408857.60000002384185791015625000000000000000000000000000
1454;290264678.39999997615814208984375000000000000000000000000000
1455;290466201.60000002384185791015625000000000000000000000000000
1456;290343321.60000002384185791015625000000000000000000000000000
1457;290264678.39999997615814208984375000000000000000000000000000
1458;290264678.39999997615814208984375000000000000000000000000000
1459;288561561.60000002384185791015625000000000000000000000000000
1460;288547635.19999998807907104492187500000000000000000000000000
1461;288574668.80000001192092895507812500000000000000000000000000
1462;288608256.00000000000000000000000000000000000000000000000000
1463;288654131.19999998807907104492187500000000000000000000000000
1464;288659046.39999997615814208984375000000000000000000000000000
1465;288570572.80000001192092895507812500000000000000000000000000
1466;288647577.60000002384185791015625000000000000000000000000000
1467;288660684.80000001192092895507812500000000000000000000000000
1468;288660684.80000001192092895507812500000000000000000000000000
1469;288674611.19999998807907104492187500000000000000000000000000
1470;288674611.19999998807907104492187500000000000000000000000000
1471;288691814.39999997615814208984375000000000000000000000000000
1472;288674611.19999998807907104492187500000000000000000000000000
1473;288709017.60000002384185791015625000000000000000000000000000
1474;288717209.60000002384185791015625000000000000000000000000000
1475;288822067.19999998807907104492187500000000000000000000000000
1476;288725401.60000002384185791015625000000000000000000000000000
1477;288725401.60000002384185791015625000000000000000000000000000
1478;288727859.19999998807907104492187500000000000000000000000000
1479;288724582.39999997615814208984375000000000000000000000000000
1480;288726220.80000001192092895507812500000000000000000000000000
1481;288748339.19999998807907104492187500000000000000000000000000
1482;288908902.39999997615814208984375000000000000000000000000000
1483;288745881.60000002384185791015625000000000000000000000000000
1484;288743424.00000000000000000000000000000000000000000000000000
1485;288745881.60000002384185791015625000000000000000000000000000
1486;288869580.80000001192092895507812500000000000000000000000000
1487;288949043.19999998807907104492187500000000000000000000000000
1488;288882688.00000000000000000000000000000000000000000000000000
1489;288915456.00000000000000000000000000000000000000000000000000
1490;288915456.00000000000000000000000000000000000000000000000000
1491;288944947.19999998807907104492187500000000000000000000000000
1492;288953139.19999998807907104492187500000000000000000000000000
1493;288938393.60000002384185791015625000000000000000000000000000
1494;288956416.00000000000000000000000000000000000000000000000000
1495;288970342.39999997615814208984375000000000000000000000000000
1496;288978534.39999997615814208984375000000000000000000000000000
1497;288987545.60000002384185791015625000000000000000000000000000
1498;288986726.39999997615814208984375000000000000000000000000000
1499;288989184.00000000000000000000000000000000000000000000000000
1500;288993280.00000000000000000000000000000000000000000000000000
1501;289184972.80000001192092895507812500000000000000000000000000
1502;288980172.80000001192092895507812500000000000000000000000000
1503;288980992.00000000000000000000000000000000000000000000000000
1504;289021952.00000000000000000000000000000000000000000000000000
1505;289020313.60000002384185791015625000000000000000000000000000
1506;289086668.80000001192092895507812500000000000000000000000000
1507;289041612.80000001192092895507812500000000000000000000000000
1508;289108787.19999998807907104492187500000000000000000000000000
1509;289180876.80000001192092895507812500000000000000000000000000
1510;289081753.60000002384185791015625000000000000000000000000000
1511;289119436.80000001192092895507812500000000000000000000000000
1512;289125990.39999997615814208984375000000000000000000000000000
1513;289149747.19999998807907104492187500000000000000000000000000
1514;289146470.39999997615814208984375000000000000000000000000000
1515;289155481.60000002384185791015625000000000000000000000000000
1516;289180057.60000002384185791015625000000000000000000000000000
1517;289153024.00000000000000000000000000000000000000000000000000
1518;289162854.39999997615814208984375000000000000000000000000000
1519;289335705.60000002384185791015625000000000000000000000000000
1520;290374451.19999998807907104492187500000000000000000000000000
1521;290197504.00000000000000000000000000000000000000000000000000
1522;290379366.39999997615814208984375000000000000000000000000000
1523;290770944.00000000000000000000000000000000000000000000000000
1524;291050291.19999998807907104492187500000000000000000000000000
1525;291295232.00000000000000000000000000000000000000000000000000
1526;291295232.00000000000000000000000000000000000000000000000000
1527;291280486.39999997615814208984375000000000000000000000000000
1528;291214950.39999997615814208984375000000000000000000000000000
1529;291299328.00000000000000000000000000000000000000000000000000
1530;291103539.19999998807907104492187500000000000000000000000000
1531;291304243.19999998807907104492187500000000000000000000000000
1532;291075686.39999997615814208984375000000000000000000000000000
1533;291279667.19999998807907104492187500000000000000000000000000
1534;291228057.60000002384185791015625000000000000000000000000000
1535;291064217.60000002384185791015625000000000000000000000000000
1536;291090432.00000000000000000000000000000000000000000000000000
1537;291241164.80000001192092895507812500000000000000000000000000
1538;291254272.00000000000000000000000000000000000000000000000000
1539;291103539.19999998807907104492187500000000000000000000000000
1540;291254272.00000000000000000000000000000000000000000000000000
1541;291254272.00000000000000000000000000000000000000000000000000
1542;291070771.19999998807907104492187500000000000000000000000000
1543;291313254.39999997615814208984375000000000000000000000000000
1544;291092070.39999997615814208984375000000000000000000000000000
1545;291105177.60000002384185791015625000000000000000000000000000
1546;291105177.60000002384185791015625000000000000000000000000000
1547;291105177.60000002384185791015625000000000000000000000000000
1548;291216588.80000001192092895507812500000000000000000000000000
1549;291300966.39999997615814208984375000000000000000000000000000
1550;291313254.39999997615814208984375000000000000000000000000000
1551;291281305.60000002384185791015625000000000000000000000000000
1552;291203481.60000002384185791015625000000000000000000000000000
1553;291255910.39999997615814208984375000000000000000000000000000
1554;291105177.60000002384185791015625000000000000000000000000000
1555;291313254.39999997615814208984375000000000000000000000000000
1556;291078963.19999998807907104492187500000000000000000000000000
1557;291326361.60000002384185791015625000000000000000000000000000
1558;291255910.39999997615814208984375000000000000000000000000000
1559;291300966.39999997615814208984375000000000000000000000000000
1560;291313254.39999997615814208984375000000000000000000000000000
1561;291197747.19999998807907104492187500000000000000000000000000
1562;291105177.60000002384185791015625000000000000000000000000000
1563;291313254.39999997615814208984375000000000000000000000000000
1564;291313254.39999997615814208984375000000000000000000000000000
1565;291300966.39999997615814208984375000000000000000000000000000
1566;291229696.00000000000000000000000000000000000000000000000000
1567;291105177.60000002384185791015625000000000000000000000000000
1568;291105177.60000002384185791015625000000000000000000000000000
1569;291378790.39999997615814208984375000000000000000000000000000
1570;291216588.80000001192092895507812500000000000000000000000000
1571;291105177.60000002384185791015625000000000000000000000000000
1572;291092070.39999997615814208984375000000000000000000000000000
1573;291300966.39999997615814208984375000000000000000000000000000
1574;291306700.80000001192092895507812500000000000000000000000000
1575;291111731.19999998807907104492187500000000000000000000000000
1576;291314073.60000002384185791015625000000000000000000000000000
1577;269175193.60000002384185791015625000000000000000000000000000
1578;269407846.39999997615814208984375000000000000000000000000000
1579;269531545.60000002384185791015625000000000000000000000000000
1580;269580697.60000002384185791015625000000000000000000000000000
1581;269718323.19999998807907104492187500000000000000000000000000
1582;269734707.19999998807907104492187500000000000000000000000000
1583;269794508.80000001192092895507812500000000000000000000000000
1584;269904281.60000002384185791015625000000000000000000000000000
1585;269865779.19999998807907104492187500000000000000000000000000
1586;269954252.80000001192092895507812500000000000000000000000000
1587;270035353.60000002384185791015625000000000000000000000000000
1588;270035353.60000002384185791015625000000000000000000000000000
1589;270287667.19999998807907104492187500000000000000000000000000
1590;270710374.39999997615814208984375000000000000000000000000000
1591;271022489.60000002384185791015625000000000000000000000000000
1592;271591833.60000002384185791015625000000000000000000000000000
1593;271730278.39999997615814208984375000000000000000000000000000
1594;272115302.39999997615814208984375000000000000000000000000000
1595;272402022.39999997615814208984375000000000000000000000000000
1596;272768204.80000001192092895507812500000000000000000000000000
1597;273077043.19999998807907104492187500000000000000000000000000
1598;273305600.00000000000000000000000000000000000000000000000000
1599;273761894.39999997615814208984375000000000000000000000000000
1600;273837260.80000001192092895507812500000000000000000000000000
1601;274322227.19999998807907104492187500000000000000000000000000
1602;274731827.19999998807907104492187500000000000000000000000000
1603;274995609.60000002384185791015625000000000000000000000000000
1604;275654246.39999997615814208984375000000000000000000000000000
1605;275989299.19999998807907104492187500000000000000000000000000
1606;276265369.60000002384185791015625000000000000000000000000000
1607;276432486.39999997615814208984375000000000000000000000000000
1608;276769177.60000002384185791015625000000000000000000000000000
1609;277145190.39999997615814208984375000000000000000000000000000
1610;277386035.19999998807907104492187500000000000000000000000000
1611;277524480.00000000000000000000000000000000000000000000000000
1612;278008627.19999998807907104492187500000000000000000000000000
1613;278438707.19999998807907104492187500000000000000000000000000
1614;278720512.00000000000000000000000000000000000000000000000000
1615;279047372.80000001192092895507812500000000000000000000000000
1616;280021401.60000002384185791015625000000000000000000000000000
1617;280477696.00000000000000000000000000000000000000000000000000
1618;280504729.60000002384185791015625000000000000000000000000000
1619;280746393.60000002384185791015625000000000000000000000000000
1620;281105203.19999998807907104492187500000000000000000000000000
1621;281375539.19999998807907104492187500000000000000000000000000
1622;282389708.80000001192092895507812500000000000000000000000000
1623;282550272.00000000000000000000000000000000000000000000000000
1624;283042611.19999998807907104492187500000000000000000000000000
1625;283166310.39999997615814208984375000000000000000000000000000
1626;283625062.39999997615814208984375000000000000000000000000000
1627;283929804.80000001192092895507812500000000000000000000000000
1628;285870489.60000002384185791015625000000000000000000000000000
1629;286122803.19999998807907104492187500000000000000000000000000
1630;286407065.60000002384185791015625000000000000000000000000000
1631;286686412.80000001192092895507812500000000000000000000000000
1632;287001804.80000001192092895507812500000000000000000000000000
1633;287312281.60000002384185791015625000000000000000000000000000
1634;288640204.80000001192092895507812500000000000000000000000000
1635;288835174.39999997615814208984375000000000000000000000000000
1636;288888422.39999997615814208984375000000000000000000000000000
1637;289036697.60000002384185791015625000000000000000000000000000
1638;289115340.80000001192092895507812500000000000000000000000000
1639;289488076.80000001192092895507812500000000000000000000000000
1640;289751859.19999998807907104492187500000000000000000000000000
1641;290039398.39999997615814208984375000000000000000000000000000
1642;291559833.60000002384185791015625000000000000000000000000000
1643;291903078.39999997615814208984375000000000000000000000000000
1644;291903078.39999997615814208984375000000000000000000000000000
1645;291685990.39999997615814208984375000000000000000000000000000
1646;291921920.00000000000000000000000000000000000000000000000000
1647;291909632.00000000000000000000000000000000000000000000000000
1648;291914547.19999998807907104492187500000000000000000000000000
1649;291713843.19999998807907104492187500000000000000000000000000
1650;291922739.19999998807907104492187500000000000000000000000000
1651;291864576.00000000000000000000000000000000000000000000000000
1652;291921920.00000000000000000000000000000000000000000000000000
1653;291889971.19999998807907104492187500000000000000000000000000
1654;291825254.39999997615814208984375000000000000000000000000000
1655;291864576.00000000000000000000000000000000000000000000000000
1656;291851468.80000001192092895507812500000000000000000000000000
1657;291713843.19999998807907104492187500000000000000000000000000
1658;291687628.80000001192092895507812500000000000000000000000000
1659;291700736.00000000000000000000000000000000000000000000000000
1660;291713843.19999998807907104492187500000000000000000000000000
1661;291685990.39999997615814208984375000000000000000000000000000
1662;291909632.00000000000000000000000000000000000000000000000000
1663;291921100.80000001192092895507812500000000000000000000000000
1664;291921920.00000000000000000000000000000000000000000000000000
1665;291921920.00000000000000000000000000000000000000000000000000
1666;291914547.19999998807907104492187500000000000000000000000000
1667;291713843.19999998807907104492187500000000000000000000000000
1668;291713843.19999998807907104492187500000000000000000000000000
1669;291851468.80000001192092895507812500000000000000000000000000
1670;291825254.39999997615814208984375000000000000000000000000000
1671;291851468.80000001192092895507812500000000000000000000000000
1672;291921920.00000000000000000000000000000000000000000000000000
1673;291889971.19999998807907104492187500000000000000000000000000
1674;291825254.39999997615814208984375000000000000000000000000000
1675;291921920.00000000000000000000000000000000000000000000000000
1676;291889971.19999998807907104492187500000000000000000000000000
1677;291674521.60000002384185791015625000000000000000000000000000
1678;291914547.19999998807907104492187500000000000000000000000000
1679;291914547.19999998807907104492187500000000000000000000000000
1680;291909632.00000000000000000000000000000000000000000000000000
1681;291921920.00000000000000000000000000000000000000000000000000
1682;291713843.19999998807907104492187500000000000000000000000000
1683;291889971.19999998807907104492187500000000000000000000000000
1684;291927654.39999997615814208984375000000000000000000000000000
1685;291927654.39999997615814208984375000000000000000000000000000
1686;291920281.60000002384185791015625000000000000000000000000000
1687;291870310.39999997615814208984375000000000000000000000000000
1688;291870310.39999997615814208984375000000000000000000000000000
1689;291895705.60000002384185791015625000000000000000000000000000
1690;291830988.80000001192092895507812500000000000000000000000000
1691;291926835.19999998807907104492187500000000000000000000000000
1692;291706470.39999997615814208984375000000000000000000000000000
1693;291706470.39999997615814208984375000000000000000000000000000
1694;291719577.60000002384185791015625000000000000000000000000000
1695;291706470.39999997615814208984375000000000000000000000000000
1696;291693363.19999998807907104492187500000000000000000000000000
1697;291895705.60000002384185791015625000000000000000000000000000
1698;291926835.19999998807907104492187500000000000000000000000000
1699;291926835.19999998807907104492187500000000000000000000000000
1700;291705651.19999998807907104492187500000000000000000000000000
1701;291926016.00000000000000000000000000000000000000000000000000
1702;291926835.19999998807907104492187500000000000000000000000000
1703;288564838.39999997615814208984375000000000000000000000000000
1704;288487014.39999997615814208984375000000000000000000000000000
1705;288491110.39999997615814208984375000000000000000000000000000
1706;288520601.60000002384185791015625000000000000000000000000000
1707;288551731.19999998807907104492187500000000000000000000000000
1708;288551731.19999998807907104492187500000000000000000000000000
1709;288545996.80000001192092895507812500000000000000000000000000
1710;288551731.19999998807907104492187500000000000000000000000000
1711;288551731.19999998807907104492187500000000000000000000000000
1712;288603340.80000001192092895507812500000000000000000000000000
1713;288554188.80000001192092895507812500000000000000000000000000
1714;288555008.00000000000000000000000000000000000000000000000000
1715;288554188.80000001192092895507812500000000000000000000000000
1716;288579584.00000000000000000000000000000000000000000000000000
1717;288600064.00000000000000000000000000000000000000000000000000
1718;288619724.80000001192092895507812500000000000000000000000000
1719;288632832.00000000000000000000000000000000000000000000000000
1720;288628736.00000000000000000000000000000000000000000000000000
1721;288631193.60000002384185791015625000000000000000000000000000
1722;288665600.00000000000000000000000000000000000000000000000000
1723;288646758.39999997615814208984375000000000000000000000000000
1724;288659865.60000002384185791015625000000000000000000000000000
1725;288662323.19999998807907104492187500000000000000000000000000
1726;288715571.19999998807907104492187500000000000000000000000000
1727;288701644.80000001192092895507812500000000000000000000000000
1728;288708198.39999997615814208984375000000000000000000000000000
1729;288740147.19999998807907104492187500000000000000000000000000
1730;288702464.00000000000000000000000000000000000000000000000000
1731;288835993.60000002384185791015625000000000000000000000000000
1732;288743424.00000000000000000000000000000000000000000000000000
1733;288735232.00000000000000000000000000000000000000000000000000
1734;288739328.00000000000000000000000000000000000000000000000000
1735;288745062.39999997615814208984375000000000000000000000000000
1736;288749158.39999997615814208984375000000000000000000000000000
1737;288830259.19999998807907104492187500000000000000000000000000
1738;288774553.60000002384185791015625000000000000000000000000000
1739;288774553.60000002384185791015625000000000000000000000000000
1740;288777830.39999997615814208984375000000000000000000000000000
1741;288775372.80000001192092895507812500000000000000000000000000
1742;288836812.80000001192092895507812500000000000000000000000000
1743;288879411.19999998807907104492187500000000000000000000000000
1744;288803225.60000002384185791015625000000000000000000000000000
1745;288883507.19999998807907104492187500000000000000000000000000
1746;288802406.39999997615814208984375000000000000000000000000000
1747;288800768.00000000000000000000000000000000000000000000000000
1748;288763904.00000000000000000000000000000000000000000000000000
1749;288823705.60000002384185791015625000000000000000000000000000
1750;288820428.80000001192092895507812500000000000000000000000000
1751;288819609.60000002384185791015625000000000000000000000000000
1752;288885964.80000001192092895507812500000000000000000000000000
1753;288826163.19999998807907104492187500000000000000000000000000
1754;288835174.39999997615814208984375000000000000000000000000000
1755;288880230.39999997615814208984375000000000000000000000000000
1756;288918732.80000001192092895507812500000000000000000000000000
1757;288931840.00000000000000000000000000000000000000000000000000
1758;288956416.00000000000000000000000000000000000000000000000000
1759;288950681.60000002384185791015625000000000000000000000000000
1760;288954777.60000002384185791015625000000000000000000000000000
1761;288969523.19999998807907104492187500000000000000000000000000
1762;289524121.60000002384185791015625000000000000000000000000000
1763;289514291.19999998807907104492187500000000000000000000000000
1764;289757593.60000002384185791015625000000000000000000000000000
1765;289979596.80000001192092895507812500000000000000000000000000
1766;290168832.00000000000000000000000000000000000000000000000000
1767;290489139.19999998807907104492187500000000000000000000000000
1768;290806988.80000001192092895507812500000000000000000000000000
1769;291684352.00000000000000000000000000000000000000000000000000
1770;291800678.39999997615814208984375000000000000000000000000000
1771;291711385.60000002384185791015625000000000000000000000000000
1772;291726131.19999998807907104492187500000000000000000000000000
1773;291713024.00000000000000000000000000000000000000000000000000
1774;291713843.19999998807907104492187500000000000000000000000000
1775;291668787.19999998807907104492187500000000000000000000000000
1776;291524608.00000000000000000000000000000000000000000000000000
1777;291524608.00000000000000000000000000000000000000000000000000
1778;291714662.39999997615814208984375000000000000000000000000000
1779;291726950.39999997615814208984375000000000000000000000000000
1780;291524608.00000000000000000000000000000000000000000000000000
1781;291713843.19999998807907104492187500000000000000000000000000
1782;291642572.80000001192092895507812500000000000000000000000000
1783;291511500.80000001192092895507812500000000000000000000000000
1784;291726131.19999998807907104492187500000000000000000000000000
1785;291725312.00000000000000000000000000000000000000000000000000
1786;291726131.19999998807907104492187500000000000000000000000000
1787;291728588.80000001192092895507812500000000000000000000000000
1788;291513958.39999997615814208984375000000000000000000000000000
1789;291527065.60000002384185791015625000000000000000000000000000
1790;291800678.39999997615814208984375000000000000000000000000000
1791;291500851.19999998807907104492187500000000000000000000000000
1792;291527065.60000002384185791015625000000000000000000000000000
1793;291527065.60000002384185791015625000000000000000000000000000
1794;291631923.19999998807907104492187500000000000000000000000000
1795;291527065.60000002384185791015625000000000000000000000000000
1796;291527065.60000002384185791015625000000000000000000000000000
1797;291513958.39999997615814208984375000000000000000000000000000
1798;291513958.39999997615814208984375000000000000000000000000000
1799;291716300.80000001192092895507812500000000000000000000000000
1800;291671244.80000001192092895507812500000000000000000000000000
1801;291671244.80000001192092895507812500000000000000000000000000
1802;291728588.80000001192092895507812500000000000000000000000000
1803;291800678.39999997615814208984375000000000000000000000000000
1804;291527065.60000002384185791015625000000000000000000000000000
1805;291618816.00000000000000000000000000000000000000000000000000
1806;291631923.19999998807907104492187500000000000000000000000000
1807;291671244.80000001192092895507812500000000000000000000000000
1808;291728588.80000001192092895507812500000000000000000000000000
1809;291715481.60000002384185791015625000000000000000000000000000
1810;291715481.60000002384185791015625000000000000000000000000000
1811;291715481.60000002384185791015625000000000000000000000000000
1812;291729408.00000000000000000000000000000000000000000000000000
1813;291697459.19999998807907104492187500000000000000000000000000
1814;291697459.19999998807907104492187500000000000000000000000000
1815;291718758.39999997615814208984375000000000000000000000000000
1816;291799859.19999998807907104492187500000000000000000000000000
1817;269833011.19999998807907104492187500000000000000000000000000
1818;269852672.00000000000000000000000000000000000000000000000000
1819;270016512.00000000000000000000000000000000000000000000000000
1820;270091878.39999997615814208984375000000000000000000000000000
1821;270156595.19999998807907104492187500000000000000000000000000
1822;270253260.80000001192092895507812500000000000000000000000000
1823;270458880.00000000000000000000000000000000000000000000000000
1824;270559641.60000002384185791015625000000000000000000000000000
1825;270550630.39999997615814208984375000000000000000000000000000
1826;270846361.60000002384185791015625000000000000000000000000000
1827;271151923.19999998807907104492187500000000000000000000000000
1828;271653273.60000002384185791015625000000000000000000000000000
1829;272219340.80000001192092895507812500000000000000000000000000
1830;272471654.39999997615814208984375000000000000000000000000000
1831;272902553.60000002384185791015625000000000000000000000000000
1832;273404723.19999998807907104492187500000000000000000000000000
1833;273674240.00000000000000000000000000000000000000000000000000
1834;274024038.39999997615814208984375000000000000000000000000000
1835;274337792.00000000000000000000000000000000000000000000000000
1836;274820300.80000001192092895507812500000000000000000000000000
1837;275519897.60000002384185791015625000000000000000000000000000
1838;275998310.39999997615814208984375000000000000000000000000000
1839;276239974.39999997615814208984375000000000000000000000000000
1840;276800307.19999998807907104492187500000000000000000000000000
1841;277146828.80000001192092895507812500000000000000000000000000
1842;277339340.80000001192092895507812500000000000000000000000000
1843;277703065.60000002384185791015625000000000000000000000000000
1844;278042214.39999997615814208984375000000000000000000000000000
1845;278338764.80000001192092895507812500000000000000000000000000
1846;279100620.80000001192092895507812500000000000000000000000000
1847;279456153.60000002384185791015625000000000000000000000000000
1848;279829708.80000001192092895507812500000000000000000000000000
1849;280135270.39999997615814208984375000000000000000000000000000
1850;281496780.80000001192092895507812500000000000000000000000000
1851;281785958.39999997615814208984375000000000000000000000000000
1852;282087424.00000000000000000000000000000000000000000000000000
1853;282491289.60000002384185791015625000000000000000000000000000
1854;282744422.39999997615814208984375000000000000000000000000000
1855;283721728.00000000000000000000000000000000000000000000000000
1856;283801190.39999997615814208984375000000000000000000000000000
1857;284225536.00000000000000000000000000000000000000000000000000
1858;284729344.00000000000000000000000000000000000000000000000000
1859;286837145.60000002384185791015625000000000000000000000000000
1860;287145164.80000001192092895507812500000000000000000000000000
1861;287502336.00000000000000000000000000000000000000000000000000
1862;287892275.19999998807907104492187500000000000000000000000000
1863;288269107.19999998807907104492187500000000000000000000000000
1864;288755712.00000000000000000000000000000000000000000000000000
1865;289987788.80000001192092895507812500000000000000000000000000
1866;290057420.80000001192092895507812500000000000000000000000000
1867;290172928.00000000000000000000000000000000000000000000000000
1868;290485043.19999998807907104492187500000000000000000000000000
1869;290895462.39999997615814208984375000000000000000000000000000
1870;291071590.39999997615814208984375000000000000000000000000000
1871;290780774.39999997615814208984375000000000000000000000000000
1872;290775040.00000000000000000000000000000000000000000000000000
1873;290951987.19999998807907104492187500000000000000000000000000
1874;290952806.39999997615814208984375000000000000000000000000000
1875;290952806.39999997615814208984375000000000000000000000000000
1876;290983936.00000000000000000000000000000000000000000000000000
1877;290983936.00000000000000000000000000000000000000000000000000
1878;290952806.39999997615814208984375000000000000000000000000000
1879;290977382.39999997615814208984375000000000000000000000000000
1880;290977382.39999997615814208984375000000000000000000000000000
1881;290952806.39999997615814208984375000000000000000000000000000
1882;290970828.80000001192092895507812500000000000000000000000000
1883;290926592.00000000000000000000000000000000000000000000000000
1884;290971648.00000000000000000000000000000000000000000000000000
1885;291019161.60000002384185791015625000000000000000000000000000
1886;291006054.39999997615814208984375000000000000000000000000000
1887;290825011.19999998807907104492187500000000000000000000000000
1888;291045376.00000000000000000000000000000000000000000000000000
1889;290961817.60000002384185791015625000000000000000000000000000
1890;290811084.80000001192092895507812500000000000000000000000000
1891;291017523.19999998807907104492187500000000000000000000000000
1892;291006054.39999997615814208984375000000000000000000000000000
1893;290935603.19999998807907104492187500000000000000000000000000
1894;290811084.80000001192092895507812500000000000000000000000000
1895;291006054.39999997615814208984375000000000000000000000000000
1896;290811084.80000001192092895507812500000000000000000000000000
1897;291019161.60000002384185791015625000000000000000000000000000
1898;291019161.60000002384185791015625000000000000000000000000000
1899;291006054.39999997615814208984375000000000000000000000000000
1900;290903654.39999997615814208984375000000000000000000000000000
1901;291019161.60000002384185791015625000000000000000000000000000
1902;290811084.80000001192092895507812500000000000000000000000000
1903;290988032.00000000000000000000000000000000000000000000000000
1904;291019161.60000002384185791015625000000000000000000000000000
1905;290811084.80000001192092895507812500000000000000000000000000
1906;290988032.00000000000000000000000000000000000000000000000000
1907;290961817.60000002384185791015625000000000000000000000000000
1908;291084697.60000002384185791015625000000000000000000000000000
1909;291019161.60000002384185791015625000000000000000000000000000
1910;290811084.80000001192092895507812500000000000000000000000000
1911;291006054.39999997615814208984375000000000000000000000000000
1912;290909388.80000001192092895507812500000000000000000000000000
1913;291006054.39999997615814208984375000000000000000000000000000
1914;290922496.00000000000000000000000000000000000000000000000000
1915;291084697.60000002384185791015625000000000000000000000000000
1916;290961817.60000002384185791015625000000000000000000000000000
1917;289261977.60000002384185791015625000000000000000000000000000
1918;289236582.39999997615814208984375000000000000000000000000000
1919;289239040.00000000000000000000000000000000000000000000000000
1920;289280819.19999998807907104492187500000000000000000000000000
1921;289316044.80000001192092895507812500000000000000000000000000
1922;289349632.00000000000000000000000000000000000000000000000000
1923;289368473.60000002384185791015625000000000000000000000000000
1924;289351270.39999997615814208984375000000000000000000000000000
1925;289376665.60000002384185791015625000000000000000000000000000
1926;289429094.39999997615814208984375000000000000000000000000000
1927;289379123.19999998807907104492187500000000000000000000000000
1928;289397145.60000002384185791015625000000000000000000000000000
1929;289405337.60000002384185791015625000000000000000000000000000
1930;289408614.39999997615814208984375000000000000000000000000000
1931;289506099.19999998807907104492187500000000000000000000000000
1932;289434009.60000002384185791015625000000000000000000000000000
1933;289471692.80000001192092895507812500000000000000000000000000
1934;289475788.80000001192092895507812500000000000000000000000000
1935;289447116.80000001192092895507812500000000000000000000000000
1936;289455308.80000001192092895507812500000000000000000000000000
1937;289471692.80000001192092895507812500000000000000000000000000
1938;289471692.80000001192092895507812500000000000000000000000000
1939;289494630.39999997615814208984375000000000000000000000000000
1940;289514291.19999998807907104492187500000000000000000000000000
1941;289503641.60000002384185791015625000000000000000000000000000
1942;289533132.80000001192092895507812500000000000000000000000000
1943;289520844.80000001192092895507812500000000000000000000000000
1944;289547059.19999998807907104492187500000000000000000000000000
1945;289566720.00000000000000000000000000000000000000000000000000
1946;289588019.19999998807907104492187500000000000000000000000000
1947;289598668.80000001192092895507812500000000000000000000000000
1948;289576550.39999997615814208984375000000000000000000000000000
1949;289706803.19999998807907104492187500000000000000000000000000
1950;289603584.00000000000000000000000000000000000000000000000000
1951;289637171.19999998807907104492187500000000000000000000000000
1952;289574092.80000001192092895507812500000000000000000000000000
1953;289636352.00000000000000000000000000000000000000000000000000
1954;289645363.19999998807907104492187500000000000000000000000000
1955;289642905.60000002384185791015625000000000000000000000000000
1956;289651097.60000002384185791015625000000000000000000000000000
1957;289709260.80000001192092895507812500000000000000000000000000
1958;289701068.80000001192092895507812500000000000000000000000000
1959;289680588.80000001192092895507812500000000000000000000000000
1960;289723187.19999998807907104492187500000000000000000000000000
1961;289743667.19999998807907104492187500000000000000000000000000
1962;289986969.60000002384185791015625000000000000000000000000000
1963;289897676.80000001192092895507812500000000000000000000000000
1964;289819852.80000001192092895507812500000000000000000000000000
1965;289840332.80000001192092895507812500000000000000000000000000
1966;289858355.19999998807907104492187500000000000000000000000000
1967;290130329.60000002384185791015625000000000000000000000000000
1968;291788390.39999997615814208984375000000000000000000000000000
1969;291800678.39999997615814208984375000000000000000000000000000
1970;291847372.80000001192092895507812500000000000000000000000000
1971;291856384.00000000000000000000000000000000000000000000000000
1972;291856384.00000000000000000000000000000000000000000000000000
1973;291870310.39999997615814208984375000000000000000000000000000
1974;291850649.60000002384185791015625000000000000000000000000000
1975;291674521.60000002384185791015625000000000000000000000000000
1976;291785932.80000001192092895507812500000000000000000000000000
1977;291882598.39999997615814208984375000000000000000000000000000
1978;291870310.39999997615814208984375000000000000000000000000000
1979;291870310.39999997615814208984375000000000000000000000000000
1980;291871129.60000002384185791015625000000000000000000000000000
1981;291870310.39999997615814208984375000000000000000000000000000
1982;291875225.60000002384185791015625000000000000000000000000000
1983;291850649.60000002384185791015625000000000000000000000000000
1984;291850649.60000002384185791015625000000000000000000000000000
1985;291870310.39999997615814208984375000000000000000000000000000
1986;291882598.39999997615814208984375000000000000000000000000000
1987;291870310.39999997615814208984375000000000000000000000000000
1988;291881779.19999998807907104492187500000000000000000000000000
1989;291850649.60000002384185791015625000000000000000000000000000
1990;291850649.60000002384185791015625000000000000000000000000000
1991;291882598.39999997615814208984375000000000000000000000000000
1992;291908812.80000001192092895507812500000000000000000000000000
1993;291962880.00000000000000000000000000000000000000000000000000
1994;291674521.60000002384185791015625000000000000000000000000000
1995;291701555.19999998807907104492187500000000000000000000000000
1996;291825254.39999997615814208984375000000000000000000000000000
1997;291825254.39999997615814208984375000000000000000000000000000
1998;291780198.39999997615814208984375000000000000000000000000000
1999;291780198.39999997615814208984375000000000000000000000000000
2000;291785932.80000001192092895507812500000000000000000000000000
2001;291883417.60000002384185791015625000000000000000000000000000
2002;291674521.60000002384185791015625000000000000000000000000000
2003;291674521.60000002384185791015625000000000000000000000000000
2004;291785932.80000001192092895507812500000000000000000000000000
2005;291882598.39999997615814208984375000000000000000000000000000
2006;291871129.60000002384185791015625000000000000000000000000000
2007;291882598.39999997615814208984375000000000000000000000000000
2008;291785932.80000001192092895507812500000000000000000000000000
2009;291882598.39999997615814208984375000000000000000000000000000
2010;291870310.39999997615814208984375000000000000000000000000000
2011;291881779.19999998807907104492187500000000000000000000000000
2012;291875225.60000002384185791015625000000000000000000000000000
2013;291648307.19999998807907104492187500000000000000000000000000
2014;291753984.00000000000000000000000000000000000000000000000000
2015;289659289.60000002384185791015625000000000000000000000000000
2016;289678950.39999997615814208984375000000000000000000000000000
2017;289706803.19999998807907104492187500000000000000000000000000
2018;289687961.60000002384185791015625000000000000000000000000000
2019;289718272.00000000000000000000000000000000000000000000000000
2020;289669939.19999998807907104492187500000000000000000000000000
2021;289872281.60000002384185791015625000000000000000000000000000
2022;289689600.00000000000000000000000000000000000000000000000000
2023;289713356.80000001192092895507812500000000000000000000000000
2024;289713356.80000001192092895507812500000000000000000000000000
2025;289714176.00000000000000000000000000000000000000000000000000
2026;289720729.60000002384185791015625000000000000000000000000000
2027;289710899.19999998807907104492187500000000000000000000000000
2028;289739571.19999998807907104492187500000000000000000000000000
2029;289743667.19999998807907104492187500000000000000000000000000
2030;289746944.00000000000000000000000000000000000000000000000000
2031;289751859.19999998807907104492187500000000000000000000000000
2032;289853440.00000000000000000000000000000000000000000000000000
2033;289832960.00000000000000000000000000000000000000000000000000
2034;289714176.00000000000000000000000000000000000000000000000000
2035;289773977.60000002384185791015625000000000000000000000000000
2036;289792819.19999998807907104492187500000000000000000000000000
2037;289807564.80000001192092895507812500000000000000000000000000
2038;289891123.19999998807907104492187500000000000000000000000000
2039;289810841.60000002384185791015625000000000000000000000000000
2040;289810841.60000002384185791015625000000000000000000000000000
2041;289813299.19999998807907104492187500000000000000000000000000
2042;289817395.19999998807907104492187500000000000000000000000000
2043;289829683.19999998807907104492187500000000000000000000000000
2044;289828044.80000001192092895507812500000000000000000000000000
2045;289836236.80000001192092895507812500000000000000000000000000
2046;289840332.80000001192092895507812500000000000000000000000000
2047;289873920.00000000000000000000000000000000000000000000000000
2048;289877196.80000001192092895507812500000000000000000000000000
2049;289878835.19999998807907104492187500000000000000000000000000
2050;289854259.19999998807907104492187500000000000000000000000000
2051;289863270.39999997615814208984375000000000000000000000000000
2052;289827225.60000002384185791015625000000000000000000000000000
2053;289878016.00000000000000000000000000000000000000000000000000
2054;289872281.60000002384185791015625000000000000000000000000000
2055;289861632.00000000000000000000000000000000000000000000000000
2056;289889484.80000001192092895507812500000000000000000000000000
2057;289893580.80000001192092895507812500000000000000000000000000
2058;289938636.80000001192092895507812500000000000000000000000000
2059;289955840.00000000000000000000000000000000000000000000000000
2060;290164736.00000000000000000000000000000000000000000000000000
2061;290502246.39999997615814208984375000000000000000000000000000
2062;290797158.39999997615814208984375000000000000000000000000000
2063;291201024.00000000000000000000000000000000000000000000000000
2064;292193075.19999998807907104492187500000000000000000000000000
2065;292252057.60000002384185791015625000000000000000000000000000
2066;292623155.19999998807907104492187500000000000000000000000000
2067;292836966.39999997615814208984375000000000000000000000000000
2068;293194137.60000002384185791015625000000000000000000000000000
2069;293100748.80000001192092895507812500000000000000000000000000
2070;293142528.00000000000000000000000000000000000000000000000000
2071;293186764.80000001192092895507812500000000000000000000000000
2072;293193318.39999997615814208984375000000000000000000000000000
2073;292991795.19999998807907104492187500000000000000000000000000
2074;293187584.00000000000000000000000000000000000000000000000000
2075;293192499.19999998807907104492187500000000000000000000000000
2076;293084364.80000001192092895507812500000000000000000000000000
2077;293199872.00000000000000000000000000000000000000000000000000
2078;293199872.00000000000000000000000000000000000000000000000000
2079;293199872.00000000000000000000000000000000000000000000000000
2080;292991795.19999998807907104492187500000000000000000000000000
2081;293142528.00000000000000000000000000000000000000000000000000
2082;293199872.00000000000000000000000000000000000000000000000000
2083;293199872.00000000000000000000000000000000000000000000000000
2084;293168742.39999997615814208984375000000000000000000000000000
2085;293103206.39999997615814208984375000000000000000000000000000
2086;293187584.00000000000000000000000000000000000000000000000000
2087;293265408.00000000000000000000000000000000000000000000000000
2088;293045043.19999998807907104492187500000000000000000000000000
2089;293199872.00000000000000000000000000000000000000000000000000
2090;293199872.00000000000000000000000000000000000000000000000000
2091;292991795.19999998807907104492187500000000000000000000000000
2092;293158092.80000001192092895507812500000000000000000000000000
2093;293199052.80000001192092895507812500000000000000000000000000
2094;292991795.19999998807907104492187500000000000000000000000000
2095;292991795.19999998807907104492187500000000000000000000000000
2096;293199872.00000000000000000000000000000000000000000000000000
2097;293199872.00000000000000000000000000000000000000000000000000
2098;293187584.00000000000000000000000000000000000000000000000000
2099;293187584.00000000000000000000000000000000000000000000000000
2100;293192499.19999998807907104492187500000000000000000000000000
2101;293097472.00000000000000000000000000000000000000000000000000
2102;293199872.00000000000000000000000000000000000000000000000000
2103;293168742.39999997615814208984375000000000000000000000000000
2104;292991795.19999998807907104492187500000000000000000000000000
2105;293090099.19999998807907104492187500000000000000000000000000
2106;293199872.00000000000000000000000000000000000000000000000000
2107;293185126.39999997615814208984375000000000000000000000000000
2108;293199872.00000000000000000000000000000000000000000000000000
2109;293185126.39999997615814208984375000000000000000000000000000
2110;292992614.39999997615814208984375000000000000000000000000000
2111;270978252.80000001192092895507812500000000000000000000000000
2112;270983168.00000000000000000000000000000000000000000000000000
2113;271142092.80000001192092895507812500000000000000000000000000
2114;271335424.00000000000000000000000000000000000000000000000000
2115;271547596.80000001192092895507812500000000000000000000000000
2116;271425536.00000000000000000000000000000000000000000000000000
2117;271455027.19999998807907104492187500000000000000000000000000
2118;271531212.80000001192092895507812500000000000000000000000000
2119;271571353.60000002384185791015625000000000000000000000000000
2120;271673753.60000002384185791015625000000000000000000000000000
2121;272054681.60000002384185791015625000000000000000000000000000
2122;272537190.39999997615814208984375000000000000000000000000000
2123;273045913.60000002384185791015625000000000000000000000000000
2124;273329356.80000001192092895507812500000000000000000000000000
2125;273942937.60000002384185791015625000000000000000000000000000
2126;274215731.19999998807907104492187500000000000000000000000000
2127;274595840.00000000000000000000000000000000000000000000000000
2128;274966118.39999997615814208984375000000000000000000000000000
2129;275422412.80000001192092895507812500000000000000000000000000
2130;275793510.39999997615814208984375000000000000000000000000000
2131;276546355.19999998807907104492187500000000000000000000000000
2132;277067366.39999997615814208984375000000000000000000000000000
2133;277443379.19999998807907104492187500000000000000000000000000
2134;277724364.80000001192092895507812500000000000000000000000000
2135;278127411.19999998807907104492187500000000000000000000000000
2136;278336307.19999998807907104492187500000000000000000000000000
2137;279140761.60000002384185791015625000000000000000000000000000
2138;279302963.19999998807907104492187500000000000000000000000000
2139;279647846.39999997615814208984375000000000000000000000000000
2140;280637440.00000000000000000000000000000000000000000000000000
2141;280896307.19999998807907104492187500000000000000000000000000
2142;281219072.00000000000000000000000000000000000000000000000000
2143;281554944.00000000000000000000000000000000000000000000000000
2144;282612531.19999998807907104492187500000000000000000000000000
2145;283031961.60000002384185791015625000000000000000000000000000
2146;283358003.19999998807907104492187500000000000000000000000000
2147;283702067.19999998807907104492187500000000000000000000000000
2148;284186214.39999997615814208984375000000000000000000000000000
2149;286390681.60000002384185791015625000000000000000000000000000
2150;286518476.80000001192092895507812500000000000000000000000000
2151;286685593.60000002384185791015625000000000000000000000000000
2152;287009996.80000001192092895507812500000000000000000000000000
2153;287254118.39999997615814208984375000000000000000000000000000
2154;288637747.19999998807907104492187500000000000000000000000000
2155;288879411.19999998807907104492187500000000000000000000000000
2156;289096499.19999998807907104492187500000000000000000000000000
2157;289520025.60000002384185791015625000000000000000000000000000
2158;289852620.80000001192092895507812500000000000000000000000000
2159;290238464.00000000000000000000000000000000000000000000000000
2160;291585228.80000001192092895507812500000000000000000000000000
2161;291775283.19999998807907104492187500000000000000000000000000
2162;291753164.80000001192092895507812500000000000000000000000000
2163;291753164.80000001192092895507812500000000000000000000000000
2164;291584409.60000002384185791015625000000000000000000000000000
2165;291728588.80000001192092895507812500000000000000000000000000
2166;291773644.80000001192092895507812500000000000000000000000000
2167;291753984.00000000000000000000000000000000000000000000000000
2168;291831808.00000000000000000000000000000000000000000000000000
2169;291571302.39999997615814208984375000000000000000000000000000
2170;291584409.60000002384185791015625000000000000000000000000000
2171;291584409.60000002384185791015625000000000000000000000000000
2172;291770368.00000000000000000000000000000000000000000000000000
2173;291584409.60000002384185791015625000000000000000000000000000
2174;291715481.60000002384185791015625000000000000000000000000000
2175;291773644.80000001192092895507812500000000000000000000000000
2176;291772825.60000002384185791015625000000000000000000000000000
2177;291785932.80000001192092895507812500000000000000000000000000
2178;291702374.39999997615814208984375000000000000000000000000000
2179;291728588.80000001192092895507812500000000000000000000000000
2180;291728588.80000001192092895507812500000000000000000000000000
2181;291785932.80000001192092895507812500000000000000000000000000
2182;291773644.80000001192092895507812500000000000000000000000000
2183;291785113.60000002384185791015625000000000000000000000000000
2184;291753984.00000000000000000000000000000000000000000000000000
2185;291792486.39999997615814208984375000000000000000000000000000
2186;291584409.60000002384185791015625000000000000000000000000000
2187;291584409.60000002384185791015625000000000000000000000000000
2188;291689267.19999998807907104492187500000000000000000000000000
2189;291785932.80000001192092895507812500000000000000000000000000
2190;291785932.80000001192092895507812500000000000000000000000000
2191;291785932.80000001192092895507812500000000000000000000000000
2192;291785932.80000001192092895507812500000000000000000000000000
2193;291689267.19999998807907104492187500000000000000000000000000
2194;291785932.80000001192092895507812500000000000000000000000000
2195;291773644.80000001192092895507812500000000000000000000000000
2196;291773644.80000001192092895507812500000000000000000000000000
2197;291753984.00000000000000000000000000000000000000000000000000
2198;291753984.00000000000000000000000000000000000000000000000000
2199;291785113.60000002384185791015625000000000000000000000000000
2200;291785113.60000002384185791015625000000000000000000000000000
2201;291753984.00000000000000000000000000000000000000000000000000
2202;291753984.00000000000000000000000000000000000000000000000000
2203;291779379.19999998807907104492187500000000000000000000000000
2204;291584409.60000002384185791015625000000000000000000000000000
2205;291872768.00000000000000000000000000000000000000000000000000
2206;290263859.19999998807907104492187500000000000000000000000000
2207;290293350.39999997615814208984375000000000000000000000000000
2208;290272051.19999998807907104492187500000000000000000000000000
2209;290304000.00000000000000000000000000000000000000000000000000
2210;290394112.00000000000000000000000000000000000000000000000000
2211;290365440.00000000000000000000000000000000000000000000000000
2212;290366259.19999998807907104492187500000000000000000000000000
2213;290448179.19999998807907104492187500000000000000000000000000
2214;290425241.60000002384185791015625000000000000000000000000000
2215;290457190.39999997615814208984375000000000000000000000000000
2216;290433433.60000002384185791015625000000000000000000000000000
2217;290430156.80000001192092895507812500000000000000000000000000
2218;290622668.80000001192092895507812500000000000000000000000000
2219;290480947.19999998807907104492187500000000000000000000000000
2220;290559590.39999997615814208984375000000000000000000000000000
2221;290494054.39999997615814208984375000000000000000000000000000
2222;290491596.80000001192092895507812500000000000000000000000000
2223;290459648.00000000000000000000000000000000000000000000000000
2224;290490777.60000002384185791015625000000000000000000000000000
2225;290509619.19999998807907104492187500000000000000000000000000
2226;290516992.00000000000000000000000000000000000000000000000000
2227;290584985.60000002384185791015625000000000000000000000000000
2228;290512076.80000001192092895507812500000000000000000000000000
2229;290498969.60000002384185791015625000000000000000000000000000
2230;290544025.60000002384185791015625000000000000000000000000000
2231;290517811.19999998807907104492187500000000000000000000000000
2232;290557952.00000000000000000000000000000000000000000000000000
2233;290603827.19999998807907104492187500000000000000000000000000
2234;290567782.39999997615814208984375000000000000000000000000000
2235;290684928.00000000000000000000000000000000000000000000000000
2236;290630860.80000001192092895507812500000000000000000000000000
2237;290601369.60000002384185791015625000000000000000000000000000
2238;290605465.60000002384185791015625000000000000000000000000000
2239;290583347.19999998807907104492187500000000000000000000000000
2240;290616934.39999997615814208984375000000000000000000000000000
2241;290624307.19999998807907104492187500000000000000000000000000
2242;290621849.60000002384185791015625000000000000000000000000000
2243;290726707.19999998807907104492187500000000000000000000000000
2244;290661990.39999997615814208984375000000000000000000000000000
2245;290624307.19999998807907104492187500000000000000000000000000
2246;290671820.80000001192092895507812500000000000000000000000000
2247;290709504.00000000000000000000000000000000000000000000000000
2248;290883993.60000002384185791015625000000000000000000000000000
2249;290950348.80000001192092895507812500000000000000000000000000
2250;290882355.19999998807907104492187500000000000000000000000000
2251;290947072.00000000000000000000000000000000000000000000000000
2252;290907750.39999997615814208984375000000000000000000000000000
2253;290964275.19999998807907104492187500000000000000000000000000
2254;290976563.19999998807907104492187500000000000000000000000000
2255;290966732.80000001192092895507812500000000000000000000000000
2256;291052748.80000001192092895507812500000000000000000000000000
2257;291210035.19999998807907104492187500000000000000000000000000
2258;291572121.60000002384185791015625000000000000000000000000000
2259;291709747.19999998807907104492187500000000000000000000000000
2260;291743334.39999997615814208984375000000000000000000000000000
2261;291567206.39999997615814208984375000000000000000000000000000
2262;291691724.80000001192092895507812500000000000000000000000000
2263;291762995.19999998807907104492187500000000000000000000000000
2264;291767910.39999997615814208984375000000000000000000000000000
2265;291767910.39999997615814208984375000000000000000000000000000
2266;291759718.39999997615814208984375000000000000000000000000000
2267;291567206.39999997615814208984375000000000000000000000000000
2268;291567206.39999997615814208984375000000000000000000000000000
2269;291567206.39999997615814208984375000000000000000000000000000
2270;291691724.80000001192092895507812500000000000000000000000000
2271;291678617.60000002384185791015625000000000000000000000000000
2272;291775283.19999998807907104492187500000000000000000000000000
2273;291775283.19999998807907104492187500000000000000000000000000
2274;291775283.19999998807907104492187500000000000000000000000000
2275;291775283.19999998807907104492187500000000000000000000000000
2276;291743334.39999997615814208984375000000000000000000000000000
2277;291840819.19999998807907104492187500000000000000000000000000
2278;291567206.39999997615814208984375000000000000000000000000000
2279;291672883.19999998807907104492187500000000000000000000000000
2280;291678617.60000002384185791015625000000000000000000000000000
2281;291717939.19999998807907104492187500000000000000000000000000
2282;291762995.19999998807907104492187500000000000000000000000000
2283;291742515.19999998807907104492187500000000000000000000000000
2284;291767091.19999998807907104492187500000000000000000000000000
2285;291840000.00000000000000000000000000000000000000000000000000
2286;291758899.19999998807907104492187500000000000000000000000000
2287;291773644.80000001192092895507812500000000000000000000000000
2288;291774464.00000000000000000000000000000000000000000000000000
2289;291762176.00000000000000000000000000000000000000000000000000
2290;291767091.19999998807907104492187500000000000000000000000000
2291;291677798.39999997615814208984375000000000000000000000000000
2292;291762176.00000000000000000000000000000000000000000000000000
2293;291742515.19999998807907104492187500000000000000000000000000
2294;291567206.39999997615814208984375000000000000000000000000000
2295;291566387.19999998807907104492187500000000000000000000000000
2296;291664691.19999998807907104492187500000000000000000000000000
2297;291664691.19999998807907104492187500000000000000000000000000
2298;291664691.19999998807907104492187500000000000000000000000000
2299;291704012.80000001192092895507812500000000000000000000000000
2300;291774464.00000000000000000000000000000000000000000000000000
2301;291774464.00000000000000000000000000000000000000000000000000
2302;291774464.00000000000000000000000000000000000000000000000000
2303;271370649.60000002384185791015625000000000000000000000000000
2304;271393587.19999998807907104492187500000000000000000000000000
2305;271482880.00000000000000000000000000000000000000000000000000
2306;271631974.39999997615814208984375000000000000000000000000000
2307;271817932.80000001192092895507812500000000000000000000000000
2308;271770419.19999998807907104492187500000000000000000000000000
2309;271831040.00000000000000000000000000000000000000000000000000
2310;272080076.80000001192092895507812500000000000000000000000000
2311;271895756.80000001192092895507812500000000000000000000000000
2312;272252928.00000000000000000000000000000000000000000000000000
2313;272730521.60000002384185791015625000000000000000000000000000
2314;273073766.39999997615814208984375000000000000000000000000000
2315;273490739.19999998807907104492187500000000000000000000000000
2316;273879040.00000000000000000000000000000000000000000000000000
2317;274211635.19999998807907104492187500000000000000000000000000
2318;274697420.80000001192092895507812500000000000000000000000000
2319;275078348.80000001192092895507812500000000000000000000000000
2320;275283968.00000000000000000000000000000000000000000000000000
2321;275647692.80000001192092895507812500000000000000000000000000
2322;275951616.00000000000000000000000000000000000000000000000000
2323;276528332.80000001192092895507812500000000000000000000000000
2324;276769996.80000001192092895507812500000000000000000000000000
2325;277176320.00000000000000000000000000000000000000000000000000
2326;277771878.39999997615814208984375000000000000000000000000000
2327;277978316.80000001192092895507812500000000000000000000000000
2328;278522265.60000002384185791015625000000000000000000000000000
2329;278643507.19999998807907104492187500000000000000000000000000
2330;279123558.39999997615814208984375000000000000000000000000000
2331;279456153.60000002384185791015625000000000000000000000000000
2332;279903436.80000001192092895507812500000000000000000000000000
2333;280318771.19999998807907104492187500000000000000000000000000
2334;280521932.80000001192092895507812500000000000000000000000000
2335;280903680.00000000000000000000000000000000000000000000000000
2336;282429030.39999997615814208984375000000000000000000000000000
2337;282530611.19999998807907104492187500000000000000000000000000
2338;283048345.60000002384185791015625000000000000000000000000000
2339;283261337.60000002384185791015625000000000000000000000000000
2340;283695513.60000002384185791015625000000000000000000000000000
2341;284905472.00000000000000000000000000000000000000000000000000
2342;285146316.80000001192092895507812500000000000000000000000000
2343;285604249.60000002384185791015625000000000000000000000000000
2344;285989273.60000002384185791015625000000000000000000000000000
2345;287832473.60000002384185791015625000000000000000000000000000
2346;288203571.19999998807907104492187500000000000000000000000000
2347;288378880.00000000000000000000000000000000000000000000000000
2348;289001472.00000000000000000000000000000000000000000000000000
2349;289105510.39999997615814208984375000000000000000000000000000
2350;289581465.60000002384185791015625000000000000000000000000000
2351;290564505.60000002384185791015625000000000000000000000000000
2352;290642329.60000002384185791015625000000000000000000000000000
2353;291019980.80000001192092895507812500000000000000000000000000
2354;291423027.19999998807907104492187500000000000000000000000000
2355;291424665.60000002384185791015625000000000000000000000000000
2356;291243622.39999997615814208984375000000000000000000000000000
2357;291341926.39999997615814208984375000000000000000000000000000
2358;291425484.80000001192092895507812500000000000000000000000000
2359;291217408.00000000000000000000000000000000000000000000000000
2360;291341926.39999997615814208984375000000000000000000000000000
2361;291341926.39999997615814208984375000000000000000000000000000
2362;291425484.80000001192092895507812500000000000000000000000000
2363;291518873.60000002384185791015625000000000000000000000000000
2364;291341926.39999997615814208984375000000000000000000000000000
2365;291425484.80000001192092895507812500000000000000000000000000
2366;291432038.39999997615814208984375000000000000000000000000000
2367;291341926.39999997615814208984375000000000000000000000000000
2368;291438592.00000000000000000000000000000000000000000000000000
2369;291438592.00000000000000000000000000000000000000000000000000
2370;291407462.39999997615814208984375000000000000000000000000000
2371;291257548.80000001192092895507812500000000000000000000000000
2372;291425484.80000001192092895507812500000000000000000000000000
2373;291204300.80000001192092895507812500000000000000000000000000
2374;291381248.00000000000000000000000000000000000000000000000000
2375;291381248.00000000000000000000000000000000000000000000000000
2376;291438592.00000000000000000000000000000000000000000000000000
2377;291230515.19999998807907104492187500000000000000000000000000
2378;291381248.00000000000000000000000000000000000000000000000000
2379;291425484.80000001192092895507812500000000000000000000000000
2380;291407462.39999997615814208984375000000000000000000000000000
2381;291407462.39999997615814208984375000000000000000000000000000
2382;291407462.39999997615814208984375000000000000000000000000000
2383;291438592.00000000000000000000000000000000000000000000000000
2384;291425484.80000001192092895507812500000000000000000000000000
2385;291407462.39999997615814208984375000000000000000000000000000
2386;291230515.19999998807907104492187500000000000000000000000000
2387;291381248.00000000000000000000000000000000000000000000000000
2388;291407462.39999997615814208984375000000000000000000000000000
2389;291381248.00000000000000000000000000000000000000000000000000
2390;291368140.80000001192092895507812500000000000000000000000000
2391;291425484.80000001192092895507812500000000000000000000000000
2392;291407462.39999997615814208984375000000000000000000000000000
2393;291438592.00000000000000000000000000000000000000000000000000
2394;291217408.00000000000000000000000000000000000000000000000000
2395;291230515.19999998807907104492187500000000000000000000000000
2396;291438592.00000000000000000000000000000000000000000000000000
2397;291425484.80000001192092895507812500000000000000000000000000
2398;269047398.39999997615814208984375000000000000000000000000000
2399;269290700.80000001192092895507812500000000000000000000000000
2400;269351321.60000002384185791015625000000000000000000000000000
2401;269367705.60000002384185791015625000000000000000000000000000
2402;269589708.80000001192092895507812500000000000000000000000000
2403;269633945.60000002384185791015625000000000000000000000000000
2404;269645414.39999997615814208984375000000000000000000000000000
2405;269991936.00000000000000000000000000000000000000000000000000
2406;269836288.00000000000000000000000000000000000000000000000000
2407;270046003.19999998807907104492187500000000000000000000000000
2408;270490009.60000002384185791015625000000000000000000000000000
2409;271140454.39999997615814208984375000000000000000000000000000
2410;271681126.39999997615814208984375000000000000000000000000000
2411;271961292.80000001192092895507812500000000000000000000000000
2412;272533913.60000002384185791015625000000000000000000000000000
2413;272789504.00000000000000000000000000000000000000000000000000
2414;273401446.39999997615814208984375000000000000000000000000000
2415;273627545.60000002384185791015625000000000000000000000000000
2416;160620544.00000000000000000000000000000000000000000000000000
